wkr_nr,estimate,pop,issue_id
1,0.4353,156146.91219309898,immigration_restrict
10,0.4477,166471.2930691627,immigration_restrict
100,0.4204,225480.3522156972,immigration_restrict
101,0.4353,407890.85381560476,immigration_restrict
102,0.4757,281768.98076001246,immigration_restrict
103,0.5282,142658.23720478482,immigration_restrict
104,0.4744,391543.0373754122,immigration_restrict
105,0.464,391558.8004555166,immigration_restrict
106,0.4086,494218.3319042906,immigration_restrict
107,0.4077,494219.96093411255,immigration_restrict
108,0.4821,363673.56008346134,immigration_restrict
109,0.5303,209297.8539070891,immigration_restrict
11,0.4745,166836.21906336443,immigration_restrict
110,0.456,320280.1149764613,immigration_restrict
111,0.4765,236760.5046750637,immigration_restrict
112,0.5009,249336.21906869547,immigration_restrict
113,0.4909,366336.2851592385,immigration_restrict
114,0.483,299541.1330563543,immigration_restrict
115,0.5145,396276.38943833264,immigration_restrict
116,0.5237,396373.33212362515,immigration_restrict
117,0.5368,243750.69746423358,immigration_restrict
118,0.4778,203613.27195902585,immigration_restrict
119,0.4681,455933.8732086029,immigration_restrict
12,0.5568,153175.19652881895,immigration_restrict
120,0.4799,456020.53375132655,immigration_restrict
121,0.5208,498771.4750146778,immigration_restrict
122,0.5415,498709.6427058843,immigration_restrict
123,0.5656,204675.96619656123,immigration_restrict
124,0.4862,326015.12804966717,immigration_restrict
125,0.4875,366415.6006192377,immigration_restrict
126,0.4853,293566.14240599767,immigration_restrict
127,0.47,194330.8471030403,immigration_restrict
128,0.4554,350928.9874258416,immigration_restrict
129,0.3364,244367.79992332731,immigration_restrict
13,0.5727,156364.76501065,immigration_restrict
130,0.4988,220117.08373788834,immigration_restrict
131,0.5071,283928.1380258957,immigration_restrict
132,0.425,264316.5948110892,immigration_restrict
133,0.5013,206947.44889617665,immigration_restrict
134,0.4866,252840.34757535404,immigration_restrict
135,0.4872,275039.22121060453,immigration_restrict
136,0.4727,150831.06981403066,immigration_restrict
137,0.481,246867.57793827367,immigration_restrict
138,0.497,201784.98668589175,immigration_restrict
139,0.4772,254498.50955151534,immigration_restrict
14,0.5359,171852.85511876698,immigration_restrict
140,0.451,288318.3119799407,immigration_restrict
141,0.4837,196999.4437813509,immigration_restrict
142,0.4885,479802.95794022887,immigration_restrict
143,0.4627,479821.29101912136,immigration_restrict
144,0.4685,317213.10804336413,immigration_restrict
145,0.5026,221583.589226408,immigration_restrict
146,0.4848,235963.20544327798,immigration_restrict
147,0.486,207983.59959208468,immigration_restrict
148,0.4909,220544.11485789935,immigration_restrict
149,0.5231,189899.65486953108,immigration_restrict
15,0.5699,177171.1056234898,immigration_restrict
150,0.5411,328426.4883106674,immigration_restrict
151,0.6074,156287.43169108193,immigration_restrict
152,0.4458,447273.0462806228,immigration_restrict
153,0.4474,447243.65590118093,immigration_restrict
154,0.5814,203485.01944982784,immigration_restrict
155,0.6233,189334.39291100815,immigration_restrict
156,0.6386,230765.27810862593,immigration_restrict
157,0.6193,191431.58226584247,immigration_restrict
158,0.618,189315.47007156236,immigration_restrict
159,0.4926,417647.8505356109,immigration_restrict
16,0.5632,188390.8326199093,immigration_restrict
160,0.5267,341234.6099588987,immigration_restrict
161,0.5838,234219.82598483737,immigration_restrict
162,0.5617,179951.4826308836,immigration_restrict
163,0.624,243241.04581463398,immigration_restrict
164,0.6353,256612.53907117652,immigration_restrict
165,0.6244,245404.13989671535,immigration_restrict
166,0.6202,176363.3722710095,immigration_restrict
167,0.487,150847.19248560639,immigration_restrict
168,0.4723,174948.92758784763,immigration_restrict
169,0.5195,82837.07649342252,immigration_restrict
17,0.559,192718.9279291037,immigration_restrict
170,0.5202,134244.55708584565,immigration_restrict
171,0.4433,192767.679643849,immigration_restrict
172,0.5175,199828.3130746693,immigration_restrict
173,0.4946,151701.4962621543,immigration_restrict
174,0.5098,138746.12312425295,immigration_restrict
175,0.475,288922.3772270948,immigration_restrict
176,0.4628,162361.87609394698,immigration_restrict
177,0.4895,243612.56356526492,immigration_restrict
178,0.4621,142711.3720274556,immigration_restrict
179,0.4269,227070.2518071342,immigration_restrict
18,0.382,1421002.2593554342,immigration_restrict
180,0.5174,331219.6662066321,immigration_restrict
181,0.4603,186134.08587471946,immigration_restrict
182,0.3879,597316.9289922566,immigration_restrict
183,0.4075,597119.979697627,immigration_restrict
184,0.4766,207677.8943569085,immigration_restrict
185,0.4666,246244.22266916416,immigration_restrict
186,0.4141,209100.38922005054,immigration_restrict
187,0.4813,151964.41207017357,immigration_restrict
188,0.4821,217023.4649560447,immigration_restrict
189,0.599,63479.47863541032,immigration_restrict
19,0.3785,1430556.9948969542,immigration_restrict
190,0.5854,98328.8375353136,immigration_restrict
191,0.5739,57329.668210706746,immigration_restrict
192,0.5967,97103.89456177686,immigration_restrict
193,0.5162,128018.6219006737,immigration_restrict
194,0.6213,71429.80636382155,immigration_restrict
195,0.6032,66552.61663215315,immigration_restrict
196,0.6041,65604.03583878439,immigration_restrict
197,0.5159,124497.04897961108,immigration_restrict
198,0.4952,129788.89967360128,immigration_restrict
199,0.484,126188.29445828657,immigration_restrict
2,0.4814,126617.81067176482,immigration_restrict
20,0.3941,1431329.7804752644,immigration_restrict
200,0.5007,71012.6202541161,immigration_restrict
201,0.5028,97548.86235301365,immigration_restrict
202,0.4911,68267.7552315342,immigration_restrict
203,0.4572,110806.5196587859,immigration_restrict
204,0.4981,141190.6093562236,immigration_restrict
205,0.4396,165730.91092029086,immigration_restrict
206,0.4874,111780.77145883288,immigration_restrict
207,0.5304,110882.44884675027,immigration_restrict
208,0.5031,94362.25613613243,immigration_restrict
209,0.5287,60711.17813870885,immigration_restrict
21,0.3976,1431298.9874824153,immigration_restrict
210,0.5202,68045.19178860822,immigration_restrict
211,0.4999,88636.80629276097,immigration_restrict
212,0.5512,88824.58818819381,immigration_restrict
213,0.4717,106040.88849210861,immigration_restrict
214,0.5153,114277.4362937002,immigration_restrict
215,0.4791,138772.1022482832,immigration_restrict
216,0.5295,94460.0472031337,immigration_restrict
217,0.4173,1204507.0364880688,immigration_restrict
218,0.4003,1204367.2685137496,immigration_restrict
219,0.3837,1203811.9304614188,immigration_restrict
22,0.4038,1430951.582966886,immigration_restrict
220,0.3865,1204570.5462810397,immigration_restrict
221,0.4374,273975.8695181723,immigration_restrict
222,0.4811,195381.17695181782,immigration_restrict
223,0.4944,87433.09608902044,immigration_restrict
224,0.4614,97927.10241617101,immigration_restrict
225,0.5129,114691.21344866653,immigration_restrict
226,0.5111,86171.71429780195,immigration_restrict
227,0.5928,79236.91113039952,immigration_restrict
228,0.5401,108643.97946313373,immigration_restrict
229,0.5742,148549.29339360775,immigration_restrict
23,0.4069,1430979.5587980626,immigration_restrict
230,0.5806,88837.43598801222,immigration_restrict
231,0.5923,68797.40963185742,immigration_restrict
232,0.5541,90761.54694977363,immigration_restrict
233,0.527,147987.87406906814,immigration_restrict
234,0.6083,108652.73819635087,immigration_restrict
235,0.5577,63773.85339297382,immigration_restrict
236,0.538,102030.78339398111,immigration_restrict
237,0.5426,81108.48554729173,immigration_restrict
238,0.5533,55680.5282195036,immigration_restrict
239,0.5762,62920.67454943145,immigration_restrict
24,0.4935,140060.76032577365,immigration_restrict
240,0.5574,71998.71051860439,immigration_restrict
241,0.5152,118560.08657677029,immigration_restrict
242,0.474,99670.56706345096,immigration_restrict
243,0.5052,79906.38667921201,immigration_restrict
244,0.4874,421645.16416584176,immigration_restrict
245,0.4723,310021.82372011937,immigration_restrict
246,0.4946,114053.8546474647,immigration_restrict
247,0.5263,129000.1599732756,immigration_restrict
248,0.5578,67732.83506927769,immigration_restrict
249,0.5407,98381.05661136859,immigration_restrict
25,0.5076,205347.6206726869,immigration_restrict
250,0.5043,77853.19820796055,immigration_restrict
251,0.4472,123141.43426387003,immigration_restrict
252,0.5006,234967.86250354463,immigration_restrict
253,0.5238,169670.2451007896,immigration_restrict
254,0.5548,94243.60739768743,immigration_restrict
255,0.5284,114492.67486453363,immigration_restrict
256,0.5046,106263.59875116046,immigration_restrict
257,0.5462,104959.4310635585,immigration_restrict
258,0.4143,491625.13801795384,immigration_restrict
259,0.4181,491606.6573873762,immigration_restrict
26,0.5172,57534.38438324122,immigration_restrict
260,0.4847,307666.1280541792,immigration_restrict
261,0.4717,424388.0713972013,immigration_restrict
262,0.4836,416219.3321893571,immigration_restrict
263,0.5288,202919.6077625286,immigration_restrict
264,0.5055,348173.7020949003,immigration_restrict
265,0.4961,412661.20895595336,immigration_restrict
266,0.5062,354339.2293625429,immigration_restrict
267,0.5466,257722.21503823865,immigration_restrict
268,0.5402,130377.2162091822,immigration_restrict
269,0.5247,290285.00161643716,immigration_restrict
27,0.4306,102365.55669514439,immigration_restrict
270,0.5166,194226.28914273845,immigration_restrict
271,0.3924,250850.54595401778,immigration_restrict
272,0.5028,359984.238399364,immigration_restrict
273,0.5248,160617.35190101372,immigration_restrict
274,0.4395,329508.5250784324,immigration_restrict
275,0.4623,254270.4667512479,immigration_restrict
276,0.5226,106758.04057529704,immigration_restrict
277,0.4921,444702.13988692965,immigration_restrict
278,0.5032,383546.90227372816,immigration_restrict
279,0.5216,147715.086276244,immigration_restrict
28,0.4896,84831.94110845958,immigration_restrict
280,0.5289,107018.23038466662,immigration_restrict
281,0.4138,202798.83261378773,immigration_restrict
282,0.4727,192423.43880240252,immigration_restrict
283,0.5188,225032.24425116144,immigration_restrict
284,0.5133,348801.7132893969,immigration_restrict
285,0.5631,108392.23134283043,immigration_restrict
286,0.5142,201667.8261551113,immigration_restrict
287,0.4519,229313.18383026638,immigration_restrict
288,0.4878,163230.1480521498,immigration_restrict
289,0.4912,229928.3931788717,immigration_restrict
29,0.4805,158934.59525744084,immigration_restrict
290,0.46,171933.35017208458,immigration_restrict
291,0.5032,150155.75647540676,immigration_restrict
292,0.4887,170495.5530644437,immigration_restrict
293,0.4999,157126.21900124924,immigration_restrict
294,0.4851,224073.31687500788,immigration_restrict
295,0.5682,121224.48169688437,immigration_restrict
296,0.4759,266542.8073390067,immigration_restrict
297,0.51,116068.39548367709,immigration_restrict
298,0.4958,100536.02565406008,immigration_restrict
299,0.5163,127721.3017367024,immigration_restrict
3,0.5047,115851.86522588492,immigration_restrict
30,0.4883,139576.16384651398,immigration_restrict
31,0.4944,196135.60089437373,immigration_restrict
32,0.5149,124018.8382025247,immigration_restrict
33,0.4619,155893.75991417954,immigration_restrict
34,0.4773,96231.59370696604,immigration_restrict
35,0.481,115171.85584071466,immigration_restrict
36,0.4284,206407.69602351406,immigration_restrict
37,0.4485,87383.08550697024,immigration_restrict
38,0.4975,281285.77678616863,immigration_restrict
39,0.43,226123.33709281817,immigration_restrict
4,0.4443,219096.40566326873,immigration_restrict
40,0.4975,105268.95765060993,immigration_restrict
41,0.3999,906040.0002060288,immigration_restrict
42,0.4289,906040.0000290013,immigration_restrict
43,0.4325,905426.4123814947,immigration_restrict
44,0.4979,101457.30386766187,immigration_restrict
45,0.4952,124862.07580933305,immigration_restrict
46,0.5073,87457.91952152424,immigration_restrict
47,0.4533,905515.5202521704,immigration_restrict
48,0.4752,213288.40224674714,immigration_restrict
49,0.4907,89973.62500013925,immigration_restrict
5,0.3957,203904.38777736196,immigration_restrict
50,0.4111,205009.19059761005,immigration_restrict
51,0.5057,88144.4655599578,immigration_restrict
52,0.4565,137316.49886528339,immigration_restrict
53,0.427,264493.9772962256,immigration_restrict
54,0.4039,459481.451911284,immigration_restrict
55,0.4571,328883.2354039019,immigration_restrict
56,0.5722,78979.82450200847,immigration_restrict
57,0.5641,109443.59297400215,immigration_restrict
58,0.5244,165824.85855315597,immigration_restrict
59,0.5623,155615.10817955213,immigration_restrict
6,0.4612,112031.67277091801,immigration_restrict
60,0.5024,155549.23788756167,immigration_restrict
61,0.4366,154558.62871543417,immigration_restrict
62,0.5312,134829.15146844977,immigration_restrict
63,0.5352,134329.34255962222,immigration_restrict
64,0.5669,84498.56508792723,immigration_restrict
65,0.583,79525.85822991289,immigration_restrict
66,0.5568,71739.71605479502,immigration_restrict
67,0.6021,106284.84831675599,immigration_restrict
68,0.5928,166610.327614394,immigration_restrict
69,0.5793,164610.48028456897,immigration_restrict
7,0.4515,256373.54635692938,immigration_restrict
70,0.5925,93215.15114076332,immigration_restrict
71,0.6183,133361.2526046149,immigration_restrict
72,0.5647,157021.8587295553,immigration_restrict
73,0.6012,142062.0442874195,immigration_restrict
74,0.6247,120532.22450632381,immigration_restrict
75,0.4111,2877040.0000032624,immigration_restrict
76,0.4137,2876906.1867174297,immigration_restrict
77,0.4482,2876920.9828373524,immigration_restrict
78,0.4451,2876421.751616364,immigration_restrict
79,0.4271,2876860.9932270315,immigration_restrict
8,0.4839,211014.82904146786,immigration_restrict
80,0.3918,2877039.9999880577,immigration_restrict
81,0.4172,2876994.508906475,immigration_restrict
82,0.3912,2877040.0163646573,immigration_restrict
83,0.3884,2877040.000000056,immigration_restrict
84,0.4564,2876558.3705327353,immigration_restrict
85,0.455,2876637.8723200033,immigration_restrict
86,0.4585,2877039.991728962,immigration_restrict
87,0.4315,469838.9638431637,immigration_restrict
88,0.4618,469519.8665093225,immigration_restrict
89,0.507,206063.7555109461,immigration_restrict
9,0.4887,165842.74609892463,immigration_restrict
90,0.4907,217520.41696543677,immigration_restrict
91,0.482,377284.1712779972,immigration_restrict
92,0.4967,182042.29332300788,immigration_restrict
93,0.3727,826064.115036562,immigration_restrict
94,0.3999,825997.9357487308,immigration_restrict
95,0.3769,825493.2232396624,immigration_restrict
96,0.3562,255570.0786535427,immigration_restrict
97,0.4528,479910.6564404217,immigration_restrict
98,0.4565,479718.72344821633,immigration_restrict
99,0.4805,215526.51344431812,immigration_restrict
1,0.4082,156146.91219309898,immigration_culture_adapt
10,0.4159,166471.2930691627,immigration_culture_adapt
100,0.4021,225480.3522156972,immigration_culture_adapt
101,0.3618,407890.85381560476,immigration_culture_adapt
102,0.4007,281768.98076001246,immigration_culture_adapt
103,0.4126,142658.23720478482,immigration_culture_adapt
104,0.4132,391543.0373754122,immigration_culture_adapt
105,0.4089,391558.8004555166,immigration_culture_adapt
106,0.3591,494218.3319042906,immigration_culture_adapt
107,0.3604,494219.96093411255,immigration_culture_adapt
108,0.4205,363673.56008346134,immigration_culture_adapt
109,0.4164,209297.8539070891,immigration_culture_adapt
11,0.399,166836.21906336443,immigration_culture_adapt
110,0.3894,320280.1149764613,immigration_culture_adapt
111,0.4097,236760.5046750637,immigration_culture_adapt
112,0.4203,249336.21906869547,immigration_culture_adapt
113,0.4166,366336.2851592385,immigration_culture_adapt
114,0.4216,299541.1330563543,immigration_culture_adapt
115,0.413,396276.38943833264,immigration_culture_adapt
116,0.4039,396373.33212362515,immigration_culture_adapt
117,0.4298,243750.69746423358,immigration_culture_adapt
118,0.3871,203613.27195902585,immigration_culture_adapt
119,0.3987,455933.8732086029,immigration_culture_adapt
12,0.473,153175.19652881895,immigration_culture_adapt
120,0.4135,456020.53375132655,immigration_culture_adapt
121,0.4305,498771.4750146778,immigration_culture_adapt
122,0.4325,498709.6427058843,immigration_culture_adapt
123,0.4362,204675.96619656123,immigration_culture_adapt
124,0.4172,326015.12804966717,immigration_culture_adapt
125,0.4169,366415.6006192377,immigration_culture_adapt
126,0.4282,293566.14240599767,immigration_culture_adapt
127,0.4072,194330.8471030403,immigration_culture_adapt
128,0.4195,350928.9874258416,immigration_culture_adapt
129,0.3102,244367.79992332731,immigration_culture_adapt
13,0.4931,156364.76501065,immigration_culture_adapt
130,0.4448,220117.08373788834,immigration_culture_adapt
131,0.4258,283928.1380258957,immigration_culture_adapt
132,0.377,264316.5948110892,immigration_culture_adapt
133,0.4148,206947.44889617665,immigration_culture_adapt
134,0.4301,252840.34757535404,immigration_culture_adapt
135,0.4266,275039.22121060453,immigration_culture_adapt
136,0.4376,150831.06981403066,immigration_culture_adapt
137,0.4159,246867.57793827367,immigration_culture_adapt
138,0.4415,201784.98668589175,immigration_culture_adapt
139,0.4152,254498.50955151534,immigration_culture_adapt
14,0.4684,171852.85511876698,immigration_culture_adapt
140,0.3731,288318.3119799407,immigration_culture_adapt
141,0.3938,196999.4437813509,immigration_culture_adapt
142,0.3898,479802.95794022887,immigration_culture_adapt
143,0.3992,479821.29101912136,immigration_culture_adapt
144,0.4208,317213.10804336413,immigration_culture_adapt
145,0.4242,221583.589226408,immigration_culture_adapt
146,0.4324,235963.20544327798,immigration_culture_adapt
147,0.4288,207983.59959208468,immigration_culture_adapt
148,0.4267,220544.11485789935,immigration_culture_adapt
149,0.4496,189899.65486953108,immigration_culture_adapt
15,0.4877,177171.1056234898,immigration_culture_adapt
150,0.4636,328426.4883106674,immigration_culture_adapt
151,0.5081,156287.43169108193,immigration_culture_adapt
152,0.3883,447273.0462806228,immigration_culture_adapt
153,0.3838,447243.65590118093,immigration_culture_adapt
154,0.5016,203485.01944982784,immigration_culture_adapt
155,0.5206,189334.39291100815,immigration_culture_adapt
156,0.5549,230765.27810862593,immigration_culture_adapt
157,0.5259,191431.58226584247,immigration_culture_adapt
158,0.5207,189315.47007156236,immigration_culture_adapt
159,0.4184,417647.8505356109,immigration_culture_adapt
16,0.4822,188390.8326199093,immigration_culture_adapt
160,0.4544,341234.6099588987,immigration_culture_adapt
161,0.5235,234219.82598483737,immigration_culture_adapt
162,0.4687,179951.4826308836,immigration_culture_adapt
163,0.5131,243241.04581463398,immigration_culture_adapt
164,0.5122,256612.53907117652,immigration_culture_adapt
165,0.5167,245404.13989671535,immigration_culture_adapt
166,0.5233,176363.3722710095,immigration_culture_adapt
167,0.4414,150847.19248560639,immigration_culture_adapt
168,0.4086,174948.92758784763,immigration_culture_adapt
169,0.4587,82837.07649342252,immigration_culture_adapt
17,0.5011,192718.9279291037,immigration_culture_adapt
170,0.4548,134244.55708584565,immigration_culture_adapt
171,0.3865,192767.679643849,immigration_culture_adapt
172,0.4419,199828.3130746693,immigration_culture_adapt
173,0.4263,151701.4962621543,immigration_culture_adapt
174,0.4565,138746.12312425295,immigration_culture_adapt
175,0.4399,288922.3772270948,immigration_culture_adapt
176,0.4225,162361.87609394698,immigration_culture_adapt
177,0.4159,243612.56356526492,immigration_culture_adapt
178,0.441,142711.3720274556,immigration_culture_adapt
179,0.3733,227070.2518071342,immigration_culture_adapt
18,0.3551,1421002.2593554342,immigration_culture_adapt
180,0.4337,331219.6662066321,immigration_culture_adapt
181,0.3944,186134.08587471946,immigration_culture_adapt
182,0.3475,597316.9289922566,immigration_culture_adapt
183,0.3471,597119.979697627,immigration_culture_adapt
184,0.3879,207677.8943569085,immigration_culture_adapt
185,0.3957,246244.22266916416,immigration_culture_adapt
186,0.3784,209100.38922005054,immigration_culture_adapt
187,0.4,151964.41207017357,immigration_culture_adapt
188,0.4374,217023.4649560447,immigration_culture_adapt
189,0.5208,63479.47863541032,immigration_culture_adapt
19,0.3384,1430556.9948969542,immigration_culture_adapt
190,0.4845,98328.8375353136,immigration_culture_adapt
191,0.482,57329.668210706746,immigration_culture_adapt
192,0.486,97103.89456177686,immigration_culture_adapt
193,0.4415,128018.6219006737,immigration_culture_adapt
194,0.5189,71429.80636382155,immigration_culture_adapt
195,0.5018,66552.61663215315,immigration_culture_adapt
196,0.5144,65604.03583878439,immigration_culture_adapt
197,0.4542,124497.04897961108,immigration_culture_adapt
198,0.4377,129788.89967360128,immigration_culture_adapt
199,0.4249,126188.29445828657,immigration_culture_adapt
2,0.4297,126617.81067176482,immigration_culture_adapt
20,0.3409,1431329.7804752644,immigration_culture_adapt
200,0.4513,71012.6202541161,immigration_culture_adapt
201,0.4609,97548.86235301365,immigration_culture_adapt
202,0.4574,68267.7552315342,immigration_culture_adapt
203,0.408,110806.5196587859,immigration_culture_adapt
204,0.4534,141190.6093562236,immigration_culture_adapt
205,0.4018,165730.91092029086,immigration_culture_adapt
206,0.444,111780.77145883288,immigration_culture_adapt
207,0.439,110882.44884675027,immigration_culture_adapt
208,0.4538,94362.25613613243,immigration_culture_adapt
209,0.4615,60711.17813870885,immigration_culture_adapt
21,0.341,1431298.9874824153,immigration_culture_adapt
210,0.4648,68045.19178860822,immigration_culture_adapt
211,0.4418,88636.80629276097,immigration_culture_adapt
212,0.4946,88824.58818819381,immigration_culture_adapt
213,0.4341,106040.88849210861,immigration_culture_adapt
214,0.4543,114277.4362937002,immigration_culture_adapt
215,0.4387,138772.1022482832,immigration_culture_adapt
216,0.4633,94460.0472031337,immigration_culture_adapt
217,0.3479,1204507.0364880688,immigration_culture_adapt
218,0.37,1204367.2685137496,immigration_culture_adapt
219,0.3645,1203811.9304614188,immigration_culture_adapt
22,0.3593,1430951.582966886,immigration_culture_adapt
220,0.3702,1204570.5462810397,immigration_culture_adapt
221,0.4201,273975.8695181723,immigration_culture_adapt
222,0.4433,195381.17695181782,immigration_culture_adapt
223,0.4431,87433.09608902044,immigration_culture_adapt
224,0.4325,97927.10241617101,immigration_culture_adapt
225,0.4469,114691.21344866653,immigration_culture_adapt
226,0.4579,86171.71429780195,immigration_culture_adapt
227,0.4883,79236.91113039952,immigration_culture_adapt
228,0.4521,108643.97946313373,immigration_culture_adapt
229,0.4975,148549.29339360775,immigration_culture_adapt
23,0.3488,1430979.5587980626,immigration_culture_adapt
230,0.5039,88837.43598801222,immigration_culture_adapt
231,0.5115,68797.40963185742,immigration_culture_adapt
232,0.4632,90761.54694977363,immigration_culture_adapt
233,0.4736,147987.87406906814,immigration_culture_adapt
234,0.5117,108652.73819635087,immigration_culture_adapt
235,0.4957,63773.85339297382,immigration_culture_adapt
236,0.4697,102030.78339398111,immigration_culture_adapt
237,0.4697,81108.48554729173,immigration_culture_adapt
238,0.4845,55680.5282195036,immigration_culture_adapt
239,0.4844,62920.67454943145,immigration_culture_adapt
24,0.4366,140060.76032577365,immigration_culture_adapt
240,0.4802,71998.71051860439,immigration_culture_adapt
241,0.4589,118560.08657677029,immigration_culture_adapt
242,0.4268,99670.56706345096,immigration_culture_adapt
243,0.4285,79906.38667921201,immigration_culture_adapt
244,0.4037,421645.16416584176,immigration_culture_adapt
245,0.4035,310021.82372011937,immigration_culture_adapt
246,0.4427,114053.8546474647,immigration_culture_adapt
247,0.4611,129000.1599732756,immigration_culture_adapt
248,0.4889,67732.83506927769,immigration_culture_adapt
249,0.475,98381.05661136859,immigration_culture_adapt
25,0.4326,205347.6206726869,immigration_culture_adapt
250,0.4601,77853.19820796055,immigration_culture_adapt
251,0.4128,123141.43426387003,immigration_culture_adapt
252,0.4129,234967.86250354463,immigration_culture_adapt
253,0.477,169670.2451007896,immigration_culture_adapt
254,0.4892,94243.60739768743,immigration_culture_adapt
255,0.4808,114492.67486453363,immigration_culture_adapt
256,0.4628,106263.59875116046,immigration_culture_adapt
257,0.4695,104959.4310635585,immigration_culture_adapt
258,0.3623,491625.13801795384,immigration_culture_adapt
259,0.372,491606.6573873762,immigration_culture_adapt
26,0.4612,57534.38438324122,immigration_culture_adapt
260,0.414,307666.1280541792,immigration_culture_adapt
261,0.4231,424388.0713972013,immigration_culture_adapt
262,0.42,416219.3321893571,immigration_culture_adapt
263,0.4633,202919.6077625286,immigration_culture_adapt
264,0.4388,348173.7020949003,immigration_culture_adapt
265,0.4381,412661.20895595336,immigration_culture_adapt
266,0.4308,354339.2293625429,immigration_culture_adapt
267,0.4718,257722.21503823865,immigration_culture_adapt
268,0.4586,130377.2162091822,immigration_culture_adapt
269,0.45,290285.00161643716,immigration_culture_adapt
27,0.4186,102365.55669514439,immigration_culture_adapt
270,0.4352,194226.28914273845,immigration_culture_adapt
271,0.3571,250850.54595401778,immigration_culture_adapt
272,0.4534,359984.238399364,immigration_culture_adapt
273,0.4388,160617.35190101372,immigration_culture_adapt
274,0.3785,329508.5250784324,immigration_culture_adapt
275,0.3735,254270.4667512479,immigration_culture_adapt
276,0.4576,106758.04057529704,immigration_culture_adapt
277,0.4513,444702.13988692965,immigration_culture_adapt
278,0.433,383546.90227372816,immigration_culture_adapt
279,0.4454,147715.086276244,immigration_culture_adapt
28,0.4156,84831.94110845958,immigration_culture_adapt
280,0.4656,107018.23038466662,immigration_culture_adapt
281,0.3707,202798.83261378773,immigration_culture_adapt
282,0.4131,192423.43880240252,immigration_culture_adapt
283,0.4521,225032.24425116144,immigration_culture_adapt
284,0.4496,348801.7132893969,immigration_culture_adapt
285,0.4706,108392.23134283043,immigration_culture_adapt
286,0.4539,201667.8261551113,immigration_culture_adapt
287,0.4111,229313.18383026638,immigration_culture_adapt
288,0.4233,163230.1480521498,immigration_culture_adapt
289,0.4344,229928.3931788717,immigration_culture_adapt
29,0.4197,158934.59525744084,immigration_culture_adapt
290,0.3993,171933.35017208458,immigration_culture_adapt
291,0.4518,150155.75647540676,immigration_culture_adapt
292,0.4494,170495.5530644437,immigration_culture_adapt
293,0.4553,157126.21900124924,immigration_culture_adapt
294,0.4408,224073.31687500788,immigration_culture_adapt
295,0.4886,121224.48169688437,immigration_culture_adapt
296,0.4119,266542.8073390067,immigration_culture_adapt
297,0.4453,116068.39548367709,immigration_culture_adapt
298,0.4391,100536.02565406008,immigration_culture_adapt
299,0.4508,127721.3017367024,immigration_culture_adapt
3,0.4429,115851.86522588492,immigration_culture_adapt
30,0.43120000000000003,139576.16384651398,immigration_culture_adapt
31,0.4386,196135.60089437373,immigration_culture_adapt
32,0.4289,124018.8382025247,immigration_culture_adapt
33,0.4202,155893.75991417954,immigration_culture_adapt
34,0.4202,96231.59370696604,immigration_culture_adapt
35,0.4203,115171.85584071466,immigration_culture_adapt
36,0.4021,206407.69602351406,immigration_culture_adapt
37,0.3942,87383.08550697024,immigration_culture_adapt
38,0.4199,281285.77678616863,immigration_culture_adapt
39,0.3877,226123.33709281817,immigration_culture_adapt
4,0.4026,219096.40566326873,immigration_culture_adapt
40,0.448,105268.95765060993,immigration_culture_adapt
41,0.3797,906040.0002060288,immigration_culture_adapt
42,0.3624,906040.0000290013,immigration_culture_adapt
43,0.3964,905426.4123814947,immigration_culture_adapt
44,0.4452,101457.30386766187,immigration_culture_adapt
45,0.4403,124862.07580933305,immigration_culture_adapt
46,0.4333,87457.91952152424,immigration_culture_adapt
47,0.3865,905515.5202521704,immigration_culture_adapt
48,0.4176,213288.40224674714,immigration_culture_adapt
49,0.4435,89973.62500013925,immigration_culture_adapt
5,0.3397,203904.38777736196,immigration_culture_adapt
50,0.3758,205009.19059761005,immigration_culture_adapt
51,0.446,88144.4655599578,immigration_culture_adapt
52,0.4165,137316.49886528339,immigration_culture_adapt
53,0.3899,264493.9772962256,immigration_culture_adapt
54,0.3513,459481.451911284,immigration_culture_adapt
55,0.3643,328883.2354039019,immigration_culture_adapt
56,0.4736,78979.82450200847,immigration_culture_adapt
57,0.4922,109443.59297400215,immigration_culture_adapt
58,0.447,165824.85855315597,immigration_culture_adapt
59,0.4709,155615.10817955213,immigration_culture_adapt
6,0.4387,112031.67277091801,immigration_culture_adapt
60,0.431,155549.23788756167,immigration_culture_adapt
61,0.3991,154558.62871543417,immigration_culture_adapt
62,0.4708,134829.15146844977,immigration_culture_adapt
63,0.4586,134329.34255962222,immigration_culture_adapt
64,0.5183,84498.56508792723,immigration_culture_adapt
65,0.5179,79525.85822991289,immigration_culture_adapt
66,0.5094,71739.71605479502,immigration_culture_adapt
67,0.5185,106284.84831675599,immigration_culture_adapt
68,0.484,166610.327614394,immigration_culture_adapt
69,0.4731,164610.48028456897,immigration_culture_adapt
7,0.3932,256373.54635692938,immigration_culture_adapt
70,0.5099,93215.15114076332,immigration_culture_adapt
71,0.5145,133361.2526046149,immigration_culture_adapt
72,0.4802,157021.8587295553,immigration_culture_adapt
73,0.513,142062.0442874195,immigration_culture_adapt
74,0.5095,120532.22450632381,immigration_culture_adapt
75,0.3662,2877040.0000032624,immigration_culture_adapt
76,0.3618,2876906.1867174297,immigration_culture_adapt
77,0.3721,2876920.9828373524,immigration_culture_adapt
78,0.3732,2876421.751616364,immigration_culture_adapt
79,0.3635,2876860.9932270315,immigration_culture_adapt
8,0.4305,211014.82904146786,immigration_culture_adapt
80,0.3676,2877039.9999880577,immigration_culture_adapt
81,0.3546,2876994.508906475,immigration_culture_adapt
82,0.349,2877040.0163646573,immigration_culture_adapt
83,0.3484,2877040.000000056,immigration_culture_adapt
84,0.3639,2876558.3705327353,immigration_culture_adapt
85,0.3656,2876637.8723200033,immigration_culture_adapt
86,0.3524,2877039.991728962,immigration_culture_adapt
87,0.3734,469838.9638431637,immigration_culture_adapt
88,0.3985,469519.8665093225,immigration_culture_adapt
89,0.4316,206063.7555109461,immigration_culture_adapt
9,0.4345,165842.74609892463,immigration_culture_adapt
90,0.4271,217520.41696543677,immigration_culture_adapt
91,0.4294,377284.1712779972,immigration_culture_adapt
92,0.4499,182042.29332300788,immigration_culture_adapt
93,0.3291,826064.115036562,immigration_culture_adapt
94,0.3342,825997.9357487308,immigration_culture_adapt
95,0.3481,825493.2232396624,immigration_culture_adapt
96,0.3559,255570.0786535427,immigration_culture_adapt
97,0.4238,479910.6564404217,immigration_culture_adapt
98,0.4079,479718.72344821633,immigration_culture_adapt
99,0.4104,215526.51344431812,immigration_culture_adapt
1,0.5142,156146.91219309898,climate_ego
10,0.5127,166471.2930691627,climate_ego
100,0.5196,225480.3522156972,climate_ego
101,0.5395,407890.85381560476,climate_ego
102,0.5128,281768.98076001246,climate_ego
103,0.5203,142658.23720478482,climate_ego
104,0.513,391543.0373754122,climate_ego
105,0.5275,391558.8004555166,climate_ego
106,0.5739,494218.3319042906,climate_ego
107,0.5479,494219.96093411255,climate_ego
108,0.4952,363673.56008346134,climate_ego
109,0.4894,209297.8539070891,climate_ego
11,0.5304,166836.21906336443,climate_ego
110,0.5072,320280.1149764613,climate_ego
111,0.512,236760.5046750637,climate_ego
112,0.5104,249336.21906869547,climate_ego
113,0.5133,366336.2851592385,climate_ego
114,0.5068,299541.1330563543,climate_ego
115,0.497,396276.38943833264,climate_ego
116,0.5008,396373.33212362515,climate_ego
117,0.4982,243750.69746423358,climate_ego
118,0.5243,203613.27195902585,climate_ego
119,0.515,455933.8732086029,climate_ego
12,0.4313,153175.19652881895,climate_ego
120,0.5199,456020.53375132655,climate_ego
121,0.4745,498771.4750146778,climate_ego
122,0.4893,498709.6427058843,climate_ego
123,0.4536,204675.96619656123,climate_ego
124,0.5144,326015.12804966717,climate_ego
125,0.5012,366415.6006192377,climate_ego
126,0.5225,293566.14240599767,climate_ego
127,0.5024,194330.8471030403,climate_ego
128,0.5473,350928.9874258416,climate_ego
129,0.5941,244367.79992332731,climate_ego
13,0.4336,156364.76501065,climate_ego
130,0.4998,220117.08373788834,climate_ego
131,0.5036,283928.1380258957,climate_ego
132,0.5345,264316.5948110892,climate_ego
133,0.4682,206947.44889617665,climate_ego
134,0.4906,252840.34757535404,climate_ego
135,0.491,275039.22121060453,climate_ego
136,0.4987,150831.06981403066,climate_ego
137,0.4925,246867.57793827367,climate_ego
138,0.5063,201784.98668589175,climate_ego
139,0.5129,254498.50955151534,climate_ego
14,0.4495,171852.85511876698,climate_ego
140,0.5365,288318.3119799407,climate_ego
141,0.5087,196999.4437813509,climate_ego
142,0.5117,479802.95794022887,climate_ego
143,0.5112,479821.29101912136,climate_ego
144,0.4963,317213.10804336413,climate_ego
145,0.5029,221583.589226408,climate_ego
146,0.5105,235963.20544327798,climate_ego
147,0.4886,207983.59959208468,climate_ego
148,0.4803,220544.11485789935,climate_ego
149,0.4796,189899.65486953108,climate_ego
15,0.4004,177171.1056234898,climate_ego
150,0.464,328426.4883106674,climate_ego
151,0.3818,156287.43169108193,climate_ego
152,0.5133,447273.0462806228,climate_ego
153,0.471,447243.65590118093,climate_ego
154,0.3753,203485.01944982784,climate_ego
155,0.3712,189334.39291100815,climate_ego
156,0.3434,230765.27810862593,climate_ego
157,0.3581,191431.58226584247,climate_ego
158,0.3736,189315.47007156236,climate_ego
159,0.4654,417647.8505356109,climate_ego
16,0.4076,188390.8326199093,climate_ego
160,0.4165,341234.6099588987,climate_ego
161,0.3639,234219.82598483737,climate_ego
162,0.4062,179951.4826308836,climate_ego
163,0.365,243241.04581463398,climate_ego
164,0.3462,256612.53907117652,climate_ego
165,0.382,245404.13989671535,climate_ego
166,0.4022,176363.3722710095,climate_ego
167,0.5051,150847.19248560639,climate_ego
168,0.5032,174948.92758784763,climate_ego
169,0.4614,82837.07649342252,climate_ego
17,0.4105,192718.9279291037,climate_ego
170,0.5032,134244.55708584565,climate_ego
171,0.5315,192767.679643849,climate_ego
172,0.4789,199828.3130746693,climate_ego
173,0.5004,151701.4962621543,climate_ego
174,0.461,138746.12312425295,climate_ego
175,0.4826,288922.3772270948,climate_ego
176,0.498,162361.87609394698,climate_ego
177,0.4844,243612.56356526492,climate_ego
178,0.5094,142711.3720274556,climate_ego
179,0.5399,227070.2518071342,climate_ego
18,0.5731,1421002.2593554342,climate_ego
180,0.48,331219.6662066321,climate_ego
181,0.5328,186134.08587471946,climate_ego
182,0.561,597316.9289922566,climate_ego
183,0.5596,597119.979697627,climate_ego
184,0.5154,207677.8943569085,climate_ego
185,0.5203,246244.22266916416,climate_ego
186,0.5397,209100.38922005054,climate_ego
187,0.5053,151964.41207017357,climate_ego
188,0.4992,217023.4649560447,climate_ego
189,0.4349,63479.47863541032,climate_ego
19,0.5851,1430556.9948969542,climate_ego
190,0.4112,98328.8375353136,climate_ego
191,0.4091,57329.668210706746,climate_ego
192,0.3973,97103.89456177686,climate_ego
193,0.443,128018.6219006737,climate_ego
194,0.3602,71429.80636382155,climate_ego
195,0.3833,66552.61663215315,climate_ego
196,0.3813,65604.03583878439,climate_ego
197,0.4752,124497.04897961108,climate_ego
198,0.5028,129788.89967360128,climate_ego
199,0.4949,126188.29445828657,climate_ego
2,0.5161,126617.81067176482,climate_ego
20,0.5663,1431329.7804752644,climate_ego
200,0.4871,71012.6202541161,climate_ego
201,0.4666,97548.86235301365,climate_ego
202,0.5093,68267.7552315342,climate_ego
203,0.5026,110806.5196587859,climate_ego
204,0.488,141190.6093562236,climate_ego
205,0.5495,165730.91092029086,climate_ego
206,0.4794,111780.77145883288,climate_ego
207,0.4739,110882.44884675027,climate_ego
208,0.4744,94362.25613613243,climate_ego
209,0.469,60711.17813870885,climate_ego
21,0.566,1431298.9874824153,climate_ego
210,0.4589,68045.19178860822,climate_ego
211,0.4933,88636.80629276097,climate_ego
212,0.4641,88824.58818819381,climate_ego
213,0.4896,106040.88849210861,climate_ego
214,0.4735,114277.4362937002,climate_ego
215,0.4885,138772.1022482832,climate_ego
216,0.479,94460.0472031337,climate_ego
217,0.555,1204507.0364880688,climate_ego
218,0.557,1204367.2685137496,climate_ego
219,0.5677,1203811.9304614188,climate_ego
22,0.5544,1430951.582966886,climate_ego
220,0.564,1204570.5462810397,climate_ego
221,0.5252,273975.8695181723,climate_ego
222,0.485,195381.17695181782,climate_ego
223,0.5198,87433.09608902044,climate_ego
224,0.5029,97927.10241617101,climate_ego
225,0.4864,114691.21344866653,climate_ego
226,0.4911,86171.71429780195,climate_ego
227,0.4315,79236.91113039952,climate_ego
228,0.4483,108643.97946313373,climate_ego
229,0.4449,148549.29339360775,climate_ego
23,0.5561,1430979.5587980626,climate_ego
230,0.4348,88837.43598801222,climate_ego
231,0.4179,68797.40963185742,climate_ego
232,0.4704,90761.54694977363,climate_ego
233,0.4585,147987.87406906814,climate_ego
234,0.4141,108652.73819635087,climate_ego
235,0.4352,63773.85339297382,climate_ego
236,0.4723,102030.78339398111,climate_ego
237,0.4505,81108.48554729173,climate_ego
238,0.4449,55680.5282195036,climate_ego
239,0.4326,62920.67454943145,climate_ego
24,0.5048,140060.76032577365,climate_ego
240,0.4512,71998.71051860439,climate_ego
241,0.4838,118560.08657677029,climate_ego
242,0.5126,99670.56706345096,climate_ego
243,0.4773,79906.38667921201,climate_ego
244,0.4975,421645.16416584176,climate_ego
245,0.5005,310021.82372011937,climate_ego
246,0.4936,114053.8546474647,climate_ego
247,0.4737,129000.1599732756,climate_ego
248,0.4414,67732.83506927769,climate_ego
249,0.4565,98381.05661136859,climate_ego
25,0.4927,205347.6206726869,climate_ego
250,0.4807,77853.19820796055,climate_ego
251,0.516,123141.43426387003,climate_ego
252,0.498,234967.86250354463,climate_ego
253,0.481,169670.2451007896,climate_ego
254,0.4676,94243.60739768743,climate_ego
255,0.4716,114492.67486453363,climate_ego
256,0.487,106263.59875116046,climate_ego
257,0.474,104959.4310635585,climate_ego
258,0.5584,491625.13801795384,climate_ego
259,0.5417,491606.6573873762,climate_ego
26,0.484,57534.38438324122,climate_ego
260,0.489,307666.1280541792,climate_ego
261,0.512,424388.0713972013,climate_ego
262,0.5015,416219.3321893571,climate_ego
263,0.4591,202919.6077625286,climate_ego
264,0.4878,348173.7020949003,climate_ego
265,0.5029,412661.20895595336,climate_ego
266,0.4804,354339.2293625429,climate_ego
267,0.452,257722.21503823865,climate_ego
268,0.4645,130377.2162091822,climate_ego
269,0.4789,290285.00161643716,climate_ego
27,0.5401,102365.55669514439,climate_ego
270,0.4764,194226.28914273845,climate_ego
271,0.559,250850.54595401778,climate_ego
272,0.4752,359984.238399364,climate_ego
273,0.4607,160617.35190101372,climate_ego
274,0.5465,329508.5250784324,climate_ego
275,0.524,254270.4667512479,climate_ego
276,0.4596,106758.04057529704,climate_ego
277,0.4928,444702.13988692965,climate_ego
278,0.4716,383546.90227372816,climate_ego
279,0.4498,147715.086276244,climate_ego
28,0.5098,84831.94110845958,climate_ego
280,0.4653,107018.23038466662,climate_ego
281,0.54990000000000006,202798.83261378773,climate_ego
282,0.4978,192423.43880240252,climate_ego
283,0.4784,225032.24425116144,climate_ego
284,0.4758,348801.7132893969,climate_ego
285,0.431,108392.23134283043,climate_ego
286,0.4705,201667.8261551113,climate_ego
287,0.5373,229313.18383026638,climate_ego
288,0.5063,163230.1480521498,climate_ego
289,0.4713,229928.3931788717,climate_ego
29,0.5038,158934.59525744084,climate_ego
290,0.5108,171933.35017208458,climate_ego
291,0.4963,150155.75647540676,climate_ego
292,0.4729,170495.5530644437,climate_ego
293,0.4924,157126.21900124924,climate_ego
294,0.4973,224073.31687500788,climate_ego
295,0.4401,121224.48169688437,climate_ego
296,0.4842,266542.8073390067,climate_ego
297,0.4881,116068.39548367709,climate_ego
298,0.4788,100536.02565406008,climate_ego
299,0.4772,127721.3017367024,climate_ego
3,0.4894,115851.86522588492,climate_ego
30,0.5247,139576.16384651398,climate_ego
31,0.5007,196135.60089437373,climate_ego
32,0.4808,124018.8382025247,climate_ego
33,0.5079,155893.75991417954,climate_ego
34,0.5055,96231.59370696604,climate_ego
35,0.5007,115171.85584071466,climate_ego
36,0.5045,206407.69602351406,climate_ego
37,0.5448,87383.08550697024,climate_ego
38,0.5081,281285.77678616863,climate_ego
39,0.5239,226123.33709281817,climate_ego
4,0.5172,219096.40566326873,climate_ego
40,0.482,105268.95765060993,climate_ego
41,0.5334,906040.0002060288,climate_ego
42,0.5441,906040.0000290013,climate_ego
43,0.5219,905426.4123814947,climate_ego
44,0.4939,101457.30386766187,climate_ego
45,0.5006,124862.07580933305,climate_ego
46,0.5012,87457.91952152424,climate_ego
47,0.5396,905515.5202521704,climate_ego
48,0.5016,213288.40224674714,climate_ego
49,0.4865,89973.62500013925,climate_ego
5,0.5509,203904.38777736196,climate_ego
50,0.5136,205009.19059761005,climate_ego
51,0.5002,88144.4655599578,climate_ego
52,0.5174,137316.49886528339,climate_ego
53,0.5399,264493.9772962256,climate_ego
54,0.5558,459481.451911284,climate_ego
55,0.535,328883.2354039019,climate_ego
56,0.4275,78979.82450200847,climate_ego
57,0.4194,109443.59297400215,climate_ego
58,0.4496,165824.85855315597,climate_ego
59,0.4141,155615.10817955213,climate_ego
6,0.5091,112031.67277091801,climate_ego
60,0.4672,155549.23788756167,climate_ego
61,0.5056,154558.62871543417,climate_ego
62,0.4602,134829.15146844977,climate_ego
63,0.419,134329.34255962222,climate_ego
64,0.3896,84498.56508792723,climate_ego
65,0.4007,79525.85822991289,climate_ego
66,0.3948,71739.71605479502,climate_ego
67,0.3979,106284.84831675599,climate_ego
68,0.4239,166610.327614394,climate_ego
69,0.4554,164610.48028456897,climate_ego
7,0.5006,256373.54635692938,climate_ego
70,0.4172,93215.15114076332,climate_ego
71,0.389,133361.2526046149,climate_ego
72,0.432,157021.8587295553,climate_ego
73,0.4018,142062.0442874195,climate_ego
74,0.378,120532.22450632381,climate_ego
75,0.5151,2877040.0000032624,climate_ego
76,0.5234,2876906.1867174297,climate_ego
77,0.5449,2876920.9828373524,climate_ego
78,0.5287,2876421.751616364,climate_ego
79,0.5386,2876860.9932270315,climate_ego
8,0.504,211014.82904146786,climate_ego
80,0.5616,2877039.9999880577,climate_ego
81,0.5455,2876994.508906475,climate_ego
82,0.5623,2877040.0163646573,climate_ego
83,0.5407,2877040.000000056,climate_ego
84,0.5296,2876558.3705327353,climate_ego
85,0.5366,2876637.8723200033,climate_ego
86,0.5297,2877039.991728962,climate_ego
87,0.547,469838.9638431637,climate_ego
88,0.5353,469519.8665093225,climate_ego
89,0.4828,206063.7555109461,climate_ego
9,0.509,165842.74609892463,climate_ego
90,0.49370000000000003,217520.41696543677,climate_ego
91,0.5019,377284.1712779972,climate_ego
92,0.4967,182042.29332300788,climate_ego
93,0.5777,826064.115036562,climate_ego
94,0.5622,825997.9357487308,climate_ego
95,0.5756,825493.2232396624,climate_ego
96,0.5997,255570.0786535427,climate_ego
97,0.5051,479910.6564404217,climate_ego
98,0.5136,479718.72344821633,climate_ego
99,0.4853,215526.51344431812,climate_ego
1,0.3386,156146.91219309898,taxes_vs_spending
10,0.3308,166471.2930691627,taxes_vs_spending
100,0.3353,225480.3522156972,taxes_vs_spending
101,0.3827,407890.85381560476,taxes_vs_spending
102,0.3759,281768.98076001246,taxes_vs_spending
103,0.3386,142658.23720478482,taxes_vs_spending
104,0.3352,391543.0373754122,taxes_vs_spending
105,0.3327,391558.8004555166,taxes_vs_spending
106,0.3667,494218.3319042906,taxes_vs_spending
107,0.3738,494219.96093411255,taxes_vs_spending
108,0.2928,363673.56008346134,taxes_vs_spending
109,0.3426,209297.8539070891,taxes_vs_spending
11,0.3647,166836.21906336443,taxes_vs_spending
110,0.3221,320280.1149764613,taxes_vs_spending
111,0.3228,236760.5046750637,taxes_vs_spending
112,0.3233,249336.21906869547,taxes_vs_spending
113,0.3202,366336.2851592385,taxes_vs_spending
114,0.3383,299541.1330563543,taxes_vs_spending
115,0.3725,396276.38943833264,taxes_vs_spending
116,0.3526,396373.33212362515,taxes_vs_spending
117,0.3377,243750.69746423358,taxes_vs_spending
118,0.3478,203613.27195902585,taxes_vs_spending
119,0.3774,455933.8732086029,taxes_vs_spending
12,0.336,153175.19652881895,taxes_vs_spending
120,0.3509,456020.53375132655,taxes_vs_spending
121,0.3482,498771.4750146778,taxes_vs_spending
122,0.3445,498709.6427058843,taxes_vs_spending
123,0.3425,204675.96619656123,taxes_vs_spending
124,0.3125,326015.12804966717,taxes_vs_spending
125,0.3132,366415.6006192377,taxes_vs_spending
126,0.2793,293566.14240599767,taxes_vs_spending
127,0.2962,194330.8471030403,taxes_vs_spending
128,0.3309,350928.9874258416,taxes_vs_spending
129,0.4183,244367.79992332731,taxes_vs_spending
13,0.3283,156364.76501065,taxes_vs_spending
130,0.3008,220117.08373788834,taxes_vs_spending
131,0.3196,283928.1380258957,taxes_vs_spending
132,0.37,264316.5948110892,taxes_vs_spending
133,0.3264,206947.44889617665,taxes_vs_spending
134,0.3205,252840.34757535404,taxes_vs_spending
135,0.3081,275039.22121060453,taxes_vs_spending
136,0.2932,150831.06981403066,taxes_vs_spending
137,0.2987,246867.57793827367,taxes_vs_spending
138,0.3325,201784.98668589175,taxes_vs_spending
139,0.3482,254498.50955151534,taxes_vs_spending
14,0.3299,171852.85511876698,taxes_vs_spending
140,0.391,288318.3119799407,taxes_vs_spending
141,0.3627,196999.4437813509,taxes_vs_spending
142,0.3596,479802.95794022887,taxes_vs_spending
143,0.3735,479821.29101912136,taxes_vs_spending
144,0.3308,317213.10804336413,taxes_vs_spending
145,0.3284,221583.589226408,taxes_vs_spending
146,0.2944,235963.20544327798,taxes_vs_spending
147,0.2776,207983.59959208468,taxes_vs_spending
148,0.316,220544.11485789935,taxes_vs_spending
149,0.2795,189899.65486953108,taxes_vs_spending
15,0.3149,177171.1056234898,taxes_vs_spending
150,0.3089,328426.4883106674,taxes_vs_spending
151,0.2948,156287.43169108193,taxes_vs_spending
152,0.3848,447273.0462806228,taxes_vs_spending
153,0.38,447243.65590118093,taxes_vs_spending
154,0.2845,203485.01944982784,taxes_vs_spending
155,0.3147,189334.39291100815,taxes_vs_spending
156,0.2797,230765.27810862593,taxes_vs_spending
157,0.2903,191431.58226584247,taxes_vs_spending
158,0.3164,189315.47007156236,taxes_vs_spending
159,0.3626,417647.8505356109,taxes_vs_spending
16,0.3089,188390.8326199093,taxes_vs_spending
160,0.3019,341234.6099588987,taxes_vs_spending
161,0.2995,234219.82598483737,taxes_vs_spending
162,0.3413,179951.4826308836,taxes_vs_spending
163,0.2869,243241.04581463398,taxes_vs_spending
164,0.2925,256612.53907117652,taxes_vs_spending
165,0.292,245404.13989671535,taxes_vs_spending
166,0.3063,176363.3722710095,taxes_vs_spending
167,0.3364,150847.19248560639,taxes_vs_spending
168,0.3644,174948.92758784763,taxes_vs_spending
169,0.305,82837.07649342252,taxes_vs_spending
17,0.3334,192718.9279291037,taxes_vs_spending
170,0.3067,134244.55708584565,taxes_vs_spending
171,0.3478,192767.679643849,taxes_vs_spending
172,0.309,199828.3130746693,taxes_vs_spending
173,0.3266,151701.4962621543,taxes_vs_spending
174,0.2728,138746.12312425295,taxes_vs_spending
175,0.314,288922.3772270948,taxes_vs_spending
176,0.3135,162361.87609394698,taxes_vs_spending
177,0.3277,243612.56356526492,taxes_vs_spending
178,0.314,142711.3720274556,taxes_vs_spending
179,0.3612,227070.2518071342,taxes_vs_spending
18,0.4205,1421002.2593554342,taxes_vs_spending
180,0.3309,331219.6662066321,taxes_vs_spending
181,0.3311,186134.08587471946,taxes_vs_spending
182,0.3922,597316.9289922566,taxes_vs_spending
183,0.3919,597119.979697627,taxes_vs_spending
184,0.3444,207677.8943569085,taxes_vs_spending
185,0.3512,246244.22266916416,taxes_vs_spending
186,0.3583,209100.38922005054,taxes_vs_spending
187,0.3258,151964.41207017357,taxes_vs_spending
188,0.3113,217023.4649560447,taxes_vs_spending
189,0.2931,63479.47863541032,taxes_vs_spending
19,0.4251,1430556.9948969542,taxes_vs_spending
190,0.2957,98328.8375353136,taxes_vs_spending
191,0.3085,57329.668210706746,taxes_vs_spending
192,0.3147,97103.89456177686,taxes_vs_spending
193,0.3568,128018.6219006737,taxes_vs_spending
194,0.2885,71429.80636382155,taxes_vs_spending
195,0.2842,66552.61663215315,taxes_vs_spending
196,0.3068,65604.03583878439,taxes_vs_spending
197,0.3177,124497.04897961108,taxes_vs_spending
198,0.3106,129788.89967360128,taxes_vs_spending
199,0.3234,126188.29445828657,taxes_vs_spending
2,0.3204,126617.81067176482,taxes_vs_spending
20,0.3926,1431329.7804752644,taxes_vs_spending
200,0.305,71012.6202541161,taxes_vs_spending
201,0.299,97548.86235301365,taxes_vs_spending
202,0.288,68267.7552315342,taxes_vs_spending
203,0.3138,110806.5196587859,taxes_vs_spending
204,0.3214,141190.6093562236,taxes_vs_spending
205,0.3616,165730.91092029086,taxes_vs_spending
206,0.3231,111780.77145883288,taxes_vs_spending
207,0.3214,110882.44884675027,taxes_vs_spending
208,0.3103,94362.25613613243,taxes_vs_spending
209,0.3036,60711.17813870885,taxes_vs_spending
21,0.4264,1431298.9874824153,taxes_vs_spending
210,0.2786,68045.19178860822,taxes_vs_spending
211,0.2933,88636.80629276097,taxes_vs_spending
212,0.2607,88824.58818819381,taxes_vs_spending
213,0.2798,106040.88849210861,taxes_vs_spending
214,0.2861,114277.4362937002,taxes_vs_spending
215,0.2881,138772.1022482832,taxes_vs_spending
216,0.2602,94460.0472031337,taxes_vs_spending
217,0.366,1204507.0364880688,taxes_vs_spending
218,0.3557,1204367.2685137496,taxes_vs_spending
219,0.4009,1203811.9304614188,taxes_vs_spending
22,0.4039,1430951.582966886,taxes_vs_spending
220,0.3821,1204570.5462810397,taxes_vs_spending
221,0.322,273975.8695181723,taxes_vs_spending
222,0.2937,195381.17695181782,taxes_vs_spending
223,0.2886,87433.09608902044,taxes_vs_spending
224,0.3005,97927.10241617101,taxes_vs_spending
225,0.2618,114691.21344866653,taxes_vs_spending
226,0.2772,86171.71429780195,taxes_vs_spending
227,0.2514,79236.91113039952,taxes_vs_spending
228,0.2706,108643.97946313373,taxes_vs_spending
229,0.257,148549.29339360775,taxes_vs_spending
23,0.394,1430979.5587980626,taxes_vs_spending
230,0.2662,88837.43598801222,taxes_vs_spending
231,0.2506,68797.40963185742,taxes_vs_spending
232,0.2676,90761.54694977363,taxes_vs_spending
233,0.271,147987.87406906814,taxes_vs_spending
234,0.2343,108652.73819635087,taxes_vs_spending
235,0.247,63773.85339297382,taxes_vs_spending
236,0.2763,102030.78339398111,taxes_vs_spending
237,0.2588,81108.48554729173,taxes_vs_spending
238,0.2636,55680.5282195036,taxes_vs_spending
239,0.2665,62920.67454943145,taxes_vs_spending
24,0.3189,140060.76032577365,taxes_vs_spending
240,0.2703,71998.71051860439,taxes_vs_spending
241,0.2787,118560.08657677029,taxes_vs_spending
242,0.3087,99670.56706345096,taxes_vs_spending
243,0.2705,79906.38667921201,taxes_vs_spending
244,0.3554,421645.16416584176,taxes_vs_spending
245,0.3371,310021.82372011937,taxes_vs_spending
246,0.2858,114053.8546474647,taxes_vs_spending
247,0.2984,129000.1599732756,taxes_vs_spending
248,0.2565,67732.83506927769,taxes_vs_spending
249,0.2697,98381.05661136859,taxes_vs_spending
25,0.3055,205347.6206726869,taxes_vs_spending
250,0.2814,77853.19820796055,taxes_vs_spending
251,0.3099,123141.43426387003,taxes_vs_spending
252,0.3329,234967.86250354463,taxes_vs_spending
253,0.2734,169670.2451007896,taxes_vs_spending
254,0.2511,94243.60739768743,taxes_vs_spending
255,0.2861,114492.67486453363,taxes_vs_spending
256,0.284,106263.59875116046,taxes_vs_spending
257,0.2722,104959.4310635585,taxes_vs_spending
258,0.3791,491625.13801795384,taxes_vs_spending
259,0.3791,491606.6573873762,taxes_vs_spending
26,0.3235,57534.38438324122,taxes_vs_spending
260,0.3082,307666.1280541792,taxes_vs_spending
261,0.326,424388.0713972013,taxes_vs_spending
262,0.3206,416219.3321893571,taxes_vs_spending
263,0.3103,202919.6077625286,taxes_vs_spending
264,0.3122,348173.7020949003,taxes_vs_spending
265,0.3226,412661.20895595336,taxes_vs_spending
266,0.2999,354339.2293625429,taxes_vs_spending
267,0.3003,257722.21503823865,taxes_vs_spending
268,0.303,130377.2162091822,taxes_vs_spending
269,0.2959,290285.00161643716,taxes_vs_spending
27,0.383,102365.55669514439,taxes_vs_spending
270,0.2958,194226.28914273845,taxes_vs_spending
271,0.3944,250850.54595401778,taxes_vs_spending
272,0.31,359984.238399364,taxes_vs_spending
273,0.2968,160617.35190101372,taxes_vs_spending
274,0.3651,329508.5250784324,taxes_vs_spending
275,0.3554,254270.4667512479,taxes_vs_spending
276,0.2751,106758.04057529704,taxes_vs_spending
277,0.313,444702.13988692965,taxes_vs_spending
278,0.3084,383546.90227372816,taxes_vs_spending
279,0.3164,147715.086276244,taxes_vs_spending
28,0.3305,84831.94110845958,taxes_vs_spending
280,0.2996,107018.23038466662,taxes_vs_spending
281,0.3716,202798.83261378773,taxes_vs_spending
282,0.3169,192423.43880240252,taxes_vs_spending
283,0.2982,225032.24425116144,taxes_vs_spending
284,0.2895,348801.7132893969,taxes_vs_spending
285,0.2744,108392.23134283043,taxes_vs_spending
286,0.3061,201667.8261551113,taxes_vs_spending
287,0.3434,229313.18383026638,taxes_vs_spending
288,0.3217,163230.1480521498,taxes_vs_spending
289,0.3014,229928.3931788717,taxes_vs_spending
29,0.2994,158934.59525744084,taxes_vs_spending
290,0.3283,171933.35017208458,taxes_vs_spending
291,0.2896,150155.75647540676,taxes_vs_spending
292,0.2843,170495.5530644437,taxes_vs_spending
293,0.3014,157126.21900124924,taxes_vs_spending
294,0.2961,224073.31687500788,taxes_vs_spending
295,0.2647,121224.48169688437,taxes_vs_spending
296,0.3381,266542.8073390067,taxes_vs_spending
297,0.3126,116068.39548367709,taxes_vs_spending
298,0.3205,100536.02565406008,taxes_vs_spending
299,0.3263,127721.3017367024,taxes_vs_spending
3,0.3075,115851.86522588492,taxes_vs_spending
30,0.3074,139576.16384651398,taxes_vs_spending
31,0.2818,196135.60089437373,taxes_vs_spending
32,0.269,124018.8382025247,taxes_vs_spending
33,0.3237,155893.75991417954,taxes_vs_spending
34,0.3247,96231.59370696604,taxes_vs_spending
35,0.3217,115171.85584071466,taxes_vs_spending
36,0.3337,206407.69602351406,taxes_vs_spending
37,0.3503,87383.08550697024,taxes_vs_spending
38,0.3133,281285.77678616863,taxes_vs_spending
39,0.3543,226123.33709281817,taxes_vs_spending
4,0.3411,219096.40566326873,taxes_vs_spending
40,0.3078,105268.95765060993,taxes_vs_spending
41,0.372,906040.0002060288,taxes_vs_spending
42,0.3725,906040.0000290013,taxes_vs_spending
43,0.3623,905426.4123814947,taxes_vs_spending
44,0.3245,101457.30386766187,taxes_vs_spending
45,0.3201,124862.07580933305,taxes_vs_spending
46,0.3189,87457.91952152424,taxes_vs_spending
47,0.3614,905515.5202521704,taxes_vs_spending
48,0.3396,213288.40224674714,taxes_vs_spending
49,0.3262,89973.62500013925,taxes_vs_spending
5,0.3934,203904.38777736196,taxes_vs_spending
50,0.3884,205009.19059761005,taxes_vs_spending
51,0.3195,88144.4655599578,taxes_vs_spending
52,0.3619,137316.49886528339,taxes_vs_spending
53,0.3386,264493.9772962256,taxes_vs_spending
54,0.3992,459481.451911284,taxes_vs_spending
55,0.3857,328883.2354039019,taxes_vs_spending
56,0.3039,78979.82450200847,taxes_vs_spending
57,0.3123,109443.59297400215,taxes_vs_spending
58,0.3429,165824.85855315597,taxes_vs_spending
59,0.3408,155615.10817955213,taxes_vs_spending
6,0.3423,112031.67277091801,taxes_vs_spending
60,0.312,155549.23788756167,taxes_vs_spending
61,0.3727,154558.62871543417,taxes_vs_spending
62,0.3404,134829.15146844977,taxes_vs_spending
63,0.3292,134329.34255962222,taxes_vs_spending
64,0.3232,84498.56508792723,taxes_vs_spending
65,0.3138,79525.85822991289,taxes_vs_spending
66,0.3045,71739.71605479502,taxes_vs_spending
67,0.2856,106284.84831675599,taxes_vs_spending
68,0.3284,166610.327614394,taxes_vs_spending
69,0.3289,164610.48028456897,taxes_vs_spending
7,0.3386,256373.54635692938,taxes_vs_spending
70,0.3039,93215.15114076332,taxes_vs_spending
71,0.2983,133361.2526046149,taxes_vs_spending
72,0.3297,157021.8587295553,taxes_vs_spending
73,0.2982,142062.0442874195,taxes_vs_spending
74,0.2945,120532.22450632381,taxes_vs_spending
75,0.4353,2877040.0000032624,taxes_vs_spending
76,0.4132,2876906.1867174297,taxes_vs_spending
77,0.3924,2876920.9828373524,taxes_vs_spending
78,0.3944,2876421.751616364,taxes_vs_spending
79,0.4015,2876860.9932270315,taxes_vs_spending
8,0.3197,211014.82904146786,taxes_vs_spending
80,0.3781,2877039.9999880577,taxes_vs_spending
81,0.4043,2876994.508906475,taxes_vs_spending
82,0.422,2877040.0163646573,taxes_vs_spending
83,0.4071,2877040.000000056,taxes_vs_spending
84,0.4008,2876558.3705327353,taxes_vs_spending
85,0.401,2876637.8723200033,taxes_vs_spending
86,0.4083,2877039.991728962,taxes_vs_spending
87,0.3506,469838.9638431637,taxes_vs_spending
88,0.3436,469519.8665093225,taxes_vs_spending
89,0.297,206063.7555109461,taxes_vs_spending
9,0.3187,165842.74609892463,taxes_vs_spending
90,0.3083,217520.41696543677,taxes_vs_spending
91,0.3232,377284.1712779972,taxes_vs_spending
92,0.299,182042.29332300788,taxes_vs_spending
93,0.4154,826064.115036562,taxes_vs_spending
94,0.391,825997.9357487308,taxes_vs_spending
95,0.4155,825493.2232396624,taxes_vs_spending
96,0.3793,255570.0786535427,taxes_vs_spending
97,0.3268,479910.6564404217,taxes_vs_spending
98,0.3317,479718.72344821633,taxes_vs_spending
99,0.3207,215526.51344431812,taxes_vs_spending
1,0.6047,156146.91219309898,income_reduce
10,0.5941,166471.2930691627,income_reduce
100,0.5308,225480.3522156972,income_reduce
101,0.5566,407890.85381560476,income_reduce
102,0.5909,281768.98076001246,income_reduce
103,0.5782,142658.23720478482,income_reduce
104,0.5433,391543.0373754122,income_reduce
105,0.5655,391558.8004555166,income_reduce
106,0.5638,494218.3319042906,income_reduce
107,0.5516,494219.96093411255,income_reduce
108,0.5185,363673.56008346134,income_reduce
109,0.5649,209297.8539070891,income_reduce
11,0.6081,166836.21906336443,income_reduce
110,0.5503,320280.1149764613,income_reduce
111,0.5603,236760.5046750637,income_reduce
112,0.5477,249336.21906869547,income_reduce
113,0.5707,366336.2851592385,income_reduce
114,0.5666,299541.1330563543,income_reduce
115,0.5944,396276.38943833264,income_reduce
116,0.6019,396373.33212362515,income_reduce
117,0.584,243750.69746423358,income_reduce
118,0.5522,203613.27195902585,income_reduce
119,0.5824,455933.8732086029,income_reduce
12,0.6717,153175.19652881895,income_reduce
120,0.5619,456020.53375132655,income_reduce
121,0.5889,498771.4750146778,income_reduce
122,0.5704,498709.6427058843,income_reduce
123,0.59,204675.96619656123,income_reduce
124,0.5424,326015.12804966717,income_reduce
125,0.5656,366415.6006192377,income_reduce
126,0.5347,293566.14240599767,income_reduce
127,0.5367,194330.8471030403,income_reduce
128,0.5611,350928.9874258416,income_reduce
129,0.5459,244367.79992332731,income_reduce
13,0.661,156364.76501065,income_reduce
130,0.5446,220117.08373788834,income_reduce
131,0.5568,283928.1380258957,income_reduce
132,0.5969,264316.5948110892,income_reduce
133,0.5755,206947.44889617665,income_reduce
134,0.5893,252840.34757535404,income_reduce
135,0.5926,275039.22121060453,income_reduce
136,0.5541,150831.06981403066,income_reduce
137,0.5416,246867.57793827367,income_reduce
138,0.5791,201784.98668589175,income_reduce
139,0.5785,254498.50955151534,income_reduce
14,0.6411,171852.85511876698,income_reduce
140,0.5898,288318.3119799407,income_reduce
141,0.5876,196999.4437813509,income_reduce
142,0.5878,479802.95794022887,income_reduce
143,0.5849,479821.29101912136,income_reduce
144,0.5901,317213.10804336413,income_reduce
145,0.5952,221583.589226408,income_reduce
146,0.5599,235963.20544327798,income_reduce
147,0.5335,207983.59959208468,income_reduce
148,0.5815,220544.11485789935,income_reduce
149,0.5477,189899.65486953108,income_reduce
15,0.6628,177171.1056234898,income_reduce
150,0.5726,328426.4883106674,income_reduce
151,0.6536,156287.43169108193,income_reduce
152,0.6184,447273.0462806228,income_reduce
153,0.6214,447243.65590118093,income_reduce
154,0.6492,203485.01944982784,income_reduce
155,0.6441,189334.39291100815,income_reduce
156,0.6621,230765.27810862593,income_reduce
157,0.659,191431.58226584247,income_reduce
158,0.6622,189315.47007156236,income_reduce
159,0.6133,417647.8505356109,income_reduce
16,0.6715,188390.8326199093,income_reduce
160,0.6223,341234.6099588987,income_reduce
161,0.6477,234219.82598483737,income_reduce
162,0.6295,179951.4826308836,income_reduce
163,0.6544,243241.04581463398,income_reduce
164,0.6555,256612.53907117652,income_reduce
165,0.6458,245404.13989671535,income_reduce
166,0.6486,176363.3722710095,income_reduce
167,0.6041,150847.19248560639,income_reduce
168,0.5973,174948.92758784763,income_reduce
169,0.5967,82837.07649342252,income_reduce
17,0.6557,192718.9279291037,income_reduce
170,0.594,134244.55708584565,income_reduce
171,0.5954,192767.679643849,income_reduce
172,0.593,199828.3130746693,income_reduce
173,0.5928,151701.4962621543,income_reduce
174,0.5676,138746.12312425295,income_reduce
175,0.5773,288922.3772270948,income_reduce
176,0.5616,162361.87609394698,income_reduce
177,0.5641,243612.56356526492,income_reduce
178,0.5628,142711.3720274556,income_reduce
179,0.5696,227070.2518071342,income_reduce
18,0.5864,1421002.2593554342,income_reduce
180,0.5871,331219.6662066321,income_reduce
181,0.5364,186134.08587471946,income_reduce
182,0.5619,597316.9289922566,income_reduce
183,0.5642,597119.979697627,income_reduce
184,0.5807,207677.8943569085,income_reduce
185,0.5539,246244.22266916416,income_reduce
186,0.566,209100.38922005054,income_reduce
187,0.5737,151964.41207017357,income_reduce
188,0.5757,217023.4649560447,income_reduce
189,0.652,63479.47863541032,income_reduce
19,0.5843,1430556.9948969542,income_reduce
190,0.6672,98328.8375353136,income_reduce
191,0.655,57329.668210706746,income_reduce
192,0.6582,97103.89456177686,income_reduce
193,0.6422,128018.6219006737,income_reduce
194,0.6502,71429.80636382155,income_reduce
195,0.6696,66552.61663215315,income_reduce
196,0.6735,65604.03583878439,income_reduce
197,0.5794,124497.04897961108,income_reduce
198,0.5552,129788.89967360128,income_reduce
199,0.571,126188.29445828657,income_reduce
2,0.5914,126617.81067176482,income_reduce
20,0.579,1431329.7804752644,income_reduce
200,0.5732,71012.6202541161,income_reduce
201,0.5969,97548.86235301365,income_reduce
202,0.5581,68267.7552315342,income_reduce
203,0.5773,110806.5196587859,income_reduce
204,0.5838,141190.6093562236,income_reduce
205,0.5752,165730.91092029086,income_reduce
206,0.5753,111780.77145883288,income_reduce
207,0.5804,110882.44884675027,income_reduce
208,0.55,94362.25613613243,income_reduce
209,0.609,60711.17813870885,income_reduce
21,0.5948,1431298.9874824153,income_reduce
210,0.5914,68045.19178860822,income_reduce
211,0.5856,88636.80629276097,income_reduce
212,0.5487,88824.58818819381,income_reduce
213,0.543,106040.88849210861,income_reduce
214,0.5427,114277.4362937002,income_reduce
215,0.518,138772.1022482832,income_reduce
216,0.5591,94460.0472031337,income_reduce
217,0.5231,1204507.0364880688,income_reduce
218,0.544,1204367.2685137496,income_reduce
219,0.5425,1203811.9304614188,income_reduce
22,0.5714,1430951.582966886,income_reduce
220,0.542,1204570.5462810397,income_reduce
221,0.5197,273975.8695181723,income_reduce
222,0.548,195381.17695181782,income_reduce
223,0.5041,87433.09608902044,income_reduce
224,0.5233,97927.10241617101,income_reduce
225,0.5558,114691.21344866653,income_reduce
226,0.5429,86171.71429780195,income_reduce
227,0.5736,79236.91113039952,income_reduce
228,0.5754,108643.97946313373,income_reduce
229,0.5635,148549.29339360775,income_reduce
23,0.5794,1430979.5587980626,income_reduce
230,0.5617,88837.43598801222,income_reduce
231,0.5757,68797.40963185742,income_reduce
232,0.5598,90761.54694977363,income_reduce
233,0.5458,147987.87406906814,income_reduce
234,0.573,108652.73819635087,income_reduce
235,0.5864,63773.85339297382,income_reduce
236,0.5614,102030.78339398111,income_reduce
237,0.5545,81108.48554729173,income_reduce
238,0.5712,55680.5282195036,income_reduce
239,0.5604,62920.67454943145,income_reduce
24,0.6139,140060.76032577365,income_reduce
240,0.5658,71998.71051860439,income_reduce
241,0.5733,118560.08657677029,income_reduce
242,0.5316,99670.56706345096,income_reduce
243,0.5639,79906.38667921201,income_reduce
244,0.5578,421645.16416584176,income_reduce
245,0.5647,310021.82372011937,income_reduce
246,0.5664,114053.8546474647,income_reduce
247,0.5481,129000.1599732756,income_reduce
248,0.5692,67732.83506927769,income_reduce
249,0.5433,98381.05661136859,income_reduce
25,0.5855,205347.6206726869,income_reduce
250,0.5702,77853.19820796055,income_reduce
251,0.5642,123141.43426387003,income_reduce
252,0.5533,234967.86250354463,income_reduce
253,0.5468,169670.2451007896,income_reduce
254,0.5458,94243.60739768743,income_reduce
255,0.5515,114492.67486453363,income_reduce
256,0.5544,106263.59875116046,income_reduce
257,0.5697,104959.4310635585,income_reduce
258,0.5487,491625.13801795384,income_reduce
259,0.5643,491606.6573873762,income_reduce
26,0.6043,57534.38438324122,income_reduce
260,0.5439,307666.1280541792,income_reduce
261,0.5554,424388.0713972013,income_reduce
262,0.5387,416219.3321893571,income_reduce
263,0.5635,202919.6077625286,income_reduce
264,0.572,348173.7020949003,income_reduce
265,0.5553,412661.20895595336,income_reduce
266,0.5677,354339.2293625429,income_reduce
267,0.5762,257722.21503823865,income_reduce
268,0.5844,130377.2162091822,income_reduce
269,0.5595,290285.00161643716,income_reduce
27,0.6026,102365.55669514439,income_reduce
270,0.5625,194226.28914273845,income_reduce
271,0.5817,250850.54595401778,income_reduce
272,0.5551,359984.238399364,income_reduce
273,0.5572,160617.35190101372,income_reduce
274,0.5824,329508.5250784324,income_reduce
275,0.5717,254270.4667512479,income_reduce
276,0.5778,106758.04057529704,income_reduce
277,0.5625,444702.13988692965,income_reduce
278,0.5736,383546.90227372816,income_reduce
279,0.5798,147715.086276244,income_reduce
28,0.5997,84831.94110845958,income_reduce
280,0.5671,107018.23038466662,income_reduce
281,0.5856,202798.83261378773,income_reduce
282,0.572,192423.43880240252,income_reduce
283,0.5778,225032.24425116144,income_reduce
284,0.568,348801.7132893969,income_reduce
285,0.5749,108392.23134283043,income_reduce
286,0.5853,201667.8261551113,income_reduce
287,0.576,229313.18383026638,income_reduce
288,0.5781,163230.1480521498,income_reduce
289,0.5777,229928.3931788717,income_reduce
29,0.5832,158934.59525744084,income_reduce
290,0.5785,171933.35017208458,income_reduce
291,0.5674,150155.75647540676,income_reduce
292,0.5525,170495.5530644437,income_reduce
293,0.5514,157126.21900124924,income_reduce
294,0.5604,224073.31687500788,income_reduce
295,0.5706,121224.48169688437,income_reduce
296,0.6039,266542.8073390067,income_reduce
297,0.5922,116068.39548367709,income_reduce
298,0.578,100536.02565406008,income_reduce
299,0.5938,127721.3017367024,income_reduce
3,0.59,115851.86522588492,income_reduce
30,0.5862,139576.16384651398,income_reduce
31,0.5521,196135.60089437373,income_reduce
32,0.5533,124018.8382025247,income_reduce
33,0.5884,155893.75991417954,income_reduce
34,0.5865,96231.59370696604,income_reduce
35,0.6067,115171.85584071466,income_reduce
36,0.5655,206407.69602351406,income_reduce
37,0.6102,87383.08550697024,income_reduce
38,0.5777,281285.77678616863,income_reduce
39,0.5809,226123.33709281817,income_reduce
4,0.5704,219096.40566326873,income_reduce
40,0.597,105268.95765060993,income_reduce
41,0.5902,906040.0002060288,income_reduce
42,0.5827,906040.0000290013,income_reduce
43,0.5829,905426.4123814947,income_reduce
44,0.5782,101457.30386766187,income_reduce
45,0.5941,124862.07580933305,income_reduce
46,0.6134,87457.91952152424,income_reduce
47,0.595,905515.5202521704,income_reduce
48,0.5988,213288.40224674714,income_reduce
49,0.5986,89973.62500013925,income_reduce
5,0.5839,203904.38777736196,income_reduce
50,0.5835,205009.19059761005,income_reduce
51,0.5927,88144.4655599578,income_reduce
52,0.5977,137316.49886528339,income_reduce
53,0.5793,264493.9772962256,income_reduce
54,0.6014,459481.451911284,income_reduce
55,0.5909,328883.2354039019,income_reduce
56,0.6447,78979.82450200847,income_reduce
57,0.6652,109443.59297400215,income_reduce
58,0.6412,165824.85855315597,income_reduce
59,0.6623,155615.10817955213,income_reduce
6,0.5785,112031.67277091801,income_reduce
60,0.6312,155549.23788756167,income_reduce
61,0.6303,154558.62871543417,income_reduce
62,0.653,134829.15146844977,income_reduce
63,0.6659,134329.34255962222,income_reduce
64,0.6695,84498.56508792723,income_reduce
65,0.6729,79525.85822991289,income_reduce
66,0.6726,71739.71605479502,income_reduce
67,0.6611,106284.84831675599,income_reduce
68,0.6499,166610.327614394,income_reduce
69,0.6584,164610.48028456897,income_reduce
7,0.5732,256373.54635692938,income_reduce
70,0.6467,93215.15114076332,income_reduce
71,0.6521,133361.2526046149,income_reduce
72,0.6373,157021.8587295553,income_reduce
73,0.669,142062.0442874195,income_reduce
74,0.6717,120532.22450632381,income_reduce
75,0.5973,2877040.0000032624,income_reduce
76,0.6034,2876906.1867174297,income_reduce
77,0.5802,2876920.9828373524,income_reduce
78,0.5827,2876421.751616364,income_reduce
79,0.5919,2876860.9932270315,income_reduce
8,0.5698,211014.82904146786,income_reduce
80,0.587,2877039.9999880577,income_reduce
81,0.6048,2876994.508906475,income_reduce
82,0.6074,2877040.0163646573,income_reduce
83,0.6094,2877040.000000056,income_reduce
84,0.5903,2876558.3705327353,income_reduce
85,0.6099,2876637.8723200033,income_reduce
86,0.5999,2877039.991728962,income_reduce
87,0.5571,469838.9638431637,income_reduce
88,0.5661,469519.8665093225,income_reduce
89,0.5463,206063.7555109461,income_reduce
9,0.5947,165842.74609892463,income_reduce
90,0.5538,217520.41696543677,income_reduce
91,0.5622,377284.1712779972,income_reduce
92,0.5567,182042.29332300788,income_reduce
93,0.5681,826064.115036562,income_reduce
94,0.579,825997.9357487308,income_reduce
95,0.5741,825493.2232396624,income_reduce
96,0.553,255570.0786535427,income_reduce
97,0.5387,479910.6564404217,income_reduce
98,0.5497,479718.72344821633,income_reduce
99,0.5839,215526.51344431812,income_reduce
1,0.6914,156146.91219309898,higher_earners_tax
10,0.701,166471.2930691627,higher_earners_tax
100,0.6692,225480.3522156972,higher_earners_tax
101,0.6793,407890.85381560476,higher_earners_tax
102,0.7166,281768.98076001246,higher_earners_tax
103,0.6934,142658.23720478482,higher_earners_tax
104,0.6528,391543.0373754122,higher_earners_tax
105,0.6871,391558.8004555166,higher_earners_tax
106,0.6726,494218.3319042906,higher_earners_tax
107,0.6699,494219.96093411255,higher_earners_tax
108,0.6574,363673.56008346134,higher_earners_tax
109,0.6606,209297.8539070891,higher_earners_tax
11,0.7194,166836.21906336443,higher_earners_tax
110,0.6728,320280.1149764613,higher_earners_tax
111,0.6654,236760.5046750637,higher_earners_tax
112,0.7031,249336.21906869547,higher_earners_tax
113,0.6774,366336.2851592385,higher_earners_tax
114,0.6978,299541.1330563543,higher_earners_tax
115,0.6986,396276.38943833264,higher_earners_tax
116,0.6987,396373.33212362515,higher_earners_tax
117,0.6986,243750.69746423358,higher_earners_tax
118,0.6773,203613.27195902585,higher_earners_tax
119,0.6961,455933.8732086029,higher_earners_tax
12,0.7294,153175.19652881895,higher_earners_tax
120,0.6828,456020.53375132655,higher_earners_tax
121,0.6876,498771.4750146778,higher_earners_tax
122,0.6909,498709.6427058843,higher_earners_tax
123,0.7033,204675.96619656123,higher_earners_tax
124,0.6865,326015.12804966717,higher_earners_tax
125,0.6653,366415.6006192377,higher_earners_tax
126,0.6661,293566.14240599767,higher_earners_tax
127,0.6931,194330.8471030403,higher_earners_tax
128,0.7031,350928.9874258416,higher_earners_tax
129,0.698,244367.79992332731,higher_earners_tax
13,0.7081,156364.76501065,higher_earners_tax
130,0.6548,220117.08373788834,higher_earners_tax
131,0.6751,283928.1380258957,higher_earners_tax
132,0.7229,264316.5948110892,higher_earners_tax
133,0.6818,206947.44889617665,higher_earners_tax
134,0.7025,252840.34757535404,higher_earners_tax
135,0.6931,275039.22121060453,higher_earners_tax
136,0.6705,150831.06981403066,higher_earners_tax
137,0.6449,246867.57793827367,higher_earners_tax
138,0.6728,201784.98668589175,higher_earners_tax
139,0.6939,254498.50955151534,higher_earners_tax
14,0.7246,171852.85511876698,higher_earners_tax
140,0.6989,288318.3119799407,higher_earners_tax
141,0.6916,196999.4437813509,higher_earners_tax
142,0.7032,479802.95794022887,higher_earners_tax
143,0.7064,479821.29101912136,higher_earners_tax
144,0.6987,317213.10804336413,higher_earners_tax
145,0.7227,221583.589226408,higher_earners_tax
146,0.6806,235963.20544327798,higher_earners_tax
147,0.6823,207983.59959208468,higher_earners_tax
148,0.6967,220544.11485789935,higher_earners_tax
149,0.6664,189899.65486953108,higher_earners_tax
15,0.7306,177171.1056234898,higher_earners_tax
150,0.7011,328426.4883106674,higher_earners_tax
151,0.7157,156287.43169108193,higher_earners_tax
152,0.7186,447273.0462806228,higher_earners_tax
153,0.6837,447243.65590118093,higher_earners_tax
154,0.69,203485.01944982784,higher_earners_tax
155,0.7067,189334.39291100815,higher_earners_tax
156,0.7038,230765.27810862593,higher_earners_tax
157,0.7131,191431.58226584247,higher_earners_tax
158,0.6998,189315.47007156236,higher_earners_tax
159,0.6793,417647.8505356109,higher_earners_tax
16,0.7401,188390.8326199093,higher_earners_tax
160,0.6988,341234.6099588987,higher_earners_tax
161,0.7014,234219.82598483737,higher_earners_tax
162,0.7198,179951.4826308836,higher_earners_tax
163,0.7132,243241.04581463398,higher_earners_tax
164,0.7157,256612.53907117652,higher_earners_tax
165,0.7107,245404.13989671535,higher_earners_tax
166,0.712,176363.3722710095,higher_earners_tax
167,0.7144,150847.19248560639,higher_earners_tax
168,0.7107,174948.92758784763,higher_earners_tax
169,0.7137,82837.07649342252,higher_earners_tax
17,0.7087,192718.9279291037,higher_earners_tax
170,0.6996,134244.55708584565,higher_earners_tax
171,0.7167,192767.679643849,higher_earners_tax
172,0.6995,199828.3130746693,higher_earners_tax
173,0.6746,151701.4962621543,higher_earners_tax
174,0.6738,138746.12312425295,higher_earners_tax
175,0.6915,288922.3772270948,higher_earners_tax
176,0.6723,162361.87609394698,higher_earners_tax
177,0.6856,243612.56356526492,higher_earners_tax
178,0.6777,142711.3720274556,higher_earners_tax
179,0.6831,227070.2518071342,higher_earners_tax
18,0.706,1421002.2593554342,higher_earners_tax
180,0.6883,331219.6662066321,higher_earners_tax
181,0.673,186134.08587471946,higher_earners_tax
182,0.6636,597316.9289922566,higher_earners_tax
183,0.6859,597119.979697627,higher_earners_tax
184,0.7046,207677.8943569085,higher_earners_tax
185,0.6638,246244.22266916416,higher_earners_tax
186,0.6725,209100.38922005054,higher_earners_tax
187,0.6736,151964.41207017357,higher_earners_tax
188,0.6921,217023.4649560447,higher_earners_tax
189,0.7204,63479.47863541032,higher_earners_tax
19,0.7121,1430556.9948969542,higher_earners_tax
190,0.7293,98328.8375353136,higher_earners_tax
191,0.7155,57329.668210706746,higher_earners_tax
192,0.6991,97103.89456177686,higher_earners_tax
193,0.6973,128018.6219006737,higher_earners_tax
194,0.6945,71429.80636382155,higher_earners_tax
195,0.7188,66552.61663215315,higher_earners_tax
196,0.7242,65604.03583878439,higher_earners_tax
197,0.6956,124497.04897961108,higher_earners_tax
198,0.6637,129788.89967360128,higher_earners_tax
199,0.7002,126188.29445828657,higher_earners_tax
2,0.6869,126617.81067176482,higher_earners_tax
20,0.697,1431329.7804752644,higher_earners_tax
200,0.707,71012.6202541161,higher_earners_tax
201,0.6904,97548.86235301365,higher_earners_tax
202,0.6893,68267.7552315342,higher_earners_tax
203,0.6928,110806.5196587859,higher_earners_tax
204,0.7064,141190.6093562236,higher_earners_tax
205,0.6771,165730.91092029086,higher_earners_tax
206,0.6901,111780.77145883288,higher_earners_tax
207,0.6732,110882.44884675027,higher_earners_tax
208,0.6657,94362.25613613243,higher_earners_tax
209,0.7105,60711.17813870885,higher_earners_tax
21,0.7144,1431298.9874824153,higher_earners_tax
210,0.6732,68045.19178860822,higher_earners_tax
211,0.6974,88636.80629276097,higher_earners_tax
212,0.6798,88824.58818819381,higher_earners_tax
213,0.6557,106040.88849210861,higher_earners_tax
214,0.649,114277.4362937002,higher_earners_tax
215,0.6497,138772.1022482832,higher_earners_tax
216,0.6239,94460.0472031337,higher_earners_tax
217,0.6693,1204507.0364880688,higher_earners_tax
218,0.6735,1204367.2685137496,higher_earners_tax
219,0.6676,1203811.9304614188,higher_earners_tax
22,0.6973,1430951.582966886,higher_earners_tax
220,0.6576,1204570.5462810397,higher_earners_tax
221,0.6597,273975.8695181723,higher_earners_tax
222,0.652,195381.17695181782,higher_earners_tax
223,0.6685,87433.09608902044,higher_earners_tax
224,0.6576,97927.10241617101,higher_earners_tax
225,0.6688,114691.21344866653,higher_earners_tax
226,0.6703,86171.71429780195,higher_earners_tax
227,0.6611,79236.91113039952,higher_earners_tax
228,0.6788,108643.97946313373,higher_earners_tax
229,0.6651,148549.29339360775,higher_earners_tax
23,0.6845,1430979.5587980626,higher_earners_tax
230,0.6798,88837.43598801222,higher_earners_tax
231,0.6826,68797.40963185742,higher_earners_tax
232,0.6672,90761.54694977363,higher_earners_tax
233,0.677,147987.87406906814,higher_earners_tax
234,0.6745,108652.73819635087,higher_earners_tax
235,0.6857,63773.85339297382,higher_earners_tax
236,0.6775,102030.78339398111,higher_earners_tax
237,0.6694,81108.48554729173,higher_earners_tax
238,0.6731,55680.5282195036,higher_earners_tax
239,0.6925,62920.67454943145,higher_earners_tax
24,0.7118,140060.76032577365,higher_earners_tax
240,0.6627,71998.71051860439,higher_earners_tax
241,0.6821,118560.08657677029,higher_earners_tax
242,0.6426,99670.56706345096,higher_earners_tax
243,0.6675,79906.38667921201,higher_earners_tax
244,0.6787,421645.16416584176,higher_earners_tax
245,0.6872,310021.82372011937,higher_earners_tax
246,0.6982,114053.8546474647,higher_earners_tax
247,0.6508,129000.1599732756,higher_earners_tax
248,0.6777,67732.83506927769,higher_earners_tax
249,0.6767,98381.05661136859,higher_earners_tax
25,0.6895,205347.6206726869,higher_earners_tax
250,0.6729,77853.19820796055,higher_earners_tax
251,0.6777,123141.43426387003,higher_earners_tax
252,0.6483,234967.86250354463,higher_earners_tax
253,0.6506,169670.2451007896,higher_earners_tax
254,0.6711,94243.60739768743,higher_earners_tax
255,0.6587,114492.67486453363,higher_earners_tax
256,0.6725,106263.59875116046,higher_earners_tax
257,0.669,104959.4310635585,higher_earners_tax
258,0.6663,491625.13801795384,higher_earners_tax
259,0.6711,491606.6573873762,higher_earners_tax
26,0.7073,57534.38438324122,higher_earners_tax
260,0.6674,307666.1280541792,higher_earners_tax
261,0.6692,424388.0713972013,higher_earners_tax
262,0.658,416219.3321893571,higher_earners_tax
263,0.6646,202919.6077625286,higher_earners_tax
264,0.6695,348173.7020949003,higher_earners_tax
265,0.662,412661.20895595336,higher_earners_tax
266,0.6814,354339.2293625429,higher_earners_tax
267,0.659,257722.21503823865,higher_earners_tax
268,0.686,130377.2162091822,higher_earners_tax
269,0.665,290285.00161643716,higher_earners_tax
27,0.7342,102365.55669514439,higher_earners_tax
270,0.6583,194226.28914273845,higher_earners_tax
271,0.6859,250850.54595401778,higher_earners_tax
272,0.656,359984.238399364,higher_earners_tax
273,0.659,160617.35190101372,higher_earners_tax
274,0.687,329508.5250784324,higher_earners_tax
275,0.6758,254270.4667512479,higher_earners_tax
276,0.6961,106758.04057529704,higher_earners_tax
277,0.6901,444702.13988692965,higher_earners_tax
278,0.6985,383546.90227372816,higher_earners_tax
279,0.6677,147715.086276244,higher_earners_tax
28,0.6834,84831.94110845958,higher_earners_tax
280,0.6719,107018.23038466662,higher_earners_tax
281,0.6999,202798.83261378773,higher_earners_tax
282,0.6727,192423.43880240252,higher_earners_tax
283,0.6711,225032.24425116144,higher_earners_tax
284,0.6804,348801.7132893969,higher_earners_tax
285,0.676,108392.23134283043,higher_earners_tax
286,0.6991,201667.8261551113,higher_earners_tax
287,0.6702,229313.18383026638,higher_earners_tax
288,0.7063,163230.1480521498,higher_earners_tax
289,0.6879,229928.3931788717,higher_earners_tax
29,0.7053,158934.59525744084,higher_earners_tax
290,0.6876,171933.35017208458,higher_earners_tax
291,0.6715,150155.75647540676,higher_earners_tax
292,0.6606,170495.5530644437,higher_earners_tax
293,0.6829,157126.21900124924,higher_earners_tax
294,0.6777,224073.31687500788,higher_earners_tax
295,0.6757,121224.48169688437,higher_earners_tax
296,0.7011,266542.8073390067,higher_earners_tax
297,0.7052,116068.39548367709,higher_earners_tax
298,0.6893,100536.02565406008,higher_earners_tax
299,0.7025,127721.3017367024,higher_earners_tax
3,0.6901,115851.86522588492,higher_earners_tax
30,0.6933,139576.16384651398,higher_earners_tax
31,0.6792,196135.60089437373,higher_earners_tax
32,0.6436,124018.8382025247,higher_earners_tax
33,0.7027,155893.75991417954,higher_earners_tax
34,0.6958,96231.59370696604,higher_earners_tax
35,0.6896,115171.85584071466,higher_earners_tax
36,0.6733,206407.69602351406,higher_earners_tax
37,0.7094,87383.08550697024,higher_earners_tax
38,0.6947,281285.77678616863,higher_earners_tax
39,0.7195,226123.33709281817,higher_earners_tax
4,0.6987,219096.40566326873,higher_earners_tax
40,0.6908,105268.95765060993,higher_earners_tax
41,0.6958,906040.0002060288,higher_earners_tax
42,0.6994,906040.0000290013,higher_earners_tax
43,0.6803,905426.4123814947,higher_earners_tax
44,0.6895,101457.30386766187,higher_earners_tax
45,0.6964,124862.07580933305,higher_earners_tax
46,0.7336,87457.91952152424,higher_earners_tax
47,0.6978,905515.5202521704,higher_earners_tax
48,0.7308,213288.40224674714,higher_earners_tax
49,0.711,89973.62500013925,higher_earners_tax
5,0.6868,203904.38777736196,higher_earners_tax
50,0.6892,205009.19059761005,higher_earners_tax
51,0.6917,88144.4655599578,higher_earners_tax
52,0.724,137316.49886528339,higher_earners_tax
53,0.7083,264493.9772962256,higher_earners_tax
54,0.7175,459481.451911284,higher_earners_tax
55,0.7234,328883.2354039019,higher_earners_tax
56,0.7201,78979.82450200847,higher_earners_tax
57,0.7228,109443.59297400215,higher_earners_tax
58,0.6953,165824.85855315597,higher_earners_tax
59,0.7234,155615.10817955213,higher_earners_tax
6,0.6928,112031.67277091801,higher_earners_tax
60,0.7141,155549.23788756167,higher_earners_tax
61,0.7261,154558.62871543417,higher_earners_tax
62,0.7081,134829.15146844977,higher_earners_tax
63,0.7136,134329.34255962222,higher_earners_tax
64,0.7164,84498.56508792723,higher_earners_tax
65,0.73740000000000006,79525.85822991289,higher_earners_tax
66,0.739,71739.71605479502,higher_earners_tax
67,0.7131,106284.84831675599,higher_earners_tax
68,0.7417,166610.327614394,higher_earners_tax
69,0.7196,164610.48028456897,higher_earners_tax
7,0.6867,256373.54635692938,higher_earners_tax
70,0.7127,93215.15114076332,higher_earners_tax
71,0.7326,133361.2526046149,higher_earners_tax
72,0.7207,157021.8587295553,higher_earners_tax
73,0.7189,142062.0442874195,higher_earners_tax
74,0.724,120532.22450632381,higher_earners_tax
75,0.7124,2877040.0000032624,higher_earners_tax
76,0.6915,2876906.1867174297,higher_earners_tax
77,0.6935,2876920.9828373524,higher_earners_tax
78,0.6726,2876421.751616364,higher_earners_tax
79,0.7047,2876860.9932270315,higher_earners_tax
8,0.6869,211014.82904146786,higher_earners_tax
80,0.7063,2877039.9999880577,higher_earners_tax
81,0.702,2876994.508906475,higher_earners_tax
82,0.7157,2877040.0163646573,higher_earners_tax
83,0.7114,2877040.000000056,higher_earners_tax
84,0.7025,2876558.3705327353,higher_earners_tax
85,0.7029,2876637.8723200033,higher_earners_tax
86,0.7047,2877039.991728962,higher_earners_tax
87,0.6788,469838.9638431637,higher_earners_tax
88,0.6959,469519.8665093225,higher_earners_tax
89,0.6755,206063.7555109461,higher_earners_tax
9,0.7028,165842.74609892463,higher_earners_tax
90,0.6638,217520.41696543677,higher_earners_tax
91,0.6875,377284.1712779972,higher_earners_tax
92,0.6757,182042.29332300788,higher_earners_tax
93,0.685,826064.115036562,higher_earners_tax
94,0.6835,825997.9357487308,higher_earners_tax
95,0.6972,825493.2232396624,higher_earners_tax
96,0.6578,255570.0786535427,higher_earners_tax
97,0.6447,479910.6564404217,higher_earners_tax
98,0.6607,479718.72344821633,higher_earners_tax
99,0.6952,215526.51344431812,higher_earners_tax
1,0.1641,156146.91219309898,state_out_economy
10,0.1515,166471.2930691627,state_out_economy
100,0.1585,225480.3522156972,state_out_economy
101,0.1507,407890.85381560476,state_out_economy
102,0.1547,281768.98076001246,state_out_economy
103,0.1557,142658.23720478482,state_out_economy
104,0.1497,391543.0373754122,state_out_economy
105,0.1665,391558.8004555166,state_out_economy
106,0.1422,494218.3319042906,state_out_economy
107,0.1416,494219.96093411255,state_out_economy
108,0.1539,363673.56008346134,state_out_economy
109,0.1577,209297.8539070891,state_out_economy
11,0.1381,166836.21906336443,state_out_economy
110,0.1576,320280.1149764613,state_out_economy
111,0.1415,236760.5046750637,state_out_economy
112,0.1566,249336.21906869547,state_out_economy
113,0.1451,366336.2851592385,state_out_economy
114,0.1588,299541.1330563543,state_out_economy
115,0.1618,396276.38943833264,state_out_economy
116,0.1509,396373.33212362515,state_out_economy
117,0.1618,243750.69746423358,state_out_economy
118,0.1515,203613.27195902585,state_out_economy
119,0.1516,455933.8732086029,state_out_economy
12,0.1533,153175.19652881895,state_out_economy
120,0.1494,456020.53375132655,state_out_economy
121,0.1564,498771.4750146778,state_out_economy
122,0.1645,498709.6427058843,state_out_economy
123,0.1524,204675.96619656123,state_out_economy
124,0.144,326015.12804966717,state_out_economy
125,0.1558,366415.6006192377,state_out_economy
126,0.1615,293566.14240599767,state_out_economy
127,0.1526,194330.8471030403,state_out_economy
128,0.1476,350928.9874258416,state_out_economy
129,0.1337,244367.79992332731,state_out_economy
13,0.1585,156364.76501065,state_out_economy
130,0.1503,220117.08373788834,state_out_economy
131,0.1481,283928.1380258957,state_out_economy
132,0.1438,264316.5948110892,state_out_economy
133,0.1592,206947.44889617665,state_out_economy
134,0.1574,252840.34757535404,state_out_economy
135,0.158,275039.22121060453,state_out_economy
136,0.1558,150831.06981403066,state_out_economy
137,0.1535,246867.57793827367,state_out_economy
138,0.1571,201784.98668589175,state_out_economy
139,0.1552,254498.50955151534,state_out_economy
14,0.1594,171852.85511876698,state_out_economy
140,0.1514,288318.3119799407,state_out_economy
141,0.1458,196999.4437813509,state_out_economy
142,0.1536,479802.95794022887,state_out_economy
143,0.1424,479821.29101912136,state_out_economy
144,0.1616,317213.10804336413,state_out_economy
145,0.1519,221583.589226408,state_out_economy
146,0.1534,235963.20544327798,state_out_economy
147,0.153,207983.59959208468,state_out_economy
148,0.1485,220544.11485789935,state_out_economy
149,0.157,189899.65486953108,state_out_economy
15,0.1593,177171.1056234898,state_out_economy
150,0.1588,328426.4883106674,state_out_economy
151,0.1627,156287.43169108193,state_out_economy
152,0.1526,447273.0462806228,state_out_economy
153,0.1504,447243.65590118093,state_out_economy
154,0.1834,203485.01944982784,state_out_economy
155,0.1823,189334.39291100815,state_out_economy
156,0.1686,230765.27810862593,state_out_economy
157,0.1763,191431.58226584247,state_out_economy
158,0.1717,189315.47007156236,state_out_economy
159,0.1543,417647.8505356109,state_out_economy
16,0.1649,188390.8326199093,state_out_economy
160,0.1618,341234.6099588987,state_out_economy
161,0.1661,234219.82598483737,state_out_economy
162,0.1621,179951.4826308836,state_out_economy
163,0.1669,243241.04581463398,state_out_economy
164,0.1815,256612.53907117652,state_out_economy
165,0.1721,245404.13989671535,state_out_economy
166,0.1622,176363.3722710095,state_out_economy
167,0.1522,150847.19248560639,state_out_economy
168,0.1446,174948.92758784763,state_out_economy
169,0.1534,82837.07649342252,state_out_economy
17,0.1652,192718.9279291037,state_out_economy
170,0.1658,134244.55708584565,state_out_economy
171,0.1481,192767.679643849,state_out_economy
172,0.1495,199828.3130746693,state_out_economy
173,0.16,151701.4962621543,state_out_economy
174,0.1524,138746.12312425295,state_out_economy
175,0.158,288922.3772270948,state_out_economy
176,0.1463,162361.87609394698,state_out_economy
177,0.1535,243612.56356526492,state_out_economy
178,0.1508,142711.3720274556,state_out_economy
179,0.1428,227070.2518071342,state_out_economy
18,0.1438,1421002.2593554342,state_out_economy
180,0.1635,331219.6662066321,state_out_economy
181,0.1493,186134.08587471946,state_out_economy
182,0.1453,597316.9289922566,state_out_economy
183,0.142,597119.979697627,state_out_economy
184,0.1521,207677.8943569085,state_out_economy
185,0.1542,246244.22266916416,state_out_economy
186,0.1451,209100.38922005054,state_out_economy
187,0.1436,151964.41207017357,state_out_economy
188,0.1547,217023.4649560447,state_out_economy
189,0.1646,63479.47863541032,state_out_economy
19,0.1277,1430556.9948969542,state_out_economy
190,0.1648,98328.8375353136,state_out_economy
191,0.1604,57329.668210706746,state_out_economy
192,0.1644,97103.89456177686,state_out_economy
193,0.155,128018.6219006737,state_out_economy
194,0.1702,71429.80636382155,state_out_economy
195,0.171,66552.61663215315,state_out_economy
196,0.1658,65604.03583878439,state_out_economy
197,0.1524,124497.04897961108,state_out_economy
198,0.155,129788.89967360128,state_out_economy
199,0.1478,126188.29445828657,state_out_economy
2,0.1451,126617.81067176482,state_out_economy
20,0.1457,1431329.7804752644,state_out_economy
200,0.1578,71012.6202541161,state_out_economy
201,0.1519,97548.86235301365,state_out_economy
202,0.1391,68267.7552315342,state_out_economy
203,0.1469,110806.5196587859,state_out_economy
204,0.1484,141190.6093562236,state_out_economy
205,0.1447,165730.91092029086,state_out_economy
206,0.1491,111780.77145883288,state_out_economy
207,0.1597,110882.44884675027,state_out_economy
208,0.1518,94362.25613613243,state_out_economy
209,0.1612,60711.17813870885,state_out_economy
21,0.1315,1431298.9874824153,state_out_economy
210,0.1802,68045.19178860822,state_out_economy
211,0.1632,88636.80629276097,state_out_economy
212,0.1658,88824.58818819381,state_out_economy
213,0.1556,106040.88849210861,state_out_economy
214,0.1632,114277.4362937002,state_out_economy
215,0.1627,138772.1022482832,state_out_economy
216,0.173,94460.0472031337,state_out_economy
217,0.1511,1204507.0364880688,state_out_economy
218,0.1572,1204367.2685137496,state_out_economy
219,0.1433,1203811.9304614188,state_out_economy
22,0.1412,1430951.582966886,state_out_economy
220,0.1661,1204570.5462810397,state_out_economy
221,0.1492,273975.8695181723,state_out_economy
222,0.1501,195381.17695181782,state_out_economy
223,0.1565,87433.09608902044,state_out_economy
224,0.148,97927.10241617101,state_out_economy
225,0.1493,114691.21344866653,state_out_economy
226,0.1604,86171.71429780195,state_out_economy
227,0.1683,79236.91113039952,state_out_economy
228,0.1592,108643.97946313373,state_out_economy
229,0.1756,148549.29339360775,state_out_economy
23,0.1435,1430979.5587980626,state_out_economy
230,0.1727,88837.43598801222,state_out_economy
231,0.1624,68797.40963185742,state_out_economy
232,0.1529,90761.54694977363,state_out_economy
233,0.1634,147987.87406906814,state_out_economy
234,0.1592,108652.73819635087,state_out_economy
235,0.1511,63773.85339297382,state_out_economy
236,0.1698,102030.78339398111,state_out_economy
237,0.1592,81108.48554729173,state_out_economy
238,0.1532,55680.5282195036,state_out_economy
239,0.1607,62920.67454943145,state_out_economy
24,0.1502,140060.76032577365,state_out_economy
240,0.1516,71998.71051860439,state_out_economy
241,0.1484,118560.08657677029,state_out_economy
242,0.1612,99670.56706345096,state_out_economy
243,0.1466,79906.38667921201,state_out_economy
244,0.1606,421645.16416584176,state_out_economy
245,0.1608,310021.82372011937,state_out_economy
246,0.145,114053.8546474647,state_out_economy
247,0.1708,129000.1599732756,state_out_economy
248,0.1562,67732.83506927769,state_out_economy
249,0.1563,98381.05661136859,state_out_economy
25,0.161,205347.6206726869,state_out_economy
250,0.1563,77853.19820796055,state_out_economy
251,0.1526,123141.43426387003,state_out_economy
252,0.1558,234967.86250354463,state_out_economy
253,0.1681,169670.2451007896,state_out_economy
254,0.1655,94243.60739768743,state_out_economy
255,0.162,114492.67486453363,state_out_economy
256,0.1579,106263.59875116046,state_out_economy
257,0.1496,104959.4310635585,state_out_economy
258,0.1525,491625.13801795384,state_out_economy
259,0.1399,491606.6573873762,state_out_economy
26,0.1489,57534.38438324122,state_out_economy
260,0.1521,307666.1280541792,state_out_economy
261,0.156,424388.0713972013,state_out_economy
262,0.1565,416219.3321893571,state_out_economy
263,0.1657,202919.6077625286,state_out_economy
264,0.1504,348173.7020949003,state_out_economy
265,0.1704,412661.20895595336,state_out_economy
266,0.1526,354339.2293625429,state_out_economy
267,0.161,257722.21503823865,state_out_economy
268,0.1608,130377.2162091822,state_out_economy
269,0.1495,290285.00161643716,state_out_economy
27,0.1462,102365.55669514439,state_out_economy
270,0.1648,194226.28914273845,state_out_economy
271,0.1394,250850.54595401778,state_out_economy
272,0.1645,359984.238399364,state_out_economy
273,0.1658,160617.35190101372,state_out_economy
274,0.1479,329508.5250784324,state_out_economy
275,0.1509,254270.4667512479,state_out_economy
276,0.1573,106758.04057529704,state_out_economy
277,0.1696,444702.13988692965,state_out_economy
278,0.155,383546.90227372816,state_out_economy
279,0.1682,147715.086276244,state_out_economy
28,0.1572,84831.94110845958,state_out_economy
280,0.1639,107018.23038466662,state_out_economy
281,0.1422,202798.83261378773,state_out_economy
282,0.147,192423.43880240252,state_out_economy
283,0.1539,225032.24425116144,state_out_economy
284,0.1592,348801.7132893969,state_out_economy
285,0.1589,108392.23134283043,state_out_economy
286,0.1624,201667.8261551113,state_out_economy
287,0.1449,229313.18383026638,state_out_economy
288,0.1496,163230.1480521498,state_out_economy
289,0.1564,229928.3931788717,state_out_economy
29,0.149,158934.59525744084,state_out_economy
290,0.1476,171933.35017208458,state_out_economy
291,0.1645,150155.75647540676,state_out_economy
292,0.1566,170495.5530644437,state_out_economy
293,0.1563,157126.21900124924,state_out_economy
294,0.1497,224073.31687500788,state_out_economy
295,0.168,121224.48169688437,state_out_economy
296,0.1546,266542.8073390067,state_out_economy
297,0.1543,116068.39548367709,state_out_economy
298,0.1581,100536.02565406008,state_out_economy
299,0.15310000000000001,127721.3017367024,state_out_economy
3,0.15310000000000001,115851.86522588492,state_out_economy
30,0.1521,139576.16384651398,state_out_economy
31,0.1558,196135.60089437373,state_out_economy
32,0.1469,124018.8382025247,state_out_economy
33,0.1472,155893.75991417954,state_out_economy
34,0.1475,96231.59370696604,state_out_economy
35,0.1495,115171.85584071466,state_out_economy
36,0.1524,206407.69602351406,state_out_economy
37,0.1346,87383.08550697024,state_out_economy
38,0.145,281285.77678616863,state_out_economy
39,0.1355,226123.33709281817,state_out_economy
4,0.1615,219096.40566326873,state_out_economy
40,0.1522,105268.95765060993,state_out_economy
41,0.145,906040.0002060288,state_out_economy
42,0.1351,906040.0000290013,state_out_economy
43,0.1422,905426.4123814947,state_out_economy
44,0.1461,101457.30386766187,state_out_economy
45,0.1477,124862.07580933305,state_out_economy
46,0.1529,87457.91952152424,state_out_economy
47,0.1497,905515.5202521704,state_out_economy
48,0.1483,213288.40224674714,state_out_economy
49,0.154,89973.62500013925,state_out_economy
5,0.1325,203904.38777736196,state_out_economy
50,0.1353,205009.19059761005,state_out_economy
51,0.1512,88144.4655599578,state_out_economy
52,0.1519,137316.49886528339,state_out_economy
53,0.1422,264493.9772962256,state_out_economy
54,0.1348,459481.451911284,state_out_economy
55,0.149,328883.2354039019,state_out_economy
56,0.1624,78979.82450200847,state_out_economy
57,0.16,109443.59297400215,state_out_economy
58,0.1681,165824.85855315597,state_out_economy
59,0.1575,155615.10817955213,state_out_economy
6,0.1563,112031.67277091801,state_out_economy
60,0.1532,155549.23788756167,state_out_economy
61,0.1343,154558.62871543417,state_out_economy
62,0.1535,134829.15146844977,state_out_economy
63,0.1564,134329.34255962222,state_out_economy
64,0.1679,84498.56508792723,state_out_economy
65,0.1685,79525.85822991289,state_out_economy
66,0.1606,71739.71605479502,state_out_economy
67,0.1632,106284.84831675599,state_out_economy
68,0.1764,166610.327614394,state_out_economy
69,0.1541,164610.48028456897,state_out_economy
7,0.1472,256373.54635692938,state_out_economy
70,0.1583,93215.15114076332,state_out_economy
71,0.1694,133361.2526046149,state_out_economy
72,0.1589,157021.8587295553,state_out_economy
73,0.1873,142062.0442874195,state_out_economy
74,0.1661,120532.22450632381,state_out_economy
75,0.1675,2877040.0000032624,state_out_economy
76,0.138,2876906.1867174297,state_out_economy
77,0.1525,2876920.9828373524,state_out_economy
78,0.1525,2876421.751616364,state_out_economy
79,0.1422,2876860.9932270315,state_out_economy
8,0.1448,211014.82904146786,state_out_economy
80,0.1554,2877039.9999880577,state_out_economy
81,0.1481,2876994.508906475,state_out_economy
82,0.1396,2877040.0163646573,state_out_economy
83,0.1464,2877040.000000056,state_out_economy
84,0.1494,2876558.3705327353,state_out_economy
85,0.1382,2876637.8723200033,state_out_economy
86,0.1443,2877039.991728962,state_out_economy
87,0.1472,469838.9638431637,state_out_economy
88,0.1428,469519.8665093225,state_out_economy
89,0.156,206063.7555109461,state_out_economy
9,0.1555,165842.74609892463,state_out_economy
90,0.1466,217520.41696543677,state_out_economy
91,0.1606,377284.1712779972,state_out_economy
92,0.1565,182042.29332300788,state_out_economy
93,0.1446,826064.115036562,state_out_economy
94,0.1437,825997.9357487308,state_out_economy
95,0.1421,825493.2232396624,state_out_economy
96,0.1361,255570.0786535427,state_out_economy
97,0.153,479910.6564404217,state_out_economy
98,0.1592,479718.72344821633,state_out_economy
99,0.1468,215526.51344431812,state_out_economy
1,0.7048,156146.91219309898,eu_integration
10,0.7029,166471.2930691627,eu_integration
100,0.7267,225480.3522156972,eu_integration
101,0.7342,407890.85381560476,eu_integration
102,0.7085,281768.98076001246,eu_integration
103,0.6936,142658.23720478482,eu_integration
104,0.7052,391543.0373754122,eu_integration
105,0.7066,391558.8004555166,eu_integration
106,0.7393,494218.3319042906,eu_integration
107,0.7385,494219.96093411255,eu_integration
108,0.7052,363673.56008346134,eu_integration
109,0.6861,209297.8539070891,eu_integration
11,0.7043,166836.21906336443,eu_integration
110,0.7057,320280.1149764613,eu_integration
111,0.6952,236760.5046750637,eu_integration
112,0.6824,249336.21906869547,eu_integration
113,0.7015,366336.2851592385,eu_integration
114,0.6987,299541.1330563543,eu_integration
115,0.687,396276.38943833264,eu_integration
116,0.6859,396373.33212362515,eu_integration
117,0.6918,243750.69746423358,eu_integration
118,0.718,203613.27195902585,eu_integration
119,0.7103,455933.8732086029,eu_integration
12,0.6493,153175.19652881895,eu_integration
120,0.7103,456020.53375132655,eu_integration
121,0.6853,498771.4750146778,eu_integration
122,0.6842,498709.6427058843,eu_integration
123,0.6612,204675.96619656123,eu_integration
124,0.6974,326015.12804966717,eu_integration
125,0.6844,366415.6006192377,eu_integration
126,0.6803,293566.14240599767,eu_integration
127,0.7097,194330.8471030403,eu_integration
128,0.7005,350928.9874258416,eu_integration
129,0.7882,244367.79992332731,eu_integration
13,0.6463,156364.76501065,eu_integration
130,0.6925,220117.08373788834,eu_integration
131,0.6878,283928.1380258957,eu_integration
132,0.7303,264316.5948110892,eu_integration
133,0.6877,206947.44889617665,eu_integration
134,0.6847,252840.34757535404,eu_integration
135,0.6899,275039.22121060453,eu_integration
136,0.6811,150831.06981403066,eu_integration
137,0.6862,246867.57793827367,eu_integration
138,0.6907,201784.98668589175,eu_integration
139,0.7098,254498.50955151534,eu_integration
14,0.664,171852.85511876698,eu_integration
140,0.7268,288318.3119799407,eu_integration
141,0.7048,196999.4437813509,eu_integration
142,0.7201,479802.95794022887,eu_integration
143,0.7176,479821.29101912136,eu_integration
144,0.6948,317213.10804336413,eu_integration
145,0.6891,221583.589226408,eu_integration
146,0.6831,235963.20544327798,eu_integration
147,0.6708,207983.59959208468,eu_integration
148,0.6892,220544.11485789935,eu_integration
149,0.6623,189899.65486953108,eu_integration
15,0.6287,177171.1056234898,eu_integration
150,0.6606,328426.4883106674,eu_integration
151,0.6163,156287.43169108193,eu_integration
152,0.7293,447273.0462806228,eu_integration
153,0.7269,447243.65590118093,eu_integration
154,0.6348,203485.01944982784,eu_integration
155,0.6258,189334.39291100815,eu_integration
156,0.6113,230765.27810862593,eu_integration
157,0.6052,191431.58226584247,eu_integration
158,0.6169,189315.47007156236,eu_integration
159,0.7103,417647.8505356109,eu_integration
16,0.6317,188390.8326199093,eu_integration
160,0.6763,341234.6099588987,eu_integration
161,0.6116,234219.82598483737,eu_integration
162,0.6627,179951.4826308836,eu_integration
163,0.6128,243241.04581463398,eu_integration
164,0.61240000000000006,256612.53907117652,eu_integration
165,0.626,245404.13989671535,eu_integration
166,0.62,176363.3722710095,eu_integration
167,0.6848,150847.19248560639,eu_integration
168,0.7141,174948.92758784763,eu_integration
169,0.6745,82837.07649342252,eu_integration
17,0.6347,192718.9279291037,eu_integration
170,0.6788,134244.55708584565,eu_integration
171,0.7175,192767.679643849,eu_integration
172,0.6717,199828.3130746693,eu_integration
173,0.7032,151701.4962621543,eu_integration
174,0.6674,138746.12312425295,eu_integration
175,0.6875,288922.3772270948,eu_integration
176,0.7069,162361.87609394698,eu_integration
177,0.6992,243612.56356526492,eu_integration
178,0.7028,142711.3720274556,eu_integration
179,0.7197,227070.2518071342,eu_integration
18,0.7474,1421002.2593554342,eu_integration
180,0.6843,331219.6662066321,eu_integration
181,0.7205,186134.08587471946,eu_integration
182,0.7486,597316.9289922566,eu_integration
183,0.7471,597119.979697627,eu_integration
184,0.7031,207677.8943569085,eu_integration
185,0.7028,246244.22266916416,eu_integration
186,0.7289,209100.38922005054,eu_integration
187,0.7,151964.41207017357,eu_integration
188,0.6919,217023.4649560447,eu_integration
189,0.6217,63479.47863541032,eu_integration
19,0.7489,1430556.9948969542,eu_integration
190,0.6245,98328.8375353136,eu_integration
191,0.6443,57329.668210706746,eu_integration
192,0.6367,97103.89456177686,eu_integration
193,0.6892,128018.6219006737,eu_integration
194,0.619,71429.80636382155,eu_integration
195,0.6285,66552.61663215315,eu_integration
196,0.6251,65604.03583878439,eu_integration
197,0.6722,124497.04897961108,eu_integration
198,0.6872,129788.89967360128,eu_integration
199,0.6885,126188.29445828657,eu_integration
2,0.6894,126617.81067176482,eu_integration
20,0.7464,1431329.7804752644,eu_integration
200,0.6769,71012.6202541161,eu_integration
201,0.6737,97548.86235301365,eu_integration
202,0.6761,68267.7552315342,eu_integration
203,0.7019,110806.5196587859,eu_integration
204,0.6759,141190.6093562236,eu_integration
205,0.7303,165730.91092029086,eu_integration
206,0.6932,111780.77145883288,eu_integration
207,0.6772,110882.44884675027,eu_integration
208,0.6955,94362.25613613243,eu_integration
209,0.6734,60711.17813870885,eu_integration
21,0.7474,1431298.9874824153,eu_integration
210,0.6659,68045.19178860822,eu_integration
211,0.6793,88636.80629276097,eu_integration
212,0.6332,88824.58818819381,eu_integration
213,0.6865,106040.88849210861,eu_integration
214,0.6726,114277.4362937002,eu_integration
215,0.6948,138772.1022482832,eu_integration
216,0.6554,94460.0472031337,eu_integration
217,0.7473,1204507.0364880688,eu_integration
218,0.7508,1204367.2685137496,eu_integration
219,0.7501,1203811.9304614188,eu_integration
22,0.7451,1430951.582966886,eu_integration
220,0.752,1204570.5462810397,eu_integration
221,0.7252,273975.8695181723,eu_integration
222,0.674,195381.17695181782,eu_integration
223,0.6813,87433.09608902044,eu_integration
224,0.7108,97927.10241617101,eu_integration
225,0.6586,114691.21344866653,eu_integration
226,0.6723,86171.71429780195,eu_integration
227,0.6167,79236.91113039952,eu_integration
228,0.6561,108643.97946313373,eu_integration
229,0.6245,148549.29339360775,eu_integration
23,0.7467,1430979.5587980626,eu_integration
230,0.6302,88837.43598801222,eu_integration
231,0.6223,68797.40963185742,eu_integration
232,0.6538,90761.54694977363,eu_integration
233,0.6678,147987.87406906814,eu_integration
234,0.6238,108652.73819635087,eu_integration
235,0.6363,63773.85339297382,eu_integration
236,0.6623,102030.78339398111,eu_integration
237,0.6572,81108.48554729173,eu_integration
238,0.643,55680.5282195036,eu_integration
239,0.6388,62920.67454943145,eu_integration
24,0.6866,140060.76032577365,eu_integration
240,0.6444,71998.71051860439,eu_integration
241,0.6548,118560.08657677029,eu_integration
242,0.7049,99670.56706345096,eu_integration
243,0.6659,79906.38667921201,eu_integration
244,0.6969,421645.16416584176,eu_integration
245,0.6997,310021.82372011937,eu_integration
246,0.6798,114053.8546474647,eu_integration
247,0.6744,129000.1599732756,eu_integration
248,0.6412,67732.83506927769,eu_integration
249,0.6619,98381.05661136859,eu_integration
25,0.6737,205347.6206726869,eu_integration
250,0.6588,77853.19820796055,eu_integration
251,0.6987,123141.43426387003,eu_integration
252,0.691,234967.86250354463,eu_integration
253,0.6684,169670.2451007896,eu_integration
254,0.6473,94243.60739768743,eu_integration
255,0.6509,114492.67486453363,eu_integration
256,0.6718,106263.59875116046,eu_integration
257,0.6578,104959.4310635585,eu_integration
258,0.7415,491625.13801795384,eu_integration
259,0.7427,491606.6573873762,eu_integration
26,0.6806,57534.38438324122,eu_integration
260,0.7017,307666.1280541792,eu_integration
261,0.7043,424388.0713972013,eu_integration
262,0.7029,416219.3321893571,eu_integration
263,0.6645,202919.6077625286,eu_integration
264,0.6871,348173.7020949003,eu_integration
265,0.7019,412661.20895595336,eu_integration
266,0.6915,354339.2293625429,eu_integration
267,0.6678,257722.21503823865,eu_integration
268,0.6657,130377.2162091822,eu_integration
269,0.6793,290285.00161643716,eu_integration
27,0.7155,102365.55669514439,eu_integration
270,0.6669,194226.28914273845,eu_integration
271,0.7479,250850.54595401778,eu_integration
272,0.6906,359984.238399364,eu_integration
273,0.6651,160617.35190101372,eu_integration
274,0.7278,329508.5250784324,eu_integration
275,0.7114,254270.4667512479,eu_integration
276,0.6612,106758.04057529704,eu_integration
277,0.7,444702.13988692965,eu_integration
278,0.6946,383546.90227372816,eu_integration
279,0.6755,147715.086276244,eu_integration
28,0.6924,84831.94110845958,eu_integration
280,0.6593,107018.23038466662,eu_integration
281,0.7379,202798.83261378773,eu_integration
282,0.6934,192423.43880240252,eu_integration
283,0.6814,225032.24425116144,eu_integration
284,0.667,348801.7132893969,eu_integration
285,0.6461,108392.23134283043,eu_integration
286,0.6626,201667.8261551113,eu_integration
287,0.7046,229313.18383026638,eu_integration
288,0.6804,163230.1480521498,eu_integration
289,0.6896,229928.3931788717,eu_integration
29,0.6865,158934.59525744084,eu_integration
290,0.7154,171933.35017208458,eu_integration
291,0.6743,150155.75647540676,eu_integration
292,0.6697,170495.5530644437,eu_integration
293,0.6837,157126.21900124924,eu_integration
294,0.6864,224073.31687500788,eu_integration
295,0.6463,121224.48169688437,eu_integration
296,0.6961,266542.8073390067,eu_integration
297,0.6862,116068.39548367709,eu_integration
298,0.6922,100536.02565406008,eu_integration
299,0.6936,127721.3017367024,eu_integration
3,0.6778,115851.86522588492,eu_integration
30,0.6891,139576.16384651398,eu_integration
31,0.6832,196135.60089437373,eu_integration
32,0.6553,124018.8382025247,eu_integration
33,0.6908,155893.75991417954,eu_integration
34,0.7053,96231.59370696604,eu_integration
35,0.6847,115171.85584071466,eu_integration
36,0.7119,206407.69602351406,eu_integration
37,0.7228,87383.08550697024,eu_integration
38,0.6926,281285.77678616863,eu_integration
39,0.7136,226123.33709281817,eu_integration
4,0.709,219096.40566326873,eu_integration
40,0.6826,105268.95765060993,eu_integration
41,0.7312,906040.0002060288,eu_integration
42,0.7307,906040.0000290013,eu_integration
43,0.7265,905426.4123814947,eu_integration
44,0.6746,101457.30386766187,eu_integration
45,0.69,124862.07580933305,eu_integration
46,0.6817,87457.91952152424,eu_integration
47,0.7265,905515.5202521704,eu_integration
48,0.7107,213288.40224674714,eu_integration
49,0.69,89973.62500013925,eu_integration
5,0.7472,203904.38777736196,eu_integration
50,0.7438,205009.19059761005,eu_integration
51,0.6767,88144.4655599578,eu_integration
52,0.6977,137316.49886528339,eu_integration
53,0.7206,264493.9772962256,eu_integration
54,0.728,459481.451911284,eu_integration
55,0.7109,328883.2354039019,eu_integration
56,0.6463,78979.82450200847,eu_integration
57,0.6493,109443.59297400215,eu_integration
58,0.6755,165824.85855315597,eu_integration
59,0.6657,155615.10817955213,eu_integration
6,0.7056,112031.67277091801,eu_integration
60,0.6931,155549.23788756167,eu_integration
61,0.7161,154558.62871543417,eu_integration
62,0.6734,134829.15146844977,eu_integration
63,0.66,134329.34255962222,eu_integration
64,0.6382,84498.56508792723,eu_integration
65,0.6311,79525.85822991289,eu_integration
66,0.625,71739.71605479502,eu_integration
67,0.6219,106284.84831675599,eu_integration
68,0.6229,166610.327614394,eu_integration
69,0.6305,164610.48028456897,eu_integration
7,0.7123,256373.54635692938,eu_integration
70,0.6165,93215.15114076332,eu_integration
71,0.6074,133361.2526046149,eu_integration
72,0.6422,157021.8587295553,eu_integration
73,0.6044,142062.0442874195,eu_integration
74,0.6099,120532.22450632381,eu_integration
75,0.7416,2877040.0000032624,eu_integration
76,0.7373,2876906.1867174297,eu_integration
77,0.7382,2876920.9828373524,eu_integration
78,0.7331,2876421.751616364,eu_integration
79,0.7389,2876860.9932270315,eu_integration
8,0.7004,211014.82904146786,eu_integration
80,0.7372,2877039.9999880577,eu_integration
81,0.735,2876994.508906475,eu_integration
82,0.7433,2877040.0163646573,eu_integration
83,0.7395,2877040.000000056,eu_integration
84,0.7357,2876558.3705327353,eu_integration
85,0.7339,2876637.8723200033,eu_integration
86,0.735,2877039.991728962,eu_integration
87,0.7255,469838.9638431637,eu_integration
88,0.7226,469519.8665093225,eu_integration
89,0.6701,206063.7555109461,eu_integration
9,0.6891,165842.74609892463,eu_integration
90,0.6836,217520.41696543677,eu_integration
91,0.7092,377284.1712779972,eu_integration
92,0.6869,182042.29332300788,eu_integration
93,0.759,826064.115036562,eu_integration
94,0.7593,825997.9357487308,eu_integration
95,0.7596,825493.2232396624,eu_integration
96,0.7676,255570.0786535427,eu_integration
97,0.7107,479910.6564404217,eu_integration
98,0.708,479718.72344821633,eu_integration
99,0.6835,215526.51344431812,eu_integration
1,0.3199,156146.91219309898,ukraine_arms
10,0.3547,166471.2930691627,ukraine_arms
100,0.3003,225480.3522156972,ukraine_arms
101,0.3171,407890.85381560476,ukraine_arms
102,0.3582,281768.98076001246,ukraine_arms
103,0.3276,142658.23720478482,ukraine_arms
104,0.3008,391543.0373754122,ukraine_arms
105,0.29,391558.8004555166,ukraine_arms
106,0.3023,494218.3319042906,ukraine_arms
107,0.3017,494219.96093411255,ukraine_arms
108,0.2904,363673.56008346134,ukraine_arms
109,0.3266,209297.8539070891,ukraine_arms
11,0.3336,166836.21906336443,ukraine_arms
110,0.292,320280.1149764613,ukraine_arms
111,0.2818,236760.5046750637,ukraine_arms
112,0.3456,249336.21906869547,ukraine_arms
113,0.3007,366336.2851592385,ukraine_arms
114,0.3626,299541.1330563543,ukraine_arms
115,0.3703,396276.38943833264,ukraine_arms
116,0.3916,396373.33212362515,ukraine_arms
117,0.327,243750.69746423358,ukraine_arms
118,0.3364,203613.27195902585,ukraine_arms
119,0.3297,455933.8732086029,ukraine_arms
12,0.3952,153175.19652881895,ukraine_arms
120,0.3332,456020.53375132655,ukraine_arms
121,0.3166,498771.4750146778,ukraine_arms
122,0.3582,498709.6427058843,ukraine_arms
123,0.3765,204675.96619656123,ukraine_arms
124,0.335,326015.12804966717,ukraine_arms
125,0.3008,366415.6006192377,ukraine_arms
126,0.3058,293566.14240599767,ukraine_arms
127,0.291,194330.8471030403,ukraine_arms
128,0.2981,350928.9874258416,ukraine_arms
129,0.289,244367.79992332731,ukraine_arms
13,0.4659,156364.76501065,ukraine_arms
130,0.3248,220117.08373788834,ukraine_arms
131,0.3161,283928.1380258957,ukraine_arms
132,0.3307,264316.5948110892,ukraine_arms
133,0.3289,206947.44889617665,ukraine_arms
134,0.3244,252840.34757535404,ukraine_arms
135,0.3463,275039.22121060453,ukraine_arms
136,0.3472,150831.06981403066,ukraine_arms
137,0.3298,246867.57793827367,ukraine_arms
138,0.3515,201784.98668589175,ukraine_arms
139,0.3313,254498.50955151534,ukraine_arms
14,0.407,171852.85511876698,ukraine_arms
140,0.3364,288318.3119799407,ukraine_arms
141,0.3293,196999.4437813509,ukraine_arms
142,0.3615,479802.95794022887,ukraine_arms
143,0.3467,479821.29101912136,ukraine_arms
144,0.3525,317213.10804336413,ukraine_arms
145,0.3242,221583.589226408,ukraine_arms
146,0.3272,235963.20544327798,ukraine_arms
147,0.3028,207983.59959208468,ukraine_arms
148,0.3514,220544.11485789935,ukraine_arms
149,0.3433,189899.65486953108,ukraine_arms
15,0.458,177171.1056234898,ukraine_arms
150,0.3787,328426.4883106674,ukraine_arms
151,0.4006,156287.43169108193,ukraine_arms
152,0.3457,447273.0462806228,ukraine_arms
153,0.3867,447243.65590118093,ukraine_arms
154,0.3964,203485.01944982784,ukraine_arms
155,0.4612,189334.39291100815,ukraine_arms
156,0.4596,230765.27810862593,ukraine_arms
157,0.4499,191431.58226584247,ukraine_arms
158,0.4122,189315.47007156236,ukraine_arms
159,0.3641,417647.8505356109,ukraine_arms
16,0.4477,188390.8326199093,ukraine_arms
160,0.421,341234.6099588987,ukraine_arms
161,0.4392,234219.82598483737,ukraine_arms
162,0.4669,179951.4826308836,ukraine_arms
163,0.4631,243241.04581463398,ukraine_arms
164,0.4224,256612.53907117652,ukraine_arms
165,0.4561,245404.13989671535,ukraine_arms
166,0.4315,176363.3722710095,ukraine_arms
167,0.3461,150847.19248560639,ukraine_arms
168,0.3536,174948.92758784763,ukraine_arms
169,0.3833,82837.07649342252,ukraine_arms
17,0.4646,192718.9279291037,ukraine_arms
170,0.336,134244.55708584565,ukraine_arms
171,0.3462,192767.679643849,ukraine_arms
172,0.3213,199828.3130746693,ukraine_arms
173,0.34,151701.4962621543,ukraine_arms
174,0.3629,138746.12312425295,ukraine_arms
175,0.3525,288922.3772270948,ukraine_arms
176,0.3175,162361.87609394698,ukraine_arms
177,0.3325,243612.56356526492,ukraine_arms
178,0.301,142711.3720274556,ukraine_arms
179,0.3332,227070.2518071342,ukraine_arms
18,0.3078,1421002.2593554342,ukraine_arms
180,0.3823,331219.6662066321,ukraine_arms
181,0.2971,186134.08587471946,ukraine_arms
182,0.3061,597316.9289922566,ukraine_arms
183,0.3074,597119.979697627,ukraine_arms
184,0.3532,207677.8943569085,ukraine_arms
185,0.3213,246244.22266916416,ukraine_arms
186,0.2787,209100.38922005054,ukraine_arms
187,0.3237,151964.41207017357,ukraine_arms
188,0.3314,217023.4649560447,ukraine_arms
189,0.4522,63479.47863541032,ukraine_arms
19,0.3156,1430556.9948969542,ukraine_arms
190,0.4111,98328.8375353136,ukraine_arms
191,0.4378,57329.668210706746,ukraine_arms
192,0.4211,97103.89456177686,ukraine_arms
193,0.4515,128018.6219006737,ukraine_arms
194,0.4377,71429.80636382155,ukraine_arms
195,0.4508,66552.61663215315,ukraine_arms
196,0.4336,65604.03583878439,ukraine_arms
197,0.3469,124497.04897961108,ukraine_arms
198,0.2891,129788.89967360128,ukraine_arms
199,0.3135,126188.29445828657,ukraine_arms
2,0.3391,126617.81067176482,ukraine_arms
20,0.3171,1431329.7804752644,ukraine_arms
200,0.339,71012.6202541161,ukraine_arms
201,0.3726,97548.86235301365,ukraine_arms
202,0.3326,68267.7552315342,ukraine_arms
203,0.3297,110806.5196587859,ukraine_arms
204,0.3441,141190.6093562236,ukraine_arms
205,0.3051,165730.91092029086,ukraine_arms
206,0.3456,111780.77145883288,ukraine_arms
207,0.3485,110882.44884675027,ukraine_arms
208,0.3395,94362.25613613243,ukraine_arms
209,0.3909,60711.17813870885,ukraine_arms
21,0.2792,1431298.9874824153,ukraine_arms
210,0.3578,68045.19178860822,ukraine_arms
211,0.3252,88636.80629276097,ukraine_arms
212,0.3391,88824.58818819381,ukraine_arms
213,0.3447,106040.88849210861,ukraine_arms
214,0.3065,114277.4362937002,ukraine_arms
215,0.3197,138772.1022482832,ukraine_arms
216,0.3138,94460.0472031337,ukraine_arms
217,0.294,1204507.0364880688,ukraine_arms
218,0.2841,1204367.2685137496,ukraine_arms
219,0.2866,1203811.9304614188,ukraine_arms
22,0.2987,1430951.582966886,ukraine_arms
220,0.2796,1204570.5462810397,ukraine_arms
221,0.2926,273975.8695181723,ukraine_arms
222,0.3176,195381.17695181782,ukraine_arms
223,0.3156,87433.09608902044,ukraine_arms
224,0.2739,97927.10241617101,ukraine_arms
225,0.3423,114691.21344866653,ukraine_arms
226,0.3268,86171.71429780195,ukraine_arms
227,0.3732,79236.91113039952,ukraine_arms
228,0.3525,108643.97946313373,ukraine_arms
229,0.3852,148549.29339360775,ukraine_arms
23,0.326,1430979.5587980626,ukraine_arms
230,0.4306,88837.43598801222,ukraine_arms
231,0.368,68797.40963185742,ukraine_arms
232,0.32,90761.54694977363,ukraine_arms
233,0.3456,147987.87406906814,ukraine_arms
234,0.396,108652.73819635087,ukraine_arms
235,0.3506,63773.85339297382,ukraine_arms
236,0.3161,102030.78339398111,ukraine_arms
237,0.368,81108.48554729173,ukraine_arms
238,0.371,55680.5282195036,ukraine_arms
239,0.3449,62920.67454943145,ukraine_arms
24,0.3955,140060.76032577365,ukraine_arms
240,0.3418,71998.71051860439,ukraine_arms
241,0.3252,118560.08657677029,ukraine_arms
242,0.2901,99670.56706345096,ukraine_arms
243,0.3563,79906.38667921201,ukraine_arms
244,0.328,421645.16416584176,ukraine_arms
245,0.328,310021.82372011937,ukraine_arms
246,0.307,114053.8546474647,ukraine_arms
247,0.333,129000.1599732756,ukraine_arms
248,0.3462,67732.83506927769,ukraine_arms
249,0.3117,98381.05661136859,ukraine_arms
25,0.3473,205347.6206726869,ukraine_arms
250,0.3384,77853.19820796055,ukraine_arms
251,0.3058,123141.43426387003,ukraine_arms
252,0.3271,234967.86250354463,ukraine_arms
253,0.3403,169670.2451007896,ukraine_arms
254,0.3547,94243.60739768743,ukraine_arms
255,0.3474,114492.67486453363,ukraine_arms
256,0.3238,106263.59875116046,ukraine_arms
257,0.325,104959.4310635585,ukraine_arms
258,0.3088,491625.13801795384,ukraine_arms
259,0.3045,491606.6573873762,ukraine_arms
26,0.361,57534.38438324122,ukraine_arms
260,0.3057,307666.1280541792,ukraine_arms
261,0.3085,424388.0713972013,ukraine_arms
262,0.3084,416219.3321893571,ukraine_arms
263,0.3569,202919.6077625286,ukraine_arms
264,0.334,348173.7020949003,ukraine_arms
265,0.3191,412661.20895595336,ukraine_arms
266,0.3345,354339.2293625429,ukraine_arms
267,0.3823,257722.21503823865,ukraine_arms
268,0.4113,130377.2162091822,ukraine_arms
269,0.3474,290285.00161643716,ukraine_arms
27,0.3315,102365.55669514439,ukraine_arms
270,0.3406,194226.28914273845,ukraine_arms
271,0.3017,250850.54595401778,ukraine_arms
272,0.3251,359984.238399364,ukraine_arms
273,0.3692,160617.35190101372,ukraine_arms
274,0.303,329508.5250784324,ukraine_arms
275,0.332,254270.4667512479,ukraine_arms
276,0.3014,106758.04057529704,ukraine_arms
277,0.3195,444702.13988692965,ukraine_arms
278,0.3416,383546.90227372816,ukraine_arms
279,0.3765,147715.086276244,ukraine_arms
28,0.3832,84831.94110845958,ukraine_arms
280,0.36,107018.23038466662,ukraine_arms
281,0.3046,202798.83261378773,ukraine_arms
282,0.3641,192423.43880240252,ukraine_arms
283,0.3328,225032.24425116144,ukraine_arms
284,0.3529,348801.7132893969,ukraine_arms
285,0.3626,108392.23134283043,ukraine_arms
286,0.3555,201667.8261551113,ukraine_arms
287,0.3307,229313.18383026638,ukraine_arms
288,0.3544,163230.1480521498,ukraine_arms
289,0.3528,229928.3931788717,ukraine_arms
29,0.3371,158934.59525744084,ukraine_arms
290,0.3454,171933.35017208458,ukraine_arms
291,0.3439,150155.75647540676,ukraine_arms
292,0.3355,170495.5530644437,ukraine_arms
293,0.3365,157126.21900124924,ukraine_arms
294,0.3275,224073.31687500788,ukraine_arms
295,0.3699,121224.48169688437,ukraine_arms
296,0.3403,266542.8073390067,ukraine_arms
297,0.3274,116068.39548367709,ukraine_arms
298,0.3577,100536.02565406008,ukraine_arms
299,0.3506,127721.3017367024,ukraine_arms
3,0.3362,115851.86522588492,ukraine_arms
30,0.3141,139576.16384651398,ukraine_arms
31,0.3306,196135.60089437373,ukraine_arms
32,0.3611,124018.8382025247,ukraine_arms
33,0.3419,155893.75991417954,ukraine_arms
34,0.3283,96231.59370696604,ukraine_arms
35,0.3562,115171.85584071466,ukraine_arms
36,0.3056,206407.69602351406,ukraine_arms
37,0.3356,87383.08550697024,ukraine_arms
38,0.348,281285.77678616863,ukraine_arms
39,0.3297,226123.33709281817,ukraine_arms
4,0.334,219096.40566326873,ukraine_arms
40,0.3572,105268.95765060993,ukraine_arms
41,0.353,906040.0002060288,ukraine_arms
42,0.3363,906040.0000290013,ukraine_arms
43,0.2847,905426.4123814947,ukraine_arms
44,0.3141,101457.30386766187,ukraine_arms
45,0.3291,124862.07580933305,ukraine_arms
46,0.3637,87457.91952152424,ukraine_arms
47,0.321,905515.5202521704,ukraine_arms
48,0.3264,213288.40224674714,ukraine_arms
49,0.3621,89973.62500013925,ukraine_arms
5,0.3153,203904.38777736196,ukraine_arms
50,0.3428,205009.19059761005,ukraine_arms
51,0.3563,88144.4655599578,ukraine_arms
52,0.3166,137316.49886528339,ukraine_arms
53,0.2918,264493.9772962256,ukraine_arms
54,0.3257,459481.451911284,ukraine_arms
55,0.3521,328883.2354039019,ukraine_arms
56,0.4209,78979.82450200847,ukraine_arms
57,0.4389,109443.59297400215,ukraine_arms
58,0.3969,165824.85855315597,ukraine_arms
59,0.4292,155615.10817955213,ukraine_arms
6,0.3435,112031.67277091801,ukraine_arms
60,0.3991,155549.23788756167,ukraine_arms
61,0.3549,154558.62871543417,ukraine_arms
62,0.4114,134829.15146844977,ukraine_arms
63,0.4215,134329.34255962222,ukraine_arms
64,0.4068,84498.56508792723,ukraine_arms
65,0.4714,79525.85822991289,ukraine_arms
66,0.4473,71739.71605479502,ukraine_arms
67,0.5026,106284.84831675599,ukraine_arms
68,0.4233,166610.327614394,ukraine_arms
69,0.4578,164610.48028456897,ukraine_arms
7,0.3383,256373.54635692938,ukraine_arms
70,0.3955,93215.15114076332,ukraine_arms
71,0.466,133361.2526046149,ukraine_arms
72,0.4172,157021.8587295553,ukraine_arms
73,0.447,142062.0442874195,ukraine_arms
74,0.4391,120532.22450632381,ukraine_arms
75,0.3526,2877040.0000032624,ukraine_arms
76,0.3442,2876906.1867174297,ukraine_arms
77,0.3462,2876920.9828373524,ukraine_arms
78,0.2954,2876421.751616364,ukraine_arms
79,0.3161,2876860.9932270315,ukraine_arms
8,0.3298,211014.82904146786,ukraine_arms
80,0.3232,2877039.9999880577,ukraine_arms
81,0.3097,2876994.508906475,ukraine_arms
82,0.2946,2877040.0163646573,ukraine_arms
83,0.3828,2877040.000000056,ukraine_arms
84,0.3695,2876558.3705327353,ukraine_arms
85,0.3696,2876637.8723200033,ukraine_arms
86,0.3262,2877039.991728962,ukraine_arms
87,0.3381,469838.9638431637,ukraine_arms
88,0.3345,469519.8665093225,ukraine_arms
89,0.3272,206063.7555109461,ukraine_arms
9,0.3022,165842.74609892463,ukraine_arms
90,0.3171,217520.41696543677,ukraine_arms
91,0.3329,377284.1712779972,ukraine_arms
92,0.3404,182042.29332300788,ukraine_arms
93,0.3098,826064.115036562,ukraine_arms
94,0.3018,825997.9357487308,ukraine_arms
95,0.3009,825493.2232396624,ukraine_arms
96,0.3006,255570.0786535427,ukraine_arms
97,0.2957,479910.6564404217,ukraine_arms
98,0.3088,479718.72344821633,ukraine_arms
99,0.3101,215526.51344431812,ukraine_arms
1,0.2319,156146.91219309898,voting_age_16
10,0.2213,166471.2930691627,voting_age_16
100,0.2172,225480.3522156972,voting_age_16
101,0.2382,407890.85381560476,voting_age_16
102,0.2361,281768.98076001246,voting_age_16
103,0.2287,142658.23720478482,voting_age_16
104,0.2075,391543.0373754122,voting_age_16
105,0.2148,391558.8004555166,voting_age_16
106,0.2381,494218.3319042906,voting_age_16
107,0.2303,494219.96093411255,voting_age_16
108,0.2017,363673.56008346134,voting_age_16
109,0.2326,209297.8539070891,voting_age_16
11,0.232,166836.21906336443,voting_age_16
110,0.2199,320280.1149764613,voting_age_16
111,0.2225,236760.5046750637,voting_age_16
112,0.2213,249336.21906869547,voting_age_16
113,0.2151,366336.2851592385,voting_age_16
114,0.2214,299541.1330563543,voting_age_16
115,0.2411,396276.38943833264,voting_age_16
116,0.2409,396373.33212362515,voting_age_16
117,0.2155,243750.69746423358,voting_age_16
118,0.2116,203613.27195902585,voting_age_16
119,0.2265,455933.8732086029,voting_age_16
12,0.2125,153175.19652881895,voting_age_16
120,0.2251,456020.53375132655,voting_age_16
121,0.2139,498771.4750146778,voting_age_16
122,0.2207,498709.6427058843,voting_age_16
123,0.2398,204675.96619656123,voting_age_16
124,0.2192,326015.12804966717,voting_age_16
125,0.2202,366415.6006192377,voting_age_16
126,0.2117,293566.14240599767,voting_age_16
127,0.213,194330.8471030403,voting_age_16
128,0.2213,350928.9874258416,voting_age_16
129,0.2461,244367.79992332731,voting_age_16
13,0.2146,156364.76501065,voting_age_16
130,0.2215,220117.08373788834,voting_age_16
131,0.2342,283928.1380258957,voting_age_16
132,0.2346,264316.5948110892,voting_age_16
133,0.2125,206947.44889617665,voting_age_16
134,0.224,252840.34757535404,voting_age_16
135,0.2177,275039.22121060453,voting_age_16
136,0.2065,150831.06981403066,voting_age_16
137,0.2336,246867.57793827367,voting_age_16
138,0.2329,201784.98668589175,voting_age_16
139,0.2151,254498.50955151534,voting_age_16
14,0.2108,171852.85511876698,voting_age_16
140,0.2281,288318.3119799407,voting_age_16
141,0.2297,196999.4437813509,voting_age_16
142,0.2309,479802.95794022887,voting_age_16
143,0.2309,479821.29101912136,voting_age_16
144,0.2254,317213.10804336413,voting_age_16
145,0.22,221583.589226408,voting_age_16
146,0.215,235963.20544327798,voting_age_16
147,0.2155,207983.59959208468,voting_age_16
148,0.2172,220544.11485789935,voting_age_16
149,0.2106,189899.65486953108,voting_age_16
15,0.2096,177171.1056234898,voting_age_16
150,0.206,328426.4883106674,voting_age_16
151,0.2014,156287.43169108193,voting_age_16
152,0.2403,447273.0462806228,voting_age_16
153,0.2267,447243.65590118093,voting_age_16
154,0.1856,203485.01944982784,voting_age_16
155,0.1744,189334.39291100815,voting_age_16
156,0.1825,230765.27810862593,voting_age_16
157,0.1877,191431.58226584247,voting_age_16
158,0.1752,189315.47007156236,voting_age_16
159,0.2157,417647.8505356109,voting_age_16
16,0.2089,188390.8326199093,voting_age_16
160,0.193,341234.6099588987,voting_age_16
161,0.19,234219.82598483737,voting_age_16
162,0.1936,179951.4826308836,voting_age_16
163,0.1767,243241.04581463398,voting_age_16
164,0.1718,256612.53907117652,voting_age_16
165,0.1871,245404.13989671535,voting_age_16
166,0.1885,176363.3722710095,voting_age_16
167,0.2176,150847.19248560639,voting_age_16
168,0.2264,174948.92758784763,voting_age_16
169,0.217,82837.07649342252,voting_age_16
17,0.2083,192718.9279291037,voting_age_16
170,0.2194,134244.55708584565,voting_age_16
171,0.2323,192767.679643849,voting_age_16
172,0.2258,199828.3130746693,voting_age_16
173,0.2318,151701.4962621543,voting_age_16
174,0.2098,138746.12312425295,voting_age_16
175,0.2215,288922.3772270948,voting_age_16
176,0.2089,162361.87609394698,voting_age_16
177,0.2148,243612.56356526492,voting_age_16
178,0.2162,142711.3720274556,voting_age_16
179,0.2397,227070.2518071342,voting_age_16
18,0.2551,1421002.2593554342,voting_age_16
180,0.2166,331219.6662066321,voting_age_16
181,0.2082,186134.08587471946,voting_age_16
182,0.2474,597316.9289922566,voting_age_16
183,0.2573,597119.979697627,voting_age_16
184,0.235,207677.8943569085,voting_age_16
185,0.2204,246244.22266916416,voting_age_16
186,0.2249,209100.38922005054,voting_age_16
187,0.2162,151964.41207017357,voting_age_16
188,0.2075,217023.4649560447,voting_age_16
189,0.199,63479.47863541032,voting_age_16
19,0.258,1430556.9948969542,voting_age_16
190,0.214,98328.8375353136,voting_age_16
191,0.1909,57329.668210706746,voting_age_16
192,0.1984,97103.89456177686,voting_age_16
193,0.2075,128018.6219006737,voting_age_16
194,0.1866,71429.80636382155,voting_age_16
195,0.191,66552.61663215315,voting_age_16
196,0.191,65604.03583878439,voting_age_16
197,0.2109,124497.04897961108,voting_age_16
198,0.2239,129788.89967360128,voting_age_16
199,0.222,126188.29445828657,voting_age_16
2,0.239,126617.81067176482,voting_age_16
20,0.2553,1431329.7804752644,voting_age_16
200,0.2165,71012.6202541161,voting_age_16
201,0.2209,97548.86235301365,voting_age_16
202,0.2246,68267.7552315342,voting_age_16
203,0.2296,110806.5196587859,voting_age_16
204,0.2174,141190.6093562236,voting_age_16
205,0.218,165730.91092029086,voting_age_16
206,0.2151,111780.77145883288,voting_age_16
207,0.208,110882.44884675027,voting_age_16
208,0.2015,94362.25613613243,voting_age_16
209,0.2124,60711.17813870885,voting_age_16
21,0.2482,1431298.9874824153,voting_age_16
210,0.2012,68045.19178860822,voting_age_16
211,0.2106,88636.80629276097,voting_age_16
212,0.2123,88824.58818819381,voting_age_16
213,0.2079,106040.88849210861,voting_age_16
214,0.207,114277.4362937002,voting_age_16
215,0.2037,138772.1022482832,voting_age_16
216,0.2067,94460.0472031337,voting_age_16
217,0.2292,1204507.0364880688,voting_age_16
218,0.2342,1204367.2685137496,voting_age_16
219,0.2292,1203811.9304614188,voting_age_16
22,0.249,1430951.582966886,voting_age_16
220,0.2366,1204570.5462810397,voting_age_16
221,0.21560000000000001,273975.8695181723,voting_age_16
222,0.2021,195381.17695181782,voting_age_16
223,0.2125,87433.09608902044,voting_age_16
224,0.2046,97927.10241617101,voting_age_16
225,0.2066,114691.21344866653,voting_age_16
226,0.2073,86171.71429780195,voting_age_16
227,0.1963,79236.91113039952,voting_age_16
228,0.202,108643.97946313373,voting_age_16
229,0.1941,148549.29339360775,voting_age_16
23,0.2569,1430979.5587980626,voting_age_16
230,0.2046,88837.43598801222,voting_age_16
231,0.1968,68797.40963185742,voting_age_16
232,0.2043,90761.54694977363,voting_age_16
233,0.19,147987.87406906814,voting_age_16
234,0.1929,108652.73819635087,voting_age_16
235,0.1996,63773.85339297382,voting_age_16
236,0.1945,102030.78339398111,voting_age_16
237,0.1943,81108.48554729173,voting_age_16
238,0.1941,55680.5282195036,voting_age_16
239,0.1923,62920.67454943145,voting_age_16
24,0.2241,140060.76032577365,voting_age_16
240,0.1915,71998.71051860439,voting_age_16
241,0.2133,118560.08657677029,voting_age_16
242,0.2041,99670.56706345096,voting_age_16
243,0.1987,79906.38667921201,voting_age_16
244,0.2273,421645.16416584176,voting_age_16
245,0.2274,310021.82372011937,voting_age_16
246,0.2063,114053.8546474647,voting_age_16
247,0.1932,129000.1599732756,voting_age_16
248,0.1951,67732.83506927769,voting_age_16
249,0.2,98381.05661136859,voting_age_16
25,0.2183,205347.6206726869,voting_age_16
250,0.1994,77853.19820796055,voting_age_16
251,0.1997,123141.43426387003,voting_age_16
252,0.2232,234967.86250354463,voting_age_16
253,0.1981,169670.2451007896,voting_age_16
254,0.2006,94243.60739768743,voting_age_16
255,0.2052,114492.67486453363,voting_age_16
256,0.2008,106263.59875116046,voting_age_16
257,0.2009,104959.4310635585,voting_age_16
258,0.2317,491625.13801795384,voting_age_16
259,0.2443,491606.6573873762,voting_age_16
26,0.2207,57534.38438324122,voting_age_16
260,0.2065,307666.1280541792,voting_age_16
261,0.2152,424388.0713972013,voting_age_16
262,0.2089,416219.3321893571,voting_age_16
263,0.2107,202919.6077625286,voting_age_16
264,0.2112,348173.7020949003,voting_age_16
265,0.2028,412661.20895595336,voting_age_16
266,0.2066,354339.2293625429,voting_age_16
267,0.2045,257722.21503823865,voting_age_16
268,0.2208,130377.2162091822,voting_age_16
269,0.2112,290285.00161643716,voting_age_16
27,0.2347,102365.55669514439,voting_age_16
270,0.2138,194226.28914273845,voting_age_16
271,0.2422,250850.54595401778,voting_age_16
272,0.2008,359984.238399364,voting_age_16
273,0.21560000000000001,160617.35190101372,voting_age_16
274,0.2177,329508.5250784324,voting_age_16
275,0.2483,254270.4667512479,voting_age_16
276,0.2119,106758.04057529704,voting_age_16
277,0.2047,444702.13988692965,voting_age_16
278,0.2024,383546.90227372816,voting_age_16
279,0.2062,147715.086276244,voting_age_16
28,0.23,84831.94110845958,voting_age_16
280,0.2098,107018.23038466662,voting_age_16
281,0.2434,202798.83261378773,voting_age_16
282,0.2235,192423.43880240252,voting_age_16
283,0.2136,225032.24425116144,voting_age_16
284,0.2162,348801.7132893969,voting_age_16
285,0.2093,108392.23134283043,voting_age_16
286,0.2213,201667.8261551113,voting_age_16
287,0.2307,229313.18383026638,voting_age_16
288,0.2261,163230.1480521498,voting_age_16
289,0.2159,229928.3931788717,voting_age_16
29,0.2273,158934.59525744084,voting_age_16
290,0.2277,171933.35017208458,voting_age_16
291,0.2084,150155.75647540676,voting_age_16
292,0.2084,170495.5530644437,voting_age_16
293,0.2132,157126.21900124924,voting_age_16
294,0.225,224073.31687500788,voting_age_16
295,0.2058,121224.48169688437,voting_age_16
296,0.2262,266542.8073390067,voting_age_16
297,0.2166,116068.39548367709,voting_age_16
298,0.2067,100536.02565406008,voting_age_16
299,0.2091,127721.3017367024,voting_age_16
3,0.2204,115851.86522588492,voting_age_16
30,0.2263,139576.16384651398,voting_age_16
31,0.2168,196135.60089437373,voting_age_16
32,0.2256,124018.8382025247,voting_age_16
33,0.2374,155893.75991417954,voting_age_16
34,0.2136,96231.59370696604,voting_age_16
35,0.2318,115171.85584071466,voting_age_16
36,0.2141,206407.69602351406,voting_age_16
37,0.2401,87383.08550697024,voting_age_16
38,0.2239,281285.77678616863,voting_age_16
39,0.2269,226123.33709281817,voting_age_16
4,0.228,219096.40566326873,voting_age_16
40,0.2225,105268.95765060993,voting_age_16
41,0.2291,906040.0002060288,voting_age_16
42,0.2322,906040.0000290013,voting_age_16
43,0.235,905426.4123814947,voting_age_16
44,0.2344,101457.30386766187,voting_age_16
45,0.2093,124862.07580933305,voting_age_16
46,0.2248,87457.91952152424,voting_age_16
47,0.2328,905515.5202521704,voting_age_16
48,0.2231,213288.40224674714,voting_age_16
49,0.2222,89973.62500013925,voting_age_16
5,0.2481,203904.38777736196,voting_age_16
50,0.2417,205009.19059761005,voting_age_16
51,0.2201,88144.4655599578,voting_age_16
52,0.2314,137316.49886528339,voting_age_16
53,0.2428,264493.9772962256,voting_age_16
54,0.2536,459481.451911284,voting_age_16
55,0.253,328883.2354039019,voting_age_16
56,0.225,78979.82450200847,voting_age_16
57,0.2196,109443.59297400215,voting_age_16
58,0.2178,165824.85855315597,voting_age_16
59,0.2115,155615.10817955213,voting_age_16
6,0.2158,112031.67277091801,voting_age_16
60,0.214,155549.23788756167,voting_age_16
61,0.2139,154558.62871543417,voting_age_16
62,0.2144,134829.15146844977,voting_age_16
63,0.21,134329.34255962222,voting_age_16
64,0.1933,84498.56508792723,voting_age_16
65,0.1964,79525.85822991289,voting_age_16
66,0.2161,71739.71605479502,voting_age_16
67,0.2013,106284.84831675599,voting_age_16
68,0.2028,166610.327614394,voting_age_16
69,0.2153,164610.48028456897,voting_age_16
7,0.2186,256373.54635692938,voting_age_16
70,0.2019,93215.15114076332,voting_age_16
71,0.203,133361.2526046149,voting_age_16
72,0.1969,157021.8587295553,voting_age_16
73,0.2032,142062.0442874195,voting_age_16
74,0.1965,120532.22450632381,voting_age_16
75,0.2486,2877040.0000032624,voting_age_16
76,0.2378,2876906.1867174297,voting_age_16
77,0.2417,2876920.9828373524,voting_age_16
78,0.2347,2876421.751616364,voting_age_16
79,0.2406,2876860.9932270315,voting_age_16
8,0.2234,211014.82904146786,voting_age_16
80,0.2438,2877039.9999880577,voting_age_16
81,0.2332,2876994.508906475,voting_age_16
82,0.2417,2877040.0163646573,voting_age_16
83,0.2552,2877040.000000056,voting_age_16
84,0.2373,2876558.3705327353,voting_age_16
85,0.2477,2876637.8723200033,voting_age_16
86,0.2409,2877039.991728962,voting_age_16
87,0.2444,469838.9638431637,voting_age_16
88,0.2335,469519.8665093225,voting_age_16
89,0.2086,206063.7555109461,voting_age_16
9,0.2149,165842.74609892463,voting_age_16
90,0.2225,217520.41696543677,voting_age_16
91,0.2125,377284.1712779972,voting_age_16
92,0.2187,182042.29332300788,voting_age_16
93,0.2482,826064.115036562,voting_age_16
94,0.2507,825997.9357487308,voting_age_16
95,0.2435,825493.2232396624,voting_age_16
96,0.2325,255570.0786535427,voting_age_16
97,0.2103,479910.6564404217,voting_age_16
98,0.2124,479718.72344821633,voting_age_16
99,0.2127,215526.51344431812,voting_age_16
1,0.547,156146.91219309898,referendum_federal
10,0.5806,166471.2930691627,referendum_federal
100,0.5815,225480.3522156972,referendum_federal
101,0.5673,407890.85381560476,referendum_federal
102,0.598,281768.98076001246,referendum_federal
103,0.6106,142658.23720478482,referendum_federal
104,0.606,391543.0373754122,referendum_federal
105,0.5999,391558.8004555166,referendum_federal
106,0.5565,494218.3319042906,referendum_federal
107,0.5609,494219.96093411255,referendum_federal
108,0.5968,363673.56008346134,referendum_federal
109,0.5878,209297.8539070891,referendum_federal
11,0.5679,166836.21906336443,referendum_federal
110,0.5788,320280.1149764613,referendum_federal
111,0.5735,236760.5046750637,referendum_federal
112,0.5646,249336.21906869547,referendum_federal
113,0.5888,366336.2851592385,referendum_federal
114,0.5873,299541.1330563543,referendum_federal
115,0.6082,396276.38943833264,referendum_federal
116,0.6006,396373.33212362515,referendum_federal
117,0.5984,243750.69746423358,referendum_federal
118,0.5962,203613.27195902585,referendum_federal
119,0.5974,455933.8732086029,referendum_federal
12,0.6442,153175.19652881895,referendum_federal
120,0.6047,456020.53375132655,referendum_federal
121,0.6068,498771.4750146778,referendum_federal
122,0.5945,498709.6427058843,referendum_federal
123,0.6212,204675.96619656123,referendum_federal
124,0.5694,326015.12804966717,referendum_federal
125,0.5965,366415.6006192377,referendum_federal
126,0.5759,293566.14240599767,referendum_federal
127,0.5722,194330.8471030403,referendum_federal
128,0.5656,350928.9874258416,referendum_federal
129,0.5077,244367.79992332731,referendum_federal
13,0.6342,156364.76501065,referendum_federal
130,0.5762,220117.08373788834,referendum_federal
131,0.5885,283928.1380258957,referendum_federal
132,0.5636,264316.5948110892,referendum_federal
133,0.5976,206947.44889617665,referendum_federal
134,0.5751,252840.34757535404,referendum_federal
135,0.5897,275039.22121060453,referendum_federal
136,0.5847,150831.06981403066,referendum_federal
137,0.5748,246867.57793827367,referendum_federal
138,0.6053,201784.98668589175,referendum_federal
139,0.5969,254498.50955151534,referendum_federal
14,0.6382,171852.85511876698,referendum_federal
140,0.5735,288318.3119799407,referendum_federal
141,0.598,196999.4437813509,referendum_federal
142,0.5935,479802.95794022887,referendum_federal
143,0.5811,479821.29101912136,referendum_federal
144,0.6088,317213.10804336413,referendum_federal
145,0.5942,221583.589226408,referendum_federal
146,0.5893,235963.20544327798,referendum_federal
147,0.572,207983.59959208468,referendum_federal
148,0.5933,220544.11485789935,referendum_federal
149,0.598,189899.65486953108,referendum_federal
15,0.6515,177171.1056234898,referendum_federal
150,0.6083,328426.4883106674,referendum_federal
151,0.682,156287.43169108193,referendum_federal
152,0.6218,447273.0462806228,referendum_federal
153,0.5948,447243.65590118093,referendum_federal
154,0.6789,203485.01944982784,referendum_federal
155,0.6971,189334.39291100815,referendum_federal
156,0.7013,230765.27810862593,referendum_federal
157,0.6982,191431.58226584247,referendum_federal
158,0.7122,189315.47007156236,referendum_federal
159,0.637,417647.8505356109,referendum_federal
16,0.652,188390.8326199093,referendum_federal
160,0.6604,341234.6099588987,referendum_federal
161,0.6867,234219.82598483737,referendum_federal
162,0.6691,179951.4826308836,referendum_federal
163,0.7059,243241.04581463398,referendum_federal
164,0.7097,256612.53907117652,referendum_federal
165,0.695,245404.13989671535,referendum_federal
166,0.6852,176363.3722710095,referendum_federal
167,0.5759,150847.19248560639,referendum_federal
168,0.5803,174948.92758784763,referendum_federal
169,0.5905,82837.07649342252,referendum_federal
17,0.6461,192718.9279291037,referendum_federal
170,0.5811,134244.55708584565,referendum_federal
171,0.5619,192767.679643849,referendum_federal
172,0.606,199828.3130746693,referendum_federal
173,0.5746,151701.4962621543,referendum_federal
174,0.6099,138746.12312425295,referendum_federal
175,0.5816,288922.3772270948,referendum_federal
176,0.5773,162361.87609394698,referendum_federal
177,0.5848,243612.56356526492,referendum_federal
178,0.5788,142711.3720274556,referendum_federal
179,0.5651,227070.2518071342,referendum_federal
18,0.5496,1421002.2593554342,referendum_federal
180,0.5993,331219.6662066321,referendum_federal
181,0.574,186134.08587471946,referendum_federal
182,0.543,597316.9289922566,referendum_federal
183,0.5505,597119.979697627,referendum_federal
184,0.5885,207677.8943569085,referendum_federal
185,0.5877,246244.22266916416,referendum_federal
186,0.5719,209100.38922005054,referendum_federal
187,0.5742,151964.41207017357,referendum_federal
188,0.5936,217023.4649560447,referendum_federal
189,0.6785,63479.47863541032,referendum_federal
19,0.5487,1430556.9948969542,referendum_federal
190,0.6767,98328.8375353136,referendum_federal
191,0.6748,57329.668210706746,referendum_federal
192,0.6777,97103.89456177686,referendum_federal
193,0.6468,128018.6219006737,referendum_federal
194,0.6937,71429.80636382155,referendum_federal
195,0.6827,66552.61663215315,referendum_federal
196,0.6923,65604.03583878439,referendum_federal
197,0.5921,124497.04897961108,referendum_federal
198,0.5856,129788.89967360128,referendum_federal
199,0.5821,126188.29445828657,referendum_federal
2,0.5537,126617.81067176482,referendum_federal
20,0.5361,1431329.7804752644,referendum_federal
200,0.5837,71012.6202541161,referendum_federal
201,0.5898,97548.86235301365,referendum_federal
202,0.5755,68267.7552315342,referendum_federal
203,0.5663,110806.5196587859,referendum_federal
204,0.5909,141190.6093562236,referendum_federal
205,0.564,165730.91092029086,referendum_federal
206,0.6028,111780.77145883288,referendum_federal
207,0.6079,110882.44884675027,referendum_federal
208,0.5927,94362.25613613243,referendum_federal
209,0.6017,60711.17813870885,referendum_federal
21,0.5395,1431298.9874824153,referendum_federal
210,0.6074,68045.19178860822,referendum_federal
211,0.6087,88636.80629276097,referendum_federal
212,0.625,88824.58818819381,referendum_federal
213,0.5898,106040.88849210861,referendum_federal
214,0.603,114277.4362937002,referendum_federal
215,0.5933,138772.1022482832,referendum_federal
216,0.6002,94460.0472031337,referendum_federal
217,0.5588,1204507.0364880688,referendum_federal
218,0.5716,1204367.2685137496,referendum_federal
219,0.5688,1203811.9304614188,referendum_federal
22,0.5465,1430951.582966886,referendum_federal
220,0.5668,1204570.5462810397,referendum_federal
221,0.5593,273975.8695181723,referendum_federal
222,0.6018,195381.17695181782,referendum_federal
223,0.5704,87433.09608902044,referendum_federal
224,0.567,97927.10241617101,referendum_federal
225,0.5815,114691.21344866653,referendum_federal
226,0.5857,86171.71429780195,referendum_federal
227,0.633,79236.91113039952,referendum_federal
228,0.6103,108643.97946313373,referendum_federal
229,0.6316,148549.29339360775,referendum_federal
23,0.5568,1430979.5587980626,referendum_federal
230,0.6269,88837.43598801222,referendum_federal
231,0.6343,68797.40963185742,referendum_federal
232,0.5986,90761.54694977363,referendum_federal
233,0.6096,147987.87406906814,referendum_federal
234,0.6196,108652.73819635087,referendum_federal
235,0.6228,63773.85339297382,referendum_federal
236,0.6166,102030.78339398111,referendum_federal
237,0.6077,81108.48554729173,referendum_federal
238,0.6258,55680.5282195036,referendum_federal
239,0.6229,62920.67454943145,referendum_federal
24,0.5827,140060.76032577365,referendum_federal
240,0.6164,71998.71051860439,referendum_federal
241,0.609,118560.08657677029,referendum_federal
242,0.5917,99670.56706345096,referendum_federal
243,0.5919,79906.38667921201,referendum_federal
244,0.5932,421645.16416584176,referendum_federal
245,0.5894,310021.82372011937,referendum_federal
246,0.5933,114053.8546474647,referendum_federal
247,0.6255,129000.1599732756,referendum_federal
248,0.6165,67732.83506927769,referendum_federal
249,0.5873,98381.05661136859,referendum_federal
25,0.5829,205347.6206726869,referendum_federal
250,0.6174,77853.19820796055,referendum_federal
251,0.5704,123141.43426387003,referendum_federal
252,0.5952,234967.86250354463,referendum_federal
253,0.6079,169670.2451007896,referendum_federal
254,0.6069,94243.60739768743,referendum_federal
255,0.624,114492.67486453363,referendum_federal
256,0.5902,106263.59875116046,referendum_federal
257,0.61240000000000006,104959.4310635585,referendum_federal
258,0.5657,491625.13801795384,referendum_federal
259,0.5677,491606.6573873762,referendum_federal
26,0.584,57534.38438324122,referendum_federal
260,0.5964,307666.1280541792,referendum_federal
261,0.6017,424388.0713972013,referendum_federal
262,0.5849,416219.3321893571,referendum_federal
263,0.6189,202919.6077625286,referendum_federal
264,0.6057,348173.7020949003,referendum_federal
265,0.5913,412661.20895595336,referendum_federal
266,0.604,354339.2293625429,referendum_federal
267,0.6358,257722.21503823865,referendum_federal
268,0.5991,130377.2162091822,referendum_federal
269,0.6029,290285.00161643716,referendum_federal
27,0.5846,102365.55669514439,referendum_federal
270,0.6063,194226.28914273845,referendum_federal
271,0.5623,250850.54595401778,referendum_federal
272,0.6182,359984.238399364,referendum_federal
273,0.6042,160617.35190101372,referendum_federal
274,0.5785,329508.5250784324,referendum_federal
275,0.5829,254270.4667512479,referendum_federal
276,0.5954,106758.04057529704,referendum_federal
277,0.6057,444702.13988692965,referendum_federal
278,0.5994,383546.90227372816,referendum_federal
279,0.6169,147715.086276244,referendum_federal
28,0.5629,84831.94110845958,referendum_federal
280,0.5913,107018.23038466662,referendum_federal
281,0.5554,202798.83261378773,referendum_federal
282,0.5801,192423.43880240252,referendum_federal
283,0.5895,225032.24425116144,referendum_federal
284,0.5927,348801.7132893969,referendum_federal
285,0.6194,108392.23134283043,referendum_federal
286,0.5992,201667.8261551113,referendum_federal
287,0.5705,229313.18383026638,referendum_federal
288,0.588,163230.1480521498,referendum_federal
289,0.5949,229928.3931788717,referendum_federal
29,0.5701,158934.59525744084,referendum_federal
290,0.5846,171933.35017208458,referendum_federal
291,0.6082,150155.75647540676,referendum_federal
292,0.6075,170495.5530644437,referendum_federal
293,0.5973,157126.21900124924,referendum_federal
294,0.5848,224073.31687500788,referendum_federal
295,0.6214,121224.48169688437,referendum_federal
296,0.5882,266542.8073390067,referendum_federal
297,0.5945,116068.39548367709,referendum_federal
298,0.5979,100536.02565406008,referendum_federal
299,0.61,127721.3017367024,referendum_federal
3,0.5755,115851.86522588492,referendum_federal
30,0.5726,139576.16384651398,referendum_federal
31,0.5685,196135.60089437373,referendum_federal
32,0.5745,124018.8382025247,referendum_federal
33,0.5606,155893.75991417954,referendum_federal
34,0.5604,96231.59370696604,referendum_federal
35,0.5727,115171.85584071466,referendum_federal
36,0.5883,206407.69602351406,referendum_federal
37,0.5318,87383.08550697024,referendum_federal
38,0.5742,281285.77678616863,referendum_federal
39,0.5584,226123.33709281817,referendum_federal
4,0.5678,219096.40566326873,referendum_federal
40,0.5876,105268.95765060993,referendum_federal
41,0.5669,906040.0002060288,referendum_federal
42,0.549,906040.0000290013,referendum_federal
43,0.5653,905426.4123814947,referendum_federal
44,0.5816,101457.30386766187,referendum_federal
45,0.5852,124862.07580933305,referendum_federal
46,0.5718,87457.91952152424,referendum_federal
47,0.5711,905515.5202521704,referendum_federal
48,0.5714,213288.40224674714,referendum_federal
49,0.583,89973.62500013925,referendum_federal
5,0.5358,203904.38777736196,referendum_federal
50,0.5635,205009.19059761005,referendum_federal
51,0.602,88144.4655599578,referendum_federal
52,0.5646,137316.49886528339,referendum_federal
53,0.5387,264493.9772962256,referendum_federal
54,0.5565,459481.451911284,referendum_federal
55,0.5784,328883.2354039019,referendum_federal
56,0.6261,78979.82450200847,referendum_federal
57,0.6348,109443.59297400215,referendum_federal
58,0.6211,165824.85855315597,referendum_federal
59,0.6489,155615.10817955213,referendum_federal
6,0.5754,112031.67277091801,referendum_federal
60,0.6165,155549.23788756167,referendum_federal
61,0.5828,154558.62871543417,referendum_federal
62,0.6351,134829.15146844977,referendum_federal
63,0.6423,134329.34255962222,referendum_federal
64,0.6817,84498.56508792723,referendum_federal
65,0.6754,79525.85822991289,referendum_federal
66,0.6444,71739.71605479502,referendum_federal
67,0.6709,106284.84831675599,referendum_federal
68,0.6471,166610.327614394,referendum_federal
69,0.6614,164610.48028456897,referendum_federal
7,0.5664,256373.54635692938,referendum_federal
70,0.6657,93215.15114076332,referendum_federal
71,0.6794,133361.2526046149,referendum_federal
72,0.6479,157021.8587295553,referendum_federal
73,0.6883,142062.0442874195,referendum_federal
74,0.683,120532.22450632381,referendum_federal
75,0.5756,2877040.0000032624,referendum_federal
76,0.5789,2876906.1867174297,referendum_federal
77,0.5942,2876920.9828373524,referendum_federal
78,0.5794,2876421.751616364,referendum_federal
79,0.573,2876860.9932270315,referendum_federal
8,0.5816,211014.82904146786,referendum_federal
80,0.5814,2877039.9999880577,referendum_federal
81,0.5865,2876994.508906475,referendum_federal
82,0.5877,2877040.0163646573,referendum_federal
83,0.5871,2877040.000000056,referendum_federal
84,0.5995,2876558.3705327353,referendum_federal
85,0.5733,2876637.8723200033,referendum_federal
86,0.604,2877039.991728962,referendum_federal
87,0.5538,469838.9638431637,referendum_federal
88,0.5649,469519.8665093225,referendum_federal
89,0.5931,206063.7555109461,referendum_federal
9,0.5754,165842.74609892463,referendum_federal
90,0.5905,217520.41696543677,referendum_federal
91,0.5942,377284.1712779972,referendum_federal
92,0.5868,182042.29332300788,referendum_federal
93,0.551,826064.115036562,referendum_federal
94,0.5439,825997.9357487308,referendum_federal
95,0.5436,825493.2232396624,referendum_federal
96,0.5314,255570.0786535427,referendum_federal
97,0.5924,479910.6564404217,referendum_federal
98,0.564,479718.72344821633,referendum_federal
99,0.604,215526.51344431812,referendum_federal
1,0.747,156146.91219309898,same_sex_marriage
10,0.7622,166471.2930691627,same_sex_marriage
100,0.7309,225480.3522156972,same_sex_marriage
101,0.7737,407890.85381560476,same_sex_marriage
102,0.7333,281768.98076001246,same_sex_marriage
103,0.7138,142658.23720478482,same_sex_marriage
104,0.725,391543.0373754122,same_sex_marriage
105,0.7184,391558.8004555166,same_sex_marriage
106,0.7448,494218.3319042906,same_sex_marriage
107,0.7805,494219.96093411255,same_sex_marriage
108,0.7438,363673.56008346134,same_sex_marriage
109,0.704,209297.8539070891,same_sex_marriage
11,0.7509,166836.21906336443,same_sex_marriage
110,0.7338,320280.1149764613,same_sex_marriage
111,0.7107,236760.5046750637,same_sex_marriage
112,0.7129,249336.21906869547,same_sex_marriage
113,0.734,366336.2851592385,same_sex_marriage
114,0.743,299541.1330563543,same_sex_marriage
115,0.734,396276.38943833264,same_sex_marriage
116,0.7339,396373.33212362515,same_sex_marriage
117,0.7199,243750.69746423358,same_sex_marriage
118,0.7479,203613.27195902585,same_sex_marriage
119,0.7415,455933.8732086029,same_sex_marriage
12,0.7144,153175.19652881895,same_sex_marriage
120,0.7415,456020.53375132655,same_sex_marriage
121,0.7476,498771.4750146778,same_sex_marriage
122,0.7439,498709.6427058843,same_sex_marriage
123,0.7382,204675.96619656123,same_sex_marriage
124,0.7247,326015.12804966717,same_sex_marriage
125,0.7376,366415.6006192377,same_sex_marriage
126,0.6827,293566.14240599767,same_sex_marriage
127,0.7284,194330.8471030403,same_sex_marriage
128,0.7416,350928.9874258416,same_sex_marriage
129,0.7994,244367.79992332731,same_sex_marriage
13,0.7105,156364.76501065,same_sex_marriage
130,0.7207,220117.08373788834,same_sex_marriage
131,0.7038,283928.1380258957,same_sex_marriage
132,0.7787,264316.5948110892,same_sex_marriage
133,0.7075,206947.44889617665,same_sex_marriage
134,0.7259,252840.34757535404,same_sex_marriage
135,0.6853,275039.22121060453,same_sex_marriage
136,0.6944,150831.06981403066,same_sex_marriage
137,0.6856,246867.57793827367,same_sex_marriage
138,0.7412,201784.98668589175,same_sex_marriage
139,0.7208,254498.50955151534,same_sex_marriage
14,0.71,171852.85511876698,same_sex_marriage
140,0.7717,288318.3119799407,same_sex_marriage
141,0.7506,196999.4437813509,same_sex_marriage
142,0.7637,479802.95794022887,same_sex_marriage
143,0.7627,479821.29101912136,same_sex_marriage
144,0.7545,317213.10804336413,same_sex_marriage
145,0.7248,221583.589226408,same_sex_marriage
146,0.7035,235963.20544327798,same_sex_marriage
147,0.7133,207983.59959208468,same_sex_marriage
148,0.7266,220544.11485789935,same_sex_marriage
149,0.694,189899.65486953108,same_sex_marriage
15,0.706,177171.1056234898,same_sex_marriage
150,0.693,328426.4883106674,same_sex_marriage
151,0.6623,156287.43169108193,same_sex_marriage
152,0.7642,447273.0462806228,same_sex_marriage
153,0.7782,447243.65590118093,same_sex_marriage
154,0.6776,203485.01944982784,same_sex_marriage
155,0.6482,189334.39291100815,same_sex_marriage
156,0.6492,230765.27810862593,same_sex_marriage
157,0.6488,191431.58226584247,same_sex_marriage
158,0.6374,189315.47007156236,same_sex_marriage
159,0.7275,417647.8505356109,same_sex_marriage
16,0.7125,188390.8326199093,same_sex_marriage
160,0.6945,341234.6099588987,same_sex_marriage
161,0.6613,234219.82598483737,same_sex_marriage
162,0.6688,179951.4826308836,same_sex_marriage
163,0.6358,243241.04581463398,same_sex_marriage
164,0.6071,256612.53907117652,same_sex_marriage
165,0.6539,245404.13989671535,same_sex_marriage
166,0.6387,176363.3722710095,same_sex_marriage
167,0.7184,150847.19248560639,same_sex_marriage
168,0.7437,174948.92758784763,same_sex_marriage
169,0.7284,82837.07649342252,same_sex_marriage
17,0.6979,192718.9279291037,same_sex_marriage
170,0.7148,134244.55708584565,same_sex_marriage
171,0.7508,192767.679643849,same_sex_marriage
172,0.7206,199828.3130746693,same_sex_marriage
173,0.7288,151701.4962621543,same_sex_marriage
174,0.7119,138746.12312425295,same_sex_marriage
175,0.7177,288922.3772270948,same_sex_marriage
176,0.7171,162361.87609394698,same_sex_marriage
177,0.744,243612.56356526492,same_sex_marriage
178,0.7012,142711.3720274556,same_sex_marriage
179,0.7541,227070.2518071342,same_sex_marriage
18,0.7708,1421002.2593554342,same_sex_marriage
180,0.7322,331219.6662066321,same_sex_marriage
181,0.7269,186134.08587471946,same_sex_marriage
182,0.7777,597316.9289922566,same_sex_marriage
183,0.7437,597119.979697627,same_sex_marriage
184,0.7263,207677.8943569085,same_sex_marriage
185,0.7503,246244.22266916416,same_sex_marriage
186,0.7646,209100.38922005054,same_sex_marriage
187,0.7352,151964.41207017357,same_sex_marriage
188,0.7231,217023.4649560447,same_sex_marriage
189,0.6969,63479.47863541032,same_sex_marriage
19,0.7993,1430556.9948969542,same_sex_marriage
190,0.6889,98328.8375353136,same_sex_marriage
191,0.6961,57329.668210706746,same_sex_marriage
192,0.6666,97103.89456177686,same_sex_marriage
193,0.7384,128018.6219006737,same_sex_marriage
194,0.6747,71429.80636382155,same_sex_marriage
195,0.6703,66552.61663215315,same_sex_marriage
196,0.678,65604.03583878439,same_sex_marriage
197,0.7255,124497.04897961108,same_sex_marriage
198,0.7357,129788.89967360128,same_sex_marriage
199,0.7314,126188.29445828657,same_sex_marriage
2,0.7592,126617.81067176482,same_sex_marriage
20,0.791,1431329.7804752644,same_sex_marriage
200,0.7381,71012.6202541161,same_sex_marriage
201,0.697,97548.86235301365,same_sex_marriage
202,0.7264,68267.7552315342,same_sex_marriage
203,0.714,110806.5196587859,same_sex_marriage
204,0.7424,141190.6093562236,same_sex_marriage
205,0.7495,165730.91092029086,same_sex_marriage
206,0.7378,111780.77145883288,same_sex_marriage
207,0.6958,110882.44884675027,same_sex_marriage
208,0.7567,94362.25613613243,same_sex_marriage
209,0.6978,60711.17813870885,same_sex_marriage
21,0.8055,1431298.9874824153,same_sex_marriage
210,0.6879,68045.19178860822,same_sex_marriage
211,0.7458,88636.80629276097,same_sex_marriage
212,0.6728,88824.58818819381,same_sex_marriage
213,0.6975,106040.88849210861,same_sex_marriage
214,0.7158,114277.4362937002,same_sex_marriage
215,0.7132,138772.1022482832,same_sex_marriage
216,0.7251,94460.0472031337,same_sex_marriage
217,0.7541,1204507.0364880688,same_sex_marriage
218,0.7654,1204367.2685137496,same_sex_marriage
219,0.7566,1203811.9304614188,same_sex_marriage
22,0.768,1430951.582966886,same_sex_marriage
220,0.7707,1204570.5462810397,same_sex_marriage
221,0.7021,273975.8695181723,same_sex_marriage
222,0.6973,195381.17695181782,same_sex_marriage
223,0.7023,87433.09608902044,same_sex_marriage
224,0.7378,97927.10241617101,same_sex_marriage
225,0.702,114691.21344866653,same_sex_marriage
226,0.7164,86171.71429780195,same_sex_marriage
227,0.6514,79236.91113039952,same_sex_marriage
228,0.6673,108643.97946313373,same_sex_marriage
229,0.6551,148549.29339360775,same_sex_marriage
23,0.7876,1430979.5587980626,same_sex_marriage
230,0.655,88837.43598801222,same_sex_marriage
231,0.6561,68797.40963185742,same_sex_marriage
232,0.6773,90761.54694977363,same_sex_marriage
233,0.6882,147987.87406906814,same_sex_marriage
234,0.6529,108652.73819635087,same_sex_marriage
235,0.6625,63773.85339297382,same_sex_marriage
236,0.7001,102030.78339398111,same_sex_marriage
237,0.6814,81108.48554729173,same_sex_marriage
238,0.7157,55680.5282195036,same_sex_marriage
239,0.7063,62920.67454943145,same_sex_marriage
24,0.752,140060.76032577365,same_sex_marriage
240,0.6947,71998.71051860439,same_sex_marriage
241,0.6868,118560.08657677029,same_sex_marriage
242,0.7074,99670.56706345096,same_sex_marriage
243,0.6816,79906.38667921201,same_sex_marriage
244,0.7596,421645.16416584176,same_sex_marriage
245,0.7292,310021.82372011937,same_sex_marriage
246,0.7284,114053.8546474647,same_sex_marriage
247,0.7018,129000.1599732756,same_sex_marriage
248,0.6944,67732.83506927769,same_sex_marriage
249,0.6818,98381.05661136859,same_sex_marriage
25,0.6984,205347.6206726869,same_sex_marriage
250,0.6825,77853.19820796055,same_sex_marriage
251,0.7104,123141.43426387003,same_sex_marriage
252,0.7068,234967.86250354463,same_sex_marriage
253,0.6815,169670.2451007896,same_sex_marriage
254,0.6667,94243.60739768743,same_sex_marriage
255,0.6912,114492.67486453363,same_sex_marriage
256,0.6796,106263.59875116046,same_sex_marriage
257,0.6521,104959.4310635585,same_sex_marriage
258,0.7647,491625.13801795384,same_sex_marriage
259,0.7512,491606.6573873762,same_sex_marriage
26,0.73,57534.38438324122,same_sex_marriage
260,0.7213,307666.1280541792,same_sex_marriage
261,0.7231,424388.0713972013,same_sex_marriage
262,0.7121,416219.3321893571,same_sex_marriage
263,0.6873,202919.6077625286,same_sex_marriage
264,0.6745,348173.7020949003,same_sex_marriage
265,0.7176,412661.20895595336,same_sex_marriage
266,0.7329,354339.2293625429,same_sex_marriage
267,0.6889,257722.21503823865,same_sex_marriage
268,0.7014,130377.2162091822,same_sex_marriage
269,0.7123,290285.00161643716,same_sex_marriage
27,0.7762,102365.55669514439,same_sex_marriage
270,0.7145,194226.28914273845,same_sex_marriage
271,0.795,250850.54595401778,same_sex_marriage
272,0.7126,359984.238399364,same_sex_marriage
273,0.6604,160617.35190101372,same_sex_marriage
274,0.7774,329508.5250784324,same_sex_marriage
275,0.7694,254270.4667512479,same_sex_marriage
276,0.663,106758.04057529704,same_sex_marriage
277,0.7105,444702.13988692965,same_sex_marriage
278,0.7115,383546.90227372816,same_sex_marriage
279,0.6998,147715.086276244,same_sex_marriage
28,0.7747,84831.94110845958,same_sex_marriage
280,0.6787,107018.23038466662,same_sex_marriage
281,0.7699,202798.83261378773,same_sex_marriage
282,0.7085,192423.43880240252,same_sex_marriage
283,0.7016,225032.24425116144,same_sex_marriage
284,0.6754,348801.7132893969,same_sex_marriage
285,0.6636,108392.23134283043,same_sex_marriage
286,0.7116,201667.8261551113,same_sex_marriage
287,0.7219,229313.18383026638,same_sex_marriage
288,0.7279,163230.1480521498,same_sex_marriage
289,0.7182,229928.3931788717,same_sex_marriage
29,0.738,158934.59525744084,same_sex_marriage
290,0.7391,171933.35017208458,same_sex_marriage
291,0.7225,150155.75647540676,same_sex_marriage
292,0.6916,170495.5530644437,same_sex_marriage
293,0.7032,157126.21900124924,same_sex_marriage
294,0.7291,224073.31687500788,same_sex_marriage
295,0.6808,121224.48169688437,same_sex_marriage
296,0.7513,266542.8073390067,same_sex_marriage
297,0.7283,116068.39548367709,same_sex_marriage
298,0.6939,100536.02565406008,same_sex_marriage
299,0.7161,127721.3017367024,same_sex_marriage
3,0.7366,115851.86522588492,same_sex_marriage
30,0.7316,139576.16384651398,same_sex_marriage
31,0.7264,196135.60089437373,same_sex_marriage
32,0.7277,124018.8382025247,same_sex_marriage
33,0.7421,155893.75991417954,same_sex_marriage
34,0.7528,96231.59370696604,same_sex_marriage
35,0.7489,115171.85584071466,same_sex_marriage
36,0.7466,206407.69602351406,same_sex_marriage
37,0.7662,87383.08550697024,same_sex_marriage
38,0.7203,281285.77678616863,same_sex_marriage
39,0.7675,226123.33709281817,same_sex_marriage
4,0.756,219096.40566326873,same_sex_marriage
40,0.7211,105268.95765060993,same_sex_marriage
41,0.7664,906040.0002060288,same_sex_marriage
42,0.7488,906040.0000290013,same_sex_marriage
43,0.764,905426.4123814947,same_sex_marriage
44,0.7142,101457.30386766187,same_sex_marriage
45,0.7581,124862.07580933305,same_sex_marriage
46,0.7328,87457.91952152424,same_sex_marriage
47,0.751,905515.5202521704,same_sex_marriage
48,0.7299,213288.40224674714,same_sex_marriage
49,0.7159,89973.62500013925,same_sex_marriage
5,0.7778,203904.38777736196,same_sex_marriage
50,0.7306,205009.19059761005,same_sex_marriage
51,0.7424,88144.4655599578,same_sex_marriage
52,0.7399,137316.49886528339,same_sex_marriage
53,0.7667,264493.9772962256,same_sex_marriage
54,0.7918,459481.451911284,same_sex_marriage
55,0.7718,328883.2354039019,same_sex_marriage
56,0.7152,78979.82450200847,same_sex_marriage
57,0.6909,109443.59297400215,same_sex_marriage
58,0.7368,165824.85855315597,same_sex_marriage
59,0.7283,155615.10817955213,same_sex_marriage
6,0.7419,112031.67277091801,same_sex_marriage
60,0.731,155549.23788756167,same_sex_marriage
61,0.754,154558.62871543417,same_sex_marriage
62,0.7241,134829.15146844977,same_sex_marriage
63,0.7214,134329.34255962222,same_sex_marriage
64,0.673,84498.56508792723,same_sex_marriage
65,0.7289,79525.85822991289,same_sex_marriage
66,0.7332,71739.71605479502,same_sex_marriage
67,0.699,106284.84831675599,same_sex_marriage
68,0.7036,166610.327614394,same_sex_marriage
69,0.7354,164610.48028456897,same_sex_marriage
7,0.7455,256373.54635692938,same_sex_marriage
70,0.6868,93215.15114076332,same_sex_marriage
71,0.6648,133361.2526046149,same_sex_marriage
72,0.7204,157021.8587295553,same_sex_marriage
73,0.6634,142062.0442874195,same_sex_marriage
74,0.6643,120532.22450632381,same_sex_marriage
75,0.7639,2877040.0000032624,same_sex_marriage
76,0.794,2876906.1867174297,same_sex_marriage
77,0.7635,2876920.9828373524,same_sex_marriage
78,0.7502,2876421.751616364,same_sex_marriage
79,0.7734,2876860.9932270315,same_sex_marriage
8,0.7379,211014.82904146786,same_sex_marriage
80,0.7738,2877039.9999880577,same_sex_marriage
81,0.7814,2876994.508906475,same_sex_marriage
82,0.7605,2877040.0163646573,same_sex_marriage
83,0.797,2877040.000000056,same_sex_marriage
84,0.7959,2876558.3705327353,same_sex_marriage
85,0.7379,2876637.8723200033,same_sex_marriage
86,0.7884,2877039.991728962,same_sex_marriage
87,0.7567,469838.9638431637,same_sex_marriage
88,0.7467,469519.8665093225,same_sex_marriage
89,0.7042,206063.7555109461,same_sex_marriage
9,0.7235,165842.74609892463,same_sex_marriage
90,0.7167,217520.41696543677,same_sex_marriage
91,0.7269,377284.1712779972,same_sex_marriage
92,0.7032,182042.29332300788,same_sex_marriage
93,0.7729,826064.115036562,same_sex_marriage
94,0.7927,825997.9357487308,same_sex_marriage
95,0.7813,825493.2232396624,same_sex_marriage
96,0.7864,255570.0786535427,same_sex_marriage
97,0.7199,479910.6564404217,same_sex_marriage
98,0.7127,479718.72344821633,same_sex_marriage
99,0.6848,215526.51344431812,same_sex_marriage
1,0.3213,156146.91219309898,nuclear_energy
10,0.3351,166471.2930691627,nuclear_energy
100,0.3556,225480.3522156972,nuclear_energy
101,0.3603,407890.85381560476,nuclear_energy
102,0.3715,281768.98076001246,nuclear_energy
103,0.3785,142658.23720478482,nuclear_energy
104,0.3654,391543.0373754122,nuclear_energy
105,0.3924,391558.8004555166,nuclear_energy
106,0.3201,494218.3319042906,nuclear_energy
107,0.3446,494219.96093411255,nuclear_energy
108,0.4129,363673.56008346134,nuclear_energy
109,0.3653,209297.8539070891,nuclear_energy
11,0.3181,166836.21906336443,nuclear_energy
110,0.3361,320280.1149764613,nuclear_energy
111,0.3525,236760.5046750637,nuclear_energy
112,0.3588,249336.21906869547,nuclear_energy
113,0.3615,366336.2851592385,nuclear_energy
114,0.3598,299541.1330563543,nuclear_energy
115,0.3861,396276.38943833264,nuclear_energy
116,0.3715,396373.33212362515,nuclear_energy
117,0.373,243750.69746423358,nuclear_energy
118,0.3863,203613.27195902585,nuclear_energy
119,0.3737,455933.8732086029,nuclear_energy
12,0.4056,153175.19652881895,nuclear_energy
120,0.3876,456020.53375132655,nuclear_energy
121,0.4062,498771.4750146778,nuclear_energy
122,0.3874,498709.6427058843,nuclear_energy
123,0.4233,204675.96619656123,nuclear_energy
124,0.3767,326015.12804966717,nuclear_energy
125,0.36870000000000003,366415.6006192377,nuclear_energy
126,0.3249,293566.14240599767,nuclear_energy
127,0.3922,194330.8471030403,nuclear_energy
128,0.326,350928.9874258416,nuclear_energy
129,0.2994,244367.79992332731,nuclear_energy
13,0.4073,156364.76501065,nuclear_energy
130,0.3722,220117.08373788834,nuclear_energy
131,0.3549,283928.1380258957,nuclear_energy
132,0.3489,264316.5948110892,nuclear_energy
133,0.3805,206947.44889617665,nuclear_energy
134,0.3546,252840.34757535404,nuclear_energy
135,0.3783,275039.22121060453,nuclear_energy
136,0.3619,150831.06981403066,nuclear_energy
137,0.3806,246867.57793827367,nuclear_energy
138,0.3595,201784.98668589175,nuclear_energy
139,0.3719,254498.50955151534,nuclear_energy
14,0.4288,171852.85511876698,nuclear_energy
140,0.3491,288318.3119799407,nuclear_energy
141,0.3797,196999.4437813509,nuclear_energy
142,0.3624,479802.95794022887,nuclear_energy
143,0.3714,479821.29101912136,nuclear_energy
144,0.381,317213.10804336413,nuclear_energy
145,0.3463,221583.589226408,nuclear_energy
146,0.3983,235963.20544327798,nuclear_energy
147,0.3893,207983.59959208468,nuclear_energy
148,0.382,220544.11485789935,nuclear_energy
149,0.3993,189899.65486953108,nuclear_energy
15,0.4125,177171.1056234898,nuclear_energy
150,0.3882,328426.4883106674,nuclear_energy
151,0.4717,156287.43169108193,nuclear_energy
152,0.4136,447273.0462806228,nuclear_energy
153,0.4195,447243.65590118093,nuclear_energy
154,0.4728,203485.01944982784,nuclear_energy
155,0.531,189334.39291100815,nuclear_energy
156,0.5468,230765.27810862593,nuclear_energy
157,0.5008,191431.58226584247,nuclear_energy
158,0.5568,189315.47007156236,nuclear_energy
159,0.4477,417647.8505356109,nuclear_energy
16,0.4307,188390.8326199093,nuclear_energy
160,0.4721,341234.6099588987,nuclear_energy
161,0.5021,234219.82598483737,nuclear_energy
162,0.4477,179951.4826308836,nuclear_energy
163,0.5529,243241.04581463398,nuclear_energy
164,0.5588,256612.53907117652,nuclear_energy
165,0.5273,245404.13989671535,nuclear_energy
166,0.5156,176363.3722710095,nuclear_energy
167,0.3496,150847.19248560639,nuclear_energy
168,0.3363,174948.92758784763,nuclear_energy
169,0.3626,82837.07649342252,nuclear_energy
17,0.4079,192718.9279291037,nuclear_energy
170,0.393,134244.55708584565,nuclear_energy
171,0.3401,192767.679643849,nuclear_energy
172,0.3862,199828.3130746693,nuclear_energy
173,0.3743,151701.4962621543,nuclear_energy
174,0.4106,138746.12312425295,nuclear_energy
175,0.386,288922.3772270948,nuclear_energy
176,0.3813,162361.87609394698,nuclear_energy
177,0.3637,243612.56356526492,nuclear_energy
178,0.3774,142711.3720274556,nuclear_energy
179,0.3464,227070.2518071342,nuclear_energy
18,0.3492,1421002.2593554342,nuclear_energy
180,0.3975,331219.6662066321,nuclear_energy
181,0.3711,186134.08587471946,nuclear_energy
182,0.3392,597316.9289922566,nuclear_energy
183,0.3144,597119.979697627,nuclear_energy
184,0.347,207677.8943569085,nuclear_energy
185,0.3611,246244.22266916416,nuclear_energy
186,0.356,209100.38922005054,nuclear_energy
187,0.3743,151964.41207017357,nuclear_energy
188,0.3888,217023.4649560447,nuclear_energy
189,0.4749,63479.47863541032,nuclear_energy
19,0.314,1430556.9948969542,nuclear_energy
190,0.4686,98328.8375353136,nuclear_energy
191,0.4898,57329.668210706746,nuclear_energy
192,0.4706,97103.89456177686,nuclear_energy
193,0.4355,128018.6219006737,nuclear_energy
194,0.5235,71429.80636382155,nuclear_energy
195,0.4855,66552.61663215315,nuclear_energy
196,0.5027,65604.03583878439,nuclear_energy
197,0.3826,124497.04897961108,nuclear_energy
198,0.3426,129788.89967360128,nuclear_energy
199,0.3791,126188.29445828657,nuclear_energy
2,0.3016,126617.81067176482,nuclear_energy
20,0.3157,1431329.7804752644,nuclear_energy
200,0.3712,71012.6202541161,nuclear_energy
201,0.3973,97548.86235301365,nuclear_energy
202,0.3551,68267.7552315342,nuclear_energy
203,0.3632,110806.5196587859,nuclear_energy
204,0.3764,141190.6093562236,nuclear_energy
205,0.3263,165730.91092029086,nuclear_energy
206,0.4073,111780.77145883288,nuclear_energy
207,0.4183,110882.44884675027,nuclear_energy
208,0.3889,94362.25613613243,nuclear_energy
209,0.3768,60711.17813870885,nuclear_energy
21,0.2877,1431298.9874824153,nuclear_energy
210,0.439,68045.19178860822,nuclear_energy
211,0.3567,88636.80629276097,nuclear_energy
212,0.4398,88824.58818819381,nuclear_energy
213,0.4009,106040.88849210861,nuclear_energy
214,0.4268,114277.4362937002,nuclear_energy
215,0.3988,138772.1022482832,nuclear_energy
216,0.4329,94460.0472031337,nuclear_energy
217,0.3663,1204507.0364880688,nuclear_energy
218,0.3636,1204367.2685137496,nuclear_energy
219,0.388,1203811.9304614188,nuclear_energy
22,0.2815,1430951.582966886,nuclear_energy
220,0.3708,1204570.5462810397,nuclear_energy
221,0.3696,273975.8695181723,nuclear_energy
222,0.3689,195381.17695181782,nuclear_energy
223,0.3902,87433.09608902044,nuclear_energy
224,0.3862,97927.10241617101,nuclear_energy
225,0.3358,114691.21344866653,nuclear_energy
226,0.3994,86171.71429780195,nuclear_energy
227,0.4455,79236.91113039952,nuclear_energy
228,0.4243,108643.97946313373,nuclear_energy
229,0.4379,148549.29339360775,nuclear_energy
23,0.315,1430979.5587980626,nuclear_energy
230,0.441,88837.43598801222,nuclear_energy
231,0.4705,68797.40963185742,nuclear_energy
232,0.4083,90761.54694977363,nuclear_energy
233,0.4371,147987.87406906814,nuclear_energy
234,0.4579,108652.73819635087,nuclear_energy
235,0.4436,63773.85339297382,nuclear_energy
236,0.4314,102030.78339398111,nuclear_energy
237,0.3859,81108.48554729173,nuclear_energy
238,0.4187,55680.5282195036,nuclear_energy
239,0.4298,62920.67454943145,nuclear_energy
24,0.3334,140060.76032577365,nuclear_energy
240,0.4113,71998.71051860439,nuclear_energy
241,0.3857,118560.08657677029,nuclear_energy
242,0.4234,99670.56706345096,nuclear_energy
243,0.4052,79906.38667921201,nuclear_energy
244,0.3747,421645.16416584176,nuclear_energy
245,0.3657,310021.82372011937,nuclear_energy
246,0.3838,114053.8546474647,nuclear_energy
247,0.4126,129000.1599732756,nuclear_energy
248,0.4522,67732.83506927769,nuclear_energy
249,0.3955,98381.05661136859,nuclear_energy
25,0.3615,205347.6206726869,nuclear_energy
250,0.417,77853.19820796055,nuclear_energy
251,0.3756,123141.43426387003,nuclear_energy
252,0.3854,234967.86250354463,nuclear_energy
253,0.407,169670.2451007896,nuclear_energy
254,0.4225,94243.60739768743,nuclear_energy
255,0.424,114492.67486453363,nuclear_energy
256,0.374,106263.59875116046,nuclear_energy
257,0.425,104959.4310635585,nuclear_energy
258,0.4267,491625.13801795384,nuclear_energy
259,0.3535,491606.6573873762,nuclear_energy
26,0.3282,57534.38438324122,nuclear_energy
260,0.4017,307666.1280541792,nuclear_energy
261,0.3946,424388.0713972013,nuclear_energy
262,0.4112,416219.3321893571,nuclear_energy
263,0.4287,202919.6077625286,nuclear_energy
264,0.3812,348173.7020949003,nuclear_energy
265,0.4165,412661.20895595336,nuclear_energy
266,0.396,354339.2293625429,nuclear_energy
267,0.4783,257722.21503823865,nuclear_energy
268,0.4215,130377.2162091822,nuclear_energy
269,0.3945,290285.00161643716,nuclear_energy
27,0.347,102365.55669514439,nuclear_energy
270,0.4107,194226.28914273845,nuclear_energy
271,0.3521,250850.54595401778,nuclear_energy
272,0.4216,359984.238399364,nuclear_energy
273,0.397,160617.35190101372,nuclear_energy
274,0.3638,329508.5250784324,nuclear_energy
275,0.3637,254270.4667512479,nuclear_energy
276,0.3695,106758.04057529704,nuclear_energy
277,0.4075,444702.13988692965,nuclear_energy
278,0.446,383546.90227372816,nuclear_energy
279,0.4237,147715.086276244,nuclear_energy
28,0.3083,84831.94110845958,nuclear_energy
280,0.4304,107018.23038466662,nuclear_energy
281,0.3192,202798.83261378773,nuclear_energy
282,0.3327,192423.43880240252,nuclear_energy
283,0.3802,225032.24425116144,nuclear_energy
284,0.4077,348801.7132893969,nuclear_energy
285,0.4179,108392.23134283043,nuclear_energy
286,0.3959,201667.8261551113,nuclear_energy
287,0.3435,229313.18383026638,nuclear_energy
288,0.3321,163230.1480521498,nuclear_energy
289,0.3821,229928.3931788717,nuclear_energy
29,0.3358,158934.59525744084,nuclear_energy
290,0.3543,171933.35017208458,nuclear_energy
291,0.3997,150155.75647540676,nuclear_energy
292,0.4007,170495.5530644437,nuclear_energy
293,0.3834,157126.21900124924,nuclear_energy
294,0.3611,224073.31687500788,nuclear_energy
295,0.414,121224.48169688437,nuclear_energy
296,0.3612,266542.8073390067,nuclear_energy
297,0.3853,116068.39548367709,nuclear_energy
298,0.3851,100536.02565406008,nuclear_energy
299,0.4218,127721.3017367024,nuclear_energy
3,0.3802,115851.86522588492,nuclear_energy
30,0.3351,139576.16384651398,nuclear_energy
31,0.372,196135.60089437373,nuclear_energy
32,0.38,124018.8382025247,nuclear_energy
33,0.328,155893.75991417954,nuclear_energy
34,0.3424,96231.59370696604,nuclear_energy
35,0.3261,115171.85584071466,nuclear_energy
36,0.348,206407.69602351406,nuclear_energy
37,0.2974,87383.08550697024,nuclear_energy
38,0.3504,281285.77678616863,nuclear_energy
39,0.3503,226123.33709281817,nuclear_energy
4,0.3435,219096.40566326873,nuclear_energy
40,0.3803,105268.95765060993,nuclear_energy
41,0.3413,906040.0002060288,nuclear_energy
42,0.3343,906040.0000290013,nuclear_energy
43,0.3507,905426.4123814947,nuclear_energy
44,0.3561,101457.30386766187,nuclear_energy
45,0.3847,124862.07580933305,nuclear_energy
46,0.3503,87457.91952152424,nuclear_energy
47,0.361,905515.5202521704,nuclear_energy
48,0.3464,213288.40224674714,nuclear_energy
49,0.3563,89973.62500013925,nuclear_energy
5,0.292,203904.38777736196,nuclear_energy
50,0.3505,205009.19059761005,nuclear_energy
51,0.3689,88144.4655599578,nuclear_energy
52,0.302,137316.49886528339,nuclear_energy
53,0.3178,264493.9772962256,nuclear_energy
54,0.301,459481.451911284,nuclear_energy
55,0.3225,328883.2354039019,nuclear_energy
56,0.3867,78979.82450200847,nuclear_energy
57,0.4108,109443.59297400215,nuclear_energy
58,0.4181,165824.85855315597,nuclear_energy
59,0.4351,155615.10817955213,nuclear_energy
6,0.3371,112031.67277091801,nuclear_energy
60,0.3954,155549.23788756167,nuclear_energy
61,0.3552,154558.62871543417,nuclear_energy
62,0.4154,134829.15146844977,nuclear_energy
63,0.4517,134329.34255962222,nuclear_energy
64,0.4857,84498.56508792723,nuclear_energy
65,0.4446,79525.85822991289,nuclear_energy
66,0.3786,71739.71605479502,nuclear_energy
67,0.4628,106284.84831675599,nuclear_energy
68,0.4413,166610.327614394,nuclear_energy
69,0.4343,164610.48028456897,nuclear_energy
7,0.3522,256373.54635692938,nuclear_energy
70,0.4426,93215.15114076332,nuclear_energy
71,0.4685,133361.2526046149,nuclear_energy
72,0.4477,157021.8587295553,nuclear_energy
73,0.4556,142062.0442874195,nuclear_energy
74,0.4897,120532.22450632381,nuclear_energy
75,0.3844,2877040.0000032624,nuclear_energy
76,0.3465,2876906.1867174297,nuclear_energy
77,0.3551,2876920.9828373524,nuclear_energy
78,0.3748,2876421.751616364,nuclear_energy
79,0.342,2876860.9932270315,nuclear_energy
8,0.3565,211014.82904146786,nuclear_energy
80,0.3727,2877039.9999880577,nuclear_energy
81,0.3591,2876994.508906475,nuclear_energy
82,0.3076,2877040.0163646573,nuclear_energy
83,0.3398,2877040.000000056,nuclear_energy
84,0.355,2876558.3705327353,nuclear_energy
85,0.3686,2876637.8723200033,nuclear_energy
86,0.3668,2877039.991728962,nuclear_energy
87,0.3722,469838.9638431637,nuclear_energy
88,0.3327,469519.8665093225,nuclear_energy
89,0.4047,206063.7555109461,nuclear_energy
9,0.3514,165842.74609892463,nuclear_energy
90,0.3693,217520.41696543677,nuclear_energy
91,0.3764,377284.1712779972,nuclear_energy
92,0.3648,182042.29332300788,nuclear_energy
93,0.3305,826064.115036562,nuclear_energy
94,0.3332,825997.9357487308,nuclear_energy
95,0.3133,825493.2232396624,nuclear_energy
96,0.3453,255570.0786535427,nuclear_energy
97,0.3539,479910.6564404217,nuclear_energy
98,0.4011,479718.72344821633,nuclear_energy
99,0.3826,215526.51344431812,nuclear_energy
1,0.2042,156146.91219309898,religion_orient
10,0.2082,166471.2930691627,religion_orient
100,0.2593,225480.3522156972,religion_orient
101,0.1994,407890.85381560476,religion_orient
102,0.2436,281768.98076001246,religion_orient
103,0.2219,142658.23720478482,religion_orient
104,0.2328,391543.0373754122,religion_orient
105,0.2512,391558.8004555166,religion_orient
106,0.2168,494218.3319042906,religion_orient
107,0.2191,494219.96093411255,religion_orient
108,0.2368,363673.56008346134,religion_orient
109,0.2444,209297.8539070891,religion_orient
11,0.1929,166836.21906336443,religion_orient
110,0.2678,320280.1149764613,religion_orient
111,0.257,236760.5046750637,religion_orient
112,0.2663,249336.21906869547,religion_orient
113,0.207,366336.2851592385,religion_orient
114,0.2508,299541.1330563543,religion_orient
115,0.2178,396276.38943833264,religion_orient
116,0.2059,396373.33212362515,religion_orient
117,0.2028,243750.69746423358,religion_orient
118,0.2117,203613.27195902585,religion_orient
119,0.2174,455933.8732086029,religion_orient
12,0.1679,153175.19652881895,religion_orient
120,0.2316,456020.53375132655,religion_orient
121,0.2239,498771.4750146778,religion_orient
122,0.2125,498709.6427058843,religion_orient
123,0.2183,204675.96619656123,religion_orient
124,0.2725,326015.12804966717,religion_orient
125,0.2505,366415.6006192377,religion_orient
126,0.2928,293566.14240599767,religion_orient
127,0.2667,194330.8471030403,religion_orient
128,0.2321,350928.9874258416,religion_orient
129,0.1907,244367.79992332731,religion_orient
13,0.1652,156364.76501065,religion_orient
130,0.2436,220117.08373788834,religion_orient
131,0.2544,283928.1380258957,religion_orient
132,0.195,264316.5948110892,religion_orient
133,0.2039,206947.44889617665,religion_orient
134,0.1954,252840.34757535404,religion_orient
135,0.2356,275039.22121060453,religion_orient
136,0.2766,150831.06981403066,religion_orient
137,0.3228,246867.57793827367,religion_orient
138,0.2628,201784.98668589175,religion_orient
139,0.287,254498.50955151534,religion_orient
14,0.2016,171852.85511876698,religion_orient
140,0.2185,288318.3119799407,religion_orient
141,0.2158,196999.4437813509,religion_orient
142,0.2174,479802.95794022887,religion_orient
143,0.1949,479821.29101912136,religion_orient
144,0.2289,317213.10804336413,religion_orient
145,0.2494,221583.589226408,religion_orient
146,0.2318,235963.20544327798,religion_orient
147,0.3162,207983.59959208468,religion_orient
148,0.262,220544.11485789935,religion_orient
149,0.3052,189899.65486953108,religion_orient
15,0.1824,177171.1056234898,religion_orient
150,0.3141,328426.4883106674,religion_orient
151,0.1919,156287.43169108193,religion_orient
152,0.1542,447273.0462806228,religion_orient
153,0.1505,447243.65590118093,religion_orient
154,0.209,203485.01944982784,religion_orient
155,0.191,189334.39291100815,religion_orient
156,0.2067,230765.27810862593,religion_orient
157,0.1997,191431.58226584247,religion_orient
158,0.2077,189315.47007156236,religion_orient
159,0.1677,417647.8505356109,religion_orient
16,0.1781,188390.8326199093,religion_orient
160,0.2024,341234.6099588987,religion_orient
161,0.2432,234219.82598483737,religion_orient
162,0.2227,179951.4826308836,religion_orient
163,0.186,243241.04581463398,religion_orient
164,0.2582,256612.53907117652,religion_orient
165,0.2335,245404.13989671535,religion_orient
166,0.2402,176363.3722710095,religion_orient
167,0.2288,150847.19248560639,religion_orient
168,0.2127,174948.92758784763,religion_orient
169,0.253,82837.07649342252,religion_orient
17,0.1946,192718.9279291037,religion_orient
170,0.2388,134244.55708584565,religion_orient
171,0.2162,192767.679643849,religion_orient
172,0.2272,199828.3130746693,religion_orient
173,0.2392,151701.4962621543,religion_orient
174,0.262,138746.12312425295,religion_orient
175,0.2305,288922.3772270948,religion_orient
176,0.2646,162361.87609394698,religion_orient
177,0.1842,243612.56356526492,religion_orient
178,0.2548,142711.3720274556,religion_orient
179,0.2155,227070.2518071342,religion_orient
18,0.1956,1421002.2593554342,religion_orient
180,0.2111,331219.6662066321,religion_orient
181,0.2413,186134.08587471946,religion_orient
182,0.2089,597316.9289922566,religion_orient
183,0.2058,597119.979697627,religion_orient
184,0.2201,207677.8943569085,religion_orient
185,0.2136,246244.22266916416,religion_orient
186,0.1929,209100.38922005054,religion_orient
187,0.2179,151964.41207017357,religion_orient
188,0.2293,217023.4649560447,religion_orient
189,0.2189,63479.47863541032,religion_orient
19,0.1772,1430556.9948969542,religion_orient
190,0.1805,98328.8375353136,religion_orient
191,0.1928,57329.668210706746,religion_orient
192,0.1533,97103.89456177686,religion_orient
193,0.1592,128018.6219006737,religion_orient
194,0.1862,71429.80636382155,religion_orient
195,0.1792,66552.61663215315,religion_orient
196,0.1909,65604.03583878439,religion_orient
197,0.2491,124497.04897961108,religion_orient
198,0.2363,129788.89967360128,religion_orient
199,0.2297,126188.29445828657,religion_orient
2,0.223,126617.81067176482,religion_orient
20,0.1562,1431329.7804752644,religion_orient
200,0.2356,71012.6202541161,religion_orient
201,0.2431,97548.86235301365,religion_orient
202,0.258,68267.7552315342,religion_orient
203,0.2336,110806.5196587859,religion_orient
204,0.2681,141190.6093562236,religion_orient
205,0.2171,165730.91092029086,religion_orient
206,0.2249,111780.77145883288,religion_orient
207,0.2191,110882.44884675027,religion_orient
208,0.214,94362.25613613243,religion_orient
209,0.2508,60711.17813870885,religion_orient
21,0.1669,1431298.9874824153,religion_orient
210,0.2369,68045.19178860822,religion_orient
211,0.2097,88636.80629276097,religion_orient
212,0.2847,88824.58818819381,religion_orient
213,0.2611,106040.88849210861,religion_orient
214,0.2693,114277.4362937002,religion_orient
215,0.2436,138772.1022482832,religion_orient
216,0.2521,94460.0472031337,religion_orient
217,0.2336,1204507.0364880688,religion_orient
218,0.2393,1204367.2685137496,religion_orient
219,0.2169,1203811.9304614188,religion_orient
22,0.1701,1430951.582966886,religion_orient
220,0.2071,1204570.5462810397,religion_orient
221,0.2709,273975.8695181723,religion_orient
222,0.2634,195381.17695181782,religion_orient
223,0.2426,87433.09608902044,religion_orient
224,0.2763,97927.10241617101,religion_orient
225,0.2905,114691.21344866653,religion_orient
226,0.3189,86171.71429780195,religion_orient
227,0.319,79236.91113039952,religion_orient
228,0.2316,108643.97946313373,religion_orient
229,0.3175,148549.29339360775,religion_orient
23,0.1938,1430979.5587980626,religion_orient
230,0.3096,88837.43598801222,religion_orient
231,0.2329,68797.40963185742,religion_orient
232,0.2634,90761.54694977363,religion_orient
233,0.2547,147987.87406906814,religion_orient
234,0.2717,108652.73819635087,religion_orient
235,0.279,63773.85339297382,religion_orient
236,0.2666,102030.78339398111,religion_orient
237,0.2892,81108.48554729173,religion_orient
238,0.2172,55680.5282195036,religion_orient
239,0.3127,62920.67454943145,religion_orient
24,0.1982,140060.76032577365,religion_orient
240,0.3223,71998.71051860439,religion_orient
241,0.3118,118560.08657677029,religion_orient
242,0.2686,99670.56706345096,religion_orient
243,0.2726,79906.38667921201,religion_orient
244,0.2056,421645.16416584176,religion_orient
245,0.284,310021.82372011937,religion_orient
246,0.2523,114053.8546474647,religion_orient
247,0.2552,129000.1599732756,religion_orient
248,0.2725,67732.83506927769,religion_orient
249,0.2853,98381.05661136859,religion_orient
25,0.2398,205347.6206726869,religion_orient
250,0.342,77853.19820796055,religion_orient
251,0.2638,123141.43426387003,religion_orient
252,0.2573,234967.86250354463,religion_orient
253,0.2796,169670.2451007896,religion_orient
254,0.2668,94243.60739768743,religion_orient
255,0.2479,114492.67486453363,religion_orient
256,0.2778,106263.59875116046,religion_orient
257,0.3035,104959.4310635585,religion_orient
258,0.2205,491625.13801795384,religion_orient
259,0.215,491606.6573873762,religion_orient
26,0.2104,57534.38438324122,religion_orient
260,0.2344,307666.1280541792,religion_orient
261,0.2442,424388.0713972013,religion_orient
262,0.2482,416219.3321893571,religion_orient
263,0.2272,202919.6077625286,religion_orient
264,0.2569,348173.7020949003,religion_orient
265,0.2431,412661.20895595336,religion_orient
266,0.2701,354339.2293625429,religion_orient
267,0.2612,257722.21503823865,religion_orient
268,0.2459,130377.2162091822,religion_orient
269,0.26,290285.00161643716,religion_orient
27,0.2353,102365.55669514439,religion_orient
270,0.2413,194226.28914273845,religion_orient
271,0.1869,250850.54595401778,religion_orient
272,0.2457,359984.238399364,religion_orient
273,0.2292,160617.35190101372,religion_orient
274,0.2086,329508.5250784324,religion_orient
275,0.2012,254270.4667512479,religion_orient
276,0.2535,106758.04057529704,religion_orient
277,0.2881,444702.13988692965,religion_orient
278,0.235,383546.90227372816,religion_orient
279,0.236,147715.086276244,religion_orient
28,0.2269,84831.94110845958,religion_orient
280,0.3402,107018.23038466662,religion_orient
281,0.1883,202798.83261378773,religion_orient
282,0.2251,192423.43880240252,religion_orient
283,0.2537,225032.24425116144,religion_orient
284,0.2796,348801.7132893969,religion_orient
285,0.2822,108392.23134283043,religion_orient
286,0.2461,201667.8261551113,religion_orient
287,0.2438,229313.18383026638,religion_orient
288,0.2175,163230.1480521498,religion_orient
289,0.2933,229928.3931788717,religion_orient
29,0.1894,158934.59525744084,religion_orient
290,0.249,171933.35017208458,religion_orient
291,0.2446,150155.75647540676,religion_orient
292,0.28,170495.5530644437,religion_orient
293,0.2651,157126.21900124924,religion_orient
294,0.2483,224073.31687500788,religion_orient
295,0.2488,121224.48169688437,religion_orient
296,0.1896,266542.8073390067,religion_orient
297,0.195,116068.39548367709,religion_orient
298,0.2295,100536.02565406008,religion_orient
299,0.2157,127721.3017367024,religion_orient
3,0.2212,115851.86522588492,religion_orient
30,0.217,139576.16384651398,religion_orient
31,0.2912,196135.60089437373,religion_orient
32,0.2941,124018.8382025247,religion_orient
33,0.2073,155893.75991417954,religion_orient
34,0.1772,96231.59370696604,religion_orient
35,0.1751,115171.85584071466,religion_orient
36,0.1969,206407.69602351406,religion_orient
37,0.1699,87383.08550697024,religion_orient
38,0.2306,281285.77678616863,religion_orient
39,0.1964,226123.33709281817,religion_orient
4,0.1804,219096.40566326873,religion_orient
40,0.2105,105268.95765060993,religion_orient
41,0.1971,906040.0002060288,religion_orient
42,0.2071,906040.0000290013,religion_orient
43,0.1758,905426.4123814947,religion_orient
44,0.2179,101457.30386766187,religion_orient
45,0.2036,124862.07580933305,religion_orient
46,0.1909,87457.91952152424,religion_orient
47,0.2042,905515.5202521704,religion_orient
48,0.2519,213288.40224674714,religion_orient
49,0.1985,89973.62500013925,religion_orient
5,0.176,203904.38777736196,religion_orient
50,0.1919,205009.19059761005,religion_orient
51,0.2234,88144.4655599578,religion_orient
52,0.1955,137316.49886528339,religion_orient
53,0.1822,264493.9772962256,religion_orient
54,0.177,459481.451911284,religion_orient
55,0.2218,328883.2354039019,religion_orient
56,0.1636,78979.82450200847,religion_orient
57,0.2044,109443.59297400215,religion_orient
58,0.1971,165824.85855315597,religion_orient
59,0.1533,155615.10817955213,religion_orient
6,0.2295,112031.67277091801,religion_orient
60,0.1883,155549.23788756167,religion_orient
61,0.1365,154558.62871543417,religion_orient
62,0.1813,134829.15146844977,religion_orient
63,0.1784,134329.34255962222,religion_orient
64,0.1861,84498.56508792723,religion_orient
65,0.1867,79525.85822991289,religion_orient
66,0.199,71739.71605479502,religion_orient
67,0.1814,106284.84831675599,religion_orient
68,0.2017,166610.327614394,religion_orient
69,0.1834,164610.48028456897,religion_orient
7,0.2166,256373.54635692938,religion_orient
70,0.1927,93215.15114076332,religion_orient
71,0.1969,133361.2526046149,religion_orient
72,0.1784,157021.8587295553,religion_orient
73,0.213,142062.0442874195,religion_orient
74,0.1602,120532.22450632381,religion_orient
75,0.3285,2877040.0000032624,religion_orient
76,0.1633,2876906.1867174297,religion_orient
77,0.176,2876920.9828373524,religion_orient
78,0.1684,2876421.751616364,religion_orient
79,0.2081,2876860.9932270315,religion_orient
8,0.2184,211014.82904146786,religion_orient
80,0.206,2877039.9999880577,religion_orient
81,0.1627,2876994.508906475,religion_orient
82,0.1809,2877040.0163646573,religion_orient
83,0.1692,2877040.000000056,religion_orient
84,0.175,2876558.3705327353,religion_orient
85,0.1633,2876637.8723200033,religion_orient
86,0.1558,2877039.991728962,religion_orient
87,0.2253,469838.9638431637,religion_orient
88,0.1936,469519.8665093225,religion_orient
89,0.2283,206063.7555109461,religion_orient
9,0.2424,165842.74609892463,religion_orient
90,0.2584,217520.41696543677,religion_orient
91,0.2162,377284.1712779972,religion_orient
92,0.2329,182042.29332300788,religion_orient
93,0.2061,826064.115036562,religion_orient
94,0.1629,825997.9357487308,religion_orient
95,0.1781,825493.2232396624,religion_orient
96,0.2098,255570.0786535427,religion_orient
97,0.253,479910.6564404217,religion_orient
98,0.2454,479718.72344821633,religion_orient
99,0.2492,215526.51344431812,religion_orient
1,0.2867,156146.91219309898,dmark_return
10,0.2893,166471.2930691627,dmark_return
100,0.267,225480.3522156972,dmark_return
101,0.2814,407890.85381560476,dmark_return
102,0.3648,281768.98076001246,dmark_return
103,0.3622,142658.23720478482,dmark_return
104,0.2992,391543.0373754122,dmark_return
105,0.3218,391558.8004555166,dmark_return
106,0.2682,494218.3319042906,dmark_return
107,0.2753,494219.96093411255,dmark_return
108,0.3134,363673.56008346134,dmark_return
109,0.3646,209297.8539070891,dmark_return
11,0.3037,166836.21906336443,dmark_return
110,0.2949,320280.1149764613,dmark_return
111,0.2932,236760.5046750637,dmark_return
112,0.3486,249336.21906869547,dmark_return
113,0.3259,366336.2851592385,dmark_return
114,0.3566,299541.1330563543,dmark_return
115,0.3994,396276.38943833264,dmark_return
116,0.3915,396373.33212362515,dmark_return
117,0.3639,243750.69746423358,dmark_return
118,0.3158,203613.27195902585,dmark_return
119,0.3521,455933.8732086029,dmark_return
12,0.3242,153175.19652881895,dmark_return
120,0.3279,456020.53375132655,dmark_return
121,0.3617,498771.4750146778,dmark_return
122,0.3761,498709.6427058843,dmark_return
123,0.4365,204675.96619656123,dmark_return
124,0.3045,326015.12804966717,dmark_return
125,0.3341,366415.6006192377,dmark_return
126,0.317,293566.14240599767,dmark_return
127,0.311,194330.8471030403,dmark_return
128,0.3032,350928.9874258416,dmark_return
129,0.1882,244367.79992332731,dmark_return
13,0.3014,156364.76501065,dmark_return
130,0.3021,220117.08373788834,dmark_return
131,0.3162,283928.1380258957,dmark_return
132,0.299,264316.5948110892,dmark_return
133,0.3419,206947.44889617665,dmark_return
134,0.3249,252840.34757535404,dmark_return
135,0.3249,275039.22121060453,dmark_return
136,0.3379,150831.06981403066,dmark_return
137,0.3193,246867.57793827367,dmark_return
138,0.3459,201784.98668589175,dmark_return
139,0.3153,254498.50955151534,dmark_return
14,0.3124,171852.85511876698,dmark_return
140,0.3195,288318.3119799407,dmark_return
141,0.3207,196999.4437813509,dmark_return
142,0.36,479802.95794022887,dmark_return
143,0.3397,479821.29101912136,dmark_return
144,0.3471,317213.10804336413,dmark_return
145,0.3734,221583.589226408,dmark_return
146,0.3321,235963.20544327798,dmark_return
147,0.3475,207983.59959208468,dmark_return
148,0.3059,220544.11485789935,dmark_return
149,0.3497,189899.65486953108,dmark_return
15,0.3512,177171.1056234898,dmark_return
150,0.3776,328426.4883106674,dmark_return
151,0.3483,156287.43169108193,dmark_return
152,0.2759,447273.0462806228,dmark_return
153,0.2388,447243.65590118093,dmark_return
154,0.353,203485.01944982784,dmark_return
155,0.3166,189334.39291100815,dmark_return
156,0.3298,230765.27810862593,dmark_return
157,0.3499,191431.58226584247,dmark_return
158,0.3026,189315.47007156236,dmark_return
159,0.2547,417647.8505356109,dmark_return
16,0.3355,188390.8326199093,dmark_return
160,0.2685,341234.6099588987,dmark_return
161,0.3126,234219.82598483737,dmark_return
162,0.3102,179951.4826308836,dmark_return
163,0.2958,243241.04581463398,dmark_return
164,0.3622,256612.53907117652,dmark_return
165,0.3506,245404.13989671535,dmark_return
166,0.3369,176363.3722710095,dmark_return
167,0.3349,150847.19248560639,dmark_return
168,0.3012,174948.92758784763,dmark_return
169,0.3193,82837.07649342252,dmark_return
17,0.3527,192718.9279291037,dmark_return
170,0.3377,134244.55708584565,dmark_return
171,0.253,192767.679643849,dmark_return
172,0.3285,199828.3130746693,dmark_return
173,0.3129,151701.4962621543,dmark_return
174,0.3175,138746.12312425295,dmark_return
175,0.2945,288922.3772270948,dmark_return
176,0.2825,162361.87609394698,dmark_return
177,0.2938,243612.56356526492,dmark_return
178,0.3134,142711.3720274556,dmark_return
179,0.3297,227070.2518071342,dmark_return
18,0.2883,1421002.2593554342,dmark_return
180,0.317,331219.6662066321,dmark_return
181,0.2878,186134.08587471946,dmark_return
182,0.2985,597316.9289922566,dmark_return
183,0.2703,597119.979697627,dmark_return
184,0.326,207677.8943569085,dmark_return
185,0.3101,246244.22266916416,dmark_return
186,0.2842,209100.38922005054,dmark_return
187,0.2753,151964.41207017357,dmark_return
188,0.3026,217023.4649560447,dmark_return
189,0.3415,63479.47863541032,dmark_return
19,0.2628,1430556.9948969542,dmark_return
190,0.3211,98328.8375353136,dmark_return
191,0.2696,57329.668210706746,dmark_return
192,0.3276,97103.89456177686,dmark_return
193,0.3094,128018.6219006737,dmark_return
194,0.3168,71429.80636382155,dmark_return
195,0.3144,66552.61663215315,dmark_return
196,0.3231,65604.03583878439,dmark_return
197,0.3535,124497.04897961108,dmark_return
198,0.3377,129788.89967360128,dmark_return
199,0.3156,126188.29445828657,dmark_return
2,0.3008,126617.81067176482,dmark_return
20,0.2683,1431329.7804752644,dmark_return
200,0.3407,71012.6202541161,dmark_return
201,0.3802,97548.86235301365,dmark_return
202,0.3384,68267.7552315342,dmark_return
203,0.2793,110806.5196587859,dmark_return
204,0.3678,141190.6093562236,dmark_return
205,0.2774,165730.91092029086,dmark_return
206,0.3128,111780.77145883288,dmark_return
207,0.3111,110882.44884675027,dmark_return
208,0.2738,94362.25613613243,dmark_return
209,0.3335,60711.17813870885,dmark_return
21,0.2549,1431298.9874824153,dmark_return
210,0.3501,68045.19178860822,dmark_return
211,0.3121,88636.80629276097,dmark_return
212,0.386,88824.58818819381,dmark_return
213,0.2861,106040.88849210861,dmark_return
214,0.3126,114277.4362937002,dmark_return
215,0.3129,138772.1022482832,dmark_return
216,0.3388,94460.0472031337,dmark_return
217,0.2616,1204507.0364880688,dmark_return
218,0.2856,1204367.2685137496,dmark_return
219,0.2614,1203811.9304614188,dmark_return
22,0.2601,1430951.582966886,dmark_return
220,0.2485,1204570.5462810397,dmark_return
221,0.2438,273975.8695181723,dmark_return
222,0.2892,195381.17695181782,dmark_return
223,0.2843,87433.09608902044,dmark_return
224,0.2429,97927.10241617101,dmark_return
225,0.3134,114691.21344866653,dmark_return
226,0.3334,86171.71429780195,dmark_return
227,0.3792,79236.91113039952,dmark_return
228,0.344,108643.97946313373,dmark_return
229,0.399,148549.29339360775,dmark_return
23,0.2823,1430979.5587980626,dmark_return
230,0.405,88837.43598801222,dmark_return
231,0.4192,68797.40963185742,dmark_return
232,0.3616,90761.54694977363,dmark_return
233,0.3425,147987.87406906814,dmark_return
234,0.3811,108652.73819635087,dmark_return
235,0.3704,63773.85339297382,dmark_return
236,0.3393,102030.78339398111,dmark_return
237,0.3475,81108.48554729173,dmark_return
238,0.3882,55680.5282195036,dmark_return
239,0.3654,62920.67454943145,dmark_return
24,0.3241,140060.76032577365,dmark_return
240,0.3496,71998.71051860439,dmark_return
241,0.3774,118560.08657677029,dmark_return
242,0.2892,99670.56706345096,dmark_return
243,0.3203,79906.38667921201,dmark_return
244,0.3361,421645.16416584176,dmark_return
245,0.3511,310021.82372011937,dmark_return
246,0.327,114053.8546474647,dmark_return
247,0.3125,129000.1599732756,dmark_return
248,0.3379,67732.83506927769,dmark_return
249,0.3612,98381.05661136859,dmark_return
25,0.3794,205347.6206726869,dmark_return
250,0.3583,77853.19820796055,dmark_return
251,0.2775,123141.43426387003,dmark_return
252,0.3555,234967.86250354463,dmark_return
253,0.3072,169670.2451007896,dmark_return
254,0.3491,94243.60739768743,dmark_return
255,0.363,114492.67486453363,dmark_return
256,0.2999,106263.59875116046,dmark_return
257,0.3364,104959.4310635585,dmark_return
258,0.2817,491625.13801795384,dmark_return
259,0.281,491606.6573873762,dmark_return
26,0.3438,57534.38438324122,dmark_return
260,0.2868,307666.1280541792,dmark_return
261,0.315,424388.0713972013,dmark_return
262,0.3054,416219.3321893571,dmark_return
263,0.374,202919.6077625286,dmark_return
264,0.3179,348173.7020949003,dmark_return
265,0.3326,412661.20895595336,dmark_return
266,0.2822,354339.2293625429,dmark_return
267,0.3434,257722.21503823865,dmark_return
268,0.3359,130377.2162091822,dmark_return
269,0.336,290285.00161643716,dmark_return
27,0.2706,102365.55669514439,dmark_return
270,0.3466,194226.28914273845,dmark_return
271,0.2531,250850.54595401778,dmark_return
272,0.3326,359984.238399364,dmark_return
273,0.3097,160617.35190101372,dmark_return
274,0.2853,329508.5250784324,dmark_return
275,0.3389,254270.4667512479,dmark_return
276,0.3188,106758.04057529704,dmark_return
277,0.296,444702.13988692965,dmark_return
278,0.3481,383546.90227372816,dmark_return
279,0.3362,147715.086276244,dmark_return
28,0.3216,84831.94110845958,dmark_return
280,0.3555,107018.23038466662,dmark_return
281,0.2628,202798.83261378773,dmark_return
282,0.3159,192423.43880240252,dmark_return
283,0.3257,225032.24425116144,dmark_return
284,0.3497,348801.7132893969,dmark_return
285,0.3606,108392.23134283043,dmark_return
286,0.3478,201667.8261551113,dmark_return
287,0.2959,229313.18383026638,dmark_return
288,0.3321,163230.1480521498,dmark_return
289,0.3149,229928.3931788717,dmark_return
29,0.3229,158934.59525744084,dmark_return
290,0.2896,171933.35017208458,dmark_return
291,0.3186,150155.75647540676,dmark_return
292,0.3246,170495.5530644437,dmark_return
293,0.3068,157126.21900124924,dmark_return
294,0.3079,224073.31687500788,dmark_return
295,0.3564,121224.48169688437,dmark_return
296,0.3324,266542.8073390067,dmark_return
297,0.3357,116068.39548367709,dmark_return
298,0.2946,100536.02565406008,dmark_return
299,0.3367,127721.3017367024,dmark_return
3,0.3463,115851.86522588492,dmark_return
30,0.2964,139576.16384651398,dmark_return
31,0.352,196135.60089437373,dmark_return
32,0.3431,124018.8382025247,dmark_return
33,0.308,155893.75991417954,dmark_return
34,0.2841,96231.59370696604,dmark_return
35,0.3131,115171.85584071466,dmark_return
36,0.2473,206407.69602351406,dmark_return
37,0.2678,87383.08550697024,dmark_return
38,0.2934,281285.77678616863,dmark_return
39,0.2892,226123.33709281817,dmark_return
4,0.2766,219096.40566326873,dmark_return
40,0.3317,105268.95765060993,dmark_return
41,0.276,906040.0002060288,dmark_return
42,0.262,906040.0000290013,dmark_return
43,0.2681,905426.4123814947,dmark_return
44,0.3454,101457.30386766187,dmark_return
45,0.298,124862.07580933305,dmark_return
46,0.2986,87457.91952152424,dmark_return
47,0.27,905515.5202521704,dmark_return
48,0.3059,213288.40224674714,dmark_return
49,0.3232,89973.62500013925,dmark_return
5,0.2489,203904.38777736196,dmark_return
50,0.281,205009.19059761005,dmark_return
51,0.3013,88144.4655599578,dmark_return
52,0.2995,137316.49886528339,dmark_return
53,0.2798,264493.9772962256,dmark_return
54,0.284,459481.451911284,dmark_return
55,0.3417,328883.2354039019,dmark_return
56,0.324,78979.82450200847,dmark_return
57,0.3294,109443.59297400215,dmark_return
58,0.2821,165824.85855315597,dmark_return
59,0.2883,155615.10817955213,dmark_return
6,0.2886,112031.67277091801,dmark_return
60,0.2551,155549.23788756167,dmark_return
61,0.2363,154558.62871543417,dmark_return
62,0.2801,134829.15146844977,dmark_return
63,0.2904,134329.34255962222,dmark_return
64,0.3086,84498.56508792723,dmark_return
65,0.3215,79525.85822991289,dmark_return
66,0.3418,71739.71605479502,dmark_return
67,0.3299,106284.84831675599,dmark_return
68,0.3638,166610.327614394,dmark_return
69,0.3503,164610.48028456897,dmark_return
7,0.2737,256373.54635692938,dmark_return
70,0.3458,93215.15114076332,dmark_return
71,0.376,133361.2526046149,dmark_return
72,0.3102,157021.8587295553,dmark_return
73,0.3325,142062.0442874195,dmark_return
74,0.356,120532.22450632381,dmark_return
75,0.3567,2877040.0000032624,dmark_return
76,0.2494,2876906.1867174297,dmark_return
77,0.2865,2876920.9828373524,dmark_return
78,0.2749,2876421.751616364,dmark_return
79,0.293,2876860.9932270315,dmark_return
8,0.2752,211014.82904146786,dmark_return
80,0.2879,2877039.9999880577,dmark_return
81,0.3148,2876994.508906475,dmark_return
82,0.274,2877040.0163646573,dmark_return
83,0.2885,2877040.000000056,dmark_return
84,0.2599,2876558.3705327353,dmark_return
85,0.2776,2876637.8723200033,dmark_return
86,0.3075,2877039.991728962,dmark_return
87,0.2819,469838.9638431637,dmark_return
88,0.3186,469519.8665093225,dmark_return
89,0.3608,206063.7555109461,dmark_return
9,0.3284,165842.74609892463,dmark_return
90,0.3473,217520.41696543677,dmark_return
91,0.3337,377284.1712779972,dmark_return
92,0.3226,182042.29332300788,dmark_return
93,0.2729,826064.115036562,dmark_return
94,0.2378,825997.9357487308,dmark_return
95,0.2648,825493.2232396624,dmark_return
96,0.2358,255570.0786535427,dmark_return
97,0.2802,479910.6564404217,dmark_return
98,0.2651,479718.72344821633,dmark_return
99,0.3196,215526.51344431812,dmark_return
1,0.4998,156146.91219309898,internet_control
10,0.5026,166471.2930691627,internet_control
100,0.4955,225480.3522156972,internet_control
101,0.4475,407890.85381560476,internet_control
102,0.4829,281768.98076001246,internet_control
103,0.4829,142658.23720478482,internet_control
104,0.4881,391543.0373754122,internet_control
105,0.5013,391558.8004555166,internet_control
106,0.4557,494218.3319042906,internet_control
107,0.4444,494219.96093411255,internet_control
108,0.5098,363673.56008346134,internet_control
109,0.4929,209297.8539070891,internet_control
11,0.4853,166836.21906336443,internet_control
110,0.4891,320280.1149764613,internet_control
111,0.5156,236760.5046750637,internet_control
112,0.5303,249336.21906869547,internet_control
113,0.5005,366336.2851592385,internet_control
114,0.4968,299541.1330563543,internet_control
115,0.4803,396276.38943833264,internet_control
116,0.4652,396373.33212362515,internet_control
117,0.4842,243750.69746423358,internet_control
118,0.481,203613.27195902585,internet_control
119,0.479,455933.8732086029,internet_control
12,0.5234,153175.19652881895,internet_control
120,0.4646,456020.53375132655,internet_control
121,0.5049,498771.4750146778,internet_control
122,0.5032,498709.6427058843,internet_control
123,0.4747,204675.96619656123,internet_control
124,0.5118,326015.12804966717,internet_control
125,0.498,366415.6006192377,internet_control
126,0.5313,293566.14240599767,internet_control
127,0.5243,194330.8471030403,internet_control
128,0.5044,350928.9874258416,internet_control
129,0.433,244367.79992332731,internet_control
13,0.5193,156364.76501065,internet_control
130,0.5271,220117.08373788834,internet_control
131,0.4932,283928.1380258957,internet_control
132,0.4672,264316.5948110892,internet_control
133,0.5005,206947.44889617665,internet_control
134,0.5035,252840.34757535404,internet_control
135,0.507,275039.22121060453,internet_control
136,0.5335,150831.06981403066,internet_control
137,0.512,246867.57793827367,internet_control
138,0.4976,201784.98668589175,internet_control
139,0.5061,254498.50955151534,internet_control
14,0.5117,171852.85511876698,internet_control
140,0.4622,288318.3119799407,internet_control
141,0.4761,196999.4437813509,internet_control
142,0.4612,479802.95794022887,internet_control
143,0.4584,479821.29101912136,internet_control
144,0.5027,317213.10804336413,internet_control
145,0.4961,221583.589226408,internet_control
146,0.5125,235963.20544327798,internet_control
147,0.5505,207983.59959208468,internet_control
148,0.5017,220544.11485789935,internet_control
149,0.5261,189899.65486953108,internet_control
15,0.5377,177171.1056234898,internet_control
150,0.5237,328426.4883106674,internet_control
151,0.5233,156287.43169108193,internet_control
152,0.439,447273.0462806228,internet_control
153,0.4491,447243.65590118093,internet_control
154,0.5131,203485.01944982784,internet_control
155,0.5199,189334.39291100815,internet_control
156,0.5373,230765.27810862593,internet_control
157,0.5355,191431.58226584247,internet_control
158,0.5219,189315.47007156236,internet_control
159,0.4517,417647.8505356109,internet_control
16,0.5294,188390.8326199093,internet_control
160,0.4661,341234.6099588987,internet_control
161,0.5314,234219.82598483737,internet_control
162,0.4856,179951.4826308836,internet_control
163,0.5314,243241.04581463398,internet_control
164,0.5278,256612.53907117652,internet_control
165,0.5313,245404.13989671535,internet_control
166,0.5441,176363.3722710095,internet_control
167,0.5249,150847.19248560639,internet_control
168,0.4888,174948.92758784763,internet_control
169,0.5277,82837.07649342252,internet_control
17,0.5349,192718.9279291037,internet_control
170,0.5167,134244.55708584565,internet_control
171,0.4872,192767.679643849,internet_control
172,0.5217,199828.3130746693,internet_control
173,0.4974,151701.4962621543,internet_control
174,0.5216,138746.12312425295,internet_control
175,0.5113,288922.3772270948,internet_control
176,0.5037,162361.87609394698,internet_control
177,0.499,243612.56356526492,internet_control
178,0.5203,142711.3720274556,internet_control
179,0.4677,227070.2518071342,internet_control
18,0.4447,1421002.2593554342,internet_control
180,0.5057,331219.6662066321,internet_control
181,0.4931,186134.08587471946,internet_control
182,0.4504,597316.9289922566,internet_control
183,0.4368,597119.979697627,internet_control
184,0.4849,207677.8943569085,internet_control
185,0.4846,246244.22266916416,internet_control
186,0.4785,209100.38922005054,internet_control
187,0.5049,151964.41207017357,internet_control
188,0.5136,217023.4649560447,internet_control
189,0.5353,63479.47863541032,internet_control
19,0.4386,1430556.9948969542,internet_control
190,0.5224,98328.8375353136,internet_control
191,0.5118,57329.668210706746,internet_control
192,0.5093,97103.89456177686,internet_control
193,0.4751,128018.6219006737,internet_control
194,0.5128,71429.80636382155,internet_control
195,0.5182,66552.61663215315,internet_control
196,0.5249,65604.03583878439,internet_control
197,0.5265,124497.04897961108,internet_control
198,0.5216,129788.89967360128,internet_control
199,0.51,126188.29445828657,internet_control
2,0.5387,126617.81067176482,internet_control
20,0.4453,1431329.7804752644,internet_control
200,0.5265,71012.6202541161,internet_control
201,0.5231,97548.86235301365,internet_control
202,0.5373,68267.7552315342,internet_control
203,0.5031,110806.5196587859,internet_control
204,0.5223,141190.6093562236,internet_control
205,0.4883,165730.91092029086,internet_control
206,0.4992,111780.77145883288,internet_control
207,0.4924,110882.44884675027,internet_control
208,0.5278,94362.25613613243,internet_control
209,0.5153,60711.17813870885,internet_control
21,0.4313,1431298.9874824153,internet_control
210,0.5335,68045.19178860822,internet_control
211,0.5158,88636.80629276097,internet_control
212,0.5325,88824.58818819381,internet_control
213,0.5134,106040.88849210861,internet_control
214,0.5171,114277.4362937002,internet_control
215,0.5098,138772.1022482832,internet_control
216,0.51,94460.0472031337,internet_control
217,0.4326,1204507.0364880688,internet_control
218,0.4285,1204367.2685137496,internet_control
219,0.4424,1203811.9304614188,internet_control
22,0.4455,1430951.582966886,internet_control
220,0.4302,1204570.5462810397,internet_control
221,0.507,273975.8695181723,internet_control
222,0.5224,195381.17695181782,internet_control
223,0.5367,87433.09608902044,internet_control
224,0.523,97927.10241617101,internet_control
225,0.5343,114691.21344866653,internet_control
226,0.5488,86171.71429780195,internet_control
227,0.5528,79236.91113039952,internet_control
228,0.5163,108643.97946313373,internet_control
229,0.5395,148549.29339360775,internet_control
23,0.4407,1430979.5587980626,internet_control
230,0.5358,88837.43598801222,internet_control
231,0.542,68797.40963185742,internet_control
232,0.5404,90761.54694977363,internet_control
233,0.5209,147987.87406906814,internet_control
234,0.5455,108652.73819635087,internet_control
235,0.5487,63773.85339297382,internet_control
236,0.5257,102030.78339398111,internet_control
237,0.5517,81108.48554729173,internet_control
238,0.5394,55680.5282195036,internet_control
239,0.5502,62920.67454943145,internet_control
24,0.5161,140060.76032577365,internet_control
240,0.5356,71998.71051860439,internet_control
241,0.5435,118560.08657677029,internet_control
242,0.4945,99670.56706345096,internet_control
243,0.5152,79906.38667921201,internet_control
244,0.4742,421645.16416584176,internet_control
245,0.4827,310021.82372011937,internet_control
246,0.5326,114053.8546474647,internet_control
247,0.5294,129000.1599732756,internet_control
248,0.548,67732.83506927769,internet_control
249,0.5504,98381.05661136859,internet_control
25,0.5214,205347.6206726869,internet_control
250,0.5248,77853.19820796055,internet_control
251,0.5187,123141.43426387003,internet_control
252,0.4687,234967.86250354463,internet_control
253,0.533,169670.2451007896,internet_control
254,0.5433,94243.60739768743,internet_control
255,0.5364,114492.67486453363,internet_control
256,0.5484,106263.59875116046,internet_control
257,0.5467,104959.4310635585,internet_control
258,0.439,491625.13801795384,internet_control
259,0.4466,491606.6573873762,internet_control
26,0.5243,57534.38438324122,internet_control
260,0.4879,307666.1280541792,internet_control
261,0.4852,424388.0713972013,internet_control
262,0.4963,416219.3321893571,internet_control
263,0.5147,202919.6077625286,internet_control
264,0.5039,348173.7020949003,internet_control
265,0.4886,412661.20895595336,internet_control
266,0.4914,354339.2293625429,internet_control
267,0.4997,257722.21503823865,internet_control
268,0.4982,130377.2162091822,internet_control
269,0.5034,290285.00161643716,internet_control
27,0.5151,102365.55669514439,internet_control
270,0.5098,194226.28914273845,internet_control
271,0.4452,250850.54595401778,internet_control
272,0.5083,359984.238399364,internet_control
273,0.5133,160617.35190101372,internet_control
274,0.4842,329508.5250784324,internet_control
275,0.4493,254270.4667512479,internet_control
276,0.5268,106758.04057529704,internet_control
277,0.4967,444702.13988692965,internet_control
278,0.5054,383546.90227372816,internet_control
279,0.5041,147715.086276244,internet_control
28,0.5153,84831.94110845958,internet_control
280,0.5168,107018.23038466662,internet_control
281,0.4855,202798.83261378773,internet_control
282,0.4962,192423.43880240252,internet_control
283,0.5123,225032.24425116144,internet_control
284,0.5215,348801.7132893969,internet_control
285,0.5144,108392.23134283043,internet_control
286,0.5188,201667.8261551113,internet_control
287,0.4987,229313.18383026638,internet_control
288,0.5111,163230.1480521498,internet_control
289,0.5082,229928.3931788717,internet_control
29,0.5198,158934.59525744084,internet_control
290,0.4855,171933.35017208458,internet_control
291,0.5035,150155.75647540676,internet_control
292,0.5144,170495.5530644437,internet_control
293,0.52,157126.21900124924,internet_control
294,0.5136,224073.31687500788,internet_control
295,0.5306,121224.48169688437,internet_control
296,0.4858,266542.8073390067,internet_control
297,0.5045,116068.39548367709,internet_control
298,0.5106,100536.02565406008,internet_control
299,0.5025,127721.3017367024,internet_control
3,0.5248,115851.86522588492,internet_control
30,0.511,139576.16384651398,internet_control
31,0.5319,196135.60089437373,internet_control
32,0.5228,124018.8382025247,internet_control
33,0.5172,155893.75991417954,internet_control
34,0.5038,96231.59370696604,internet_control
35,0.5151,115171.85584071466,internet_control
36,0.5162,206407.69602351406,internet_control
37,0.5006,87383.08550697024,internet_control
38,0.522,281285.77678616863,internet_control
39,0.4919,226123.33709281817,internet_control
4,0.51,219096.40566326873,internet_control
40,0.5139,105268.95765060993,internet_control
41,0.4765,906040.0002060288,internet_control
42,0.4866,906040.0000290013,internet_control
43,0.4788,905426.4123814947,internet_control
44,0.5288,101457.30386766187,internet_control
45,0.5003,124862.07580933305,internet_control
46,0.5169,87457.91952152424,internet_control
47,0.4756,905515.5202521704,internet_control
48,0.5145,213288.40224674714,internet_control
49,0.5038,89973.62500013925,internet_control
5,0.4426,203904.38777736196,internet_control
50,0.4555,205009.19059761005,internet_control
51,0.506,88144.4655599578,internet_control
52,0.5142,137316.49886528339,internet_control
53,0.5018,264493.9772962256,internet_control
54,0.4447,459481.451911284,internet_control
55,0.4723,328883.2354039019,internet_control
56,0.5199,78979.82450200847,internet_control
57,0.5188,109443.59297400215,internet_control
58,0.5102,165824.85855315597,internet_control
59,0.5135,155615.10817955213,internet_control
6,0.5273,112031.67277091801,internet_control
60,0.508,155549.23788756167,internet_control
61,0.4807,154558.62871543417,internet_control
62,0.5188,134829.15146844977,internet_control
63,0.5266,134329.34255962222,internet_control
64,0.5231,84498.56508792723,internet_control
65,0.5396,79525.85822991289,internet_control
66,0.5363,71739.71605479502,internet_control
67,0.5247,106284.84831675599,internet_control
68,0.5404,166610.327614394,internet_control
69,0.5012,164610.48028456897,internet_control
7,0.4957,256373.54635692938,internet_control
70,0.5504,93215.15114076332,internet_control
71,0.5401,133361.2526046149,internet_control
72,0.4973,157021.8587295553,internet_control
73,0.5306,142062.0442874195,internet_control
74,0.5419,120532.22450632381,internet_control
75,0.4517,2877040.0000032624,internet_control
76,0.4365,2876906.1867174297,internet_control
77,0.4418,2876920.9828373524,internet_control
78,0.4382,2876421.751616364,internet_control
79,0.4408,2876860.9932270315,internet_control
8,0.5069,211014.82904146786,internet_control
80,0.4365,2877039.9999880577,internet_control
81,0.4296,2876994.508906475,internet_control
82,0.4344,2877040.0163646573,internet_control
83,0.4278,2877040.000000056,internet_control
84,0.4391,2876558.3705327353,internet_control
85,0.4466,2876637.8723200033,internet_control
86,0.4418,2877039.991728962,internet_control
87,0.4627,469838.9638431637,internet_control
88,0.4685,469519.8665093225,internet_control
89,0.5122,206063.7555109461,internet_control
9,0.5375,165842.74609892463,internet_control
90,0.5065,217520.41696543677,internet_control
91,0.4931,377284.1712779972,internet_control
92,0.5096,182042.29332300788,internet_control
93,0.4481,826064.115036562,internet_control
94,0.441,825997.9357487308,internet_control
95,0.429,825493.2232396624,internet_control
96,0.4493,255570.0786535427,internet_control
97,0.5016,479910.6564404217,internet_control
98,0.4931,479718.72344821633,internet_control
99,0.5029,215526.51344431812,internet_control
1,0.5346,156146.91219309898,workfare
10,0.5361,166471.2930691627,workfare
100,0.6015,225480.3522156972,workfare
101,0.5535,407890.85381560476,workfare
102,0.531,281768.98076001246,workfare
103,0.5476,142658.23720478482,workfare
104,0.5643,391543.0373754122,workfare
105,0.5606,391558.8004555166,workfare
106,0.5376,494218.3319042906,workfare
107,0.5362,494219.96093411255,workfare
108,0.6022,363673.56008346134,workfare
109,0.5399,209297.8539070891,workfare
11,0.5418,166836.21906336443,workfare
110,0.5679,320280.1149764613,workfare
111,0.587,236760.5046750637,workfare
112,0.5875,249336.21906869547,workfare
113,0.5885,366336.2851592385,workfare
114,0.5647,299541.1330563543,workfare
115,0.5373,396276.38943833264,workfare
116,0.5139,396373.33212362515,workfare
117,0.548,243750.69746423358,workfare
118,0.5771,203613.27195902585,workfare
119,0.5471,455933.8732086029,workfare
12,0.5769,153175.19652881895,workfare
120,0.5638,456020.53375132655,workfare
121,0.5905,498771.4750146778,workfare
122,0.5585,498709.6427058843,workfare
123,0.4999,204675.96619656123,workfare
124,0.5696,326015.12804966717,workfare
125,0.5715,366415.6006192377,workfare
126,0.6148,293566.14240599767,workfare
127,0.6021,194330.8471030403,workfare
128,0.5739,350928.9874258416,workfare
129,0.5518,244367.79992332731,workfare
13,0.6175,156364.76501065,workfare
130,0.5968,220117.08373788834,workfare
131,0.6182,283928.1380258957,workfare
132,0.5037,264316.5948110892,workfare
133,0.576,206947.44889617665,workfare
134,0.5639,252840.34757535404,workfare
135,0.5527,275039.22121060453,workfare
136,0.5944,150831.06981403066,workfare
137,0.5662,246867.57793827367,workfare
138,0.5667,201784.98668589175,workfare
139,0.5578,254498.50955151534,workfare
14,0.5732,171852.85511876698,workfare
140,0.5306,288318.3119799407,workfare
141,0.5136,196999.4437813509,workfare
142,0.5427,479802.95794022887,workfare
143,0.5452,479821.29101912136,workfare
144,0.5485,317213.10804336413,workfare
145,0.5408,221583.589226408,workfare
146,0.5933,235963.20544327798,workfare
147,0.5944,207983.59959208468,workfare
148,0.5879,220544.11485789935,workfare
149,0.561,189899.65486953108,workfare
15,0.5729,177171.1056234898,workfare
150,0.586,328426.4883106674,workfare
151,0.6287,156287.43169108193,workfare
152,0.5826,447273.0462806228,workfare
153,0.5826,447243.65590118093,workfare
154,0.6564,203485.01944982784,workfare
155,0.6518,189334.39291100815,workfare
156,0.6467,230765.27810862593,workfare
157,0.6297,191431.58226584247,workfare
158,0.6617,189315.47007156236,workfare
159,0.5791,417647.8505356109,workfare
16,0.6053,188390.8326199093,workfare
160,0.6301,341234.6099588987,workfare
161,0.6715,234219.82598483737,workfare
162,0.5829,179951.4826308836,workfare
163,0.6204,243241.04581463398,workfare
164,0.6539,256612.53907117652,workfare
165,0.6424,245404.13989671535,workfare
166,0.6442,176363.3722710095,workfare
167,0.5893,150847.19248560639,workfare
168,0.5437,174948.92758784763,workfare
169,0.5935,82837.07649342252,workfare
17,0.5996,192718.9279291037,workfare
170,0.6083,134244.55708584565,workfare
171,0.5795,192767.679643849,workfare
172,0.587,199828.3130746693,workfare
173,0.5698,151701.4962621543,workfare
174,0.6134,138746.12312425295,workfare
175,0.594,288922.3772270948,workfare
176,0.568,162361.87609394698,workfare
177,0.562,243612.56356526492,workfare
178,0.6104,142711.3720274556,workfare
179,0.4981,227070.2518071342,workfare
18,0.4992,1421002.2593554342,workfare
180,0.616,331219.6662066321,workfare
181,0.616,186134.08587471946,workfare
182,0.5102,597316.9289922566,workfare
183,0.5279,597119.979697627,workfare
184,0.5403,207677.8943569085,workfare
185,0.5653,246244.22266916416,workfare
186,0.5406,209100.38922005054,workfare
187,0.5769,151964.41207017357,workfare
188,0.5792,217023.4649560447,workfare
189,0.6571,63479.47863541032,workfare
19,0.5,1430556.9948969542,workfare
190,0.6316,98328.8375353136,workfare
191,0.6494,57329.668210706746,workfare
192,0.612,97103.89456177686,workfare
193,0.5881,128018.6219006737,workfare
194,0.6145,71429.80636382155,workfare
195,0.6471,66552.61663215315,workfare
196,0.6508,65604.03583878439,workfare
197,0.5524,124497.04897961108,workfare
198,0.615,129788.89967360128,workfare
199,0.5628,126188.29445828657,workfare
2,0.5773,126617.81067176482,workfare
20,0.5088,1431329.7804752644,workfare
200,0.5972,71012.6202541161,workfare
201,0.5703,97548.86235301365,workfare
202,0.5938,68267.7552315342,workfare
203,0.5838,110806.5196587859,workfare
204,0.5801,141190.6093562236,workfare
205,0.5401,165730.91092029086,workfare
206,0.6194,111780.77145883288,workfare
207,0.6047,110882.44884675027,workfare
208,0.6269,94362.25613613243,workfare
209,0.6069,60711.17813870885,workfare
21,0.5244,1431298.9874824153,workfare
210,0.6205,68045.19178860822,workfare
211,0.5982,88636.80629276097,workfare
212,0.6473,88824.58818819381,workfare
213,0.6062,106040.88849210861,workfare
214,0.643,114277.4362937002,workfare
215,0.6086,138772.1022482832,workfare
216,0.6345,94460.0472031337,workfare
217,0.5428,1204507.0364880688,workfare
218,0.5736,1204367.2685137496,workfare
219,0.5778,1203811.9304614188,workfare
22,0.5117,1430951.582966886,workfare
220,0.5531,1204570.5462810397,workfare
221,0.6046,273975.8695181723,workfare
222,0.5794,195381.17695181782,workfare
223,0.6185,87433.09608902044,workfare
224,0.61,97927.10241617101,workfare
225,0.597,114691.21344866653,workfare
226,0.6242,86171.71429780195,workfare
227,0.6358,79236.91113039952,workfare
228,0.5966,108643.97946313373,workfare
229,0.6079,148549.29339360775,workfare
23,0.5046,1430979.5587980626,workfare
230,0.6255,88837.43598801222,workfare
231,0.626,68797.40963185742,workfare
232,0.5822,90761.54694977363,workfare
233,0.6394,147987.87406906814,workfare
234,0.6287,108652.73819635087,workfare
235,0.6621,63773.85339297382,workfare
236,0.61,102030.78339398111,workfare
237,0.5998,81108.48554729173,workfare
238,0.5971,55680.5282195036,workfare
239,0.6082,62920.67454943145,workfare
24,0.6135,140060.76032577365,workfare
240,0.6245,71998.71051860439,workfare
241,0.6167,118560.08657677029,workfare
242,0.6073,99670.56706345096,workfare
243,0.5789,79906.38667921201,workfare
244,0.5438,421645.16416584176,workfare
245,0.567,310021.82372011937,workfare
246,0.6216,114053.8546474647,workfare
247,0.6476,129000.1599732756,workfare
248,0.6421,67732.83506927769,workfare
249,0.6135,98381.05661136859,workfare
25,0.5453,205347.6206726869,workfare
250,0.6051,77853.19820796055,workfare
251,0.5715,123141.43426387003,workfare
252,0.5679,234967.86250354463,workfare
253,0.6371,169670.2451007896,workfare
254,0.6337,94243.60739768743,workfare
255,0.6255,114492.67486453363,workfare
256,0.6217,106263.59875116046,workfare
257,0.631,104959.4310635585,workfare
258,0.5529,491625.13801795384,workfare
259,0.5229,491606.6573873762,workfare
26,0.6055,57534.38438324122,workfare
260,0.57,307666.1280541792,workfare
261,0.5786,424388.0713972013,workfare
262,0.5813,416219.3321893571,workfare
263,0.5956,202919.6077625286,workfare
264,0.6155,348173.7020949003,workfare
265,0.5879,412661.20895595336,workfare
266,0.6112,354339.2293625429,workfare
267,0.5964,257722.21503823865,workfare
268,0.6157,130377.2162091822,workfare
269,0.609,290285.00161643716,workfare
27,0.5855,102365.55669514439,workfare
270,0.5792,194226.28914273845,workfare
271,0.5321,250850.54595401778,workfare
272,0.6102,359984.238399364,workfare
273,0.6041,160617.35190101372,workfare
274,0.5365,329508.5250784324,workfare
275,0.5243,254270.4667512479,workfare
276,0.5811,106758.04057529704,workfare
277,0.6137,444702.13988692965,workfare
278,0.6043,383546.90227372816,workfare
279,0.553,147715.086276244,workfare
28,0.5488,84831.94110845958,workfare
280,0.6004,107018.23038466662,workfare
281,0.5574,202798.83261378773,workfare
282,0.5571,192423.43880240252,workfare
283,0.6064,225032.24425116144,workfare
284,0.5838,348801.7132893969,workfare
285,0.6045,108392.23134283043,workfare
286,0.5835,201667.8261551113,workfare
287,0.523,229313.18383026638,workfare
288,0.5912,163230.1480521498,workfare
289,0.5581,229928.3931788717,workfare
29,0.5724,158934.59525744084,workfare
290,0.6019,171933.35017208458,workfare
291,0.6175,150155.75647540676,workfare
292,0.6485,170495.5530644437,workfare
293,0.5995,157126.21900124924,workfare
294,0.5921,224073.31687500788,workfare
295,0.5924,121224.48169688437,workfare
296,0.5356,266542.8073390067,workfare
297,0.6324,116068.39548367709,workfare
298,0.5807,100536.02565406008,workfare
299,0.5814,127721.3017367024,workfare
3,0.5541,115851.86522588492,workfare
30,0.5998,139576.16384651398,workfare
31,0.6022,196135.60089437373,workfare
32,0.5622,124018.8382025247,workfare
33,0.5733,155893.75991417954,workfare
34,0.5874,96231.59370696604,workfare
35,0.5631,115171.85584071466,workfare
36,0.5787,206407.69602351406,workfare
37,0.5656,87383.08550697024,workfare
38,0.5525,281285.77678616863,workfare
39,0.5521,226123.33709281817,workfare
4,0.5662,219096.40566326873,workfare
40,0.6305,105268.95765060993,workfare
41,0.5473,906040.0002060288,workfare
42,0.5342,906040.0000290013,workfare
43,0.5691,905426.4123814947,workfare
44,0.5865,101457.30386766187,workfare
45,0.5945,124862.07580933305,workfare
46,0.5718,87457.91952152424,workfare
47,0.5221,905515.5202521704,workfare
48,0.5698,213288.40224674714,workfare
49,0.5589,89973.62500013925,workfare
5,0.5351,203904.38777736196,workfare
50,0.5701,205009.19059761005,workfare
51,0.5871,88144.4655599578,workfare
52,0.5574,137316.49886528339,workfare
53,0.5337,264493.9772962256,workfare
54,0.4718,459481.451911284,workfare
55,0.5463,328883.2354039019,workfare
56,0.6068,78979.82450200847,workfare
57,0.5861,109443.59297400215,workfare
58,0.623,165824.85855315597,workfare
59,0.6589,155615.10817955213,workfare
6,0.6052,112031.67277091801,workfare
60,0.63,155549.23788756167,workfare
61,0.56,154558.62871543417,workfare
62,0.6222,134829.15146844977,workfare
63,0.6349,134329.34255962222,workfare
64,0.6375,84498.56508792723,workfare
65,0.6062,79525.85822991289,workfare
66,0.6129,71739.71605479502,workfare
67,0.6458,106284.84831675599,workfare
68,0.6151,166610.327614394,workfare
69,0.6126,164610.48028456897,workfare
7,0.5754,256373.54635692938,workfare
70,0.6192,93215.15114076332,workfare
71,0.6175,133361.2526046149,workfare
72,0.5679,157021.8587295553,workfare
73,0.6116,142062.0442874195,workfare
74,0.6137,120532.22450632381,workfare
75,0.5235,2877040.0000032624,workfare
76,0.5156,2876906.1867174297,workfare
77,0.5736,2876920.9828373524,workfare
78,0.5625,2876421.751616364,workfare
79,0.5232,2876860.9932270315,workfare
8,0.5946,211014.82904146786,workfare
80,0.5139,2877039.9999880577,workfare
81,0.5383,2876994.508906475,workfare
82,0.4906,2877040.0163646573,workfare
83,0.4825,2877040.000000056,workfare
84,0.5334,2876558.3705327353,workfare
85,0.546,2876637.8723200033,workfare
86,0.5193,2877039.991728962,workfare
87,0.5494,469838.9638431637,workfare
88,0.5745,469519.8665093225,workfare
89,0.578,206063.7555109461,workfare
9,0.598,165842.74609892463,workfare
90,0.5896,217520.41696543677,workfare
91,0.6202,377284.1712779972,workfare
92,0.5897,182042.29332300788,workfare
93,0.5773,826064.115036562,workfare
94,0.5115,825997.9357487308,workfare
95,0.4911,825493.2232396624,workfare
96,0.5103,255570.0786535427,workfare
97,0.6155,479910.6564404217,workfare
98,0.5744,479718.72344821633,workfare
99,0.5578,215526.51344431812,workfare
1,0.5174,156146.91219309898,econ_current_personal
10,0.5483,166471.2930691627,econ_current_personal
100,0.5775,225480.3522156972,econ_current_personal
101,0.556,407890.85381560476,econ_current_personal
102,0.5057,281768.98076001246,econ_current_personal
103,0.5,142658.23720478482,econ_current_personal
104,0.5782,391543.0373754122,econ_current_personal
105,0.5599,391558.8004555166,econ_current_personal
106,0.5927,494218.3319042906,econ_current_personal
107,0.5702,494219.96093411255,econ_current_personal
108,0.5744,363673.56008346134,econ_current_personal
109,0.5164,209297.8539070891,econ_current_personal
11,0.5106,166836.21906336443,econ_current_personal
110,0.5761,320280.1149764613,econ_current_personal
111,0.5606,236760.5046750637,econ_current_personal
112,0.5468,249336.21906869547,econ_current_personal
113,0.5237,366336.2851592385,econ_current_personal
114,0.5387,299541.1330563543,econ_current_personal
115,0.4712,396276.38943833264,econ_current_personal
116,0.4488,396373.33212362515,econ_current_personal
117,0.5005,243750.69746423358,econ_current_personal
118,0.5557,203613.27195902585,econ_current_personal
119,0.5173,455933.8732086029,econ_current_personal
12,0.4576,153175.19652881895,econ_current_personal
120,0.542,456020.53375132655,econ_current_personal
121,0.4909,498771.4750146778,econ_current_personal
122,0.5265,498709.6427058843,econ_current_personal
123,0.471,204675.96619656123,econ_current_personal
124,0.5278,326015.12804966717,econ_current_personal
125,0.5411,366415.6006192377,econ_current_personal
126,0.5544,293566.14240599767,econ_current_personal
127,0.5857,194330.8471030403,econ_current_personal
128,0.5332,350928.9874258416,econ_current_personal
129,0.5901,244367.79992332731,econ_current_personal
13,0.4939,156364.76501065,econ_current_personal
130,0.5389,220117.08373788834,econ_current_personal
131,0.5588,283928.1380258957,econ_current_personal
132,0.5219,264316.5948110892,econ_current_personal
133,0.5144,206947.44889617665,econ_current_personal
134,0.5222,252840.34757535404,econ_current_personal
135,0.5263,275039.22121060453,econ_current_personal
136,0.559,150831.06981403066,econ_current_personal
137,0.553,246867.57793827367,econ_current_personal
138,0.5299,201784.98668589175,econ_current_personal
139,0.5398,254498.50955151534,econ_current_personal
14,0.5114,171852.85511876698,econ_current_personal
140,0.5336,288318.3119799407,econ_current_personal
141,0.5176,196999.4437813509,econ_current_personal
142,0.4943,479802.95794022887,econ_current_personal
143,0.5184,479821.29101912136,econ_current_personal
144,0.5134,317213.10804336413,econ_current_personal
145,0.4951,221583.589226408,econ_current_personal
146,0.5445,235963.20544327798,econ_current_personal
147,0.5359,207983.59959208468,econ_current_personal
148,0.5232,220544.11485789935,econ_current_personal
149,0.5297,189899.65486953108,econ_current_personal
15,0.4655,177171.1056234898,econ_current_personal
150,0.5031,328426.4883106674,econ_current_personal
151,0.4943,156287.43169108193,econ_current_personal
152,0.5435,447273.0462806228,econ_current_personal
153,0.5521,447243.65590118093,econ_current_personal
154,0.5364,203485.01944982784,econ_current_personal
155,0.5125,189334.39291100815,econ_current_personal
156,0.5044,230765.27810862593,econ_current_personal
157,0.4808,191431.58226584247,econ_current_personal
158,0.5163,189315.47007156236,econ_current_personal
159,0.5658,417647.8505356109,econ_current_personal
16,0.4715,188390.8326199093,econ_current_personal
160,0.5492,341234.6099588987,econ_current_personal
161,0.5078,234219.82598483737,econ_current_personal
162,0.5148,179951.4826308836,econ_current_personal
163,0.498,243241.04581463398,econ_current_personal
164,0.4818,256612.53907117652,econ_current_personal
165,0.4996,245404.13989671535,econ_current_personal
166,0.4958,176363.3722710095,econ_current_personal
167,0.5163,150847.19248560639,econ_current_personal
168,0.5154,174948.92758784763,econ_current_personal
169,0.4984,82837.07649342252,econ_current_personal
17,0.465,192718.9279291037,econ_current_personal
170,0.5077,134244.55708584565,econ_current_personal
171,0.5243,192767.679643849,econ_current_personal
172,0.5253,199828.3130746693,econ_current_personal
173,0.5218,151701.4962621543,econ_current_personal
174,0.5314,138746.12312425295,econ_current_personal
175,0.5424,288922.3772270948,econ_current_personal
176,0.5727,162361.87609394698,econ_current_personal
177,0.5305,243612.56356526492,econ_current_personal
178,0.5514,142711.3720274556,econ_current_personal
179,0.536,227070.2518071342,econ_current_personal
18,0.5333,1421002.2593554342,econ_current_personal
180,0.5199,331219.6662066321,econ_current_personal
181,0.6027,186134.08587471946,econ_current_personal
182,0.5434,597316.9289922566,econ_current_personal
183,0.5537,597119.979697627,econ_current_personal
184,0.515,207677.8943569085,econ_current_personal
185,0.5508,246244.22266916416,econ_current_personal
186,0.5648,209100.38922005054,econ_current_personal
187,0.5202,151964.41207017357,econ_current_personal
188,0.5476,217023.4649560447,econ_current_personal
189,0.5039,63479.47863541032,econ_current_personal
19,0.5379,1430556.9948969542,econ_current_personal
190,0.4971,98328.8375353136,econ_current_personal
191,0.5024,57329.668210706746,econ_current_personal
192,0.5074,97103.89456177686,econ_current_personal
193,0.5234,128018.6219006737,econ_current_personal
194,0.5169,71429.80636382155,econ_current_personal
195,0.5011,66552.61663215315,econ_current_personal
196,0.4799,65604.03583878439,econ_current_personal
197,0.5133,124497.04897961108,econ_current_personal
198,0.5391,129788.89967360128,econ_current_personal
199,0.5172,126188.29445828657,econ_current_personal
2,0.4998,126617.81067176482,econ_current_personal
20,0.5578,1431329.7804752644,econ_current_personal
200,0.5536,71012.6202541161,econ_current_personal
201,0.4897,97548.86235301365,econ_current_personal
202,0.5099,68267.7552315342,econ_current_personal
203,0.527,110806.5196587859,econ_current_personal
204,0.5196,141190.6093562236,econ_current_personal
205,0.5432,165730.91092029086,econ_current_personal
206,0.5426,111780.77145883288,econ_current_personal
207,0.5258,110882.44884675027,econ_current_personal
208,0.5734,94362.25613613243,econ_current_personal
209,0.4922,60711.17813870885,econ_current_personal
21,0.5459,1431298.9874824153,econ_current_personal
210,0.5312,68045.19178860822,econ_current_personal
211,0.528,88636.80629276097,econ_current_personal
212,0.5158,88824.58818819381,econ_current_personal
213,0.5658,106040.88849210861,econ_current_personal
214,0.5553,114277.4362937002,econ_current_personal
215,0.5944,138772.1022482832,econ_current_personal
216,0.5624,94460.0472031337,econ_current_personal
217,0.6311,1204507.0364880688,econ_current_personal
218,0.5923,1204367.2685137496,econ_current_personal
219,0.5843,1203811.9304614188,econ_current_personal
22,0.5656,1430951.582966886,econ_current_personal
220,0.615,1204570.5462810397,econ_current_personal
221,0.627,273975.8695181723,econ_current_personal
222,0.5569,195381.17695181782,econ_current_personal
223,0.5986,87433.09608902044,econ_current_personal
224,0.5888,97927.10241617101,econ_current_personal
225,0.536,114691.21344866653,econ_current_personal
226,0.5614,86171.71429780195,econ_current_personal
227,0.5073,79236.91113039952,econ_current_personal
228,0.5232,108643.97946313373,econ_current_personal
229,0.506,148549.29339360775,econ_current_personal
23,0.553,1430979.5587980626,econ_current_personal
230,0.489,88837.43598801222,econ_current_personal
231,0.5191,68797.40963185742,econ_current_personal
232,0.5304,90761.54694977363,econ_current_personal
233,0.5486,147987.87406906814,econ_current_personal
234,0.4891,108652.73819635087,econ_current_personal
235,0.5079,63773.85339297382,econ_current_personal
236,0.5401,102030.78339398111,econ_current_personal
237,0.5478,81108.48554729173,econ_current_personal
238,0.5151,55680.5282195036,econ_current_personal
239,0.5053,62920.67454943145,econ_current_personal
24,0.4656,140060.76032577365,econ_current_personal
240,0.5283,71998.71051860439,econ_current_personal
241,0.515,118560.08657677029,econ_current_personal
242,0.5698,99670.56706345096,econ_current_personal
243,0.5601,79906.38667921201,econ_current_personal
244,0.5299,421645.16416584176,econ_current_personal
245,0.5322,310021.82372011937,econ_current_personal
246,0.541,114053.8546474647,econ_current_personal
247,0.5463,129000.1599732756,econ_current_personal
248,0.5293,67732.83506927769,econ_current_personal
249,0.5211,98381.05661136859,econ_current_personal
25,0.5195,205347.6206726869,econ_current_personal
250,0.5347,77853.19820796055,econ_current_personal
251,0.5726,123141.43426387003,econ_current_personal
252,0.5151,234967.86250354463,econ_current_personal
253,0.5581,169670.2451007896,econ_current_personal
254,0.5468,94243.60739768743,econ_current_personal
255,0.5281,114492.67486453363,econ_current_personal
256,0.5329,106263.59875116046,econ_current_personal
257,0.5211,104959.4310635585,econ_current_personal
258,0.5641,491625.13801795384,econ_current_personal
259,0.5538,491606.6573873762,econ_current_personal
26,0.5061,57534.38438324122,econ_current_personal
260,0.5702,307666.1280541792,econ_current_personal
261,0.5733,424388.0713972013,econ_current_personal
262,0.5437,416219.3321893571,econ_current_personal
263,0.5065,202919.6077625286,econ_current_personal
264,0.5541,348173.7020949003,econ_current_personal
265,0.5736,412661.20895595336,econ_current_personal
266,0.55,354339.2293625429,econ_current_personal
267,0.5387,257722.21503823865,econ_current_personal
268,0.5144,130377.2162091822,econ_current_personal
269,0.5432,290285.00161643716,econ_current_personal
27,0.5434,102365.55669514439,econ_current_personal
270,0.5105,194226.28914273845,econ_current_personal
271,0.5701,250850.54595401778,econ_current_personal
272,0.5565,359984.238399364,econ_current_personal
273,0.5216,160617.35190101372,econ_current_personal
274,0.5456,329508.5250784324,econ_current_personal
275,0.5217,254270.4667512479,econ_current_personal
276,0.5215,106758.04057529704,econ_current_personal
277,0.5516,444702.13988692965,econ_current_personal
278,0.5562,383546.90227372816,econ_current_personal
279,0.5032,147715.086276244,econ_current_personal
28,0.4845,84831.94110845958,econ_current_personal
280,0.5122,107018.23038466662,econ_current_personal
281,0.5262,202798.83261378773,econ_current_personal
282,0.5231,192423.43880240252,econ_current_personal
283,0.514,225032.24425116144,econ_current_personal
284,0.5115,348801.7132893969,econ_current_personal
285,0.5013,108392.23134283043,econ_current_personal
286,0.4975,201667.8261551113,econ_current_personal
287,0.5455,229313.18383026638,econ_current_personal
288,0.537,163230.1480521498,econ_current_personal
289,0.5117,229928.3931788717,econ_current_personal
29,0.5092,158934.59525744084,econ_current_personal
290,0.5455,171933.35017208458,econ_current_personal
291,0.5478,150155.75647540676,econ_current_personal
292,0.5327,170495.5530644437,econ_current_personal
293,0.555,157126.21900124924,econ_current_personal
294,0.5358,224073.31687500788,econ_current_personal
295,0.5098,121224.48169688437,econ_current_personal
296,0.4881,266542.8073390067,econ_current_personal
297,0.5027,116068.39548367709,econ_current_personal
298,0.5333,100536.02565406008,econ_current_personal
299,0.5152,127721.3017367024,econ_current_personal
3,0.502,115851.86522588492,econ_current_personal
30,0.5188,139576.16384651398,econ_current_personal
31,0.5399,196135.60089437373,econ_current_personal
32,0.5097,124018.8382025247,econ_current_personal
33,0.5053,155893.75991417954,econ_current_personal
34,0.5474,96231.59370696604,econ_current_personal
35,0.5086,115171.85584071466,econ_current_personal
36,0.5657,206407.69602351406,econ_current_personal
37,0.5206,87383.08550697024,econ_current_personal
38,0.5171,281285.77678616863,econ_current_personal
39,0.5199,226123.33709281817,econ_current_personal
4,0.5073,219096.40566326873,econ_current_personal
40,0.4985,105268.95765060993,econ_current_personal
41,0.541,906040.0002060288,econ_current_personal
42,0.5343,906040.0000290013,econ_current_personal
43,0.5347,905426.4123814947,econ_current_personal
44,0.5035,101457.30386766187,econ_current_personal
45,0.5218,124862.07580933305,econ_current_personal
46,0.4995,87457.91952152424,econ_current_personal
47,0.5434,905515.5202521704,econ_current_personal
48,0.524,213288.40224674714,econ_current_personal
49,0.5197,89973.62500013925,econ_current_personal
5,0.538,203904.38777736196,econ_current_personal
50,0.5631,205009.19059761005,econ_current_personal
51,0.5079,88144.4655599578,econ_current_personal
52,0.5194,137316.49886528339,econ_current_personal
53,0.5185,264493.9772962256,econ_current_personal
54,0.5171,459481.451911284,econ_current_personal
55,0.5017,328883.2354039019,econ_current_personal
56,0.4846,78979.82450200847,econ_current_personal
57,0.4614,109443.59297400215,econ_current_personal
58,0.5186,165824.85855315597,econ_current_personal
59,0.507,155615.10817955213,econ_current_personal
6,0.5504,112031.67277091801,econ_current_personal
60,0.5022,155549.23788756167,econ_current_personal
61,0.5633,154558.62871543417,econ_current_personal
62,0.5083,134829.15146844977,econ_current_personal
63,0.4812,134329.34255962222,econ_current_personal
64,0.5382,84498.56508792723,econ_current_personal
65,0.4494,79525.85822991289,econ_current_personal
66,0.4948,71739.71605479502,econ_current_personal
67,0.4941,106284.84831675599,econ_current_personal
68,0.4644,166610.327614394,econ_current_personal
69,0.5007,164610.48028456897,econ_current_personal
7,0.5552,256373.54635692938,econ_current_personal
70,0.4853,93215.15114076332,econ_current_personal
71,0.4724,133361.2526046149,econ_current_personal
72,0.5059,157021.8587295553,econ_current_personal
73,0.4837,142062.0442874195,econ_current_personal
74,0.4826,120532.22450632381,econ_current_personal
75,0.5591,2877040.0000032624,econ_current_personal
76,0.541,2876906.1867174297,econ_current_personal
77,0.544,2876920.9828373524,econ_current_personal
78,0.553,2876421.751616364,econ_current_personal
79,0.5386,2876860.9932270315,econ_current_personal
8,0.5585,211014.82904146786,econ_current_personal
80,0.5436,2877039.9999880577,econ_current_personal
81,0.5287,2876994.508906475,econ_current_personal
82,0.5026,2877040.0163646573,econ_current_personal
83,0.5373,2877040.000000056,econ_current_personal
84,0.5395,2876558.3705327353,econ_current_personal
85,0.5339,2876637.8723200033,econ_current_personal
86,0.5269,2877039.991728962,econ_current_personal
87,0.5308,469838.9638431637,econ_current_personal
88,0.5532,469519.8665093225,econ_current_personal
89,0.5427,206063.7555109461,econ_current_personal
9,0.5299,165842.74609892463,econ_current_personal
90,0.527,217520.41696543677,econ_current_personal
91,0.5655,377284.1712779972,econ_current_personal
92,0.5417,182042.29332300788,econ_current_personal
93,0.5687,826064.115036562,econ_current_personal
94,0.5411,825997.9357487308,econ_current_personal
95,0.5638,825493.2232396624,econ_current_personal
96,0.5746,255570.0786535427,econ_current_personal
97,0.5537,479910.6564404217,econ_current_personal
98,0.5915,479718.72344821633,econ_current_personal
99,0.527,215526.51344431812,econ_current_personal
1,0.2727,156146.91219309898,econ_current_national
10,0.2903,166471.2930691627,econ_current_national
100,0.3078,225480.3522156972,econ_current_national
101,0.295,407890.85381560476,econ_current_national
102,0.269,281768.98076001246,econ_current_national
103,0.2464,142658.23720478482,econ_current_national
104,0.3219,391543.0373754122,econ_current_national
105,0.2824,391558.8004555166,econ_current_national
106,0.3012,494218.3319042906,econ_current_national
107,0.3005,494219.96093411255,econ_current_national
108,0.2918,363673.56008346134,econ_current_national
109,0.2654,209297.8539070891,econ_current_national
11,0.2772,166836.21906336443,econ_current_national
110,0.2897,320280.1149764613,econ_current_national
111,0.2811,236760.5046750637,econ_current_national
112,0.2591,249336.21906869547,econ_current_national
113,0.2731,366336.2851592385,econ_current_national
114,0.2771,299541.1330563543,econ_current_national
115,0.2366,396276.38943833264,econ_current_national
116,0.2441,396373.33212362515,econ_current_national
117,0.2601,243750.69746423358,econ_current_national
118,0.2817,203613.27195902585,econ_current_national
119,0.2689,455933.8732086029,econ_current_national
12,0.29,153175.19652881895,econ_current_national
120,0.2963,456020.53375132655,econ_current_national
121,0.2556,498771.4750146778,econ_current_national
122,0.2597,498709.6427058843,econ_current_national
123,0.2363,204675.96619656123,econ_current_national
124,0.2882,326015.12804966717,econ_current_national
125,0.2798,366415.6006192377,econ_current_national
126,0.2755,293566.14240599767,econ_current_national
127,0.3011,194330.8471030403,econ_current_national
128,0.2837,350928.9874258416,econ_current_national
129,0.3217,244367.79992332731,econ_current_national
13,0.2793,156364.76501065,econ_current_national
130,0.2898,220117.08373788834,econ_current_national
131,0.2667,283928.1380258957,econ_current_national
132,0.2819,264316.5948110892,econ_current_national
133,0.286,206947.44889617665,econ_current_national
134,0.2845,252840.34757535404,econ_current_national
135,0.2841,275039.22121060453,econ_current_national
136,0.2929,150831.06981403066,econ_current_national
137,0.2925,246867.57793827367,econ_current_national
138,0.2701,201784.98668589175,econ_current_national
139,0.2792,254498.50955151534,econ_current_national
14,0.2999,171852.85511876698,econ_current_national
140,0.2973,288318.3119799407,econ_current_national
141,0.2634,196999.4437813509,econ_current_national
142,0.279,479802.95794022887,econ_current_national
143,0.2756,479821.29101912136,econ_current_national
144,0.2619,317213.10804336413,econ_current_national
145,0.2508,221583.589226408,econ_current_national
146,0.2813,235963.20544327798,econ_current_national
147,0.2867,207983.59959208468,econ_current_national
148,0.2854,220544.11485789935,econ_current_national
149,0.2666,189899.65486953108,econ_current_national
15,0.265,177171.1056234898,econ_current_national
150,0.2631,328426.4883106674,econ_current_national
151,0.2607,156287.43169108193,econ_current_national
152,0.3072,447273.0462806228,econ_current_national
153,0.30620000000000003,447243.65590118093,econ_current_national
154,0.2822,203485.01944982784,econ_current_national
155,0.2881,189334.39291100815,econ_current_national
156,0.275,230765.27810862593,econ_current_national
157,0.2625,191431.58226584247,econ_current_national
158,0.2922,189315.47007156236,econ_current_national
159,0.2951,417647.8505356109,econ_current_national
16,0.2734,188390.8326199093,econ_current_national
160,0.3264,341234.6099588987,econ_current_national
161,0.2828,234219.82598483737,econ_current_national
162,0.2828,179951.4826308836,econ_current_national
163,0.2635,243241.04581463398,econ_current_national
164,0.2767,256612.53907117652,econ_current_national
165,0.2507,245404.13989671535,econ_current_national
166,0.2879,176363.3722710095,econ_current_national
167,0.2908,150847.19248560639,econ_current_national
168,0.2822,174948.92758784763,econ_current_national
169,0.2708,82837.07649342252,econ_current_national
17,0.2667,192718.9279291037,econ_current_national
170,0.2926,134244.55708584565,econ_current_national
171,0.2988,192767.679643849,econ_current_national
172,0.2729,199828.3130746693,econ_current_national
173,0.2753,151701.4962621543,econ_current_national
174,0.2626,138746.12312425295,econ_current_national
175,0.2912,288922.3772270948,econ_current_national
176,0.2891,162361.87609394698,econ_current_national
177,0.2769,243612.56356526492,econ_current_national
178,0.293,142711.3720274556,econ_current_national
179,0.2735,227070.2518071342,econ_current_national
18,0.2816,1421002.2593554342,econ_current_national
180,0.2706,331219.6662066321,econ_current_national
181,0.3206,186134.08587471946,econ_current_national
182,0.3002,597316.9289922566,econ_current_national
183,0.2852,597119.979697627,econ_current_national
184,0.2676,207677.8943569085,econ_current_national
185,0.2922,246244.22266916416,econ_current_national
186,0.3016,209100.38922005054,econ_current_national
187,0.2815,151964.41207017357,econ_current_national
188,0.2828,217023.4649560447,econ_current_national
189,0.2931,63479.47863541032,econ_current_national
19,0.2953,1430556.9948969542,econ_current_national
190,0.2743,98328.8375353136,econ_current_national
191,0.2955,57329.668210706746,econ_current_national
192,0.2692,97103.89456177686,econ_current_national
193,0.3061,128018.6219006737,econ_current_national
194,0.2979,71429.80636382155,econ_current_national
195,0.2687,66552.61663215315,econ_current_national
196,0.2768,65604.03583878439,econ_current_national
197,0.2566,124497.04897961108,econ_current_national
198,0.2853,129788.89967360128,econ_current_national
199,0.2605,126188.29445828657,econ_current_national
2,0.2695,126617.81067176482,econ_current_national
20,0.30620000000000003,1431329.7804752644,econ_current_national
200,0.2688,71012.6202541161,econ_current_national
201,0.2756,97548.86235301365,econ_current_national
202,0.2556,68267.7552315342,econ_current_national
203,0.2784,110806.5196587859,econ_current_national
204,0.2753,141190.6093562236,econ_current_national
205,0.3045,165730.91092029086,econ_current_national
206,0.2747,111780.77145883288,econ_current_national
207,0.2737,110882.44884675027,econ_current_national
208,0.2977,94362.25613613243,econ_current_national
209,0.2738,60711.17813870885,econ_current_national
21,0.3111,1431298.9874824153,econ_current_national
210,0.2712,68045.19178860822,econ_current_national
211,0.2777,88636.80629276097,econ_current_national
212,0.2746,88824.58818819381,econ_current_national
213,0.2843,106040.88849210861,econ_current_national
214,0.2894,114277.4362937002,econ_current_national
215,0.3031,138772.1022482832,econ_current_national
216,0.2663,94460.0472031337,econ_current_national
217,0.3175,1204507.0364880688,econ_current_national
218,0.3037,1204367.2685137496,econ_current_national
219,0.3143,1203811.9304614188,econ_current_national
22,0.2951,1430951.582966886,econ_current_national
220,0.3117,1204570.5462810397,econ_current_national
221,0.3332,273975.8695181723,econ_current_national
222,0.292,195381.17695181782,econ_current_national
223,0.2993,87433.09608902044,econ_current_national
224,0.313,97927.10241617101,econ_current_national
225,0.2808,114691.21344866653,econ_current_national
226,0.2776,86171.71429780195,econ_current_national
227,0.243,79236.91113039952,econ_current_national
228,0.2726,108643.97946313373,econ_current_national
229,0.2603,148549.29339360775,econ_current_national
23,0.2953,1430979.5587980626,econ_current_national
230,0.2481,88837.43598801222,econ_current_national
231,0.2418,68797.40963185742,econ_current_national
232,0.2536,90761.54694977363,econ_current_national
233,0.2857,147987.87406906814,econ_current_national
234,0.239,108652.73819635087,econ_current_national
235,0.2648,63773.85339297382,econ_current_national
236,0.2717,102030.78339398111,econ_current_national
237,0.2721,81108.48554729173,econ_current_national
238,0.2736,55680.5282195036,econ_current_national
239,0.2613,62920.67454943145,econ_current_national
24,0.2496,140060.76032577365,econ_current_national
240,0.2622,71998.71051860439,econ_current_national
241,0.2658,118560.08657677029,econ_current_national
242,0.2862,99670.56706345096,econ_current_national
243,0.2612,79906.38667921201,econ_current_national
244,0.2541,421645.16416584176,econ_current_national
245,0.2805,310021.82372011937,econ_current_national
246,0.2692,114053.8546474647,econ_current_national
247,0.2791,129000.1599732756,econ_current_national
248,0.2697,67732.83506927769,econ_current_national
249,0.2571,98381.05661136859,econ_current_national
25,0.2722,205347.6206726869,econ_current_national
250,0.2791,77853.19820796055,econ_current_national
251,0.3021,123141.43426387003,econ_current_national
252,0.2826,234967.86250354463,econ_current_national
253,0.2741,169670.2451007896,econ_current_national
254,0.2788,94243.60739768743,econ_current_national
255,0.2478,114492.67486453363,econ_current_national
256,0.2833,106263.59875116046,econ_current_national
257,0.2546,104959.4310635585,econ_current_national
258,0.2974,491625.13801795384,econ_current_national
259,0.3161,491606.6573873762,econ_current_national
26,0.2621,57534.38438324122,econ_current_national
260,0.3104,307666.1280541792,econ_current_national
261,0.3038,424388.0713972013,econ_current_national
262,0.2545,416219.3321893571,econ_current_national
263,0.249,202919.6077625286,econ_current_national
264,0.2791,348173.7020949003,econ_current_national
265,0.2828,412661.20895595336,econ_current_national
266,0.2749,354339.2293625429,econ_current_national
267,0.2653,257722.21503823865,econ_current_national
268,0.2944,130377.2162091822,econ_current_national
269,0.2648,290285.00161643716,econ_current_national
27,0.3063,102365.55669514439,econ_current_national
270,0.2634,194226.28914273845,econ_current_national
271,0.3084,250850.54595401778,econ_current_national
272,0.2806,359984.238399364,econ_current_national
273,0.27,160617.35190101372,econ_current_national
274,0.3063,329508.5250784324,econ_current_national
275,0.2709,254270.4667512479,econ_current_national
276,0.2777,106758.04057529704,econ_current_national
277,0.2694,444702.13988692965,econ_current_national
278,0.3014,383546.90227372816,econ_current_national
279,0.2758,147715.086276244,econ_current_national
28,0.2578,84831.94110845958,econ_current_national
280,0.2575,107018.23038466662,econ_current_national
281,0.3028,202798.83261378773,econ_current_national
282,0.2704,192423.43880240252,econ_current_national
283,0.2697,225032.24425116144,econ_current_national
284,0.2713,348801.7132893969,econ_current_national
285,0.2596,108392.23134283043,econ_current_national
286,0.2717,201667.8261551113,econ_current_national
287,0.2869,229313.18383026638,econ_current_national
288,0.2794,163230.1480521498,econ_current_national
289,0.2647,229928.3931788717,econ_current_national
29,0.2635,158934.59525744084,econ_current_national
290,0.303,171933.35017208458,econ_current_national
291,0.2725,150155.75647540676,econ_current_national
292,0.2682,170495.5530644437,econ_current_national
293,0.3013,157126.21900124924,econ_current_national
294,0.2787,224073.31687500788,econ_current_national
295,0.2633,121224.48169688437,econ_current_national
296,0.2666,266542.8073390067,econ_current_national
297,0.2778,116068.39548367709,econ_current_national
298,0.2689,100536.02565406008,econ_current_national
299,0.2647,127721.3017367024,econ_current_national
3,0.2728,115851.86522588492,econ_current_national
30,0.2786,139576.16384651398,econ_current_national
31,0.2793,196135.60089437373,econ_current_national
32,0.272,124018.8382025247,econ_current_national
33,0.2799,155893.75991417954,econ_current_national
34,0.2796,96231.59370696604,econ_current_national
35,0.2829,115171.85584071466,econ_current_national
36,0.3137,206407.69602351406,econ_current_national
37,0.2798,87383.08550697024,econ_current_national
38,0.2676,281285.77678616863,econ_current_national
39,0.2889,226123.33709281817,econ_current_national
4,0.2948,219096.40566326873,econ_current_national
40,0.2779,105268.95765060993,econ_current_national
41,0.2928,906040.0002060288,econ_current_national
42,0.2928,906040.0000290013,econ_current_national
43,0.3005,905426.4123814947,econ_current_national
44,0.2785,101457.30386766187,econ_current_national
45,0.2839,124862.07580933305,econ_current_national
46,0.2694,87457.91952152424,econ_current_national
47,0.2879,905515.5202521704,econ_current_national
48,0.2866,213288.40224674714,econ_current_national
49,0.2755,89973.62500013925,econ_current_national
5,0.2964,203904.38777736196,econ_current_national
50,0.311,205009.19059761005,econ_current_national
51,0.2748,88144.4655599578,econ_current_national
52,0.2883,137316.49886528339,econ_current_national
53,0.2741,264493.9772962256,econ_current_national
54,0.2719,459481.451911284,econ_current_national
55,0.2822,328883.2354039019,econ_current_national
56,0.2837,78979.82450200847,econ_current_national
57,0.2679,109443.59297400215,econ_current_national
58,0.2997,165824.85855315597,econ_current_national
59,0.2932,155615.10817955213,econ_current_national
6,0.2894,112031.67277091801,econ_current_national
60,0.2854,155549.23788756167,econ_current_national
61,0.3228,154558.62871543417,econ_current_national
62,0.2839,134829.15146844977,econ_current_national
63,0.28,134329.34255962222,econ_current_national
64,0.3117,84498.56508792723,econ_current_national
65,0.2641,79525.85822991289,econ_current_national
66,0.2721,71739.71605479502,econ_current_national
67,0.2827,106284.84831675599,econ_current_national
68,0.2755,166610.327614394,econ_current_national
69,0.2662,164610.48028456897,econ_current_national
7,0.2772,256373.54635692938,econ_current_national
70,0.2793,93215.15114076332,econ_current_national
71,0.251,133361.2526046149,econ_current_national
72,0.2882,157021.8587295553,econ_current_national
73,0.2631,142062.0442874195,econ_current_national
74,0.2689,120532.22450632381,econ_current_national
75,0.3156,2877040.0000032624,econ_current_national
76,0.2972,2876906.1867174297,econ_current_national
77,0.2818,2876920.9828373524,econ_current_national
78,0.2856,2876421.751616364,econ_current_national
79,0.2926,2876860.9932270315,econ_current_national
8,0.3028,211014.82904146786,econ_current_national
80,0.317,2877039.9999880577,econ_current_national
81,0.2851,2876994.508906475,econ_current_national
82,0.2817,2877040.0163646573,econ_current_national
83,0.2978,2877040.000000056,econ_current_national
84,0.2877,2876558.3705327353,econ_current_national
85,0.2918,2876637.8723200033,econ_current_national
86,0.2727,2877039.991728962,econ_current_national
87,0.2759,469838.9638431637,econ_current_national
88,0.2977,469519.8665093225,econ_current_national
89,0.2639,206063.7555109461,econ_current_national
9,0.2844,165842.74609892463,econ_current_national
90,0.2759,217520.41696543677,econ_current_national
91,0.2886,377284.1712779972,econ_current_national
92,0.2771,182042.29332300788,econ_current_national
93,0.3126,826064.115036562,econ_current_national
94,0.2944,825997.9357487308,econ_current_national
95,0.3132,825493.2232396624,econ_current_national
96,0.3097,255570.0786535427,econ_current_national
97,0.2767,479910.6564404217,econ_current_national
98,0.3125,479718.72344821633,econ_current_national
99,0.2772,215526.51344431812,econ_current_national
1,0.1519,156146.91219309898,econ_retro_personal
10,0.1654,166471.2930691627,econ_retro_personal
100,0.1687,225480.3522156972,econ_retro_personal
101,0.184,407890.85381560476,econ_retro_personal
102,0.176,281768.98076001246,econ_retro_personal
103,0.1611,142658.23720478482,econ_retro_personal
104,0.1632,391543.0373754122,econ_retro_personal
105,0.1558,391558.8004555166,econ_retro_personal
106,0.1898,494218.3319042906,econ_retro_personal
107,0.1833,494219.96093411255,econ_retro_personal
108,0.1707,363673.56008346134,econ_retro_personal
109,0.1631,209297.8539070891,econ_retro_personal
11,0.1617,166836.21906336443,econ_retro_personal
110,0.1739,320280.1149764613,econ_retro_personal
111,0.1657,236760.5046750637,econ_retro_personal
112,0.1645,249336.21906869547,econ_retro_personal
113,0.1547,366336.2851592385,econ_retro_personal
114,0.156,299541.1330563543,econ_retro_personal
115,0.165,396276.38943833264,econ_retro_personal
116,0.1578,396373.33212362515,econ_retro_personal
117,0.1552,243750.69746423358,econ_retro_personal
118,0.1719,203613.27195902585,econ_retro_personal
119,0.1726,455933.8732086029,econ_retro_personal
12,0.1361,153175.19652881895,econ_retro_personal
120,0.1782,456020.53375132655,econ_retro_personal
121,0.1586,498771.4750146778,econ_retro_personal
122,0.1546,498709.6427058843,econ_retro_personal
123,0.1574,204675.96619656123,econ_retro_personal
124,0.1667,326015.12804966717,econ_retro_personal
125,0.16,366415.6006192377,econ_retro_personal
126,0.1614,293566.14240599767,econ_retro_personal
127,0.1722,194330.8471030403,econ_retro_personal
128,0.1629,350928.9874258416,econ_retro_personal
129,0.202,244367.79992332731,econ_retro_personal
13,0.1366,156364.76501065,econ_retro_personal
130,0.1654,220117.08373788834,econ_retro_personal
131,0.1583,283928.1380258957,econ_retro_personal
132,0.168,264316.5948110892,econ_retro_personal
133,0.1569,206947.44889617665,econ_retro_personal
134,0.16,252840.34757535404,econ_retro_personal
135,0.1539,275039.22121060453,econ_retro_personal
136,0.1671,150831.06981403066,econ_retro_personal
137,0.1768,246867.57793827367,econ_retro_personal
138,0.1592,201784.98668589175,econ_retro_personal
139,0.1603,254498.50955151534,econ_retro_personal
14,0.1419,171852.85511876698,econ_retro_personal
140,0.1788,288318.3119799407,econ_retro_personal
141,0.1736,196999.4437813509,econ_retro_personal
142,0.1753,479802.95794022887,econ_retro_personal
143,0.1722,479821.29101912136,econ_retro_personal
144,0.1557,317213.10804336413,econ_retro_personal
145,0.1576,221583.589226408,econ_retro_personal
146,0.1615,235963.20544327798,econ_retro_personal
147,0.1587,207983.59959208468,econ_retro_personal
148,0.1652,220544.11485789935,econ_retro_personal
149,0.1593,189899.65486953108,econ_retro_personal
15,0.1411,177171.1056234898,econ_retro_personal
150,0.1593,328426.4883106674,econ_retro_personal
151,0.1368,156287.43169108193,econ_retro_personal
152,0.1873,447273.0462806228,econ_retro_personal
153,0.1936,447243.65590118093,econ_retro_personal
154,0.1379,203485.01944982784,econ_retro_personal
155,0.1417,189334.39291100815,econ_retro_personal
156,0.1338,230765.27810862593,econ_retro_personal
157,0.1286,191431.58226584247,econ_retro_personal
158,0.1382,189315.47007156236,econ_retro_personal
159,0.18,417647.8505356109,econ_retro_personal
16,0.1371,188390.8326199093,econ_retro_personal
160,0.1669,341234.6099588987,econ_retro_personal
161,0.1353,234219.82598483737,econ_retro_personal
162,0.1616,179951.4826308836,econ_retro_personal
163,0.1308,243241.04581463398,econ_retro_personal
164,0.136,256612.53907117652,econ_retro_personal
165,0.1381,245404.13989671535,econ_retro_personal
166,0.1318,176363.3722710095,econ_retro_personal
167,0.151,150847.19248560639,econ_retro_personal
168,0.161,174948.92758784763,econ_retro_personal
169,0.15,82837.07649342252,econ_retro_personal
17,0.1312,192718.9279291037,econ_retro_personal
170,0.1589,134244.55708584565,econ_retro_personal
171,0.1721,192767.679643849,econ_retro_personal
172,0.1576,199828.3130746693,econ_retro_personal
173,0.1616,151701.4962621543,econ_retro_personal
174,0.1566,138746.12312425295,econ_retro_personal
175,0.152,288922.3772270948,econ_retro_personal
176,0.1702,162361.87609394698,econ_retro_personal
177,0.1627,243612.56356526492,econ_retro_personal
178,0.1628,142711.3720274556,econ_retro_personal
179,0.1719,227070.2518071342,econ_retro_personal
18,0.1884,1421002.2593554342,econ_retro_personal
180,0.1577,331219.6662066321,econ_retro_personal
181,0.1719,186134.08587471946,econ_retro_personal
182,0.1932,597316.9289922566,econ_retro_personal
183,0.2007,597119.979697627,econ_retro_personal
184,0.1626,207677.8943569085,econ_retro_personal
185,0.1759,246244.22266916416,econ_retro_personal
186,0.1722,209100.38922005054,econ_retro_personal
187,0.1549,151964.41207017357,econ_retro_personal
188,0.1585,217023.4649560447,econ_retro_personal
189,0.1322,63479.47863541032,econ_retro_personal
19,0.1791,1430556.9948969542,econ_retro_personal
190,0.1353,98328.8375353136,econ_retro_personal
191,0.1472,57329.668210706746,econ_retro_personal
192,0.144,97103.89456177686,econ_retro_personal
193,0.1627,128018.6219006737,econ_retro_personal
194,0.1432,71429.80636382155,econ_retro_personal
195,0.1317,66552.61663215315,econ_retro_personal
196,0.1383,65604.03583878439,econ_retro_personal
197,0.1515,124497.04897961108,econ_retro_personal
198,0.1607,129788.89967360128,econ_retro_personal
199,0.1614,126188.29445828657,econ_retro_personal
2,0.1536,126617.81067176482,econ_retro_personal
20,0.1917,1431329.7804752644,econ_retro_personal
200,0.1642,71012.6202541161,econ_retro_personal
201,0.1535,97548.86235301365,econ_retro_personal
202,0.1521,68267.7552315342,econ_retro_personal
203,0.1593,110806.5196587859,econ_retro_personal
204,0.1538,141190.6093562236,econ_retro_personal
205,0.1838,165730.91092029086,econ_retro_personal
206,0.1552,111780.77145883288,econ_retro_personal
207,0.1629,110882.44884675027,econ_retro_personal
208,0.1595,94362.25613613243,econ_retro_personal
209,0.1528,60711.17813870885,econ_retro_personal
21,0.1913,1431298.9874824153,econ_retro_personal
210,0.1454,68045.19178860822,econ_retro_personal
211,0.154,88636.80629276097,econ_retro_personal
212,0.1484,88824.58818819381,econ_retro_personal
213,0.1773,106040.88849210861,econ_retro_personal
214,0.1711,114277.4362937002,econ_retro_personal
215,0.1724,138772.1022482832,econ_retro_personal
216,0.1649,94460.0472031337,econ_retro_personal
217,0.2147,1204507.0364880688,econ_retro_personal
218,0.2085,1204367.2685137496,econ_retro_personal
219,0.2017,1203811.9304614188,econ_retro_personal
22,0.1872,1430951.582966886,econ_retro_personal
220,0.2095,1204570.5462810397,econ_retro_personal
221,0.1797,273975.8695181723,econ_retro_personal
222,0.1657,195381.17695181782,econ_retro_personal
223,0.1566,87433.09608902044,econ_retro_personal
224,0.1671,97927.10241617101,econ_retro_personal
225,0.1574,114691.21344866653,econ_retro_personal
226,0.1601,86171.71429780195,econ_retro_personal
227,0.1442,79236.91113039952,econ_retro_personal
228,0.1637,108643.97946313373,econ_retro_personal
229,0.1494,148549.29339360775,econ_retro_personal
23,0.1895,1430979.5587980626,econ_retro_personal
230,0.1569,88837.43598801222,econ_retro_personal
231,0.1472,68797.40963185742,econ_retro_personal
232,0.1668,90761.54694977363,econ_retro_personal
233,0.1612,147987.87406906814,econ_retro_personal
234,0.1407,108652.73819635087,econ_retro_personal
235,0.1532,63773.85339297382,econ_retro_personal
236,0.1563,102030.78339398111,econ_retro_personal
237,0.1542,81108.48554729173,econ_retro_personal
238,0.1518,55680.5282195036,econ_retro_personal
239,0.1498,62920.67454943145,econ_retro_personal
24,0.1542,140060.76032577365,econ_retro_personal
240,0.1514,71998.71051860439,econ_retro_personal
241,0.1593,118560.08657677029,econ_retro_personal
242,0.1687,99670.56706345096,econ_retro_personal
243,0.1574,79906.38667921201,econ_retro_personal
244,0.1772,421645.16416584176,econ_retro_personal
245,0.1818,310021.82372011937,econ_retro_personal
246,0.1529,114053.8546474647,econ_retro_personal
247,0.1557,129000.1599732756,econ_retro_personal
248,0.1437,67732.83506927769,econ_retro_personal
249,0.1543,98381.05661136859,econ_retro_personal
25,0.1635,205347.6206726869,econ_retro_personal
250,0.1555,77853.19820796055,econ_retro_personal
251,0.1667,123141.43426387003,econ_retro_personal
252,0.1788,234967.86250354463,econ_retro_personal
253,0.1542,169670.2451007896,econ_retro_personal
254,0.1616,94243.60739768743,econ_retro_personal
255,0.1542,114492.67486453363,econ_retro_personal
256,0.1595,106263.59875116046,econ_retro_personal
257,0.1498,104959.4310635585,econ_retro_personal
258,0.2003,491625.13801795384,econ_retro_personal
259,0.1875,491606.6573873762,econ_retro_personal
26,0.1532,57534.38438324122,econ_retro_personal
260,0.1704,307666.1280541792,econ_retro_personal
261,0.1743,424388.0713972013,econ_retro_personal
262,0.1663,416219.3321893571,econ_retro_personal
263,0.1505,202919.6077625286,econ_retro_personal
264,0.1664,348173.7020949003,econ_retro_personal
265,0.1741,412661.20895595336,econ_retro_personal
266,0.165,354339.2293625429,econ_retro_personal
267,0.1667,257722.21503823865,econ_retro_personal
268,0.1621,130377.2162091822,econ_retro_personal
269,0.1696,290285.00161643716,econ_retro_personal
27,0.1684,102365.55669514439,econ_retro_personal
270,0.1634,194226.28914273845,econ_retro_personal
271,0.1975,250850.54595401778,econ_retro_personal
272,0.1635,359984.238399364,econ_retro_personal
273,0.1565,160617.35190101372,econ_retro_personal
274,0.1712,329508.5250784324,econ_retro_personal
275,0.1878,254270.4667512479,econ_retro_personal
276,0.1581,106758.04057529704,econ_retro_personal
277,0.1617,444702.13988692965,econ_retro_personal
278,0.1582,383546.90227372816,econ_retro_personal
279,0.1572,147715.086276244,econ_retro_personal
28,0.1559,84831.94110845958,econ_retro_personal
280,0.1543,107018.23038466662,econ_retro_personal
281,0.1739,202798.83261378773,econ_retro_personal
282,0.1579,192423.43880240252,econ_retro_personal
283,0.1604,225032.24425116144,econ_retro_personal
284,0.1524,348801.7132893969,econ_retro_personal
285,0.1546,108392.23134283043,econ_retro_personal
286,0.1594,201667.8261551113,econ_retro_personal
287,0.1797,229313.18383026638,econ_retro_personal
288,0.1551,163230.1480521498,econ_retro_personal
289,0.1632,229928.3931788717,econ_retro_personal
29,0.1455,158934.59525744084,econ_retro_personal
290,0.1756,171933.35017208458,econ_retro_personal
291,0.1642,150155.75647540676,econ_retro_personal
292,0.1637,170495.5530644437,econ_retro_personal
293,0.1641,157126.21900124924,econ_retro_personal
294,0.1686,224073.31687500788,econ_retro_personal
295,0.1548,121224.48169688437,econ_retro_personal
296,0.1497,266542.8073390067,econ_retro_personal
297,0.1484,116068.39548367709,econ_retro_personal
298,0.15,100536.02565406008,econ_retro_personal
299,0.1541,127721.3017367024,econ_retro_personal
3,0.1484,115851.86522588492,econ_retro_personal
30,0.1585,139576.16384651398,econ_retro_personal
31,0.1661,196135.60089437373,econ_retro_personal
32,0.1696,124018.8382025247,econ_retro_personal
33,0.1559,155893.75991417954,econ_retro_personal
34,0.1609,96231.59370696604,econ_retro_personal
35,0.1572,115171.85584071466,econ_retro_personal
36,0.1617,206407.69602351406,econ_retro_personal
37,0.1639,87383.08550697024,econ_retro_personal
38,0.1507,281285.77678616863,econ_retro_personal
39,0.1739,226123.33709281817,econ_retro_personal
4,0.1528,219096.40566326873,econ_retro_personal
40,0.1497,105268.95765060993,econ_retro_personal
41,0.1763,906040.0002060288,econ_retro_personal
42,0.1654,906040.0000290013,econ_retro_personal
43,0.1773,905426.4123814947,econ_retro_personal
44,0.1535,101457.30386766187,econ_retro_personal
45,0.1585,124862.07580933305,econ_retro_personal
46,0.1516,87457.91952152424,econ_retro_personal
47,0.1602,905515.5202521704,econ_retro_personal
48,0.1672,213288.40224674714,econ_retro_personal
49,0.144,89973.62500013925,econ_retro_personal
5,0.1786,203904.38777736196,econ_retro_personal
50,0.1908,205009.19059761005,econ_retro_personal
51,0.1569,88144.4655599578,econ_retro_personal
52,0.1573,137316.49886528339,econ_retro_personal
53,0.1562,264493.9772962256,econ_retro_personal
54,0.1719,459481.451911284,econ_retro_personal
55,0.1689,328883.2354039019,econ_retro_personal
56,0.1424,78979.82450200847,econ_retro_personal
57,0.1414,109443.59297400215,econ_retro_personal
58,0.1527,165824.85855315597,econ_retro_personal
59,0.1388,155615.10817955213,econ_retro_personal
6,0.1571,112031.67277091801,econ_retro_personal
60,0.1407,155549.23788756167,econ_retro_personal
61,0.1661,154558.62871543417,econ_retro_personal
62,0.1491,134829.15146844977,econ_retro_personal
63,0.1355,134329.34255962222,econ_retro_personal
64,0.1358,84498.56508792723,econ_retro_personal
65,0.1351,79525.85822991289,econ_retro_personal
66,0.1394,71739.71605479502,econ_retro_personal
67,0.1507,106284.84831675599,econ_retro_personal
68,0.1325,166610.327614394,econ_retro_personal
69,0.1519,164610.48028456897,econ_retro_personal
7,0.1617,256373.54635692938,econ_retro_personal
70,0.1329,93215.15114076332,econ_retro_personal
71,0.1337,133361.2526046149,econ_retro_personal
72,0.1434,157021.8587295553,econ_retro_personal
73,0.1309,142062.0442874195,econ_retro_personal
74,0.1265,120532.22450632381,econ_retro_personal
75,0.2013,2877040.0000032624,econ_retro_personal
76,0.1887,2876906.1867174297,econ_retro_personal
77,0.1781,2876920.9828373524,econ_retro_personal
78,0.1845,2876421.751616364,econ_retro_personal
79,0.1762,2876860.9932270315,econ_retro_personal
8,0.1695,211014.82904146786,econ_retro_personal
80,0.1811,2877039.9999880577,econ_retro_personal
81,0.1879,2876994.508906475,econ_retro_personal
82,0.1807,2877040.0163646573,econ_retro_personal
83,0.1928,2877040.000000056,econ_retro_personal
84,0.1867,2876558.3705327353,econ_retro_personal
85,0.1826,2876637.8723200033,econ_retro_personal
86,0.193,2877039.991728962,econ_retro_personal
87,0.1689,469838.9638431637,econ_retro_personal
88,0.1888,469519.8665093225,econ_retro_personal
89,0.1629,206063.7555109461,econ_retro_personal
9,0.1449,165842.74609892463,econ_retro_personal
90,0.1627,217520.41696543677,econ_retro_personal
91,0.1688,377284.1712779972,econ_retro_personal
92,0.1604,182042.29332300788,econ_retro_personal
93,0.1874,826064.115036562,econ_retro_personal
94,0.1861,825997.9357487308,econ_retro_personal
95,0.198,825493.2232396624,econ_retro_personal
96,0.1935,255570.0786535427,econ_retro_personal
97,0.1643,479910.6564404217,econ_retro_personal
98,0.1779,479718.72344821633,econ_retro_personal
99,0.1626,215526.51344431812,econ_retro_personal
1,0.1823,156146.91219309898,econ_prospect_personal
10,0.1863,166471.2930691627,econ_prospect_personal
100,0.199,225480.3522156972,econ_prospect_personal
101,0.2252,407890.85381560476,econ_prospect_personal
102,0.2201,281768.98076001246,econ_prospect_personal
103,0.2108,142658.23720478482,econ_prospect_personal
104,0.1977,391543.0373754122,econ_prospect_personal
105,0.1824,391558.8004555166,econ_prospect_personal
106,0.2425,494218.3319042906,econ_prospect_personal
107,0.2414,494219.96093411255,econ_prospect_personal
108,0.2022,363673.56008346134,econ_prospect_personal
109,0.2158,209297.8539070891,econ_prospect_personal
11,0.1883,166836.21906336443,econ_prospect_personal
110,0.192,320280.1149764613,econ_prospect_personal
111,0.1937,236760.5046750637,econ_prospect_personal
112,0.1971,249336.21906869547,econ_prospect_personal
113,0.1859,366336.2851592385,econ_prospect_personal
114,0.1846,299541.1330563543,econ_prospect_personal
115,0.205,396276.38943833264,econ_prospect_personal
116,0.2057,396373.33212362515,econ_prospect_personal
117,0.176,243750.69746423358,econ_prospect_personal
118,0.2056,203613.27195902585,econ_prospect_personal
119,0.2094,455933.8732086029,econ_prospect_personal
12,0.1455,153175.19652881895,econ_prospect_personal
120,0.2138,456020.53375132655,econ_prospect_personal
121,0.1842,498771.4750146778,econ_prospect_personal
122,0.1844,498709.6427058843,econ_prospect_personal
123,0.1941,204675.96619656123,econ_prospect_personal
124,0.2013,326015.12804966717,econ_prospect_personal
125,0.1937,366415.6006192377,econ_prospect_personal
126,0.2062,293566.14240599767,econ_prospect_personal
127,0.1997,194330.8471030403,econ_prospect_personal
128,0.1975,350928.9874258416,econ_prospect_personal
129,0.2542,244367.79992332731,econ_prospect_personal
13,0.1502,156364.76501065,econ_prospect_personal
130,0.1895,220117.08373788834,econ_prospect_personal
131,0.1935,283928.1380258957,econ_prospect_personal
132,0.2,264316.5948110892,econ_prospect_personal
133,0.1938,206947.44889617665,econ_prospect_personal
134,0.19,252840.34757535404,econ_prospect_personal
135,0.18,275039.22121060453,econ_prospect_personal
136,0.186,150831.06981403066,econ_prospect_personal
137,0.1989,246867.57793827367,econ_prospect_personal
138,0.1916,201784.98668589175,econ_prospect_personal
139,0.1847,254498.50955151534,econ_prospect_personal
14,0.157,171852.85511876698,econ_prospect_personal
140,0.2105,288318.3119799407,econ_prospect_personal
141,0.2102,196999.4437813509,econ_prospect_personal
142,0.2192,479802.95794022887,econ_prospect_personal
143,0.212,479821.29101912136,econ_prospect_personal
144,0.1902,317213.10804336413,econ_prospect_personal
145,0.1882,221583.589226408,econ_prospect_personal
146,0.1895,235963.20544327798,econ_prospect_personal
147,0.1862,207983.59959208468,econ_prospect_personal
148,0.1887,220544.11485789935,econ_prospect_personal
149,0.1867,189899.65486953108,econ_prospect_personal
15,0.146,177171.1056234898,econ_prospect_personal
150,0.1799,328426.4883106674,econ_prospect_personal
151,0.1348,156287.43169108193,econ_prospect_personal
152,0.2235,447273.0462806228,econ_prospect_personal
153,0.2162,447243.65590118093,econ_prospect_personal
154,0.1402,203485.01944982784,econ_prospect_personal
155,0.1319,189334.39291100815,econ_prospect_personal
156,0.131,230765.27810862593,econ_prospect_personal
157,0.13,191431.58226584247,econ_prospect_personal
158,0.1414,189315.47007156236,econ_prospect_personal
159,0.2003,417647.8505356109,econ_prospect_personal
16,0.1407,188390.8326199093,econ_prospect_personal
160,0.1683,341234.6099588987,econ_prospect_personal
161,0.1376,234219.82598483737,econ_prospect_personal
162,0.1613,179951.4826308836,econ_prospect_personal
163,0.1323,243241.04581463398,econ_prospect_personal
164,0.1262,256612.53907117652,econ_prospect_personal
165,0.1374,245404.13989671535,econ_prospect_personal
166,0.1361,176363.3722710095,econ_prospect_personal
167,0.1762,150847.19248560639,econ_prospect_personal
168,0.1846,174948.92758784763,econ_prospect_personal
169,0.1686,82837.07649342252,econ_prospect_personal
17,0.1439,192718.9279291037,econ_prospect_personal
170,0.1829,134244.55708584565,econ_prospect_personal
171,0.2007,192767.679643849,econ_prospect_personal
172,0.1795,199828.3130746693,econ_prospect_personal
173,0.1972,151701.4962621543,econ_prospect_personal
174,0.1769,138746.12312425295,econ_prospect_personal
175,0.1815,288922.3772270948,econ_prospect_personal
176,0.1955,162361.87609394698,econ_prospect_personal
177,0.185,243612.56356526492,econ_prospect_personal
178,0.1986,142711.3720274556,econ_prospect_personal
179,0.2082,227070.2518071342,econ_prospect_personal
18,0.2416,1421002.2593554342,econ_prospect_personal
180,0.1865,331219.6662066321,econ_prospect_personal
181,0.1941,186134.08587471946,econ_prospect_personal
182,0.2537,597316.9289922566,econ_prospect_personal
183,0.2377,597119.979697627,econ_prospect_personal
184,0.2014,207677.8943569085,econ_prospect_personal
185,0.2152,246244.22266916416,econ_prospect_personal
186,0.2028,209100.38922005054,econ_prospect_personal
187,0.1921,151964.41207017357,econ_prospect_personal
188,0.1899,217023.4649560447,econ_prospect_personal
189,0.1361,63479.47863541032,econ_prospect_personal
19,0.245,1430556.9948969542,econ_prospect_personal
190,0.1472,98328.8375353136,econ_prospect_personal
191,0.1518,57329.668210706746,econ_prospect_personal
192,0.1437,97103.89456177686,econ_prospect_personal
193,0.176,128018.6219006737,econ_prospect_personal
194,0.1342,71429.80636382155,econ_prospect_personal
195,0.135,66552.61663215315,econ_prospect_personal
196,0.1393,65604.03583878439,econ_prospect_personal
197,0.1803,124497.04897961108,econ_prospect_personal
198,0.1878,129788.89967360128,econ_prospect_personal
199,0.1817,126188.29445828657,econ_prospect_personal
2,0.1816,126617.81067176482,econ_prospect_personal
20,0.2398,1431329.7804752644,econ_prospect_personal
200,0.1938,71012.6202541161,econ_prospect_personal
201,0.1844,97548.86235301365,econ_prospect_personal
202,0.1798,68267.7552315342,econ_prospect_personal
203,0.1932,110806.5196587859,econ_prospect_personal
204,0.1881,141190.6093562236,econ_prospect_personal
205,0.2216,165730.91092029086,econ_prospect_personal
206,0.1811,111780.77145883288,econ_prospect_personal
207,0.1874,110882.44884675027,econ_prospect_personal
208,0.1829,94362.25613613243,econ_prospect_personal
209,0.1788,60711.17813870885,econ_prospect_personal
21,0.2277,1431298.9874824153,econ_prospect_personal
210,0.1603,68045.19178860822,econ_prospect_personal
211,0.1824,88636.80629276097,econ_prospect_personal
212,0.1849,88824.58818819381,econ_prospect_personal
213,0.1988,106040.88849210861,econ_prospect_personal
214,0.2056,114277.4362937002,econ_prospect_personal
215,0.2187,138772.1022482832,econ_prospect_personal
216,0.1935,94460.0472031337,econ_prospect_personal
217,0.2436,1204507.0364880688,econ_prospect_personal
218,0.2566,1204367.2685137496,econ_prospect_personal
219,0.2595,1203811.9304614188,econ_prospect_personal
22,0.2312,1430951.582966886,econ_prospect_personal
220,0.2524,1204570.5462810397,econ_prospect_personal
221,0.2138,273975.8695181723,econ_prospect_personal
222,0.1854,195381.17695181782,econ_prospect_personal
223,0.1857,87433.09608902044,econ_prospect_personal
224,0.2026,97927.10241617101,econ_prospect_personal
225,0.1875,114691.21344866653,econ_prospect_personal
226,0.1922,86171.71429780195,econ_prospect_personal
227,0.165,79236.91113039952,econ_prospect_personal
228,0.1803,108643.97946313373,econ_prospect_personal
229,0.1634,148549.29339360775,econ_prospect_personal
23,0.2351,1430979.5587980626,econ_prospect_personal
230,0.1755,88837.43598801222,econ_prospect_personal
231,0.1618,68797.40963185742,econ_prospect_personal
232,0.1764,90761.54694977363,econ_prospect_personal
233,0.1863,147987.87406906814,econ_prospect_personal
234,0.1683,108652.73819635087,econ_prospect_personal
235,0.1667,63773.85339297382,econ_prospect_personal
236,0.1716,102030.78339398111,econ_prospect_personal
237,0.1829,81108.48554729173,econ_prospect_personal
238,0.1639,55680.5282195036,econ_prospect_personal
239,0.1631,62920.67454943145,econ_prospect_personal
24,0.1717,140060.76032577365,econ_prospect_personal
240,0.168,71998.71051860439,econ_prospect_personal
241,0.1734,118560.08657677029,econ_prospect_personal
242,0.1928,99670.56706345096,econ_prospect_personal
243,0.1809,79906.38667921201,econ_prospect_personal
244,0.2158,421645.16416584176,econ_prospect_personal
245,0.2218,310021.82372011937,econ_prospect_personal
246,0.171,114053.8546474647,econ_prospect_personal
247,0.1784,129000.1599732756,econ_prospect_personal
248,0.161,67732.83506927769,econ_prospect_personal
249,0.1761,98381.05661136859,econ_prospect_personal
25,0.1908,205347.6206726869,econ_prospect_personal
250,0.177,77853.19820796055,econ_prospect_personal
251,0.1886,123141.43426387003,econ_prospect_personal
252,0.2128,234967.86250354463,econ_prospect_personal
253,0.1802,169670.2451007896,econ_prospect_personal
254,0.1859,94243.60739768743,econ_prospect_personal
255,0.1719,114492.67486453363,econ_prospect_personal
256,0.1848,106263.59875116046,econ_prospect_personal
257,0.175,104959.4310635585,econ_prospect_personal
258,0.2448,491625.13801795384,econ_prospect_personal
259,0.2355,491606.6573873762,econ_prospect_personal
26,0.1747,57534.38438324122,econ_prospect_personal
260,0.1999,307666.1280541792,econ_prospect_personal
261,0.2022,424388.0713972013,econ_prospect_personal
262,0.2069,416219.3321893571,econ_prospect_personal
263,0.1721,202919.6077625286,econ_prospect_personal
264,0.1982,348173.7020949003,econ_prospect_personal
265,0.1939,412661.20895595336,econ_prospect_personal
266,0.1863,354339.2293625429,econ_prospect_personal
267,0.19,257722.21503823865,econ_prospect_personal
268,0.1845,130377.2162091822,econ_prospect_personal
269,0.186,290285.00161643716,econ_prospect_personal
27,0.2015,102365.55669514439,econ_prospect_personal
270,0.1856,194226.28914273845,econ_prospect_personal
271,0.2641,250850.54595401778,econ_prospect_personal
272,0.1902,359984.238399364,econ_prospect_personal
273,0.1894,160617.35190101372,econ_prospect_personal
274,0.2067,329508.5250784324,econ_prospect_personal
275,0.2321,254270.4667512479,econ_prospect_personal
276,0.1784,106758.04057529704,econ_prospect_personal
277,0.1942,444702.13988692965,econ_prospect_personal
278,0.1812,383546.90227372816,econ_prospect_personal
279,0.1773,147715.086276244,econ_prospect_personal
28,0.1758,84831.94110845958,econ_prospect_personal
280,0.1778,107018.23038466662,econ_prospect_personal
281,0.2163,202798.83261378773,econ_prospect_personal
282,0.1868,192423.43880240252,econ_prospect_personal
283,0.1931,225032.24425116144,econ_prospect_personal
284,0.1851,348801.7132893969,econ_prospect_personal
285,0.1766,108392.23134283043,econ_prospect_personal
286,0.1817,201667.8261551113,econ_prospect_personal
287,0.2136,229313.18383026638,econ_prospect_personal
288,0.1818,163230.1480521498,econ_prospect_personal
289,0.1902,229928.3931788717,econ_prospect_personal
29,0.1756,158934.59525744084,econ_prospect_personal
290,0.2163,171933.35017208458,econ_prospect_personal
291,0.189,150155.75647540676,econ_prospect_personal
292,0.186,170495.5530644437,econ_prospect_personal
293,0.1946,157126.21900124924,econ_prospect_personal
294,0.1972,224073.31687500788,econ_prospect_personal
295,0.178,121224.48169688437,econ_prospect_personal
296,0.1859,266542.8073390067,econ_prospect_personal
297,0.1735,116068.39548367709,econ_prospect_personal
298,0.1723,100536.02565406008,econ_prospect_personal
299,0.1744,127721.3017367024,econ_prospect_personal
3,0.1833,115851.86522588492,econ_prospect_personal
30,0.1966,139576.16384651398,econ_prospect_personal
31,0.1916,196135.60089437373,econ_prospect_personal
32,0.2004,124018.8382025247,econ_prospect_personal
33,0.1832,155893.75991417954,econ_prospect_personal
34,0.1848,96231.59370696604,econ_prospect_personal
35,0.1828,115171.85584071466,econ_prospect_personal
36,0.1872,206407.69602351406,econ_prospect_personal
37,0.1901,87383.08550697024,econ_prospect_personal
38,0.1751,281285.77678616863,econ_prospect_personal
39,0.2047,226123.33709281817,econ_prospect_personal
4,0.1768,219096.40566326873,econ_prospect_personal
40,0.177,105268.95765060993,econ_prospect_personal
41,0.2139,906040.0002060288,econ_prospect_personal
42,0.2089,906040.0000290013,econ_prospect_personal
43,0.211,905426.4123814947,econ_prospect_personal
44,0.1804,101457.30386766187,econ_prospect_personal
45,0.1768,124862.07580933305,econ_prospect_personal
46,0.1802,87457.91952152424,econ_prospect_personal
47,0.1907,905515.5202521704,econ_prospect_personal
48,0.1852,213288.40224674714,econ_prospect_personal
49,0.177,89973.62500013925,econ_prospect_personal
5,0.2288,203904.38777736196,econ_prospect_personal
50,0.2231,205009.19059761005,econ_prospect_personal
51,0.1833,88144.4655599578,econ_prospect_personal
52,0.1823,137316.49886528339,econ_prospect_personal
53,0.2028,264493.9772962256,econ_prospect_personal
54,0.2195,459481.451911284,econ_prospect_personal
55,0.2129,328883.2354039019,econ_prospect_personal
56,0.1457,78979.82450200847,econ_prospect_personal
57,0.1435,109443.59297400215,econ_prospect_personal
58,0.163,165824.85855315597,econ_prospect_personal
59,0.1403,155615.10817955213,econ_prospect_personal
6,0.1716,112031.67277091801,econ_prospect_personal
60,0.1565,155549.23788756167,econ_prospect_personal
61,0.1798,154558.62871543417,econ_prospect_personal
62,0.1574,134829.15146844977,econ_prospect_personal
63,0.1396,134329.34255962222,econ_prospect_personal
64,0.1358,84498.56508792723,econ_prospect_personal
65,0.1389,79525.85822991289,econ_prospect_personal
66,0.1432,71739.71605479502,econ_prospect_personal
67,0.1593,106284.84831675599,econ_prospect_personal
68,0.1298,166610.327614394,econ_prospect_personal
69,0.1695,164610.48028456897,econ_prospect_personal
7,0.1931,256373.54635692938,econ_prospect_personal
70,0.1395,93215.15114076332,econ_prospect_personal
71,0.133,133361.2526046149,econ_prospect_personal
72,0.1553,157021.8587295553,econ_prospect_personal
73,0.1455,142062.0442874195,econ_prospect_personal
74,0.1305,120532.22450632381,econ_prospect_personal
75,0.2304,2877040.0000032624,econ_prospect_personal
76,0.2307,2876906.1867174297,econ_prospect_personal
77,0.2263,2876920.9828373524,econ_prospect_personal
78,0.2304,2876421.751616364,econ_prospect_personal
79,0.2296,2876860.9932270315,econ_prospect_personal
8,0.1915,211014.82904146786,econ_prospect_personal
80,0.2259,2877039.9999880577,econ_prospect_personal
81,0.2209,2876994.508906475,econ_prospect_personal
82,0.2201,2877040.0163646573,econ_prospect_personal
83,0.2339,2877040.000000056,econ_prospect_personal
84,0.2187,2876558.3705327353,econ_prospect_personal
85,0.2245,2876637.8723200033,econ_prospect_personal
86,0.2226,2877039.991728962,econ_prospect_personal
87,0.217,469838.9638431637,econ_prospect_personal
88,0.2218,469519.8665093225,econ_prospect_personal
89,0.1846,206063.7555109461,econ_prospect_personal
9,0.1626,165842.74609892463,econ_prospect_personal
90,0.1931,217520.41696543677,econ_prospect_personal
91,0.1976,377284.1712779972,econ_prospect_personal
92,0.1964,182042.29332300788,econ_prospect_personal
93,0.2408,826064.115036562,econ_prospect_personal
94,0.2524,825997.9357487308,econ_prospect_personal
95,0.2448,825493.2232396624,econ_prospect_personal
96,0.2397,255570.0786535427,econ_prospect_personal
97,0.1924,479910.6564404217,econ_prospect_personal
98,0.1981,479718.72344821633,econ_prospect_personal
99,0.1805,215526.51344431812,econ_prospect_personal
1,0.554,156146.91219309898,democracy_satisfaction
10,0.5704,166471.2930691627,democracy_satisfaction
100,0.618,225480.3522156972,democracy_satisfaction
101,0.5852,407890.85381560476,democracy_satisfaction
102,0.5523,281768.98076001246,democracy_satisfaction
103,0.5636,142658.23720478482,democracy_satisfaction
104,0.6075,391543.0373754122,democracy_satisfaction
105,0.5822,391558.8004555166,democracy_satisfaction
106,0.6183,494218.3319042906,democracy_satisfaction
107,0.6036,494219.96093411255,democracy_satisfaction
108,0.6111,363673.56008346134,democracy_satisfaction
109,0.5551,209297.8539070891,democracy_satisfaction
11,0.5493,166836.21906336443,democracy_satisfaction
110,0.6029,320280.1149764613,democracy_satisfaction
111,0.5947,236760.5046750637,democracy_satisfaction
112,0.5847,249336.21906869547,democracy_satisfaction
113,0.5602,366336.2851592385,democracy_satisfaction
114,0.5658,299541.1330563543,democracy_satisfaction
115,0.5093,396276.38943833264,democracy_satisfaction
116,0.498,396373.33212362515,democracy_satisfaction
117,0.5458,243750.69746423358,democracy_satisfaction
118,0.5821,203613.27195902585,democracy_satisfaction
119,0.5592,455933.8732086029,democracy_satisfaction
12,0.4388,153175.19652881895,democracy_satisfaction
120,0.5881,456020.53375132655,democracy_satisfaction
121,0.5441,498771.4750146778,democracy_satisfaction
122,0.5737,498709.6427058843,democracy_satisfaction
123,0.5143,204675.96619656123,democracy_satisfaction
124,0.5862,326015.12804966717,democracy_satisfaction
125,0.5591,366415.6006192377,democracy_satisfaction
126,0.5814,293566.14240599767,democracy_satisfaction
127,0.61,194330.8471030403,democracy_satisfaction
128,0.5881,350928.9874258416,democracy_satisfaction
129,0.6477,244367.79992332731,democracy_satisfaction
13,0.4592,156364.76501065,democracy_satisfaction
130,0.5942,220117.08373788834,democracy_satisfaction
131,0.5822,283928.1380258957,democracy_satisfaction
132,0.5813,264316.5948110892,democracy_satisfaction
133,0.5396,206947.44889617665,democracy_satisfaction
134,0.5552,252840.34757535404,democracy_satisfaction
135,0.5434,275039.22121060453,democracy_satisfaction
136,0.573,150831.06981403066,democracy_satisfaction
137,0.5758,246867.57793827367,democracy_satisfaction
138,0.5471,201784.98668589175,democracy_satisfaction
139,0.578,254498.50955151534,democracy_satisfaction
14,0.4871,171852.85511876698,democracy_satisfaction
140,0.5926,288318.3119799407,democracy_satisfaction
141,0.54990000000000006,196999.4437813509,democracy_satisfaction
142,0.5626,479802.95794022887,democracy_satisfaction
143,0.5627,479821.29101912136,democracy_satisfaction
144,0.5476,317213.10804336413,democracy_satisfaction
145,0.5391,221583.589226408,democracy_satisfaction
146,0.5727,235963.20544327798,democracy_satisfaction
147,0.6009,207983.59959208468,democracy_satisfaction
148,0.5581,220544.11485789935,democracy_satisfaction
149,0.559,189899.65486953108,democracy_satisfaction
15,0.4456,177171.1056234898,democracy_satisfaction
150,0.517,328426.4883106674,democracy_satisfaction
151,0.4176,156287.43169108193,democracy_satisfaction
152,0.5319,447273.0462806228,democracy_satisfaction
153,0.5319,447243.65590118093,democracy_satisfaction
154,0.4437,203485.01944982784,democracy_satisfaction
155,0.4376,189334.39291100815,democracy_satisfaction
156,0.3869,230765.27810862593,democracy_satisfaction
157,0.4145,191431.58226584247,democracy_satisfaction
158,0.4285,189315.47007156236,democracy_satisfaction
159,0.5191,417647.8505356109,democracy_satisfaction
16,0.4313,188390.8326199093,democracy_satisfaction
160,0.5045,341234.6099588987,democracy_satisfaction
161,0.4435,234219.82598483737,democracy_satisfaction
162,0.4938,179951.4826308836,democracy_satisfaction
163,0.4416,243241.04581463398,democracy_satisfaction
164,0.4341,256612.53907117652,democracy_satisfaction
165,0.4465,245404.13989671535,democracy_satisfaction
166,0.4587,176363.3722710095,democracy_satisfaction
167,0.5403,150847.19248560639,democracy_satisfaction
168,0.5536,174948.92758784763,democracy_satisfaction
169,0.5474,82837.07649342252,democracy_satisfaction
17,0.4434,192718.9279291037,democracy_satisfaction
170,0.5432,134244.55708584565,democracy_satisfaction
171,0.5372,192767.679643849,democracy_satisfaction
172,0.5441,199828.3130746693,democracy_satisfaction
173,0.5505,151701.4962621543,democracy_satisfaction
174,0.539,138746.12312425295,democracy_satisfaction
175,0.5478,288922.3772270948,democracy_satisfaction
176,0.5919,162361.87609394698,democracy_satisfaction
177,0.5503,243612.56356526492,democracy_satisfaction
178,0.575,142711.3720274556,democracy_satisfaction
179,0.5899,227070.2518071342,democracy_satisfaction
18,0.5862,1421002.2593554342,democracy_satisfaction
180,0.5472,331219.6662066321,democracy_satisfaction
181,0.6229,186134.08587471946,democracy_satisfaction
182,0.604,597316.9289922566,democracy_satisfaction
183,0.5942,597119.979697627,democracy_satisfaction
184,0.5477,207677.8943569085,democracy_satisfaction
185,0.5813,246244.22266916416,democracy_satisfaction
186,0.5954,209100.38922005054,democracy_satisfaction
187,0.568,151964.41207017357,democracy_satisfaction
188,0.5612,217023.4649560447,democracy_satisfaction
189,0.5166,63479.47863541032,democracy_satisfaction
19,0.6024,1430556.9948969542,democracy_satisfaction
190,0.4456,98328.8375353136,democracy_satisfaction
191,0.4528,57329.668210706746,democracy_satisfaction
192,0.4382,97103.89456177686,democracy_satisfaction
193,0.4957,128018.6219006737,democracy_satisfaction
194,0.4176,71429.80636382155,democracy_satisfaction
195,0.4131,66552.61663215315,democracy_satisfaction
196,0.41,65604.03583878439,democracy_satisfaction
197,0.5285,124497.04897961108,democracy_satisfaction
198,0.5893,129788.89967360128,democracy_satisfaction
199,0.5414,126188.29445828657,democracy_satisfaction
2,0.5482,126617.81067176482,democracy_satisfaction
20,0.6015,1431329.7804752644,democracy_satisfaction
200,0.5765,71012.6202541161,democracy_satisfaction
201,0.5397,97548.86235301365,democracy_satisfaction
202,0.5733,68267.7552315342,democracy_satisfaction
203,0.5657,110806.5196587859,democracy_satisfaction
204,0.5382,141190.6093562236,democracy_satisfaction
205,0.5959,165730.91092029086,democracy_satisfaction
206,0.528,111780.77145883288,democracy_satisfaction
207,0.5503,110882.44884675027,democracy_satisfaction
208,0.5787,94362.25613613243,democracy_satisfaction
209,0.5237,60711.17813870885,democracy_satisfaction
21,0.6336,1431298.9874824153,democracy_satisfaction
210,0.5181,68045.19178860822,democracy_satisfaction
211,0.5592,88636.80629276097,democracy_satisfaction
212,0.5527,88824.58818819381,democracy_satisfaction
213,0.5756,106040.88849210861,democracy_satisfaction
214,0.5599,114277.4362937002,democracy_satisfaction
215,0.6203,138772.1022482832,democracy_satisfaction
216,0.5514,94460.0472031337,democracy_satisfaction
217,0.6291,1204507.0364880688,democracy_satisfaction
218,0.6196,1204367.2685137496,democracy_satisfaction
219,0.6346,1203811.9304614188,democracy_satisfaction
22,0.6097,1430951.582966886,democracy_satisfaction
220,0.6258,1204570.5462810397,democracy_satisfaction
221,0.6542,273975.8695181723,democracy_satisfaction
222,0.559,195381.17695181782,democracy_satisfaction
223,0.6226,87433.09608902044,democracy_satisfaction
224,0.6245,97927.10241617101,democracy_satisfaction
225,0.5626,114691.21344866653,democracy_satisfaction
226,0.5821,86171.71429780195,democracy_satisfaction
227,0.4789,79236.91113039952,democracy_satisfaction
228,0.5307,108643.97946313373,democracy_satisfaction
229,0.5232,148549.29339360775,democracy_satisfaction
23,0.601,1430979.5587980626,democracy_satisfaction
230,0.5165,88837.43598801222,democracy_satisfaction
231,0.4873,68797.40963185742,democracy_satisfaction
232,0.5507,90761.54694977363,democracy_satisfaction
233,0.5729,147987.87406906814,democracy_satisfaction
234,0.5049,108652.73819635087,democracy_satisfaction
235,0.5161,63773.85339297382,democracy_satisfaction
236,0.5372,102030.78339398111,democracy_satisfaction
237,0.5581,81108.48554729173,democracy_satisfaction
238,0.5294,55680.5282195036,democracy_satisfaction
239,0.5337,62920.67454943145,democracy_satisfaction
24,0.5044,140060.76032577365,democracy_satisfaction
240,0.5246,71998.71051860439,democracy_satisfaction
241,0.5247,118560.08657677029,democracy_satisfaction
242,0.582,99670.56706345096,democracy_satisfaction
243,0.5529,79906.38667921201,democracy_satisfaction
244,0.5717,421645.16416584176,democracy_satisfaction
245,0.573,310021.82372011937,democracy_satisfaction
246,0.559,114053.8546474647,democracy_satisfaction
247,0.5579,129000.1599732756,democracy_satisfaction
248,0.5331,67732.83506927769,democracy_satisfaction
249,0.5706,98381.05661136859,democracy_satisfaction
25,0.5431,205347.6206726869,democracy_satisfaction
250,0.5514,77853.19820796055,democracy_satisfaction
251,0.6157,123141.43426387003,democracy_satisfaction
252,0.5317,234967.86250354463,democracy_satisfaction
253,0.5684,169670.2451007896,democracy_satisfaction
254,0.5523,94243.60739768743,democracy_satisfaction
255,0.5248,114492.67486453363,democracy_satisfaction
256,0.5628,106263.59875116046,democracy_satisfaction
257,0.5123,104959.4310635585,democracy_satisfaction
258,0.5978,491625.13801795384,democracy_satisfaction
259,0.5965,491606.6573873762,democracy_satisfaction
26,0.5338,57534.38438324122,democracy_satisfaction
260,0.5761,307666.1280541792,democracy_satisfaction
261,0.5746,424388.0713972013,democracy_satisfaction
262,0.5417,416219.3321893571,democracy_satisfaction
263,0.5289,202919.6077625286,democracy_satisfaction
264,0.5676,348173.7020949003,democracy_satisfaction
265,0.5642,412661.20895595336,democracy_satisfaction
266,0.5585,354339.2293625429,democracy_satisfaction
267,0.5115,257722.21503823865,democracy_satisfaction
268,0.5338,130377.2162091822,democracy_satisfaction
269,0.5533,290285.00161643716,democracy_satisfaction
27,0.5785,102365.55669514439,democracy_satisfaction
270,0.5272,194226.28914273845,democracy_satisfaction
271,0.5978,250850.54595401778,democracy_satisfaction
272,0.5517,359984.238399364,democracy_satisfaction
273,0.5494,160617.35190101372,democracy_satisfaction
274,0.6026,329508.5250784324,democracy_satisfaction
275,0.5696,254270.4667512479,democracy_satisfaction
276,0.532,106758.04057529704,democracy_satisfaction
277,0.5661,444702.13988692965,democracy_satisfaction
278,0.5525,383546.90227372816,democracy_satisfaction
279,0.5186,147715.086276244,democracy_satisfaction
28,0.5385,84831.94110845958,democracy_satisfaction
280,0.5191,107018.23038466662,democracy_satisfaction
281,0.5939,202798.83261378773,democracy_satisfaction
282,0.5495,192423.43880240252,democracy_satisfaction
283,0.5451,225032.24425116144,democracy_satisfaction
284,0.5614,348801.7132893969,democracy_satisfaction
285,0.514,108392.23134283043,democracy_satisfaction
286,0.5318,201667.8261551113,democracy_satisfaction
287,0.5809,229313.18383026638,democracy_satisfaction
288,0.5836,163230.1480521498,democracy_satisfaction
289,0.5334,229928.3931788717,democracy_satisfaction
29,0.5318,158934.59525744084,democracy_satisfaction
290,0.5671,171933.35017208458,democracy_satisfaction
291,0.5381,150155.75647540676,democracy_satisfaction
292,0.5583,170495.5530644437,democracy_satisfaction
293,0.5756,157126.21900124924,democracy_satisfaction
294,0.5782,224073.31687500788,democracy_satisfaction
295,0.516,121224.48169688437,democracy_satisfaction
296,0.5231,266542.8073390067,democracy_satisfaction
297,0.5381,116068.39548367709,democracy_satisfaction
298,0.5614,100536.02565406008,democracy_satisfaction
299,0.5419,127721.3017367024,democracy_satisfaction
3,0.5526,115851.86522588492,democracy_satisfaction
30,0.5728,139576.16384651398,democracy_satisfaction
31,0.5671,196135.60089437373,democracy_satisfaction
32,0.5637,124018.8382025247,democracy_satisfaction
33,0.5449,155893.75991417954,democracy_satisfaction
34,0.5692,96231.59370696604,democracy_satisfaction
35,0.5664,115171.85584071466,democracy_satisfaction
36,0.5936,206407.69602351406,democracy_satisfaction
37,0.5754,87383.08550697024,democracy_satisfaction
38,0.5598,281285.77678616863,democracy_satisfaction
39,0.5764,226123.33709281817,democracy_satisfaction
4,0.5532,219096.40566326873,democracy_satisfaction
40,0.5545,105268.95765060993,democracy_satisfaction
41,0.5741,906040.0002060288,democracy_satisfaction
42,0.5881,906040.0000290013,democracy_satisfaction
43,0.585,905426.4123814947,democracy_satisfaction
44,0.5605,101457.30386766187,democracy_satisfaction
45,0.5368,124862.07580933305,democracy_satisfaction
46,0.5274,87457.91952152424,democracy_satisfaction
47,0.5622,905515.5202521704,democracy_satisfaction
48,0.5641,213288.40224674714,democracy_satisfaction
49,0.5623,89973.62500013925,democracy_satisfaction
5,0.5936,203904.38777736196,democracy_satisfaction
50,0.5824,205009.19059761005,democracy_satisfaction
51,0.5345,88144.4655599578,democracy_satisfaction
52,0.5779,137316.49886528339,democracy_satisfaction
53,0.5914,264493.9772962256,democracy_satisfaction
54,0.5823,459481.451911284,democracy_satisfaction
55,0.5565,328883.2354039019,democracy_satisfaction
56,0.4522,78979.82450200847,democracy_satisfaction
57,0.4429,109443.59297400215,democracy_satisfaction
58,0.5122,165824.85855315597,democracy_satisfaction
59,0.469,155615.10817955213,democracy_satisfaction
6,0.5844,112031.67277091801,democracy_satisfaction
60,0.4936,155549.23788756167,democracy_satisfaction
61,0.5489,154558.62871543417,democracy_satisfaction
62,0.4701,134829.15146844977,democracy_satisfaction
63,0.4608,134329.34255962222,democracy_satisfaction
64,0.4539,84498.56508792723,democracy_satisfaction
65,0.42,79525.85822991289,democracy_satisfaction
66,0.4555,71739.71605479502,democracy_satisfaction
67,0.4348,106284.84831675599,democracy_satisfaction
68,0.4822,166610.327614394,democracy_satisfaction
69,0.4922,164610.48028456897,democracy_satisfaction
7,0.568,256373.54635692938,democracy_satisfaction
70,0.4717,93215.15114076332,democracy_satisfaction
71,0.4172,133361.2526046149,democracy_satisfaction
72,0.465,157021.8587295553,democracy_satisfaction
73,0.4221,142062.0442874195,democracy_satisfaction
74,0.4434,120532.22450632381,democracy_satisfaction
75,0.626,2877040.0000032624,democracy_satisfaction
76,0.54990000000000006,2876906.1867174297,democracy_satisfaction
77,0.5902,2876920.9828373524,democracy_satisfaction
78,0.5742,2876421.751616364,democracy_satisfaction
79,0.5927,2876860.9932270315,democracy_satisfaction
8,0.584,211014.82904146786,democracy_satisfaction
80,0.5962,2877039.9999880577,democracy_satisfaction
81,0.5894,2876994.508906475,democracy_satisfaction
82,0.5767,2877040.0163646573,democracy_satisfaction
83,0.5605,2877040.000000056,democracy_satisfaction
84,0.5202,2876558.3705327353,democracy_satisfaction
85,0.5592,2876637.8723200033,democracy_satisfaction
86,0.5464,2877039.991728962,democracy_satisfaction
87,0.5757,469838.9638431637,democracy_satisfaction
88,0.5771,469519.8665093225,democracy_satisfaction
89,0.5552,206063.7555109461,democracy_satisfaction
9,0.5792,165842.74609892463,democracy_satisfaction
90,0.5517,217520.41696543677,democracy_satisfaction
91,0.5778,377284.1712779972,democracy_satisfaction
92,0.5788,182042.29332300788,democracy_satisfaction
93,0.6148,826064.115036562,democracy_satisfaction
94,0.6119,825997.9357487308,democracy_satisfaction
95,0.6061,825493.2232396624,democracy_satisfaction
96,0.6398,255570.0786535427,democracy_satisfaction
97,0.5696,479910.6564404217,democracy_satisfaction
98,0.6207,479718.72344821633,democracy_satisfaction
99,0.5417,215526.51344431812,democracy_satisfaction
1,0.3477,156146.91219309898,trust_general
10,0.3465,166471.2930691627,trust_general
100,0.3801,225480.3522156972,trust_general
101,0.3708,407890.85381560476,trust_general
102,0.3292,281768.98076001246,trust_general
103,0.3267,142658.23720478482,trust_general
104,0.3639,391543.0373754122,trust_general
105,0.3547,391558.8004555166,trust_general
106,0.3775,494218.3319042906,trust_general
107,0.3779,494219.96093411255,trust_general
108,0.3671,363673.56008346134,trust_general
109,0.3251,209297.8539070891,trust_general
11,0.3378,166836.21906336443,trust_general
110,0.3609,320280.1149764613,trust_general
111,0.35,236760.5046750637,trust_general
112,0.339,249336.21906869547,trust_general
113,0.3284,366336.2851592385,trust_general
114,0.3341,299541.1330563543,trust_general
115,0.2939,396276.38943833264,trust_general
116,0.2994,396373.33212362515,trust_general
117,0.3175,243750.69746423358,trust_general
118,0.3555,203613.27195902585,trust_general
119,0.3424,455933.8732086029,trust_general
12,0.2973,153175.19652881895,trust_general
120,0.3476,456020.53375132655,trust_general
121,0.3255,498771.4750146778,trust_general
122,0.3199,498709.6427058843,trust_general
123,0.2868,204675.96619656123,trust_general
124,0.3432,326015.12804966717,trust_general
125,0.3401,366415.6006192377,trust_general
126,0.3464,293566.14240599767,trust_general
127,0.3672,194330.8471030403,trust_general
128,0.3522,350928.9874258416,trust_general
129,0.4165,244367.79992332731,trust_general
13,0.3007,156364.76501065,trust_general
130,0.3423,220117.08373788834,trust_general
131,0.3312,283928.1380258957,trust_general
132,0.3584,264316.5948110892,trust_general
133,0.3269,206947.44889617665,trust_general
134,0.3337,252840.34757535404,trust_general
135,0.3315,275039.22121060453,trust_general
136,0.3388,150831.06981403066,trust_general
137,0.3513,246867.57793827367,trust_general
138,0.3386,201784.98668589175,trust_general
139,0.3404,254498.50955151534,trust_general
14,0.3189,171852.85511876698,trust_general
140,0.3426,288318.3119799407,trust_general
141,0.3247,196999.4437813509,trust_general
142,0.3409,479802.95794022887,trust_general
143,0.3349,479821.29101912136,trust_general
144,0.3332,317213.10804336413,trust_general
145,0.3273,221583.589226408,trust_general
146,0.3458,235963.20544327798,trust_general
147,0.3401,207983.59959208468,trust_general
148,0.3279,220544.11485789935,trust_general
149,0.3362,189899.65486953108,trust_general
15,0.2906,177171.1056234898,trust_general
150,0.3176,328426.4883106674,trust_general
151,0.2929,156287.43169108193,trust_general
152,0.3606,447273.0462806228,trust_general
153,0.3514,447243.65590118093,trust_general
154,0.3042,203485.01944982784,trust_general
155,0.3121,189334.39291100815,trust_general
156,0.2935,230765.27810862593,trust_general
157,0.289,191431.58226584247,trust_general
158,0.299,189315.47007156236,trust_general
159,0.3561,417647.8505356109,trust_general
16,0.2929,188390.8326199093,trust_general
160,0.3357,341234.6099588987,trust_general
161,0.303,234219.82598483737,trust_general
162,0.3144,179951.4826308836,trust_general
163,0.2859,243241.04581463398,trust_general
164,0.3075,256612.53907117652,trust_general
165,0.3067,245404.13989671535,trust_general
166,0.2987,176363.3722710095,trust_general
167,0.3297,150847.19248560639,trust_general
168,0.3414,174948.92758784763,trust_general
169,0.3213,82837.07649342252,trust_general
17,0.2965,192718.9279291037,trust_general
170,0.3227,134244.55708584565,trust_general
171,0.3467,192767.679643849,trust_general
172,0.319,199828.3130746693,trust_general
173,0.3509,151701.4962621543,trust_general
174,0.3292,138746.12312425295,trust_general
175,0.3275,288922.3772270948,trust_general
176,0.3639,162361.87609394698,trust_general
177,0.3422,243612.56356526492,trust_general
178,0.3543,142711.3720274556,trust_general
179,0.3521,227070.2518071342,trust_general
18,0.3611,1421002.2593554342,trust_general
180,0.326,331219.6662066321,trust_general
181,0.3927,186134.08587471946,trust_general
182,0.3717,597316.9289922566,trust_general
183,0.364,597119.979697627,trust_general
184,0.3338,207677.8943569085,trust_general
185,0.3457,246244.22266916416,trust_general
186,0.3474,209100.38922005054,trust_general
187,0.3405,151964.41207017357,trust_general
188,0.3502,217023.4649560447,trust_general
189,0.2926,63479.47863541032,trust_general
19,0.372,1430556.9948969542,trust_general
190,0.2981,98328.8375353136,trust_general
191,0.307,57329.668210706746,trust_general
192,0.3045,97103.89456177686,trust_general
193,0.3436,128018.6219006737,trust_general
194,0.3029,71429.80636382155,trust_general
195,0.3017,66552.61663215315,trust_general
196,0.3002,65604.03583878439,trust_general
197,0.3253,124497.04897961108,trust_general
198,0.3335,129788.89967360128,trust_general
199,0.3306,126188.29445828657,trust_general
2,0.3206,126617.81067176482,trust_general
20,0.3694,1431329.7804752644,trust_general
200,0.3297,71012.6202541161,trust_general
201,0.3207,97548.86235301365,trust_general
202,0.3291,68267.7552315342,trust_general
203,0.3392,110806.5196587859,trust_general
204,0.3288,141190.6093562236,trust_general
205,0.3738,165730.91092029086,trust_general
206,0.3369,111780.77145883288,trust_general
207,0.3189,110882.44884675027,trust_general
208,0.3596,94362.25613613243,trust_general
209,0.314,60711.17813870885,trust_general
21,0.3778,1431298.9874824153,trust_general
210,0.323,68045.19178860822,trust_general
211,0.3322,88636.80629276097,trust_general
212,0.3121,88824.58818819381,trust_general
213,0.353,106040.88849210861,trust_general
214,0.3359,114277.4362937002,trust_general
215,0.3566,138772.1022482832,trust_general
216,0.3319,94460.0472031337,trust_general
217,0.3877,1204507.0364880688,trust_general
218,0.3989,1204367.2685137496,trust_general
219,0.3904,1203811.9304614188,trust_general
22,0.36870000000000003,1430951.582966886,trust_general
220,0.3919,1204570.5462810397,trust_general
221,0.3899,273975.8695181723,trust_general
222,0.3321,195381.17695181782,trust_general
223,0.3527,87433.09608902044,trust_general
224,0.3905,97927.10241617101,trust_general
225,0.3315,114691.21344866653,trust_general
226,0.3647,86171.71429780195,trust_general
227,0.2864,79236.91113039952,trust_general
228,0.3208,108643.97946313373,trust_general
229,0.3005,148549.29339360775,trust_general
23,0.3679,1430979.5587980626,trust_general
230,0.2979,88837.43598801222,trust_general
231,0.2925,68797.40963185742,trust_general
232,0.3251,90761.54694977363,trust_general
233,0.3365,147987.87406906814,trust_general
234,0.2877,108652.73819635087,trust_general
235,0.3011,63773.85339297382,trust_general
236,0.3251,102030.78339398111,trust_general
237,0.3199,81108.48554729173,trust_general
238,0.3126,55680.5282195036,trust_general
239,0.3025,62920.67454943145,trust_general
24,0.3103,140060.76032577365,trust_general
240,0.3133,71998.71051860439,trust_general
241,0.3109,118560.08657677029,trust_general
242,0.3684,99670.56706345096,trust_general
243,0.3182,79906.38667921201,trust_general
244,0.3296,421645.16416584176,trust_general
245,0.3435,310021.82372011937,trust_general
246,0.3347,114053.8546474647,trust_general
247,0.346,129000.1599732756,trust_general
248,0.319,67732.83506927769,trust_general
249,0.3251,98381.05661136859,trust_general
25,0.3235,205347.6206726869,trust_general
250,0.3189,77853.19820796055,trust_general
251,0.3634,123141.43426387003,trust_general
252,0.3218,234967.86250354463,trust_general
253,0.3307,169670.2451007896,trust_general
254,0.3178,94243.60739768743,trust_general
255,0.3077,114492.67486453363,trust_general
256,0.3347,106263.59875116046,trust_general
257,0.3268,104959.4310635585,trust_general
258,0.3732,491625.13801795384,trust_general
259,0.3697,491606.6573873762,trust_general
26,0.3226,57534.38438324122,trust_general
260,0.3493,307666.1280541792,trust_general
261,0.359,424388.0713972013,trust_general
262,0.3538,416219.3321893571,trust_general
263,0.3229,202919.6077625286,trust_general
264,0.335,348173.7020949003,trust_general
265,0.3564,412661.20895595336,trust_general
266,0.3352,354339.2293625429,trust_general
267,0.3138,257722.21503823865,trust_general
268,0.3245,130377.2162091822,trust_general
269,0.3337,290285.00161643716,trust_general
27,0.3588,102365.55669514439,trust_general
270,0.3175,194226.28914273845,trust_general
271,0.374,250850.54595401778,trust_general
272,0.3394,359984.238399364,trust_general
273,0.3227,160617.35190101372,trust_general
274,0.358,329508.5250784324,trust_general
275,0.3297,254270.4667512479,trust_general
276,0.3158,106758.04057529704,trust_general
277,0.3524,444702.13988692965,trust_general
278,0.3389,383546.90227372816,trust_general
279,0.3322,147715.086276244,trust_general
28,0.3219,84831.94110845958,trust_general
280,0.3186,107018.23038466662,trust_general
281,0.364,202798.83261378773,trust_general
282,0.343,192423.43880240252,trust_general
283,0.3179,225032.24425116144,trust_general
284,0.3265,348801.7132893969,trust_general
285,0.3108,108392.23134283043,trust_general
286,0.3142,201667.8261551113,trust_general
287,0.3485,229313.18383026638,trust_general
288,0.3417,163230.1480521498,trust_general
289,0.3365,229928.3931788717,trust_general
29,0.3268,158934.59525744084,trust_general
290,0.3601,171933.35017208458,trust_general
291,0.3354,150155.75647540676,trust_general
292,0.3294,170495.5530644437,trust_general
293,0.3536,157126.21900124924,trust_general
294,0.3423,224073.31687500788,trust_general
295,0.3089,121224.48169688437,trust_general
296,0.3226,266542.8073390067,trust_general
297,0.3227,116068.39548367709,trust_general
298,0.3322,100536.02565406008,trust_general
299,0.3301,127721.3017367024,trust_general
3,0.3266,115851.86522588492,trust_general
30,0.3344,139576.16384651398,trust_general
31,0.3299,196135.60089437373,trust_general
32,0.3331,124018.8382025247,trust_general
33,0.3321,155893.75991417954,trust_general
34,0.3493,96231.59370696604,trust_general
35,0.3245,115171.85584071466,trust_general
36,0.3651,206407.69602351406,trust_general
37,0.3501,87383.08550697024,trust_general
38,0.3314,281285.77678616863,trust_general
39,0.349,226123.33709281817,trust_general
4,0.3449,219096.40566326873,trust_general
40,0.3239,105268.95765060993,trust_general
41,0.3624,906040.0002060288,trust_general
42,0.3538,906040.0000290013,trust_general
43,0.3583,905426.4123814947,trust_general
44,0.323,101457.30386766187,trust_general
45,0.3472,124862.07580933305,trust_general
46,0.3264,87457.91952152424,trust_general
47,0.352,905515.5202521704,trust_general
48,0.3331,213288.40224674714,trust_general
49,0.3302,89973.62500013925,trust_general
5,0.3656,203904.38777736196,trust_general
50,0.3659,205009.19059761005,trust_general
51,0.3279,88144.4655599578,trust_general
52,0.3376,137316.49886528339,trust_general
53,0.3565,264493.9772962256,trust_general
54,0.3465,459481.451911284,trust_general
55,0.3236,328883.2354039019,trust_general
56,0.3006,78979.82450200847,trust_general
57,0.2991,109443.59297400215,trust_general
58,0.3266,165824.85855315597,trust_general
59,0.3144,155615.10817955213,trust_general
6,0.3518,112031.67277091801,trust_general
60,0.3381,155549.23788756167,trust_general
61,0.3608,154558.62871543417,trust_general
62,0.3213,134829.15146844977,trust_general
63,0.316,134329.34255962222,trust_general
64,0.3128,84498.56508792723,trust_general
65,0.2936,79525.85822991289,trust_general
66,0.2792,71739.71605479502,trust_general
67,0.2909,106284.84831675599,trust_general
68,0.2972,166610.327614394,trust_general
69,0.2986,164610.48028456897,trust_general
7,0.3479,256373.54635692938,trust_general
70,0.2954,93215.15114076332,trust_general
71,0.2755,133361.2526046149,trust_general
72,0.3006,157021.8587295553,trust_general
73,0.2828,142062.0442874195,trust_general
74,0.2828,120532.22450632381,trust_general
75,0.3787,2877040.0000032624,trust_general
76,0.3578,2876906.1867174297,trust_general
77,0.3442,2876920.9828373524,trust_general
78,0.3691,2876421.751616364,trust_general
79,0.3646,2876860.9932270315,trust_general
8,0.3462,211014.82904146786,trust_general
80,0.3514,2877039.9999880577,trust_general
81,0.3586,2876994.508906475,trust_general
82,0.3642,2877040.0163646573,trust_general
83,0.3626,2877040.000000056,trust_general
84,0.3585,2876558.3705327353,trust_general
85,0.3485,2876637.8723200033,trust_general
86,0.3524,2877039.991728962,trust_general
87,0.3528,469838.9638431637,trust_general
88,0.3503,469519.8665093225,trust_general
89,0.3273,206063.7555109461,trust_general
9,0.3392,165842.74609892463,trust_general
90,0.334,217520.41696543677,trust_general
91,0.3457,377284.1712779972,trust_general
92,0.3307,182042.29332300788,trust_general
93,0.3754,826064.115036562,trust_general
94,0.3847,825997.9357487308,trust_general
95,0.3815,825493.2232396624,trust_general
96,0.3941,255570.0786535427,trust_general
97,0.3641,479910.6564404217,trust_general
98,0.3657,479718.72344821633,trust_general
99,0.3397,215526.51344431812,trust_general
1,0.3451,156146.91219309898,political_interest
10,0.3725,166471.2930691627,political_interest
100,0.3893,225480.3522156972,political_interest
101,0.3959,407890.85381560476,political_interest
102,0.3702,281768.98076001246,political_interest
103,0.365,142658.23720478482,political_interest
104,0.3873,391543.0373754122,political_interest
105,0.387,391558.8004555166,political_interest
106,0.3962,494218.3319042906,political_interest
107,0.4116,494219.96093411255,political_interest
108,0.3801,363673.56008346134,political_interest
109,0.3591,209297.8539070891,political_interest
11,0.3465,166836.21906336443,political_interest
110,0.3699,320280.1149764613,political_interest
111,0.3658,236760.5046750637,political_interest
112,0.3409,249336.21906869547,political_interest
113,0.3504,366336.2851592385,political_interest
114,0.3691,299541.1330563543,political_interest
115,0.3633,396276.38943833264,political_interest
116,0.3561,396373.33212362515,political_interest
117,0.3564,243750.69746423358,political_interest
118,0.3818,203613.27195902585,political_interest
119,0.3796,455933.8732086029,political_interest
12,0.3323,153175.19652881895,political_interest
120,0.3756,456020.53375132655,political_interest
121,0.3607,498771.4750146778,political_interest
122,0.3288,498709.6427058843,political_interest
123,0.3168,204675.96619656123,political_interest
124,0.3541,326015.12804966717,political_interest
125,0.3769,366415.6006192377,political_interest
126,0.3314,293566.14240599767,political_interest
127,0.3618,194330.8471030403,political_interest
128,0.345,350928.9874258416,political_interest
129,0.43120000000000003,244367.79992332731,political_interest
13,0.328,156364.76501065,political_interest
130,0.3531,220117.08373788834,political_interest
131,0.3366,283928.1380258957,political_interest
132,0.3711,264316.5948110892,political_interest
133,0.3451,206947.44889617665,political_interest
134,0.3345,252840.34757535404,political_interest
135,0.3693,275039.22121060453,political_interest
136,0.3499,150831.06981403066,political_interest
137,0.3398,246867.57793827367,political_interest
138,0.3695,201784.98668589175,political_interest
139,0.3852,254498.50955151534,political_interest
14,0.3723,171852.85511876698,political_interest
140,0.3942,288318.3119799407,political_interest
141,0.3727,196999.4437813509,political_interest
142,0.3832,479802.95794022887,political_interest
143,0.3709,479821.29101912136,political_interest
144,0.3566,317213.10804336413,political_interest
145,0.355,221583.589226408,political_interest
146,0.3439,235963.20544327798,political_interest
147,0.3464,207983.59959208468,political_interest
148,0.3411,220544.11485789935,political_interest
149,0.3383,189899.65486953108,political_interest
15,0.3323,177171.1056234898,political_interest
150,0.3292,328426.4883106674,political_interest
151,0.3308,156287.43169108193,political_interest
152,0.4205,447273.0462806228,political_interest
153,0.3801,447243.65590118093,political_interest
154,0.3538,203485.01944982784,political_interest
155,0.3402,189334.39291100815,political_interest
156,0.3427,230765.27810862593,political_interest
157,0.3299,191431.58226584247,political_interest
158,0.3371,189315.47007156236,political_interest
159,0.4105,417647.8505356109,political_interest
16,0.3328,188390.8326199093,political_interest
160,0.3649,341234.6099588987,political_interest
161,0.3353,234219.82598483737,political_interest
162,0.3711,179951.4826308836,political_interest
163,0.3451,243241.04581463398,political_interest
164,0.3328,256612.53907117652,political_interest
165,0.3385,245404.13989671535,political_interest
166,0.3462,176363.3722710095,political_interest
167,0.3468,150847.19248560639,political_interest
168,0.3712,174948.92758784763,political_interest
169,0.3516,82837.07649342252,political_interest
17,0.3345,192718.9279291037,political_interest
170,0.3332,134244.55708584565,political_interest
171,0.3446,192767.679643849,political_interest
172,0.325,199828.3130746693,political_interest
173,0.363,151701.4962621543,political_interest
174,0.3338,138746.12312425295,political_interest
175,0.3662,288922.3772270948,political_interest
176,0.3831,162361.87609394698,political_interest
177,0.3662,243612.56356526492,political_interest
178,0.3636,142711.3720274556,political_interest
179,0.3842,227070.2518071342,political_interest
18,0.4159,1421002.2593554342,political_interest
180,0.3651,331219.6662066321,political_interest
181,0.3922,186134.08587471946,political_interest
182,0.4006,597316.9289922566,political_interest
183,0.4249,597119.979697627,political_interest
184,0.3555,207677.8943569085,political_interest
185,0.3874,246244.22266916416,political_interest
186,0.3815,209100.38922005054,political_interest
187,0.3486,151964.41207017357,political_interest
188,0.3614,217023.4649560447,political_interest
189,0.3208,63479.47863541032,political_interest
19,0.4094,1430556.9948969542,political_interest
190,0.3587,98328.8375353136,political_interest
191,0.3404,57329.668210706746,political_interest
192,0.3415,97103.89456177686,political_interest
193,0.3891,128018.6219006737,political_interest
194,0.3349,71429.80636382155,political_interest
195,0.3431,66552.61663215315,political_interest
196,0.3452,65604.03583878439,political_interest
197,0.3412,124497.04897961108,political_interest
198,0.3311,129788.89967360128,political_interest
199,0.3458,126188.29445828657,political_interest
2,0.3327,126617.81067176482,political_interest
20,0.4049,1431329.7804752644,political_interest
200,0.3505,71012.6202541161,political_interest
201,0.3469,97548.86235301365,political_interest
202,0.3191,68267.7552315342,political_interest
203,0.3549,110806.5196587859,political_interest
204,0.338,141190.6093562236,political_interest
205,0.3802,165730.91092029086,political_interest
206,0.3503,111780.77145883288,political_interest
207,0.3421,110882.44884675027,political_interest
208,0.3606,94362.25613613243,political_interest
209,0.3344,60711.17813870885,political_interest
21,0.4085,1431298.9874824153,political_interest
210,0.3354,68045.19178860822,political_interest
211,0.343,88636.80629276097,political_interest
212,0.3159,88824.58818819381,political_interest
213,0.3512,106040.88849210861,political_interest
214,0.3468,114277.4362937002,political_interest
215,0.3525,138772.1022482832,political_interest
216,0.3326,94460.0472031337,political_interest
217,0.407,1204507.0364880688,political_interest
218,0.4291,1204367.2685137496,political_interest
219,0.4421,1203811.9304614188,political_interest
22,0.4003,1430951.582966886,political_interest
220,0.4179,1204570.5462810397,political_interest
221,0.4189,273975.8695181723,political_interest
222,0.3361,195381.17695181782,political_interest
223,0.3491,87433.09608902044,political_interest
224,0.3905,97927.10241617101,political_interest
225,0.34,114691.21344866653,political_interest
226,0.3476,86171.71429780195,political_interest
227,0.2839,79236.91113039952,political_interest
228,0.3081,108643.97946313373,political_interest
229,0.3217,148549.29339360775,political_interest
23,0.4098,1430979.5587980626,political_interest
230,0.2913,88837.43598801222,political_interest
231,0.2848,68797.40963185742,political_interest
232,0.3311,90761.54694977363,political_interest
233,0.3457,147987.87406906814,political_interest
234,0.2841,108652.73819635087,political_interest
235,0.3092,63773.85339297382,political_interest
236,0.3318,102030.78339398111,political_interest
237,0.321,81108.48554729173,political_interest
238,0.297,55680.5282195036,political_interest
239,0.3226,62920.67454943145,political_interest
24,0.3423,140060.76032577365,political_interest
240,0.3006,71998.71051860439,political_interest
241,0.3119,118560.08657677029,political_interest
242,0.3598,99670.56706345096,political_interest
243,0.3185,79906.38667921201,political_interest
244,0.377,421645.16416584176,political_interest
245,0.376,310021.82372011937,political_interest
246,0.3268,114053.8546474647,political_interest
247,0.3345,129000.1599732756,political_interest
248,0.2981,67732.83506927769,political_interest
249,0.3058,98381.05661136859,political_interest
25,0.3293,205347.6206726869,political_interest
250,0.3228,77853.19820796055,political_interest
251,0.3582,123141.43426387003,political_interest
252,0.3561,234967.86250354463,political_interest
253,0.3438,169670.2451007896,political_interest
254,0.3095,94243.60739768743,political_interest
255,0.2979,114492.67486453363,political_interest
256,0.337,106263.59875116046,political_interest
257,0.3048,104959.4310635585,political_interest
258,0.4246,491625.13801795384,political_interest
259,0.4043,491606.6573873762,political_interest
26,0.359,57534.38438324122,political_interest
260,0.3691,307666.1280541792,political_interest
261,0.3741,424388.0713972013,political_interest
262,0.3457,416219.3321893571,political_interest
263,0.3216,202919.6077625286,political_interest
264,0.3584,348173.7020949003,political_interest
265,0.3664,412661.20895595336,political_interest
266,0.3394,354339.2293625429,political_interest
267,0.3316,257722.21503823865,political_interest
268,0.3301,130377.2162091822,political_interest
269,0.3517,290285.00161643716,political_interest
27,0.362,102365.55669514439,political_interest
270,0.3361,194226.28914273845,political_interest
271,0.4028,250850.54595401778,political_interest
272,0.3468,359984.238399364,political_interest
273,0.3568,160617.35190101372,political_interest
274,0.3905,329508.5250784324,political_interest
275,0.3977,254270.4667512479,political_interest
276,0.3374,106758.04057529704,political_interest
277,0.3679,444702.13988692965,political_interest
278,0.3468,383546.90227372816,political_interest
279,0.3526,147715.086276244,political_interest
28,0.3482,84831.94110845958,political_interest
280,0.339,107018.23038466662,political_interest
281,0.3885,202798.83261378773,political_interest
282,0.3303,192423.43880240252,political_interest
283,0.3328,225032.24425116144,political_interest
284,0.3286,348801.7132893969,political_interest
285,0.3135,108392.23134283043,political_interest
286,0.3276,201667.8261551113,political_interest
287,0.3592,229313.18383026638,political_interest
288,0.3539,163230.1480521498,political_interest
289,0.3455,229928.3931788717,political_interest
29,0.337,158934.59525744084,political_interest
290,0.3602,171933.35017208458,political_interest
291,0.3282,150155.75647540676,political_interest
292,0.3225,170495.5530644437,political_interest
293,0.3641,157126.21900124924,political_interest
294,0.3463,224073.31687500788,political_interest
295,0.3213,121224.48169688437,political_interest
296,0.348,266542.8073390067,political_interest
297,0.3379,116068.39548367709,political_interest
298,0.339,100536.02565406008,political_interest
299,0.3522,127721.3017367024,political_interest
3,0.3382,115851.86522588492,political_interest
30,0.3341,139576.16384651398,political_interest
31,0.30620000000000003,196135.60089437373,political_interest
32,0.3146,124018.8382025247,political_interest
33,0.3625,155893.75991417954,political_interest
34,0.3468,96231.59370696604,political_interest
35,0.3301,115171.85584071466,political_interest
36,0.3709,206407.69602351406,political_interest
37,0.3622,87383.08550697024,political_interest
38,0.3458,281285.77678616863,political_interest
39,0.3555,226123.33709281817,political_interest
4,0.3548,219096.40566326873,political_interest
40,0.3249,105268.95765060993,political_interest
41,0.3834,906040.0002060288,political_interest
42,0.3891,906040.0000290013,political_interest
43,0.3842,905426.4123814947,political_interest
44,0.3335,101457.30386766187,political_interest
45,0.3403,124862.07580933305,political_interest
46,0.3388,87457.91952152424,political_interest
47,0.3836,905515.5202521704,political_interest
48,0.3462,213288.40224674714,political_interest
49,0.3648,89973.62500013925,political_interest
5,0.3972,203904.38777736196,political_interest
50,0.3916,205009.19059761005,political_interest
51,0.3458,88144.4655599578,political_interest
52,0.3585,137316.49886528339,political_interest
53,0.3808,264493.9772962256,political_interest
54,0.3868,459481.451911284,political_interest
55,0.3832,328883.2354039019,political_interest
56,0.3358,78979.82450200847,political_interest
57,0.3439,109443.59297400215,political_interest
58,0.3591,165824.85855315597,political_interest
59,0.352,155615.10817955213,political_interest
6,0.3741,112031.67277091801,political_interest
60,0.3668,155549.23788756167,political_interest
61,0.3952,154558.62871543417,political_interest
62,0.3666,134829.15146844977,political_interest
63,0.367,134329.34255962222,political_interest
64,0.3492,84498.56508792723,political_interest
65,0.3202,79525.85822991289,political_interest
66,0.3368,71739.71605479502,political_interest
67,0.3334,106284.84831675599,political_interest
68,0.3361,166610.327614394,political_interest
69,0.3395,164610.48028456897,political_interest
7,0.3676,256373.54635692938,political_interest
70,0.3428,93215.15114076332,political_interest
71,0.3221,133361.2526046149,political_interest
72,0.3788,157021.8587295553,political_interest
73,0.3386,142062.0442874195,political_interest
74,0.3226,120532.22450632381,political_interest
75,0.4341,2877040.0000032624,political_interest
76,0.4028,2876906.1867174297,political_interest
77,0.3942,2876920.9828373524,political_interest
78,0.4147,2876421.751616364,political_interest
79,0.4148,2876860.9932270315,political_interest
8,0.3607,211014.82904146786,political_interest
80,0.4249,2877039.9999880577,political_interest
81,0.4139,2876994.508906475,political_interest
82,0.4173,2877040.0163646573,political_interest
83,0.4388,2877040.000000056,political_interest
84,0.3983,2876558.3705327353,political_interest
85,0.3878,2876637.8723200033,political_interest
86,0.414,2877039.991728962,political_interest
87,0.3842,469838.9638431637,political_interest
88,0.3835,469519.8665093225,political_interest
89,0.3503,206063.7555109461,political_interest
9,0.3476,165842.74609892463,political_interest
90,0.3594,217520.41696543677,political_interest
91,0.3608,377284.1712779972,political_interest
92,0.3563,182042.29332300788,political_interest
93,0.4151,826064.115036562,political_interest
94,0.4203,825997.9357487308,political_interest
95,0.4235,825493.2232396624,political_interest
96,0.4402,255570.0786535427,political_interest
97,0.3824,479910.6564404217,political_interest
98,0.3969,479718.72344821633,political_interest
99,0.35,215526.51344431812,political_interest
1,0.388,156146.91219309898,fear_climate
10,0.3901,166471.2930691627,fear_climate
100,0.406,225480.3522156972,fear_climate
101,0.3988,407890.85381560476,fear_climate
102,0.3949,281768.98076001246,fear_climate
103,0.3963,142658.23720478482,fear_climate
104,0.3758,391543.0373754122,fear_climate
105,0.3941,391558.8004555166,fear_climate
106,0.4028,494218.3319042906,fear_climate
107,0.4124,494219.96093411255,fear_climate
108,0.3786,363673.56008346134,fear_climate
109,0.3665,209297.8539070891,fear_climate
11,0.3938,166836.21906336443,fear_climate
110,0.3949,320280.1149764613,fear_climate
111,0.3844,236760.5046750637,fear_climate
112,0.3902,249336.21906869547,fear_climate
113,0.3781,366336.2851592385,fear_climate
114,0.3915,299541.1330563543,fear_climate
115,0.3631,396276.38943833264,fear_climate
116,0.3649,396373.33212362515,fear_climate
117,0.3796,243750.69746423358,fear_climate
118,0.3871,203613.27195902585,fear_climate
119,0.3826,455933.8732086029,fear_climate
12,0.3359,153175.19652881895,fear_climate
120,0.3884,456020.53375132655,fear_climate
121,0.3788,498771.4750146778,fear_climate
122,0.3717,498709.6427058843,fear_climate
123,0.3485,204675.96619656123,fear_climate
124,0.4025,326015.12804966717,fear_climate
125,0.3829,366415.6006192377,fear_climate
126,0.3899,293566.14240599767,fear_climate
127,0.3754,194330.8471030403,fear_climate
128,0.4051,350928.9874258416,fear_climate
129,0.4314,244367.79992332731,fear_climate
13,0.3383,156364.76501065,fear_climate
130,0.3901,220117.08373788834,fear_climate
131,0.3829,283928.1380258957,fear_climate
132,0.4122,264316.5948110892,fear_climate
133,0.3873,206947.44889617665,fear_climate
134,0.3677,252840.34757535404,fear_climate
135,0.3663,275039.22121060453,fear_climate
136,0.3874,150831.06981403066,fear_climate
137,0.3585,246867.57793827367,fear_climate
138,0.3773,201784.98668589175,fear_climate
139,0.387,254498.50955151534,fear_climate
14,0.3341,171852.85511876698,fear_climate
140,0.4013,288318.3119799407,fear_climate
141,0.3699,196999.4437813509,fear_climate
142,0.387,479802.95794022887,fear_climate
143,0.3821,479821.29101912136,fear_climate
144,0.3824,317213.10804336413,fear_climate
145,0.3916,221583.589226408,fear_climate
146,0.383,235963.20544327798,fear_climate
147,0.3781,207983.59959208468,fear_climate
148,0.3742,220544.11485789935,fear_climate
149,0.3717,189899.65486953108,fear_climate
15,0.3108,177171.1056234898,fear_climate
150,0.3587,328426.4883106674,fear_climate
151,0.3243,156287.43169108193,fear_climate
152,0.3828,447273.0462806228,fear_climate
153,0.3523,447243.65590118093,fear_climate
154,0.3135,203485.01944982784,fear_climate
155,0.2991,189334.39291100815,fear_climate
156,0.2873,230765.27810862593,fear_climate
157,0.2945,191431.58226584247,fear_climate
158,0.2858,189315.47007156236,fear_climate
159,0.3364,417647.8505356109,fear_climate
16,0.3221,188390.8326199093,fear_climate
160,0.3052,341234.6099588987,fear_climate
161,0.3101,234219.82598483737,fear_climate
162,0.3189,179951.4826308836,fear_climate
163,0.2842,243241.04581463398,fear_climate
164,0.2904,256612.53907117652,fear_climate
165,0.3052,245404.13989671535,fear_climate
166,0.3005,176363.3722710095,fear_climate
167,0.3884,150847.19248560639,fear_climate
168,0.4011,174948.92758784763,fear_climate
169,0.3607,82837.07649342252,fear_climate
17,0.3126,192718.9279291037,fear_climate
170,0.3735,134244.55708584565,fear_climate
171,0.3882,192767.679643849,fear_climate
172,0.3654,199828.3130746693,fear_climate
173,0.3672,151701.4962621543,fear_climate
174,0.3709,138746.12312425295,fear_climate
175,0.357,288922.3772270948,fear_climate
176,0.3855,162361.87609394698,fear_climate
177,0.3733,243612.56356526492,fear_climate
178,0.3817,142711.3720274556,fear_climate
179,0.3974,227070.2518071342,fear_climate
18,0.4149,1421002.2593554342,fear_climate
180,0.3777,331219.6662066321,fear_climate
181,0.3761,186134.08587471946,fear_climate
182,0.4005,597316.9289922566,fear_climate
183,0.4173,597119.979697627,fear_climate
184,0.3745,207677.8943569085,fear_climate
185,0.3961,246244.22266916416,fear_climate
186,0.3888,209100.38922005054,fear_climate
187,0.3928,151964.41207017357,fear_climate
188,0.3825,217023.4649560447,fear_climate
189,0.3333,63479.47863541032,fear_climate
19,0.4133,1430556.9948969542,fear_climate
190,0.3327,98328.8375353136,fear_climate
191,0.3202,57329.668210706746,fear_climate
192,0.3236,97103.89456177686,fear_climate
193,0.351,128018.6219006737,fear_climate
194,0.2898,71429.80636382155,fear_climate
195,0.305,66552.61663215315,fear_climate
196,0.2858,65604.03583878439,fear_climate
197,0.3627,124497.04897961108,fear_climate
198,0.3939,129788.89967360128,fear_climate
199,0.3648,126188.29445828657,fear_climate
2,0.4051,126617.81067176482,fear_climate
20,0.4246,1431329.7804752644,fear_climate
200,0.3698,71012.6202541161,fear_climate
201,0.3649,97548.86235301365,fear_climate
202,0.3859,68267.7552315342,fear_climate
203,0.3781,110806.5196587859,fear_climate
204,0.3785,141190.6093562236,fear_climate
205,0.4,165730.91092029086,fear_climate
206,0.3654,111780.77145883288,fear_climate
207,0.3686,110882.44884675027,fear_climate
208,0.3971,94362.25613613243,fear_climate
209,0.3361,60711.17813870885,fear_climate
21,0.415,1431298.9874824153,fear_climate
210,0.3615,68045.19178860822,fear_climate
211,0.3873,88636.80629276097,fear_climate
212,0.358,88824.58818819381,fear_climate
213,0.3797,106040.88849210861,fear_climate
214,0.3584,114277.4362937002,fear_climate
215,0.3752,138772.1022482832,fear_climate
216,0.3641,94460.0472031337,fear_climate
217,0.4178,1204507.0364880688,fear_climate
218,0.4195,1204367.2685137496,fear_climate
219,0.4144,1203811.9304614188,fear_climate
22,0.4051,1430951.582966886,fear_climate
220,0.3958,1204570.5462810397,fear_climate
221,0.411,273975.8695181723,fear_climate
222,0.3618,195381.17695181782,fear_climate
223,0.3904,87433.09608902044,fear_climate
224,0.3853,97927.10241617101,fear_climate
225,0.3758,114691.21344866653,fear_climate
226,0.3775,86171.71429780195,fear_climate
227,0.331,79236.91113039952,fear_climate
228,0.3338,108643.97946313373,fear_climate
229,0.3402,148549.29339360775,fear_climate
23,0.4061,1430979.5587980626,fear_climate
230,0.3381,88837.43598801222,fear_climate
231,0.3253,68797.40963185742,fear_climate
232,0.3644,90761.54694977363,fear_climate
233,0.3382,147987.87406906814,fear_climate
234,0.3319,108652.73819635087,fear_climate
235,0.3582,63773.85339297382,fear_climate
236,0.3533,102030.78339398111,fear_climate
237,0.3606,81108.48554729173,fear_climate
238,0.3547,55680.5282195036,fear_climate
239,0.3512,62920.67454943145,fear_climate
24,0.3723,140060.76032577365,fear_climate
240,0.3364,71998.71051860439,fear_climate
241,0.3711,118560.08657677029,fear_climate
242,0.3678,99670.56706345096,fear_climate
243,0.3588,79906.38667921201,fear_climate
244,0.379,421645.16416584176,fear_climate
245,0.38,310021.82372011937,fear_climate
246,0.3823,114053.8546474647,fear_climate
247,0.3665,129000.1599732756,fear_climate
248,0.3555,67732.83506927769,fear_climate
249,0.3752,98381.05661136859,fear_climate
25,0.3857,205347.6206726869,fear_climate
250,0.3583,77853.19820796055,fear_climate
251,0.3747,123141.43426387003,fear_climate
252,0.3643,234967.86250354463,fear_climate
253,0.3709,169670.2451007896,fear_climate
254,0.3473,94243.60739768743,fear_climate
255,0.3612,114492.67486453363,fear_climate
256,0.3771,106263.59875116046,fear_climate
257,0.352,104959.4310635585,fear_climate
258,0.3931,491625.13801795384,fear_climate
259,0.3995,491606.6573873762,fear_climate
26,0.3832,57534.38438324122,fear_climate
260,0.3708,307666.1280541792,fear_climate
261,0.376,424388.0713972013,fear_climate
262,0.3701,416219.3321893571,fear_climate
263,0.3544,202919.6077625286,fear_climate
264,0.3781,348173.7020949003,fear_climate
265,0.3701,412661.20895595336,fear_climate
266,0.3506,354339.2293625429,fear_climate
267,0.3515,257722.21503823865,fear_climate
268,0.3426,130377.2162091822,fear_climate
269,0.3775,290285.00161643716,fear_climate
27,0.4133,102365.55669514439,fear_climate
270,0.363,194226.28914273845,fear_climate
271,0.3915,250850.54595401778,fear_climate
272,0.3697,359984.238399364,fear_climate
273,0.3647,160617.35190101372,fear_climate
274,0.4212,329508.5250784324,fear_climate
275,0.388,254270.4667512479,fear_climate
276,0.3543,106758.04057529704,fear_climate
277,0.3671,444702.13988692965,fear_climate
278,0.371,383546.90227372816,fear_climate
279,0.3462,147715.086276244,fear_climate
28,0.4091,84831.94110845958,fear_climate
280,0.3674,107018.23038466662,fear_climate
281,0.4084,202798.83261378773,fear_climate
282,0.4029,192423.43880240252,fear_climate
283,0.3819,225032.24425116144,fear_climate
284,0.3564,348801.7132893969,fear_climate
285,0.3302,108392.23134283043,fear_climate
286,0.3689,201667.8261551113,fear_climate
287,0.3911,229313.18383026638,fear_climate
288,0.386,163230.1480521498,fear_climate
289,0.3898,229928.3931788717,fear_climate
29,0.3901,158934.59525744084,fear_climate
290,0.3865,171933.35017208458,fear_climate
291,0.3615,150155.75647540676,fear_climate
292,0.3562,170495.5530644437,fear_climate
293,0.3813,157126.21900124924,fear_climate
294,0.3807,224073.31687500788,fear_climate
295,0.3433,121224.48169688437,fear_climate
296,0.3808,266542.8073390067,fear_climate
297,0.365,116068.39548367709,fear_climate
298,0.3704,100536.02565406008,fear_climate
299,0.3596,127721.3017367024,fear_climate
3,0.3766,115851.86522588492,fear_climate
30,0.3936,139576.16384651398,fear_climate
31,0.3833,196135.60089437373,fear_climate
32,0.3596,124018.8382025247,fear_climate
33,0.401,155893.75991417954,fear_climate
34,0.3813,96231.59370696604,fear_climate
35,0.3925,115171.85584071466,fear_climate
36,0.3809,206407.69602351406,fear_climate
37,0.3978,87383.08550697024,fear_climate
38,0.4044,281285.77678616863,fear_climate
39,0.3772,226123.33709281817,fear_climate
4,0.395,219096.40566326873,fear_climate
40,0.3766,105268.95765060993,fear_climate
41,0.3979,906040.0002060288,fear_climate
42,0.4145,906040.0000290013,fear_climate
43,0.4007,905426.4123814947,fear_climate
44,0.3697,101457.30386766187,fear_climate
45,0.3765,124862.07580933305,fear_climate
46,0.3837,87457.91952152424,fear_climate
47,0.4019,905515.5202521704,fear_climate
48,0.4013,213288.40224674714,fear_climate
49,0.3753,89973.62500013925,fear_climate
5,0.3983,203904.38777736196,fear_climate
50,0.3958,205009.19059761005,fear_climate
51,0.3759,88144.4655599578,fear_climate
52,0.3986,137316.49886528339,fear_climate
53,0.3967,264493.9772962256,fear_climate
54,0.4269,459481.451911284,fear_climate
55,0.394,328883.2354039019,fear_climate
56,0.3266,78979.82450200847,fear_climate
57,0.3219,109443.59297400215,fear_climate
58,0.3371,165824.85855315597,fear_climate
59,0.3419,155615.10817955213,fear_climate
6,0.3996,112031.67277091801,fear_climate
60,0.3533,155549.23788756167,fear_climate
61,0.3912,154558.62871543417,fear_climate
62,0.3516,134829.15146844977,fear_climate
63,0.3307,134329.34255962222,fear_climate
64,0.3184,84498.56508792723,fear_climate
65,0.3196,79525.85822991289,fear_climate
66,0.3259,71739.71605479502,fear_climate
67,0.3121,106284.84831675599,fear_climate
68,0.3228,166610.327614394,fear_climate
69,0.3225,164610.48028456897,fear_climate
7,0.3962,256373.54635692938,fear_climate
70,0.3301,93215.15114076332,fear_climate
71,0.3138,133361.2526046149,fear_climate
72,0.3454,157021.8587295553,fear_climate
73,0.3191,142062.0442874195,fear_climate
74,0.3071,120532.22450632381,fear_climate
75,0.4082,2877040.0000032624,fear_climate
76,0.3795,2876906.1867174297,fear_climate
77,0.4083,2876920.9828373524,fear_climate
78,0.389,2876421.751616364,fear_climate
79,0.3893,2876860.9932270315,fear_climate
8,0.389,211014.82904146786,fear_climate
80,0.4006,2877039.9999880577,fear_climate
81,0.4032,2876994.508906475,fear_climate
82,0.4076,2877040.0163646573,fear_climate
83,0.404,2877040.000000056,fear_climate
84,0.3799,2876558.3705327353,fear_climate
85,0.369,2876637.8723200033,fear_climate
86,0.402,2877039.991728962,fear_climate
87,0.397,469838.9638431637,fear_climate
88,0.3697,469519.8665093225,fear_climate
89,0.3703,206063.7555109461,fear_climate
9,0.4019,165842.74609892463,fear_climate
90,0.3738,217520.41696543677,fear_climate
91,0.3849,377284.1712779972,fear_climate
92,0.4001,182042.29332300788,fear_climate
93,0.4326,826064.115036562,fear_climate
94,0.416,825997.9357487308,fear_climate
95,0.4266,825493.2232396624,fear_climate
96,0.4436,255570.0786535427,fear_climate
97,0.4092,479910.6564404217,fear_climate
98,0.3681,479718.72344821633,fear_climate
99,0.37,215526.51344431812,fear_climate
1,0.3259,156146.91219309898,fear_economy
10,0.3275,166471.2930691627,fear_economy
100,0.295,225480.3522156972,fear_economy
101,0.3127,407890.85381560476,fear_economy
102,0.3415,281768.98076001246,fear_economy
103,0.3496,142658.23720478482,fear_economy
104,0.3196,391543.0373754122,fear_economy
105,0.3244,391558.8004555166,fear_economy
106,0.2961,494218.3319042906,fear_economy
107,0.3001,494219.96093411255,fear_economy
108,0.3188,363673.56008346134,fear_economy
109,0.3436,209297.8539070891,fear_economy
11,0.3326,166836.21906336443,fear_economy
110,0.3168,320280.1149764613,fear_economy
111,0.3228,236760.5046750637,fear_economy
112,0.3297,249336.21906869547,fear_economy
113,0.3371,366336.2851592385,fear_economy
114,0.3394,299541.1330563543,fear_economy
115,0.3717,396276.38943833264,fear_economy
116,0.3693,396373.33212362515,fear_economy
117,0.3499,243750.69746423358,fear_economy
118,0.3225,203613.27195902585,fear_economy
119,0.3327,455933.8732086029,fear_economy
12,0.3748,153175.19652881895,fear_economy
120,0.3351,456020.53375132655,fear_economy
121,0.3519,498771.4750146778,fear_economy
122,0.3541,498709.6427058843,fear_economy
123,0.3817,204675.96619656123,fear_economy
124,0.3224,326015.12804966717,fear_economy
125,0.3456,366415.6006192377,fear_economy
126,0.3251,293566.14240599767,fear_economy
127,0.3121,194330.8471030403,fear_economy
128,0.3198,350928.9874258416,fear_economy
129,0.262,244367.79992332731,fear_economy
13,0.3758,156364.76501065,fear_economy
130,0.3246,220117.08373788834,fear_economy
131,0.3296,283928.1380258957,fear_economy
132,0.3171,264316.5948110892,fear_economy
133,0.3497,206947.44889617665,fear_economy
134,0.3474,252840.34757535404,fear_economy
135,0.341,275039.22121060453,fear_economy
136,0.3275,150831.06981403066,fear_economy
137,0.3215,246867.57793827367,fear_economy
138,0.3423,201784.98668589175,fear_economy
139,0.3289,254498.50955151534,fear_economy
14,0.3599,171852.85511876698,fear_economy
140,0.3268,288318.3119799407,fear_economy
141,0.3413,196999.4437813509,fear_economy
142,0.3368,479802.95794022887,fear_economy
143,0.3362,479821.29101912136,fear_economy
144,0.3447,317213.10804336413,fear_economy
145,0.3542,221583.589226408,fear_economy
146,0.327,235963.20544327798,fear_economy
147,0.3251,207983.59959208468,fear_economy
148,0.3381,220544.11485789935,fear_economy
149,0.3432,189899.65486953108,fear_economy
15,0.3818,177171.1056234898,fear_economy
150,0.3621,328426.4883106674,fear_economy
151,0.3817,156287.43169108193,fear_economy
152,0.3198,447273.0462806228,fear_economy
153,0.3219,447243.65590118093,fear_economy
154,0.3776,203485.01944982784,fear_economy
155,0.383,189334.39291100815,fear_economy
156,0.3984,230765.27810862593,fear_economy
157,0.3963,191431.58226584247,fear_economy
158,0.3875,189315.47007156236,fear_economy
159,0.326,417647.8505356109,fear_economy
16,0.3854,188390.8326199093,fear_economy
160,0.3529,341234.6099588987,fear_economy
161,0.3912,234219.82598483737,fear_economy
162,0.3651,179951.4826308836,fear_economy
163,0.387,243241.04581463398,fear_economy
164,0.3903,256612.53907117652,fear_economy
165,0.3888,245404.13989671535,fear_economy
166,0.3829,176363.3722710095,fear_economy
167,0.3397,150847.19248560639,fear_economy
168,0.3297,174948.92758784763,fear_economy
169,0.3517,82837.07649342252,fear_economy
17,0.3798,192718.9279291037,fear_economy
170,0.3471,134244.55708584565,fear_economy
171,0.3262,192767.679643849,fear_economy
172,0.3524,199828.3130746693,fear_economy
173,0.3316,151701.4962621543,fear_economy
174,0.3414,138746.12312425295,fear_economy
175,0.3388,288922.3772270948,fear_economy
176,0.314,162361.87609394698,fear_economy
177,0.3271,243612.56356526492,fear_economy
178,0.3262,142711.3720274556,fear_economy
179,0.3199,227070.2518071342,fear_economy
18,0.3038,1421002.2593554342,fear_economy
180,0.3392,331219.6662066321,fear_economy
181,0.3011,186134.08587471946,fear_economy
182,0.3029,597316.9289922566,fear_economy
183,0.3025,597119.979697627,fear_economy
184,0.339,207677.8943569085,fear_economy
185,0.3271,246244.22266916416,fear_economy
186,0.3129,209100.38922005054,fear_economy
187,0.3328,151964.41207017357,fear_economy
188,0.3296,217023.4649560447,fear_economy
189,0.3807,63479.47863541032,fear_economy
19,0.3042,1430556.9948969542,fear_economy
190,0.3778,98328.8375353136,fear_economy
191,0.3669,57329.668210706746,fear_economy
192,0.3765,97103.89456177686,fear_economy
193,0.3436,128018.6219006737,fear_economy
194,0.3861,71429.80636382155,fear_economy
195,0.3826,66552.61663215315,fear_economy
196,0.3875,65604.03583878439,fear_economy
197,0.3522,124497.04897961108,fear_economy
198,0.3307,129788.89967360128,fear_economy
199,0.3382,126188.29445828657,fear_economy
2,0.3369,126617.81067176482,fear_economy
20,0.3055,1431329.7804752644,fear_economy
200,0.3364,71012.6202541161,fear_economy
201,0.3525,97548.86235301365,fear_economy
202,0.3391,68267.7552315342,fear_economy
203,0.3268,110806.5196587859,fear_economy
204,0.3436,141190.6093562236,fear_economy
205,0.3087,165730.91092029086,fear_economy
206,0.3445,111780.77145883288,fear_economy
207,0.3466,110882.44884675027,fear_economy
208,0.3256,94362.25613613243,fear_economy
209,0.3596,60711.17813870885,fear_economy
21,0.3024,1431298.9874824153,fear_economy
210,0.3531,68045.19178860822,fear_economy
211,0.3425,88636.80629276097,fear_economy
212,0.3586,88824.58818819381,fear_economy
213,0.3229,106040.88849210861,fear_economy
214,0.3384,114277.4362937002,fear_economy
215,0.3149,138772.1022482832,fear_economy
216,0.3449,94460.0472031337,fear_economy
217,0.2823,1204507.0364880688,fear_economy
218,0.2895,1204367.2685137496,fear_economy
219,0.2882,1203811.9304614188,fear_economy
22,0.2997,1430951.582966886,fear_economy
220,0.2913,1204570.5462810397,fear_economy
221,0.2852,273975.8695181723,fear_economy
222,0.3303,195381.17695181782,fear_economy
223,0.3183,87433.09608902044,fear_economy
224,0.2946,97927.10241617101,fear_economy
225,0.3358,114691.21344866653,fear_economy
226,0.321,86171.71429780195,fear_economy
227,0.374,79236.91113039952,fear_economy
228,0.3534,108643.97946313373,fear_economy
229,0.3739,148549.29339360775,fear_economy
23,0.3057,1430979.5587980626,fear_economy
230,0.3694,88837.43598801222,fear_economy
231,0.377,68797.40963185742,fear_economy
232,0.3562,90761.54694977363,fear_economy
233,0.3377,147987.87406906814,fear_economy
234,0.3778,108652.73819635087,fear_economy
235,0.3555,63773.85339297382,fear_economy
236,0.3406,102030.78339398111,fear_economy
237,0.3459,81108.48554729173,fear_economy
238,0.3609,55680.5282195036,fear_economy
239,0.3656,62920.67454943145,fear_economy
24,0.351,140060.76032577365,fear_economy
240,0.3527,71998.71051860439,fear_economy
241,0.3523,118560.08657677029,fear_economy
242,0.3124,99670.56706345096,fear_economy
243,0.3433,79906.38667921201,fear_economy
244,0.3373,421645.16416584176,fear_economy
245,0.3303,310021.82372011937,fear_economy
246,0.333,114053.8546474647,fear_economy
247,0.3379,129000.1599732756,fear_economy
248,0.3517,67732.83506927769,fear_economy
249,0.3411,98381.05661136859,fear_economy
25,0.3422,205347.6206726869,fear_economy
250,0.3374,77853.19820796055,fear_economy
251,0.3116,123141.43426387003,fear_economy
252,0.3403,234967.86250354463,fear_economy
253,0.3424,169670.2451007896,fear_economy
254,0.3465,94243.60739768743,fear_economy
255,0.3574,114492.67486453363,fear_economy
256,0.3292,106263.59875116046,fear_economy
257,0.3404,104959.4310635585,fear_economy
258,0.3111,491625.13801795384,fear_economy
259,0.3021,491606.6573873762,fear_economy
26,0.341,57534.38438324122,fear_economy
260,0.3197,307666.1280541792,fear_economy
261,0.3184,424388.0713972013,fear_economy
262,0.3197,416219.3321893571,fear_economy
263,0.3549,202919.6077625286,fear_economy
264,0.334,348173.7020949003,fear_economy
265,0.3251,412661.20895595336,fear_economy
266,0.3385,354339.2293625429,fear_economy
267,0.3548,257722.21503823865,fear_economy
268,0.3535,130377.2162091822,fear_economy
269,0.3346,290285.00161643716,fear_economy
27,0.3268,102365.55669514439,fear_economy
270,0.3475,194226.28914273845,fear_economy
271,0.2992,250850.54595401778,fear_economy
272,0.3343,359984.238399364,fear_economy
273,0.3452,160617.35190101372,fear_economy
274,0.3136,329508.5250784324,fear_economy
275,0.3348,254270.4667512479,fear_economy
276,0.3474,106758.04057529704,fear_economy
277,0.3281,444702.13988692965,fear_economy
278,0.3344,383546.90227372816,fear_economy
279,0.3523,147715.086276244,fear_economy
28,0.3407,84831.94110845958,fear_economy
280,0.355,107018.23038466662,fear_economy
281,0.3084,202798.83261378773,fear_economy
282,0.3298,192423.43880240252,fear_economy
283,0.3403,225032.24425116144,fear_economy
284,0.3538,348801.7132893969,fear_economy
285,0.3654,108392.23134283043,fear_economy
286,0.3576,201667.8261551113,fear_economy
287,0.3253,229313.18383026638,fear_economy
288,0.3353,163230.1480521498,fear_economy
289,0.3377,229928.3931788717,fear_economy
29,0.3394,158934.59525744084,fear_economy
290,0.3117,171933.35017208458,fear_economy
291,0.3394,150155.75647540676,fear_economy
292,0.3378,170495.5530644437,fear_economy
293,0.3279,157126.21900124924,fear_economy
294,0.327,224073.31687500788,fear_economy
295,0.3622,121224.48169688437,fear_economy
296,0.3538,266542.8073390067,fear_economy
297,0.3606,116068.39548367709,fear_economy
298,0.3434,100536.02565406008,fear_economy
299,0.3457,127721.3017367024,fear_economy
3,0.3453,115851.86522588492,fear_economy
30,0.3358,139576.16384651398,fear_economy
31,0.3303,196135.60089437373,fear_economy
32,0.344,124018.8382025247,fear_economy
33,0.3352,155893.75991417954,fear_economy
34,0.321,96231.59370696604,fear_economy
35,0.3433,115171.85584071466,fear_economy
36,0.319,206407.69602351406,fear_economy
37,0.316,87383.08550697024,fear_economy
38,0.3333,281285.77678616863,fear_economy
39,0.3256,226123.33709281817,fear_economy
4,0.3189,219096.40566326873,fear_economy
40,0.3453,105268.95765060993,fear_economy
41,0.319,906040.0002060288,fear_economy
42,0.3143,906040.0000290013,fear_economy
43,0.3154,905426.4123814947,fear_economy
44,0.3414,101457.30386766187,fear_economy
45,0.3405,124862.07580933305,fear_economy
46,0.3431,87457.91952152424,fear_economy
47,0.3189,905515.5202521704,fear_economy
48,0.3331,213288.40224674714,fear_economy
49,0.3389,89973.62500013925,fear_economy
5,0.3064,203904.38777736196,fear_economy
50,0.307,205009.19059761005,fear_economy
51,0.3483,88144.4655599578,fear_economy
52,0.3306,137316.49886528339,fear_economy
53,0.3128,264493.9772962256,fear_economy
54,0.3194,459481.451911284,fear_economy
55,0.3406,328883.2354039019,fear_economy
56,0.3698,78979.82450200847,fear_economy
57,0.3734,109443.59297400215,fear_economy
58,0.3515,165824.85855315597,fear_economy
59,0.3679,155615.10817955213,fear_economy
6,0.321,112031.67277091801,fear_economy
60,0.3329,155549.23788756167,fear_economy
61,0.3201,154558.62871543417,fear_economy
62,0.3506,134829.15146844977,fear_economy
63,0.3631,134329.34255962222,fear_economy
64,0.377,84498.56508792723,fear_economy
65,0.3853,79525.85822991289,fear_economy
66,0.385,71739.71605479502,fear_economy
67,0.3826,106284.84831675599,fear_economy
68,0.3798,166610.327614394,fear_economy
69,0.3812,164610.48028456897,fear_economy
7,0.32,256373.54635692938,fear_economy
70,0.3765,93215.15114076332,fear_economy
71,0.3996,133361.2526046149,fear_economy
72,0.3721,157021.8587295553,fear_economy
73,0.3964,142062.0442874195,fear_economy
74,0.3935,120532.22450632381,fear_economy
75,0.3208,2877040.0000032624,fear_economy
76,0.3178,2876906.1867174297,fear_economy
77,0.3188,2876920.9828373524,fear_economy
78,0.3139,2876421.751616364,fear_economy
79,0.3145,2876860.9932270315,fear_economy
8,0.3192,211014.82904146786,fear_economy
80,0.3194,2877039.9999880577,fear_economy
81,0.3171,2876994.508906475,fear_economy
82,0.3133,2877040.0163646573,fear_economy
83,0.3187,2877040.000000056,fear_economy
84,0.3153,2876558.3705327353,fear_economy
85,0.3173,2876637.8723200033,fear_economy
86,0.3162,2877039.991728962,fear_economy
87,0.3117,469838.9638431637,fear_economy
88,0.3142,469519.8665093225,fear_economy
89,0.3406,206063.7555109461,fear_economy
9,0.3326,165842.74609892463,fear_economy
90,0.3435,217520.41696543677,fear_economy
91,0.3237,377284.1712779972,fear_economy
92,0.3358,182042.29332300788,fear_economy
93,0.2976,826064.115036562,fear_economy
94,0.2969,825997.9357487308,fear_economy
95,0.2989,825493.2232396624,fear_economy
96,0.2831,255570.0786535427,fear_economy
97,0.3148,479910.6564404217,fear_economy
98,0.3121,479718.72344821633,fear_economy
99,0.3399,215526.51344431812,fear_economy
1,0.2537,156146.91219309898,gov_performance
10,0.2643,166471.2930691627,gov_performance
100,0.2831,225480.3522156972,gov_performance
101,0.2628,407890.85381560476,gov_performance
102,0.2413,281768.98076001246,gov_performance
103,0.2281,142658.23720478482,gov_performance
104,0.2751,391543.0373754122,gov_performance
105,0.2732,391558.8004555166,gov_performance
106,0.2738,494218.3319042906,gov_performance
107,0.263,494219.96093411255,gov_performance
108,0.2812,363673.56008346134,gov_performance
109,0.2471,209297.8539070891,gov_performance
11,0.2469,166836.21906336443,gov_performance
110,0.266,320280.1149764613,gov_performance
111,0.2743,236760.5046750637,gov_performance
112,0.2678,249336.21906869547,gov_performance
113,0.2522,366336.2851592385,gov_performance
114,0.2479,299541.1330563543,gov_performance
115,0.2171,396276.38943833264,gov_performance
116,0.223,396373.33212362515,gov_performance
117,0.2459,243750.69746423358,gov_performance
118,0.264,203613.27195902585,gov_performance
119,0.2464,455933.8732086029,gov_performance
12,0.2262,153175.19652881895,gov_performance
120,0.2503,456020.53375132655,gov_performance
121,0.2434,498771.4750146778,gov_performance
122,0.2382,498709.6427058843,gov_performance
123,0.2147,204675.96619656123,gov_performance
124,0.2731,326015.12804966717,gov_performance
125,0.247,366415.6006192377,gov_performance
126,0.2754,293566.14240599767,gov_performance
127,0.2871,194330.8471030403,gov_performance
128,0.2712,350928.9874258416,gov_performance
129,0.2911,244367.79992332731,gov_performance
13,0.2293,156364.76501065,gov_performance
130,0.2697,220117.08373788834,gov_performance
131,0.2596,283928.1380258957,gov_performance
132,0.2508,264316.5948110892,gov_performance
133,0.2444,206947.44889617665,gov_performance
134,0.2508,252840.34757535404,gov_performance
135,0.25,275039.22121060453,gov_performance
136,0.2676,150831.06981403066,gov_performance
137,0.2725,246867.57793827367,gov_performance
138,0.2568,201784.98668589175,gov_performance
139,0.2654,254498.50955151534,gov_performance
14,0.2321,171852.85511876698,gov_performance
140,0.2491,288318.3119799407,gov_performance
141,0.2321,196999.4437813509,gov_performance
142,0.246,479802.95794022887,gov_performance
143,0.2407,479821.29101912136,gov_performance
144,0.2442,317213.10804336413,gov_performance
145,0.2428,221583.589226408,gov_performance
146,0.2589,235963.20544327798,gov_performance
147,0.2743,207983.59959208468,gov_performance
148,0.2567,220544.11485789935,gov_performance
149,0.2584,189899.65486953108,gov_performance
15,0.2177,177171.1056234898,gov_performance
150,0.235,328426.4883106674,gov_performance
151,0.2301,156287.43169108193,gov_performance
152,0.264,447273.0462806228,gov_performance
153,0.2512,447243.65590118093,gov_performance
154,0.2293,203485.01944982784,gov_performance
155,0.2319,189334.39291100815,gov_performance
156,0.2218,230765.27810862593,gov_performance
157,0.2221,191431.58226584247,gov_performance
158,0.2294,189315.47007156236,gov_performance
159,0.2601,417647.8505356109,gov_performance
16,0.2169,188390.8326199093,gov_performance
160,0.2441,341234.6099588987,gov_performance
161,0.231,234219.82598483737,gov_performance
162,0.2322,179951.4826308836,gov_performance
163,0.2285,243241.04581463398,gov_performance
164,0.2344,256612.53907117652,gov_performance
165,0.2246,245404.13989671535,gov_performance
166,0.2331,176363.3722710095,gov_performance
167,0.2529,150847.19248560639,gov_performance
168,0.2504,174948.92758784763,gov_performance
169,0.2446,82837.07649342252,gov_performance
17,0.2218,192718.9279291037,gov_performance
170,0.2487,134244.55708584565,gov_performance
171,0.2583,192767.679643849,gov_performance
172,0.2496,199828.3130746693,gov_performance
173,0.2555,151701.4962621543,gov_performance
174,0.2611,138746.12312425295,gov_performance
175,0.2572,288922.3772270948,gov_performance
176,0.2788,162361.87609394698,gov_performance
177,0.267,243612.56356526492,gov_performance
178,0.2649,142711.3720274556,gov_performance
179,0.2507,227070.2518071342,gov_performance
18,0.2581,1421002.2593554342,gov_performance
180,0.249,331219.6662066321,gov_performance
181,0.2788,186134.08587471946,gov_performance
182,0.2561,597316.9289922566,gov_performance
183,0.2558,597119.979697627,gov_performance
184,0.2439,207677.8943569085,gov_performance
185,0.2588,246244.22266916416,gov_performance
186,0.2606,209100.38922005054,gov_performance
187,0.2566,151964.41207017357,gov_performance
188,0.2622,217023.4649560447,gov_performance
189,0.2326,63479.47863541032,gov_performance
19,0.2483,1430556.9948969542,gov_performance
190,0.2308,98328.8375353136,gov_performance
191,0.2359,57329.668210706746,gov_performance
192,0.2233,97103.89456177686,gov_performance
193,0.2409,128018.6219006737,gov_performance
194,0.2223,71429.80636382155,gov_performance
195,0.2271,66552.61663215315,gov_performance
196,0.223,65604.03583878439,gov_performance
197,0.2476,124497.04897961108,gov_performance
198,0.268,129788.89967360128,gov_performance
199,0.2481,126188.29445828657,gov_performance
2,0.2465,126617.81067176482,gov_performance
20,0.2576,1431329.7804752644,gov_performance
200,0.2611,71012.6202541161,gov_performance
201,0.2521,97548.86235301365,gov_performance
202,0.2534,68267.7552315342,gov_performance
203,0.2577,110806.5196587859,gov_performance
204,0.2502,141190.6093562236,gov_performance
205,0.2722,165730.91092029086,gov_performance
206,0.2595,111780.77145883288,gov_performance
207,0.2541,110882.44884675027,gov_performance
208,0.2682,94362.25613613243,gov_performance
209,0.2461,60711.17813870885,gov_performance
21,0.2661,1431298.9874824153,gov_performance
210,0.2471,68045.19178860822,gov_performance
211,0.2497,88636.80629276097,gov_performance
212,0.2546,88824.58818819381,gov_performance
213,0.2724,106040.88849210861,gov_performance
214,0.2681,114277.4362937002,gov_performance
215,0.285,138772.1022482832,gov_performance
216,0.2747,94460.0472031337,gov_performance
217,0.2803,1204507.0364880688,gov_performance
218,0.2786,1204367.2685137496,gov_performance
219,0.2786,1203811.9304614188,gov_performance
22,0.2629,1430951.582966886,gov_performance
220,0.2784,1204570.5462810397,gov_performance
221,0.2998,273975.8695181723,gov_performance
222,0.2654,195381.17695181782,gov_performance
223,0.2871,87433.09608902044,gov_performance
224,0.2991,97927.10241617101,gov_performance
225,0.2547,114691.21344866653,gov_performance
226,0.2616,86171.71429780195,gov_performance
227,0.2424,79236.91113039952,gov_performance
228,0.2507,108643.97946313373,gov_performance
229,0.2383,148549.29339360775,gov_performance
23,0.2545,1430979.5587980626,gov_performance
230,0.2417,88837.43598801222,gov_performance
231,0.2412,68797.40963185742,gov_performance
232,0.2651,90761.54694977363,gov_performance
233,0.269,147987.87406906814,gov_performance
234,0.2465,108652.73819635087,gov_performance
235,0.2538,63773.85339297382,gov_performance
236,0.267,102030.78339398111,gov_performance
237,0.2653,81108.48554729173,gov_performance
238,0.263,55680.5282195036,gov_performance
239,0.2501,62920.67454943145,gov_performance
24,0.2352,140060.76032577365,gov_performance
240,0.2555,71998.71051860439,gov_performance
241,0.2531,118560.08657677029,gov_performance
242,0.2737,99670.56706345096,gov_performance
243,0.2571,79906.38667921201,gov_performance
244,0.235,421645.16416584176,gov_performance
245,0.2501,310021.82372011937,gov_performance
246,0.2685,114053.8546474647,gov_performance
247,0.2701,129000.1599732756,gov_performance
248,0.264,67732.83506927769,gov_performance
249,0.2757,98381.05661136859,gov_performance
25,0.2566,205347.6206726869,gov_performance
250,0.267,77853.19820796055,gov_performance
251,0.2852,123141.43426387003,gov_performance
252,0.2422,234967.86250354463,gov_performance
253,0.2718,169670.2451007896,gov_performance
254,0.2554,94243.60739768743,gov_performance
255,0.2511,114492.67486453363,gov_performance
256,0.2692,106263.59875116046,gov_performance
257,0.2544,104959.4310635585,gov_performance
258,0.2716,491625.13801795384,gov_performance
259,0.2733,491606.6573873762,gov_performance
26,0.2492,57534.38438324122,gov_performance
260,0.2651,307666.1280541792,gov_performance
261,0.2649,424388.0713972013,gov_performance
262,0.2773,416219.3321893571,gov_performance
263,0.2441,202919.6077625286,gov_performance
264,0.2574,348173.7020949003,gov_performance
265,0.2599,412661.20895595336,gov_performance
266,0.2675,354339.2293625429,gov_performance
267,0.2469,257722.21503823865,gov_performance
268,0.2487,130377.2162091822,gov_performance
269,0.2568,290285.00161643716,gov_performance
27,0.2537,102365.55669514439,gov_performance
270,0.2453,194226.28914273845,gov_performance
271,0.2596,250850.54595401778,gov_performance
272,0.2613,359984.238399364,gov_performance
273,0.25,160617.35190101372,gov_performance
274,0.2664,329508.5250784324,gov_performance
275,0.2398,254270.4667512479,gov_performance
276,0.2594,106758.04057529704,gov_performance
277,0.2636,444702.13988692965,gov_performance
278,0.267,383546.90227372816,gov_performance
279,0.2481,147715.086276244,gov_performance
28,0.2474,84831.94110845958,gov_performance
280,0.2524,107018.23038466662,gov_performance
281,0.2654,202798.83261378773,gov_performance
282,0.258,192423.43880240252,gov_performance
283,0.2569,225032.24425116144,gov_performance
284,0.248,348801.7132893969,gov_performance
285,0.2482,108392.23134283043,gov_performance
286,0.2471,201667.8261551113,gov_performance
287,0.2599,229313.18383026638,gov_performance
288,0.2591,163230.1480521498,gov_performance
289,0.2537,229928.3931788717,gov_performance
29,0.2537,158934.59525744084,gov_performance
290,0.2658,171933.35017208458,gov_performance
291,0.2688,150155.75647540676,gov_performance
292,0.26,170495.5530644437,gov_performance
293,0.2676,157126.21900124924,gov_performance
294,0.2576,224073.31687500788,gov_performance
295,0.248,121224.48169688437,gov_performance
296,0.2337,266542.8073390067,gov_performance
297,0.2478,116068.39548367709,gov_performance
298,0.258,100536.02565406008,gov_performance
299,0.2479,127721.3017367024,gov_performance
3,0.2478,115851.86522588492,gov_performance
30,0.2637,139576.16384651398,gov_performance
31,0.2581,196135.60089437373,gov_performance
32,0.2512,124018.8382025247,gov_performance
33,0.2521,155893.75991417954,gov_performance
34,0.2653,96231.59370696604,gov_performance
35,0.2511,115171.85584071466,gov_performance
36,0.2806,206407.69602351406,gov_performance
37,0.2535,87383.08550697024,gov_performance
38,0.2509,281285.77678616863,gov_performance
39,0.2627,226123.33709281817,gov_performance
4,0.2595,219096.40566326873,gov_performance
40,0.2537,105268.95765060993,gov_performance
41,0.2533,906040.0002060288,gov_performance
42,0.2555,906040.0000290013,gov_performance
43,0.2669,905426.4123814947,gov_performance
44,0.2529,101457.30386766187,gov_performance
45,0.2548,124862.07580933305,gov_performance
46,0.2394,87457.91952152424,gov_performance
47,0.2591,905515.5202521704,gov_performance
48,0.2585,213288.40224674714,gov_performance
49,0.2491,89973.62500013925,gov_performance
5,0.2646,203904.38777736196,gov_performance
50,0.269,205009.19059761005,gov_performance
51,0.249,88144.4655599578,gov_performance
52,0.2542,137316.49886528339,gov_performance
53,0.2642,264493.9772962256,gov_performance
54,0.2337,459481.451911284,gov_performance
55,0.237,328883.2354039019,gov_performance
56,0.2278,78979.82450200847,gov_performance
57,0.2207,109443.59297400215,gov_performance
58,0.2409,165824.85855315597,gov_performance
59,0.2341,155615.10817955213,gov_performance
6,0.2784,112031.67277091801,gov_performance
60,0.2557,155549.23788756167,gov_performance
61,0.2597,154558.62871543417,gov_performance
62,0.2352,134829.15146844977,gov_performance
63,0.2351,134329.34255962222,gov_performance
64,0.2306,84498.56508792723,gov_performance
65,0.2256,79525.85822991289,gov_performance
66,0.2133,71739.71605479502,gov_performance
67,0.2252,106284.84831675599,gov_performance
68,0.2219,166610.327614394,gov_performance
69,0.223,164610.48028456897,gov_performance
7,0.2672,256373.54635692938,gov_performance
70,0.2292,93215.15114076332,gov_performance
71,0.2114,133361.2526046149,gov_performance
72,0.2266,157021.8587295553,gov_performance
73,0.222,142062.0442874195,gov_performance
74,0.2273,120532.22450632381,gov_performance
75,0.2753,2877040.0000032624,gov_performance
76,0.2388,2876906.1867174297,gov_performance
77,0.2472,2876920.9828373524,gov_performance
78,0.2526,2876421.751616364,gov_performance
79,0.2459,2876860.9932270315,gov_performance
8,0.2607,211014.82904146786,gov_performance
80,0.2495,2877039.9999880577,gov_performance
81,0.2451,2876994.508906475,gov_performance
82,0.2465,2877040.0163646573,gov_performance
83,0.2414,2877040.000000056,gov_performance
84,0.2407,2876558.3705327353,gov_performance
85,0.2446,2876637.8723200033,gov_performance
86,0.2458,2877039.991728962,gov_performance
87,0.2566,469838.9638431637,gov_performance
88,0.2576,469519.8665093225,gov_performance
89,0.2574,206063.7555109461,gov_performance
9,0.2657,165842.74609892463,gov_performance
90,0.2579,217520.41696543677,gov_performance
91,0.2674,377284.1712779972,gov_performance
92,0.2499,182042.29332300788,gov_performance
93,0.263,826064.115036562,gov_performance
94,0.2667,825997.9357487308,gov_performance
95,0.2745,825493.2232396624,gov_performance
96,0.2824,255570.0786535427,gov_performance
97,0.2626,479910.6564404217,gov_performance
98,0.2849,479718.72344821633,gov_performance
99,0.2583,215526.51344431812,gov_performance
1,0.408,156146.91219309898,media_biased
10,0.4568,166471.2930691627,media_biased
100,0.465,225480.3522156972,media_biased
101,0.4438,407890.85381560476,media_biased
102,0.5069,281768.98076001246,media_biased
103,0.5604,142658.23720478482,media_biased
104,0.4857,391543.0373754122,media_biased
105,0.5206,391558.8004555166,media_biased
106,0.4712,494218.3319042906,media_biased
107,0.4548,494219.96093411255,media_biased
108,0.5103,363673.56008346134,media_biased
109,0.4928,209297.8539070891,media_biased
11,0.4816,166836.21906336443,media_biased
110,0.4767,320280.1149764613,media_biased
111,0.5087,236760.5046750637,media_biased
112,0.4939,249336.21906869547,media_biased
113,0.4701,366336.2851592385,media_biased
114,0.4741,299541.1330563543,media_biased
115,0.5147,396276.38943833264,media_biased
116,0.4856,396373.33212362515,media_biased
117,0.5105,243750.69746423358,media_biased
118,0.4722,203613.27195902585,media_biased
119,0.5025,455933.8732086029,media_biased
12,0.5301,153175.19652881895,media_biased
120,0.5068,456020.53375132655,media_biased
121,0.5495,498771.4750146778,media_biased
122,0.5206,498709.6427058843,media_biased
123,0.5132,204675.96619656123,media_biased
124,0.4419,326015.12804966717,media_biased
125,0.5194,366415.6006192377,media_biased
126,0.4722,293566.14240599767,media_biased
127,0.4588,194330.8471030403,media_biased
128,0.4697,350928.9874258416,media_biased
129,0.4071,244367.79992332731,media_biased
13,0.5207,156364.76501065,media_biased
130,0.5029,220117.08373788834,media_biased
131,0.4714,283928.1380258957,media_biased
132,0.4755,264316.5948110892,media_biased
133,0.4768,206947.44889617665,media_biased
134,0.4804,252840.34757535404,media_biased
135,0.4951,275039.22121060453,media_biased
136,0.4972,150831.06981403066,media_biased
137,0.5019,246867.57793827367,media_biased
138,0.4935,201784.98668589175,media_biased
139,0.4752,254498.50955151534,media_biased
14,0.4995,171852.85511876698,media_biased
140,0.4757,288318.3119799407,media_biased
141,0.5207,196999.4437813509,media_biased
142,0.4737,479802.95794022887,media_biased
143,0.4679,479821.29101912136,media_biased
144,0.4999,317213.10804336413,media_biased
145,0.5163,221583.589226408,media_biased
146,0.4984,235963.20544327798,media_biased
147,0.4857,207983.59959208468,media_biased
148,0.5088,220544.11485789935,media_biased
149,0.4819,189899.65486953108,media_biased
15,0.5281,177171.1056234898,media_biased
150,0.5062,328426.4883106674,media_biased
151,0.5792,156287.43169108193,media_biased
152,0.5255,447273.0462806228,media_biased
153,0.52,447243.65590118093,media_biased
154,0.571,203485.01944982784,media_biased
155,0.5528,189334.39291100815,media_biased
156,0.629,230765.27810862593,media_biased
157,0.5882,191431.58226584247,media_biased
158,0.6099,189315.47007156236,media_biased
159,0.4922,417647.8505356109,media_biased
16,0.5294,188390.8326199093,media_biased
160,0.5669,341234.6099588987,media_biased
161,0.5716,234219.82598483737,media_biased
162,0.5745,179951.4826308836,media_biased
163,0.6235,243241.04581463398,media_biased
164,0.6114,256612.53907117652,media_biased
165,0.5459,245404.13989671535,media_biased
166,0.5787,176363.3722710095,media_biased
167,0.4589,150847.19248560639,media_biased
168,0.4667,174948.92758784763,media_biased
169,0.4833,82837.07649342252,media_biased
17,0.5317,192718.9279291037,media_biased
170,0.5097,134244.55708584565,media_biased
171,0.4428,192767.679643849,media_biased
172,0.4782,199828.3130746693,media_biased
173,0.4884,151701.4962621543,media_biased
174,0.4933,138746.12312425295,media_biased
175,0.4557,288922.3772270948,media_biased
176,0.4922,162361.87609394698,media_biased
177,0.4906,243612.56356526492,media_biased
178,0.4947,142711.3720274556,media_biased
179,0.4745,227070.2518071342,media_biased
18,0.4676,1421002.2593554342,media_biased
180,0.4765,331219.6662066321,media_biased
181,0.4794,186134.08587471946,media_biased
182,0.4724,597316.9289922566,media_biased
183,0.4437,597119.979697627,media_biased
184,0.4662,207677.8943569085,media_biased
185,0.4836,246244.22266916416,media_biased
186,0.4724,209100.38922005054,media_biased
187,0.4857,151964.41207017357,media_biased
188,0.4729,217023.4649560447,media_biased
189,0.5322,63479.47863541032,media_biased
19,0.4293,1430556.9948969542,media_biased
190,0.5958,98328.8375353136,media_biased
191,0.5378,57329.668210706746,media_biased
192,0.5847,97103.89456177686,media_biased
193,0.5471,128018.6219006737,media_biased
194,0.5558,71429.80636382155,media_biased
195,0.5858,66552.61663215315,media_biased
196,0.5407,65604.03583878439,media_biased
197,0.5019,124497.04897961108,media_biased
198,0.4782,129788.89967360128,media_biased
199,0.4951,126188.29445828657,media_biased
2,0.4382,126617.81067176482,media_biased
20,0.4657,1431329.7804752644,media_biased
200,0.4968,71012.6202541161,media_biased
201,0.4927,97548.86235301365,media_biased
202,0.4753,68267.7552315342,media_biased
203,0.4701,110806.5196587859,media_biased
204,0.4802,141190.6093562236,media_biased
205,0.4921,165730.91092029086,media_biased
206,0.4948,111780.77145883288,media_biased
207,0.478,110882.44884675027,media_biased
208,0.5091,94362.25613613243,media_biased
209,0.5261,60711.17813870885,media_biased
21,0.4193,1431298.9874824153,media_biased
210,0.5046,68045.19178860822,media_biased
211,0.4982,88636.80629276097,media_biased
212,0.5122,88824.58818819381,media_biased
213,0.4769,106040.88849210861,media_biased
214,0.5281,114277.4362937002,media_biased
215,0.4963,138772.1022482832,media_biased
216,0.5141,94460.0472031337,media_biased
217,0.4942,1204507.0364880688,media_biased
218,0.4616,1204367.2685137496,media_biased
219,0.494,1203811.9304614188,media_biased
22,0.4391,1430951.582966886,media_biased
220,0.4799,1204570.5462810397,media_biased
221,0.4721,273975.8695181723,media_biased
222,0.5082,195381.17695181782,media_biased
223,0.5021,87433.09608902044,media_biased
224,0.4846,97927.10241617101,media_biased
225,0.49370000000000003,114691.21344866653,media_biased
226,0.5163,86171.71429780195,media_biased
227,0.5207,79236.91113039952,media_biased
228,0.5075,108643.97946313373,media_biased
229,0.5422,148549.29339360775,media_biased
23,0.453,1430979.5587980626,media_biased
230,0.53,88837.43598801222,media_biased
231,0.5536,68797.40963185742,media_biased
232,0.4885,90761.54694977363,media_biased
233,0.5059,147987.87406906814,media_biased
234,0.5481,108652.73819635087,media_biased
235,0.5411,63773.85339297382,media_biased
236,0.4974,102030.78339398111,media_biased
237,0.4889,81108.48554729173,media_biased
238,0.4961,55680.5282195036,media_biased
239,0.514,62920.67454943145,media_biased
24,0.4465,140060.76032577365,media_biased
240,0.5151,71998.71051860439,media_biased
241,0.5145,118560.08657677029,media_biased
242,0.4947,99670.56706345096,media_biased
243,0.4681,79906.38667921201,media_biased
244,0.4887,421645.16416584176,media_biased
245,0.5198,310021.82372011937,media_biased
246,0.4654,114053.8546474647,media_biased
247,0.5214,129000.1599732756,media_biased
248,0.4948,67732.83506927769,media_biased
249,0.4714,98381.05661136859,media_biased
25,0.493,205347.6206726869,media_biased
250,0.5184,77853.19820796055,media_biased
251,0.4918,123141.43426387003,media_biased
252,0.5082,234967.86250354463,media_biased
253,0.527,169670.2451007896,media_biased
254,0.5181,94243.60739768743,media_biased
255,0.5412,114492.67486453363,media_biased
256,0.4875,106263.59875116046,media_biased
257,0.5583,104959.4310635585,media_biased
258,0.4627,491625.13801795384,media_biased
259,0.4624,491606.6573873762,media_biased
26,0.4807,57534.38438324122,media_biased
260,0.509,307666.1280541792,media_biased
261,0.5109,424388.0713972013,media_biased
262,0.501,416219.3321893571,media_biased
263,0.5131,202919.6077625286,media_biased
264,0.5222,348173.7020949003,media_biased
265,0.5097,412661.20895595336,media_biased
266,0.4655,354339.2293625429,media_biased
267,0.5226,257722.21503823865,media_biased
268,0.5338,130377.2162091822,media_biased
269,0.5052,290285.00161643716,media_biased
27,0.4585,102365.55669514439,media_biased
270,0.5298,194226.28914273845,media_biased
271,0.4431,250850.54595401778,media_biased
272,0.5374,359984.238399364,media_biased
273,0.4913,160617.35190101372,media_biased
274,0.4609,329508.5250784324,media_biased
275,0.461,254270.4667512479,media_biased
276,0.4956,106758.04057529704,media_biased
277,0.5207,444702.13988692965,media_biased
278,0.5183,383546.90227372816,media_biased
279,0.4835,147715.086276244,media_biased
28,0.4926,84831.94110845958,media_biased
280,0.5124,107018.23038466662,media_biased
281,0.4511,202798.83261378773,media_biased
282,0.4798,192423.43880240252,media_biased
283,0.4877,225032.24425116144,media_biased
284,0.4973,348801.7132893969,media_biased
285,0.526,108392.23134283043,media_biased
286,0.5133,201667.8261551113,media_biased
287,0.4591,229313.18383026638,media_biased
288,0.4801,163230.1480521498,media_biased
289,0.5414,229928.3931788717,media_biased
29,0.4326,158934.59525744084,media_biased
290,0.5115,171933.35017208458,media_biased
291,0.506,150155.75647540676,media_biased
292,0.5038,170495.5530644437,media_biased
293,0.4747,157126.21900124924,media_biased
294,0.5042,224073.31687500788,media_biased
295,0.5414,121224.48169688437,media_biased
296,0.4991,266542.8073390067,media_biased
297,0.5221,116068.39548367709,media_biased
298,0.5007,100536.02565406008,media_biased
299,0.4932,127721.3017367024,media_biased
3,0.4547,115851.86522588492,media_biased
30,0.4631,139576.16384651398,media_biased
31,0.4752,196135.60089437373,media_biased
32,0.496,124018.8382025247,media_biased
33,0.4475,155893.75991417954,media_biased
34,0.4498,96231.59370696604,media_biased
35,0.4688,115171.85584071466,media_biased
36,0.4666,206407.69602351406,media_biased
37,0.4305,87383.08550697024,media_biased
38,0.4563,281285.77678616863,media_biased
39,0.4946,226123.33709281817,media_biased
4,0.4697,219096.40566326873,media_biased
40,0.4742,105268.95765060993,media_biased
41,0.479,906040.0002060288,media_biased
42,0.4423,906040.0000290013,media_biased
43,0.4817,905426.4123814947,media_biased
44,0.4695,101457.30386766187,media_biased
45,0.4855,124862.07580933305,media_biased
46,0.4854,87457.91952152424,media_biased
47,0.4498,905515.5202521704,media_biased
48,0.4598,213288.40224674714,media_biased
49,0.4736,89973.62500013925,media_biased
5,0.4194,203904.38777736196,media_biased
50,0.4839,205009.19059761005,media_biased
51,0.4752,88144.4655599578,media_biased
52,0.4391,137316.49886528339,media_biased
53,0.4355,264493.9772962256,media_biased
54,0.4118,459481.451911284,media_biased
55,0.5129,328883.2354039019,media_biased
56,0.5453,78979.82450200847,media_biased
57,0.511,109443.59297400215,media_biased
58,0.4871,165824.85855315597,media_biased
59,0.5264,155615.10817955213,media_biased
6,0.4539,112031.67277091801,media_biased
60,0.517,155549.23788756167,media_biased
61,0.451,154558.62871543417,media_biased
62,0.5052,134829.15146844977,media_biased
63,0.5325,134329.34255962222,media_biased
64,0.5699,84498.56508792723,media_biased
65,0.5745,79525.85822991289,media_biased
66,0.5044,71739.71605479502,media_biased
67,0.5657,106284.84831675599,media_biased
68,0.5442,166610.327614394,media_biased
69,0.5379,164610.48028456897,media_biased
7,0.4555,256373.54635692938,media_biased
70,0.5529,93215.15114076332,media_biased
71,0.5781,133361.2526046149,media_biased
72,0.5524,157021.8587295553,media_biased
73,0.5759,142062.0442874195,media_biased
74,0.5464,120532.22450632381,media_biased
75,0.4984,2877040.0000032624,media_biased
76,0.4686,2876906.1867174297,media_biased
77,0.4768,2876920.9828373524,media_biased
78,0.4337,2876421.751616364,media_biased
79,0.4971,2876860.9932270315,media_biased
8,0.4785,211014.82904146786,media_biased
80,0.4706,2877039.9999880577,media_biased
81,0.4918,2876994.508906475,media_biased
82,0.4839,2877040.0163646573,media_biased
83,0.4893,2877040.000000056,media_biased
84,0.5212,2876558.3705327353,media_biased
85,0.488,2876637.8723200033,media_biased
86,0.4995,2877039.991728962,media_biased
87,0.4474,469838.9638431637,media_biased
88,0.4713,469519.8665093225,media_biased
89,0.5047,206063.7555109461,media_biased
9,0.5139,165842.74609892463,media_biased
90,0.5207,217520.41696543677,media_biased
91,0.471,377284.1712779972,media_biased
92,0.4924,182042.29332300788,media_biased
93,0.4703,826064.115036562,media_biased
94,0.4075,825997.9357487308,media_biased
95,0.4531,825493.2232396624,media_biased
96,0.444,255570.0786535427,media_biased
97,0.4654,479910.6564404217,media_biased
98,0.4674,479718.72344821633,media_biased
99,0.491,215526.51344431812,media_biased
1,0.2418,156146.91219309898,vote_cdu
10,0.2585,166471.2930691627,vote_cdu
100,0.2805,225480.3522156972,vote_cdu
101,0.2088,407890.85381560476,vote_cdu
102,0.228,281768.98076001246,vote_cdu
103,0.2335,142658.23720478482,vote_cdu
104,0.2829,391543.0373754122,vote_cdu
105,0.2646,391558.8004555166,vote_cdu
106,0.2524,494218.3319042906,vote_cdu
107,0.2172,494219.96093411255,vote_cdu
108,0.3099,363673.56008346134,vote_cdu
109,0.2799,209297.8539070891,vote_cdu
11,0.2296,166836.21906336443,vote_cdu
110,0.2729,320280.1149764613,vote_cdu
111,0.295,236760.5046750637,vote_cdu
112,0.3148,249336.21906869547,vote_cdu
113,0.2215,366336.2851592385,vote_cdu
114,0.2574,299541.1330563543,vote_cdu
115,0.1978,396276.38943833264,vote_cdu
116,0.2229,396373.33212362515,vote_cdu
117,0.2196,243750.69746423358,vote_cdu
118,0.268,203613.27195902585,vote_cdu
119,0.2319,455933.8732086029,vote_cdu
12,0.2203,153175.19652881895,vote_cdu
120,0.2342,456020.53375132655,vote_cdu
121,0.2308,498771.4750146778,vote_cdu
122,0.2282,498709.6427058843,vote_cdu
123,0.2475,204675.96619656123,vote_cdu
124,0.2935,326015.12804966717,vote_cdu
125,0.2686,366415.6006192377,vote_cdu
126,0.3188,293566.14240599767,vote_cdu
127,0.3331,194330.8471030403,vote_cdu
128,0.2685,350928.9874258416,vote_cdu
129,0.2078,244367.79992332731,vote_cdu
13,0.221,156364.76501065,vote_cdu
130,0.2806,220117.08373788834,vote_cdu
131,0.2775,283928.1380258957,vote_cdu
132,0.2141,264316.5948110892,vote_cdu
133,0.2411,206947.44889617665,vote_cdu
134,0.2456,252840.34757535404,vote_cdu
135,0.2745,275039.22121060453,vote_cdu
136,0.291,150831.06981403066,vote_cdu
137,0.3342,246867.57793827367,vote_cdu
138,0.2769,201784.98668589175,vote_cdu
139,0.2498,254498.50955151534,vote_cdu
14,0.2331,171852.85511876698,vote_cdu
140,0.222,288318.3119799407,vote_cdu
141,0.2112,196999.4437813509,vote_cdu
142,0.2274,479802.95794022887,vote_cdu
143,0.2073,479821.29101912136,vote_cdu
144,0.2355,317213.10804336413,vote_cdu
145,0.2326,221583.589226408,vote_cdu
146,0.2733,235963.20544327798,vote_cdu
147,0.3678,207983.59959208468,vote_cdu
148,0.2928,220544.11485789935,vote_cdu
149,0.3126,189899.65486953108,vote_cdu
15,0.2557,177171.1056234898,vote_cdu
150,0.2544,328426.4883106674,vote_cdu
151,0.2609,156287.43169108193,vote_cdu
152,0.2088,447273.0462806228,vote_cdu
153,0.2138,447243.65590118093,vote_cdu
154,0.2621,203485.01944982784,vote_cdu
155,0.2704,189334.39291100815,vote_cdu
156,0.2581,230765.27810862593,vote_cdu
157,0.2904,191431.58226584247,vote_cdu
158,0.2815,189315.47007156236,vote_cdu
159,0.2248,417647.8505356109,vote_cdu
16,0.2167,188390.8326199093,vote_cdu
160,0.2834,341234.6099588987,vote_cdu
161,0.2773,234219.82598483737,vote_cdu
162,0.2749,179951.4826308836,vote_cdu
163,0.2757,243241.04581463398,vote_cdu
164,0.2944,256612.53907117652,vote_cdu
165,0.2587,245404.13989671535,vote_cdu
166,0.3072,176363.3722710095,vote_cdu
167,0.2575,150847.19248560639,vote_cdu
168,0.2059,174948.92758784763,vote_cdu
169,0.2581,82837.07649342252,vote_cdu
17,0.2627,192718.9279291037,vote_cdu
170,0.2361,134244.55708584565,vote_cdu
171,0.234,192767.679643849,vote_cdu
172,0.302,199828.3130746693,vote_cdu
173,0.2623,151701.4962621543,vote_cdu
174,0.2877,138746.12312425295,vote_cdu
175,0.2693,288922.3772270948,vote_cdu
176,0.2722,162361.87609394698,vote_cdu
177,0.2832,243612.56356526492,vote_cdu
178,0.2955,142711.3720274556,vote_cdu
179,0.2458,227070.2518071342,vote_cdu
18,0.2007,1421002.2593554342,vote_cdu
180,0.2819,331219.6662066321,vote_cdu
181,0.2823,186134.08587471946,vote_cdu
182,0.224,597316.9289922566,vote_cdu
183,0.2098,597119.979697627,vote_cdu
184,0.2272,207677.8943569085,vote_cdu
185,0.2393,246244.22266916416,vote_cdu
186,0.2438,209100.38922005054,vote_cdu
187,0.2565,151964.41207017357,vote_cdu
188,0.2518,217023.4649560447,vote_cdu
189,0.297,63479.47863541032,vote_cdu
19,0.1921,1430556.9948969542,vote_cdu
190,0.2395,98328.8375353136,vote_cdu
191,0.2527,57329.668210706746,vote_cdu
192,0.2102,97103.89456177686,vote_cdu
193,0.2318,128018.6219006737,vote_cdu
194,0.2552,71429.80636382155,vote_cdu
195,0.2512,66552.61663215315,vote_cdu
196,0.2363,65604.03583878439,vote_cdu
197,0.2583,124497.04897961108,vote_cdu
198,0.3146,129788.89967360128,vote_cdu
199,0.2307,126188.29445828657,vote_cdu
2,0.2233,126617.81067176482,vote_cdu
20,0.2285,1431329.7804752644,vote_cdu
200,0.2979,71012.6202541161,vote_cdu
201,0.2725,97548.86235301365,vote_cdu
202,0.3028,68267.7552315342,vote_cdu
203,0.2937,110806.5196587859,vote_cdu
204,0.2511,141190.6093562236,vote_cdu
205,0.2456,165730.91092029086,vote_cdu
206,0.251,111780.77145883288,vote_cdu
207,0.2944,110882.44884675027,vote_cdu
208,0.3009,94362.25613613243,vote_cdu
209,0.267,60711.17813870885,vote_cdu
21,0.2062,1431298.9874824153,vote_cdu
210,0.2578,68045.19178860822,vote_cdu
211,0.2426,88636.80629276097,vote_cdu
212,0.3319,88824.58818819381,vote_cdu
213,0.3392,106040.88849210861,vote_cdu
214,0.3224,114277.4362937002,vote_cdu
215,0.3323,138772.1022482832,vote_cdu
216,0.3766,94460.0472031337,vote_cdu
217,0.2664,1204507.0364880688,vote_cdu
218,0.2072,1204367.2685137496,vote_cdu
219,0.2629,1203811.9304614188,vote_cdu
22,0.2198,1430951.582966886,vote_cdu
220,0.2303,1204570.5462810397,vote_cdu
221,0.2876,273975.8695181723,vote_cdu
222,0.3063,195381.17695181782,vote_cdu
223,0.3442,87433.09608902044,vote_cdu
224,0.3223,97927.10241617101,vote_cdu
225,0.3492,114691.21344866653,vote_cdu
226,0.3162,86171.71429780195,vote_cdu
227,0.3318,79236.91113039952,vote_cdu
228,0.3139,108643.97946313373,vote_cdu
229,0.3239,148549.29339360775,vote_cdu
23,0.206,1430979.5587980626,vote_cdu
230,0.3185,88837.43598801222,vote_cdu
231,0.3241,68797.40963185742,vote_cdu
232,0.3404,90761.54694977363,vote_cdu
233,0.305,147987.87406906814,vote_cdu
234,0.3683,108652.73819635087,vote_cdu
235,0.2903,63773.85339297382,vote_cdu
236,0.2984,102030.78339398111,vote_cdu
237,0.3371,81108.48554729173,vote_cdu
238,0.3603,55680.5282195036,vote_cdu
239,0.2937,62920.67454943145,vote_cdu
24,0.2238,140060.76032577365,vote_cdu
240,0.3555,71998.71051860439,vote_cdu
241,0.3291,118560.08657677029,vote_cdu
242,0.286,99670.56706345096,vote_cdu
243,0.3094,79906.38667921201,vote_cdu
244,0.2347,421645.16416584176,vote_cdu
245,0.2361,310021.82372011937,vote_cdu
246,0.2987,114053.8546474647,vote_cdu
247,0.3215,129000.1599732756,vote_cdu
248,0.3227,67732.83506927769,vote_cdu
249,0.3313,98381.05661136859,vote_cdu
25,0.2506,205347.6206726869,vote_cdu
250,0.3253,77853.19820796055,vote_cdu
251,0.303,123141.43426387003,vote_cdu
252,0.249,234967.86250354463,vote_cdu
253,0.3638,169670.2451007896,vote_cdu
254,0.2984,94243.60739768743,vote_cdu
255,0.2637,114492.67486453363,vote_cdu
256,0.3174,106263.59875116046,vote_cdu
257,0.3119,104959.4310635585,vote_cdu
258,0.2154,491625.13801795384,vote_cdu
259,0.2366,491606.6573873762,vote_cdu
26,0.2353,57534.38438324122,vote_cdu
260,0.2948,307666.1280541792,vote_cdu
261,0.2646,424388.0713972013,vote_cdu
262,0.2707,416219.3321893571,vote_cdu
263,0.2757,202919.6077625286,vote_cdu
264,0.2825,348173.7020949003,vote_cdu
265,0.2653,412661.20895595336,vote_cdu
266,0.2889,354339.2293625429,vote_cdu
267,0.2749,257722.21503823865,vote_cdu
268,0.2633,130377.2162091822,vote_cdu
269,0.2697,290285.00161643716,vote_cdu
27,0.2147,102365.55669514439,vote_cdu
270,0.2772,194226.28914273845,vote_cdu
271,0.2012,250850.54595401778,vote_cdu
272,0.2959,359984.238399364,vote_cdu
273,0.2702,160617.35190101372,vote_cdu
274,0.2573,329508.5250784324,vote_cdu
275,0.2342,254270.4667512479,vote_cdu
276,0.3244,106758.04057529704,vote_cdu
277,0.258,444702.13988692965,vote_cdu
278,0.2765,383546.90227372816,vote_cdu
279,0.2521,147715.086276244,vote_cdu
28,0.2329,84831.94110845958,vote_cdu
280,0.2799,107018.23038466662,vote_cdu
281,0.2316,202798.83261378773,vote_cdu
282,0.2697,192423.43880240252,vote_cdu
283,0.3173,225032.24425116144,vote_cdu
284,0.2609,348801.7132893969,vote_cdu
285,0.2979,108392.23134283043,vote_cdu
286,0.2779,201667.8261551113,vote_cdu
287,0.2501,229313.18383026638,vote_cdu
288,0.2648,163230.1480521498,vote_cdu
289,0.255,229928.3931788717,vote_cdu
29,0.2487,158934.59525744084,vote_cdu
290,0.2452,171933.35017208458,vote_cdu
291,0.2949,150155.75647540676,vote_cdu
292,0.2864,170495.5530644437,vote_cdu
293,0.2885,157126.21900124924,vote_cdu
294,0.2757,224073.31687500788,vote_cdu
295,0.3218,121224.48169688437,vote_cdu
296,0.2272,266542.8073390067,vote_cdu
297,0.2724,116068.39548367709,vote_cdu
298,0.3214,100536.02565406008,vote_cdu
299,0.257,127721.3017367024,vote_cdu
3,0.2932,115851.86522588492,vote_cdu
30,0.2721,139576.16384651398,vote_cdu
31,0.3017,196135.60089437373,vote_cdu
32,0.3128,124018.8382025247,vote_cdu
33,0.2626,155893.75991417954,vote_cdu
34,0.2435,96231.59370696604,vote_cdu
35,0.2642,115171.85584071466,vote_cdu
36,0.2825,206407.69602351406,vote_cdu
37,0.2295,87383.08550697024,vote_cdu
38,0.2701,281285.77678616863,vote_cdu
39,0.2409,226123.33709281817,vote_cdu
4,0.2294,219096.40566326873,vote_cdu
40,0.2267,105268.95765060993,vote_cdu
41,0.2273,906040.0002060288,vote_cdu
42,0.2077,906040.0000290013,vote_cdu
43,0.267,905426.4123814947,vote_cdu
44,0.2679,101457.30386766187,vote_cdu
45,0.2544,124862.07580933305,vote_cdu
46,0.2373,87457.91952152424,vote_cdu
47,0.2161,905515.5202521704,vote_cdu
48,0.2321,213288.40224674714,vote_cdu
49,0.2505,89973.62500013925,vote_cdu
5,0.1957,203904.38777736196,vote_cdu
50,0.2097,205009.19059761005,vote_cdu
51,0.2587,88144.4655599578,vote_cdu
52,0.2279,137316.49886528339,vote_cdu
53,0.2306,264493.9772962256,vote_cdu
54,0.188,459481.451911284,vote_cdu
55,0.2044,328883.2354039019,vote_cdu
56,0.2064,78979.82450200847,vote_cdu
57,0.2301,109443.59297400215,vote_cdu
58,0.2374,165824.85855315597,vote_cdu
59,0.2546,155615.10817955213,vote_cdu
6,0.3153,112031.67277091801,vote_cdu
60,0.2523,155549.23788756167,vote_cdu
61,0.2227,154558.62871543417,vote_cdu
62,0.2154,134829.15146844977,vote_cdu
63,0.2367,134329.34255962222,vote_cdu
64,0.2431,84498.56508792723,vote_cdu
65,0.2391,79525.85822991289,vote_cdu
66,0.2458,71739.71605479502,vote_cdu
67,0.2777,106284.84831675599,vote_cdu
68,0.2455,166610.327614394,vote_cdu
69,0.2234,164610.48028456897,vote_cdu
7,0.2614,256373.54635692938,vote_cdu
70,0.2745,93215.15114076332,vote_cdu
71,0.2661,133361.2526046149,vote_cdu
72,0.2231,157021.8587295553,vote_cdu
73,0.2715,142062.0442874195,vote_cdu
74,0.2758,120532.22450632381,vote_cdu
75,0.2115,2877040.0000032624,vote_cdu
76,0.1942,2876906.1867174297,vote_cdu
77,0.2649,2876920.9828373524,vote_cdu
78,0.2619,2876421.751616364,vote_cdu
79,0.1921,2876860.9932270315,vote_cdu
8,0.2672,211014.82904146786,vote_cdu
80,0.2344,2877039.9999880577,vote_cdu
81,0.1982,2876994.508906475,vote_cdu
82,0.1873,2877040.0163646573,vote_cdu
83,0.1949,2877040.000000056,vote_cdu
84,0.1886,2876558.3705327353,vote_cdu
85,0.2086,2876637.8723200033,vote_cdu
86,0.1948,2877039.991728962,vote_cdu
87,0.2135,469838.9638431637,vote_cdu
88,0.2571,469519.8665093225,vote_cdu
89,0.2796,206063.7555109461,vote_cdu
9,0.2811,165842.74609892463,vote_cdu
90,0.2864,217520.41696543677,vote_cdu
91,0.2659,377284.1712779972,vote_cdu
92,0.2764,182042.29332300788,vote_cdu
93,0.2275,826064.115036562,vote_cdu
94,0.2272,825997.9357487308,vote_cdu
95,0.2066,825493.2232396624,vote_cdu
96,0.2248,255570.0786535427,vote_cdu
97,0.2753,479910.6564404217,vote_cdu
98,0.311,479718.72344821633,vote_cdu
99,0.2543,215526.51344431812,vote_cdu
1,0.2627,156146.91219309898,vote_spd
10,0.2438,166471.2930691627,vote_spd
100,0.2069,225480.3522156972,vote_spd
101,0.2141,407890.85381560476,vote_spd
102,0.2193,281768.98076001246,vote_spd
103,0.2137,142658.23720478482,vote_spd
104,0.2058,391543.0373754122,vote_spd
105,0.2073,391558.8004555166,vote_spd
106,0.2075,494218.3319042906,vote_spd
107,0.21560000000000001,494219.96093411255,vote_spd
108,0.2009,363673.56008346134,vote_spd
109,0.21560000000000001,209297.8539070891,vote_spd
11,0.252,166836.21906336443,vote_spd
110,0.2057,320280.1149764613,vote_spd
111,0.2125,236760.5046750637,vote_spd
112,0.2271,249336.21906869547,vote_spd
113,0.2325,366336.2851592385,vote_spd
114,0.2328,299541.1330563543,vote_spd
115,0.2335,396276.38943833264,vote_spd
116,0.2257,396373.33212362515,vote_spd
117,0.2258,243750.69746423358,vote_spd
118,0.2024,203613.27195902585,vote_spd
119,0.2137,455933.8732086029,vote_spd
12,0.2293,153175.19652881895,vote_spd
120,0.2048,456020.53375132655,vote_spd
121,0.2129,498771.4750146778,vote_spd
122,0.2225,498709.6427058843,vote_spd
123,0.2197,204675.96619656123,vote_spd
124,0.22,326015.12804966717,vote_spd
125,0.2123,366415.6006192377,vote_spd
126,0.2065,293566.14240599767,vote_spd
127,0.2091,194330.8471030403,vote_spd
128,0.2304,350928.9874258416,vote_spd
129,0.2345,244367.79992332731,vote_spd
13,0.2242,156364.76501065,vote_spd
130,0.226,220117.08373788834,vote_spd
131,0.2093,283928.1380258957,vote_spd
132,0.2357,264316.5948110892,vote_spd
133,0.2215,206947.44889617665,vote_spd
134,0.2353,252840.34757535404,vote_spd
135,0.2197,275039.22121060453,vote_spd
136,0.2105,150831.06981403066,vote_spd
137,0.2005,246867.57793827367,vote_spd
138,0.2131,201784.98668589175,vote_spd
139,0.2224,254498.50955151534,vote_spd
14,0.2163,171852.85511876698,vote_spd
140,0.224,288318.3119799407,vote_spd
141,0.2287,196999.4437813509,vote_spd
142,0.2235,479802.95794022887,vote_spd
143,0.2303,479821.29101912136,vote_spd
144,0.2192,317213.10804336413,vote_spd
145,0.2168,221583.589226408,vote_spd
146,0.2223,235963.20544327798,vote_spd
147,0.2047,207983.59959208468,vote_spd
148,0.2128,220544.11485789935,vote_spd
149,0.1969,189899.65486953108,vote_spd
15,0.2243,177171.1056234898,vote_spd
150,0.2102,328426.4883106674,vote_spd
151,0.1778,156287.43169108193,vote_spd
152,0.2008,447273.0462806228,vote_spd
153,0.2,447243.65590118093,vote_spd
154,0.1754,203485.01944982784,vote_spd
155,0.1568,189334.39291100815,vote_spd
156,0.1607,230765.27810862593,vote_spd
157,0.1609,191431.58226584247,vote_spd
158,0.1483,189315.47007156236,vote_spd
159,0.1764,417647.8505356109,vote_spd
16,0.2123,188390.8326199093,vote_spd
160,0.1677,341234.6099588987,vote_spd
161,0.1696,234219.82598483737,vote_spd
162,0.1799,179951.4826308836,vote_spd
163,0.1567,243241.04581463398,vote_spd
164,0.143,256612.53907117652,vote_spd
165,0.1658,245404.13989671535,vote_spd
166,0.1788,176363.3722710095,vote_spd
167,0.2365,150847.19248560639,vote_spd
168,0.2451,174948.92758784763,vote_spd
169,0.2446,82837.07649342252,vote_spd
17,0.2124,192718.9279291037,vote_spd
170,0.244,134244.55708584565,vote_spd
171,0.2423,192767.679643849,vote_spd
172,0.2192,199828.3130746693,vote_spd
173,0.2305,151701.4962621543,vote_spd
174,0.1973,138746.12312425295,vote_spd
175,0.2162,288922.3772270948,vote_spd
176,0.2084,162361.87609394698,vote_spd
177,0.2167,243612.56356526492,vote_spd
178,0.2176,142711.3720274556,vote_spd
179,0.2268,227070.2518071342,vote_spd
18,0.2524,1421002.2593554342,vote_spd
180,0.2114,331219.6662066321,vote_spd
181,0.1976,186134.08587471946,vote_spd
182,0.2302,597316.9289922566,vote_spd
183,0.2267,597119.979697627,vote_spd
184,0.2303,207677.8943569085,vote_spd
185,0.2149,246244.22266916416,vote_spd
186,0.2232,209100.38922005054,vote_spd
187,0.2302,151964.41207017357,vote_spd
188,0.2042,217023.4649560447,vote_spd
189,0.1802,63479.47863541032,vote_spd
19,0.2461,1430556.9948969542,vote_spd
190,0.1906,98328.8375353136,vote_spd
191,0.1729,57329.668210706746,vote_spd
192,0.1855,97103.89456177686,vote_spd
193,0.1929,128018.6219006737,vote_spd
194,0.1704,71429.80636382155,vote_spd
195,0.1777,66552.61663215315,vote_spd
196,0.1843,65604.03583878439,vote_spd
197,0.2207,124497.04897961108,vote_spd
198,0.2244,129788.89967360128,vote_spd
199,0.232,126188.29445828657,vote_spd
2,0.2807,126617.81067176482,vote_spd
20,0.2491,1431329.7804752644,vote_spd
200,0.2283,71012.6202541161,vote_spd
201,0.2249,97548.86235301365,vote_spd
202,0.248,68267.7552315342,vote_spd
203,0.2245,110806.5196587859,vote_spd
204,0.2304,141190.6093562236,vote_spd
205,0.2258,165730.91092029086,vote_spd
206,0.2122,111780.77145883288,vote_spd
207,0.1905,110882.44884675027,vote_spd
208,0.2193,94362.25613613243,vote_spd
209,0.2281,60711.17813870885,vote_spd
21,0.2614,1431298.9874824153,vote_spd
210,0.2129,68045.19178860822,vote_spd
211,0.2174,88636.80629276097,vote_spd
212,0.1945,88824.58818819381,vote_spd
213,0.1898,106040.88849210861,vote_spd
214,0.189,114277.4362937002,vote_spd
215,0.1905,138772.1022482832,vote_spd
216,0.1823,94460.0472031337,vote_spd
217,0.1939,1204507.0364880688,vote_spd
218,0.1966,1204367.2685137496,vote_spd
219,0.2006,1203811.9304614188,vote_spd
22,0.2431,1430951.582966886,vote_spd
220,0.1986,1204570.5462810397,vote_spd
221,0.1971,273975.8695181723,vote_spd
222,0.1944,195381.17695181782,vote_spd
223,0.2011,87433.09608902044,vote_spd
224,0.2,97927.10241617101,vote_spd
225,0.2063,114691.21344866653,vote_spd
226,0.2082,86171.71429780195,vote_spd
227,0.1831,79236.91113039952,vote_spd
228,0.1878,108643.97946313373,vote_spd
229,0.1856,148549.29339360775,vote_spd
23,0.2546,1430979.5587980626,vote_spd
230,0.1937,88837.43598801222,vote_spd
231,0.1889,68797.40963185742,vote_spd
232,0.1963,90761.54694977363,vote_spd
233,0.19,147987.87406906814,vote_spd
234,0.1789,108652.73819635087,vote_spd
235,0.2037,63773.85339297382,vote_spd
236,0.1864,102030.78339398111,vote_spd
237,0.1998,81108.48554729173,vote_spd
238,0.1958,55680.5282195036,vote_spd
239,0.2052,62920.67454943145,vote_spd
24,0.2513,140060.76032577365,vote_spd
240,0.1915,71998.71051860439,vote_spd
241,0.2079,118560.08657677029,vote_spd
242,0.2045,99670.56706345096,vote_spd
243,0.2106,79906.38667921201,vote_spd
244,0.203,421645.16416584176,vote_spd
245,0.2076,310021.82372011937,vote_spd
246,0.2073,114053.8546474647,vote_spd
247,0.1871,129000.1599732756,vote_spd
248,0.1974,67732.83506927769,vote_spd
249,0.2081,98381.05661136859,vote_spd
25,0.2352,205347.6206726869,vote_spd
250,0.1895,77853.19820796055,vote_spd
251,0.2112,123141.43426387003,vote_spd
252,0.1982,234967.86250354463,vote_spd
253,0.1843,169670.2451007896,vote_spd
254,0.191,94243.60739768743,vote_spd
255,0.1908,114492.67486453363,vote_spd
256,0.2119,106263.59875116046,vote_spd
257,0.193,104959.4310635585,vote_spd
258,0.2086,491625.13801795384,vote_spd
259,0.2113,491606.6573873762,vote_spd
26,0.2625,57534.38438324122,vote_spd
260,0.1926,307666.1280541792,vote_spd
261,0.1966,424388.0713972013,vote_spd
262,0.1921,416219.3321893571,vote_spd
263,0.1877,202919.6077625286,vote_spd
264,0.1974,348173.7020949003,vote_spd
265,0.1889,412661.20895595336,vote_spd
266,0.1931,354339.2293625429,vote_spd
267,0.1881,257722.21503823865,vote_spd
268,0.2047,130377.2162091822,vote_spd
269,0.1958,290285.00161643716,vote_spd
27,0.2512,102365.55669514439,vote_spd
270,0.2059,194226.28914273845,vote_spd
271,0.2235,250850.54595401778,vote_spd
272,0.191,359984.238399364,vote_spd
273,0.206,160617.35190101372,vote_spd
274,0.2244,329508.5250784324,vote_spd
275,0.2291,254270.4667512479,vote_spd
276,0.2051,106758.04057529704,vote_spd
277,0.2073,444702.13988692965,vote_spd
278,0.1986,383546.90227372816,vote_spd
279,0.1886,147715.086276244,vote_spd
28,0.2631,84831.94110845958,vote_spd
280,0.1945,107018.23038466662,vote_spd
281,0.2421,202798.83261378773,vote_spd
282,0.2402,192423.43880240252,vote_spd
283,0.2187,225032.24425116144,vote_spd
284,0.2122,348801.7132893969,vote_spd
285,0.19,108392.23134283043,vote_spd
286,0.2056,201667.8261551113,vote_spd
287,0.2286,229313.18383026638,vote_spd
288,0.2303,163230.1480521498,vote_spd
289,0.2034,229928.3931788717,vote_spd
29,0.2522,158934.59525744084,vote_spd
290,0.2115,171933.35017208458,vote_spd
291,0.1935,150155.75647540676,vote_spd
292,0.19,170495.5530644437,vote_spd
293,0.199,157126.21900124924,vote_spd
294,0.2032,224073.31687500788,vote_spd
295,0.189,121224.48169688437,vote_spd
296,0.2273,266542.8073390067,vote_spd
297,0.2213,116068.39548367709,vote_spd
298,0.2195,100536.02565406008,vote_spd
299,0.2191,127721.3017367024,vote_spd
3,0.241,115851.86522588492,vote_spd
30,0.239,139576.16384651398,vote_spd
31,0.2262,196135.60089437373,vote_spd
32,0.2,124018.8382025247,vote_spd
33,0.2534,155893.75991417954,vote_spd
34,0.2421,96231.59370696604,vote_spd
35,0.2501,115171.85584071466,vote_spd
36,0.2218,206407.69602351406,vote_spd
37,0.2833,87383.08550697024,vote_spd
38,0.2386,281285.77678616863,vote_spd
39,0.2466,226123.33709281817,vote_spd
4,0.2572,219096.40566326873,vote_spd
40,0.2479,105268.95765060993,vote_spd
41,0.2461,906040.0002060288,vote_spd
42,0.2545,906040.0000290013,vote_spd
43,0.2365,905426.4123814947,vote_spd
44,0.2529,101457.30386766187,vote_spd
45,0.2226,124862.07580933305,vote_spd
46,0.2542,87457.91952152424,vote_spd
47,0.2435,905515.5202521704,vote_spd
48,0.2493,213288.40224674714,vote_spd
49,0.2491,89973.62500013925,vote_spd
5,0.2596,203904.38777736196,vote_spd
50,0.2428,205009.19059761005,vote_spd
51,0.2331,88144.4655599578,vote_spd
52,0.2637,137316.49886528339,vote_spd
53,0.2743,264493.9772962256,vote_spd
54,0.2456,459481.451911284,vote_spd
55,0.2651,328883.2354039019,vote_spd
56,0.2354,78979.82450200847,vote_spd
57,0.2315,109443.59297400215,vote_spd
58,0.2184,165824.85855315597,vote_spd
59,0.2052,155615.10817955213,vote_spd
6,0.2482,112031.67277091801,vote_spd
60,0.223,155549.23788756167,vote_spd
61,0.2424,154558.62871543417,vote_spd
62,0.2139,134829.15146844977,vote_spd
63,0.2161,134329.34255962222,vote_spd
64,0.1957,84498.56508792723,vote_spd
65,0.2109,79525.85822991289,vote_spd
66,0.2344,71739.71605479502,vote_spd
67,0.1976,106284.84831675599,vote_spd
68,0.216,166610.327614394,vote_spd
69,0.1985,164610.48028456897,vote_spd
7,0.231,256373.54635692938,vote_spd
70,0.2089,93215.15114076332,vote_spd
71,0.1914,133361.2526046149,vote_spd
72,0.1874,157021.8587295553,vote_spd
73,0.1921,142062.0442874195,vote_spd
74,0.1827,120532.22450632381,vote_spd
75,0.2354,2877040.0000032624,vote_spd
76,0.2286,2876906.1867174297,vote_spd
77,0.22,2876920.9828373524,vote_spd
78,0.2132,2876421.751616364,vote_spd
79,0.2239,2876860.9932270315,vote_spd
8,0.2363,211014.82904146786,vote_spd
80,0.2275,2877039.9999880577,vote_spd
81,0.2202,2876994.508906475,vote_spd
82,0.2308,2877040.0163646573,vote_spd
83,0.2199,2877040.000000056,vote_spd
84,0.2221,2876558.3705327353,vote_spd
85,0.224,2876637.8723200033,vote_spd
86,0.2184,2877039.991728962,vote_spd
87,0.2238,469838.9638431637,vote_spd
88,0.2234,469519.8665093225,vote_spd
89,0.1985,206063.7555109461,vote_spd
9,0.2469,165842.74609892463,vote_spd
90,0.2111,217520.41696543677,vote_spd
91,0.2131,377284.1712779972,vote_spd
92,0.2182,182042.29332300788,vote_spd
93,0.2305,826064.115036562,vote_spd
94,0.2318,825997.9357487308,vote_spd
95,0.2368,825493.2232396624,vote_spd
96,0.2145,255570.0786535427,vote_spd
97,0.2091,479910.6564404217,vote_spd
98,0.2057,479718.72344821633,vote_spd
99,0.2083,215526.51344431812,vote_spd
1,0.2008,156146.91219309898,vote_gruene
10,0.1652,166471.2930691627,vote_gruene
100,0.2009,225480.3522156972,vote_gruene
101,0.2038,407890.85381560476,vote_gruene
102,0.2067,281768.98076001246,vote_gruene
103,0.1547,142658.23720478482,vote_gruene
104,0.1638,391543.0373754122,vote_gruene
105,0.1677,391558.8004555166,vote_gruene
106,0.2142,494218.3319042906,vote_gruene
107,0.2182,494219.96093411255,vote_gruene
108,0.165,363673.56008346134,vote_gruene
109,0.1659,209297.8539070891,vote_gruene
11,0.1849,166836.21906336443,vote_gruene
110,0.1886,320280.1149764613,vote_gruene
111,0.1824,236760.5046750637,vote_gruene
112,0.1844,249336.21906869547,vote_gruene
113,0.1758,366336.2851592385,vote_gruene
114,0.1785,299541.1330563543,vote_gruene
115,0.1645,396276.38943833264,vote_gruene
116,0.1584,396373.33212362515,vote_gruene
117,0.1552,243750.69746423358,vote_gruene
118,0.1693,203613.27195902585,vote_gruene
119,0.1757,455933.8732086029,vote_gruene
12,0.1178,153175.19652881895,vote_gruene
120,0.1907,456020.53375132655,vote_gruene
121,0.1675,498771.4750146778,vote_gruene
122,0.168,498709.6427058843,vote_gruene
123,0.1329,204675.96619656123,vote_gruene
124,0.1802,326015.12804966717,vote_gruene
125,0.1554,366415.6006192377,vote_gruene
126,0.1799,293566.14240599767,vote_gruene
127,0.1864,194330.8471030403,vote_gruene
128,0.1788,350928.9874258416,vote_gruene
129,0.2744,244367.79992332731,vote_gruene
13,0.1098,156364.76501065,vote_gruene
130,0.1747,220117.08373788834,vote_gruene
131,0.1694,283928.1380258957,vote_gruene
132,0.2078,264316.5948110892,vote_gruene
133,0.1568,206947.44889617665,vote_gruene
134,0.1676,252840.34757535404,vote_gruene
135,0.1523,275039.22121060453,vote_gruene
136,0.1724,150831.06981403066,vote_gruene
137,0.1848,246867.57793827367,vote_gruene
138,0.1786,201784.98668589175,vote_gruene
139,0.1759,254498.50955151534,vote_gruene
14,0.1381,171852.85511876698,vote_gruene
140,0.2009,288318.3119799407,vote_gruene
141,0.1633,196999.4437813509,vote_gruene
142,0.1753,479802.95794022887,vote_gruene
143,0.1821,479821.29101912136,vote_gruene
144,0.185,317213.10804336413,vote_gruene
145,0.1827,221583.589226408,vote_gruene
146,0.1694,235963.20544327798,vote_gruene
147,0.1719,207983.59959208468,vote_gruene
148,0.1566,220544.11485789935,vote_gruene
149,0.1632,189899.65486953108,vote_gruene
15,0.0989,177171.1056234898,vote_gruene
150,0.1525,328426.4883106674,vote_gruene
151,0.092,156287.43169108193,vote_gruene
152,0.1759,447273.0462806228,vote_gruene
153,0.1778,447243.65590118093,vote_gruene
154,0.0931,203485.01944982784,vote_gruene
155,0.0908,189334.39291100815,vote_gruene
156,0.082,230765.27810862593,vote_gruene
157,0.0826,191431.58226584247,vote_gruene
158,0.0848,189315.47007156236,vote_gruene
159,0.1694,417647.8505356109,vote_gruene
16,0.1067,188390.8326199093,vote_gruene
160,0.1237,341234.6099588987,vote_gruene
161,0.0898,234219.82598483737,vote_gruene
162,0.1151,179951.4826308836,vote_gruene
163,0.0875,243241.04581463398,vote_gruene
164,0.0751,256612.53907117652,vote_gruene
165,0.0953,245404.13989671535,vote_gruene
166,0.0908,176363.3722710095,vote_gruene
167,0.1646,150847.19248560639,vote_gruene
168,0.1848,174948.92758784763,vote_gruene
169,0.1357,82837.07649342252,vote_gruene
17,0.1081,192718.9279291037,vote_gruene
170,0.1447,134244.55708584565,vote_gruene
171,0.1766,192767.679643849,vote_gruene
172,0.1427,199828.3130746693,vote_gruene
173,0.1667,151701.4962621543,vote_gruene
174,0.1541,138746.12312425295,vote_gruene
175,0.1523,288922.3772270948,vote_gruene
176,0.1811,162361.87609394698,vote_gruene
177,0.1669,243612.56356526492,vote_gruene
178,0.1678,142711.3720274556,vote_gruene
179,0.2178,227070.2518071342,vote_gruene
18,0.21560000000000001,1421002.2593554342,vote_gruene
180,0.1627,331219.6662066321,vote_gruene
181,0.1905,186134.08587471946,vote_gruene
182,0.2333,597316.9289922566,vote_gruene
183,0.222,597119.979697627,vote_gruene
184,0.1794,207677.8943569085,vote_gruene
185,0.1935,246244.22266916416,vote_gruene
186,0.2186,209100.38922005054,vote_gruene
187,0.1704,151964.41207017357,vote_gruene
188,0.1864,217023.4649560447,vote_gruene
189,0.0995,63479.47863541032,vote_gruene
19,0.2145,1430556.9948969542,vote_gruene
190,0.1004,98328.8375353136,vote_gruene
191,0.1109,57329.668210706746,vote_gruene
192,0.0976,97103.89456177686,vote_gruene
193,0.135,128018.6219006737,vote_gruene
194,0.0974,71429.80636382155,vote_gruene
195,0.0928,66552.61663215315,vote_gruene
196,0.0914,65604.03583878439,vote_gruene
197,0.1496,124497.04897961108,vote_gruene
198,0.1781,129788.89967360128,vote_gruene
199,0.1816,126188.29445828657,vote_gruene
2,0.1816,126617.81067176482,vote_gruene
20,0.211,1431329.7804752644,vote_gruene
200,0.1615,71012.6202541161,vote_gruene
201,0.1552,97548.86235301365,vote_gruene
202,0.1629,68267.7552315342,vote_gruene
203,0.1729,110806.5196587859,vote_gruene
204,0.1558,141190.6093562236,vote_gruene
205,0.2088,165730.91092029086,vote_gruene
206,0.1749,111780.77145883288,vote_gruene
207,0.159,110882.44884675027,vote_gruene
208,0.1424,94362.25613613243,vote_gruene
209,0.1429,60711.17813870885,vote_gruene
21,0.2047,1431298.9874824153,vote_gruene
210,0.1414,68045.19178860822,vote_gruene
211,0.1653,88636.80629276097,vote_gruene
212,0.1364,88824.58818819381,vote_gruene
213,0.1622,106040.88849210861,vote_gruene
214,0.1546,114277.4362937002,vote_gruene
215,0.1728,138772.1022482832,vote_gruene
216,0.1361,94460.0472031337,vote_gruene
217,0.2356,1204507.0364880688,vote_gruene
218,0.248,1204367.2685137496,vote_gruene
219,0.2268,1203811.9304614188,vote_gruene
22,0.2465,1430951.582966886,vote_gruene
220,0.238,1204570.5462810397,vote_gruene
221,0.203,273975.8695181723,vote_gruene
222,0.1575,195381.17695181782,vote_gruene
223,0.1683,87433.09608902044,vote_gruene
224,0.1814,97927.10241617101,vote_gruene
225,0.1738,114691.21344866653,vote_gruene
226,0.1789,86171.71429780195,vote_gruene
227,0.1199,79236.91113039952,vote_gruene
228,0.1554,108643.97946313373,vote_gruene
229,0.135,148549.29339360775,vote_gruene
23,0.2054,1430979.5587980626,vote_gruene
230,0.1292,88837.43598801222,vote_gruene
231,0.1234,68797.40963185742,vote_gruene
232,0.1503,90761.54694977363,vote_gruene
233,0.1446,147987.87406906814,vote_gruene
234,0.1127,108652.73819635087,vote_gruene
235,0.1398,63773.85339297382,vote_gruene
236,0.1519,102030.78339398111,vote_gruene
237,0.1457,81108.48554729173,vote_gruene
238,0.1291,55680.5282195036,vote_gruene
239,0.1242,62920.67454943145,vote_gruene
24,0.1623,140060.76032577365,vote_gruene
240,0.1333,71998.71051860439,vote_gruene
241,0.1394,118560.08657677029,vote_gruene
242,0.1658,99670.56706345096,vote_gruene
243,0.1545,79906.38667921201,vote_gruene
244,0.2134,421645.16416584176,vote_gruene
245,0.1781,310021.82372011937,vote_gruene
246,0.1706,114053.8546474647,vote_gruene
247,0.1738,129000.1599732756,vote_gruene
248,0.1497,67732.83506927769,vote_gruene
249,0.1528,98381.05661136859,vote_gruene
25,0.1532,205347.6206726869,vote_gruene
250,0.1498,77853.19820796055,vote_gruene
251,0.1959,123141.43426387003,vote_gruene
252,0.1886,234967.86250354463,vote_gruene
253,0.1449,169670.2451007896,vote_gruene
254,0.15,94243.60739768743,vote_gruene
255,0.1515,114492.67486453363,vote_gruene
256,0.1776,106263.59875116046,vote_gruene
257,0.1405,104959.4310635585,vote_gruene
258,0.2067,491625.13801795384,vote_gruene
259,0.2065,491606.6573873762,vote_gruene
26,0.1488,57534.38438324122,vote_gruene
260,0.1721,307666.1280541792,vote_gruene
261,0.1812,424388.0713972013,vote_gruene
262,0.1643,416219.3321893571,vote_gruene
263,0.1404,202919.6077625286,vote_gruene
264,0.1539,348173.7020949003,vote_gruene
265,0.1608,412661.20895595336,vote_gruene
266,0.1587,354339.2293625429,vote_gruene
267,0.1335,257722.21503823865,vote_gruene
268,0.162,130377.2162091822,vote_gruene
269,0.158,290285.00161643716,vote_gruene
27,0.2245,102365.55669514439,vote_gruene
270,0.1523,194226.28914273845,vote_gruene
271,0.2068,250850.54595401778,vote_gruene
272,0.1576,359984.238399364,vote_gruene
273,0.1704,160617.35190101372,vote_gruene
274,0.1793,329508.5250784324,vote_gruene
275,0.1798,254270.4667512479,vote_gruene
276,0.1502,106758.04057529704,vote_gruene
277,0.1628,444702.13988692965,vote_gruene
278,0.1528,383546.90227372816,vote_gruene
279,0.1427,147715.086276244,vote_gruene
28,0.1708,84831.94110845958,vote_gruene
280,0.1529,107018.23038466662,vote_gruene
281,0.2341,202798.83261378773,vote_gruene
282,0.1796,192423.43880240252,vote_gruene
283,0.158,225032.24425116144,vote_gruene
284,0.1637,348801.7132893969,vote_gruene
285,0.1315,108392.23134283043,vote_gruene
286,0.1599,201667.8261551113,vote_gruene
287,0.1962,229313.18383026638,vote_gruene
288,0.1873,163230.1480521498,vote_gruene
289,0.1659,229928.3931788717,vote_gruene
29,0.1735,158934.59525744084,vote_gruene
290,0.1876,171933.35017208458,vote_gruene
291,0.1659,150155.75647540676,vote_gruene
292,0.1574,170495.5530644437,vote_gruene
293,0.1746,157126.21900124924,vote_gruene
294,0.1796,224073.31687500788,vote_gruene
295,0.1429,121224.48169688437,vote_gruene
296,0.1731,266542.8073390067,vote_gruene
297,0.1514,116068.39548367709,vote_gruene
298,0.138,100536.02565406008,vote_gruene
299,0.1423,127721.3017367024,vote_gruene
3,0.1568,115851.86522588492,vote_gruene
30,0.1543,139576.16384651398,vote_gruene
31,0.1563,196135.60089437373,vote_gruene
32,0.1646,124018.8382025247,vote_gruene
33,0.1653,155893.75991417954,vote_gruene
34,0.1784,96231.59370696604,vote_gruene
35,0.1775,115171.85584071466,vote_gruene
36,0.1898,206407.69602351406,vote_gruene
37,0.2114,87383.08550697024,vote_gruene
38,0.1819,281285.77678616863,vote_gruene
39,0.188,226123.33709281817,vote_gruene
4,0.1745,219096.40566326873,vote_gruene
40,0.1771,105268.95765060993,vote_gruene
41,0.1922,906040.0002060288,vote_gruene
42,0.201,906040.0000290013,vote_gruene
43,0.1806,905426.4123814947,vote_gruene
44,0.1652,101457.30386766187,vote_gruene
45,0.1673,124862.07580933305,vote_gruene
46,0.1612,87457.91952152424,vote_gruene
47,0.1904,905515.5202521704,vote_gruene
48,0.1644,213288.40224674714,vote_gruene
49,0.1669,89973.62500013925,vote_gruene
5,0.2169,203904.38777736196,vote_gruene
50,0.1927,205009.19059761005,vote_gruene
51,0.1499,88144.4655599578,vote_gruene
52,0.1652,137316.49886528339,vote_gruene
53,0.1997,264493.9772962256,vote_gruene
54,0.2281,459481.451911284,vote_gruene
55,0.1931,328883.2354039019,vote_gruene
56,0.1183,78979.82450200847,vote_gruene
57,0.1168,109443.59297400215,vote_gruene
58,0.1353,165824.85855315597,vote_gruene
59,0.1142,155615.10817955213,vote_gruene
6,0.1732,112031.67277091801,vote_gruene
60,0.1381,155549.23788756167,vote_gruene
61,0.1465,154558.62871543417,vote_gruene
62,0.133,134829.15146844977,vote_gruene
63,0.1226,134329.34255962222,vote_gruene
64,0.097,84498.56508792723,vote_gruene
65,0.1074,79525.85822991289,vote_gruene
66,0.1096,71739.71605479502,vote_gruene
67,0.0977,106284.84831675599,vote_gruene
68,0.1149,166610.327614394,vote_gruene
69,0.1178,164610.48028456897,vote_gruene
7,0.1882,256373.54635692938,vote_gruene
70,0.1007,93215.15114076332,vote_gruene
71,0.0972,133361.2526046149,vote_gruene
72,0.1191,157021.8587295553,vote_gruene
73,0.086,142062.0442874195,vote_gruene
74,0.0913,120532.22450632381,vote_gruene
75,0.1952,2877040.0000032624,vote_gruene
76,0.2143,2876906.1867174297,vote_gruene
77,0.199,2876920.9828373524,vote_gruene
78,0.1894,2876421.751616364,vote_gruene
79,0.2144,2876860.9932270315,vote_gruene
8,0.1579,211014.82904146786,vote_gruene
80,0.2095,2877039.9999880577,vote_gruene
81,0.2065,2876994.508906475,vote_gruene
82,0.2061,2877040.0163646573,vote_gruene
83,0.2154,2877040.000000056,vote_gruene
84,0.2174,2876558.3705327353,vote_gruene
85,0.1831,2876637.8723200033,vote_gruene
86,0.1669,2877039.991728962,vote_gruene
87,0.1977,469838.9638431637,vote_gruene
88,0.1968,469519.8665093225,vote_gruene
89,0.1634,206063.7555109461,vote_gruene
9,0.172,165842.74609892463,vote_gruene
90,0.1571,217520.41696543677,vote_gruene
91,0.1871,377284.1712779972,vote_gruene
92,0.178,182042.29332300788,vote_gruene
93,0.2344,826064.115036562,vote_gruene
94,0.2413,825997.9357487308,vote_gruene
95,0.2447,825493.2232396624,vote_gruene
96,0.2657,255570.0786535427,vote_gruene
97,0.1929,479910.6564404217,vote_gruene
98,0.1847,479718.72344821633,vote_gruene
99,0.1411,215526.51344431812,vote_gruene
1,0.1386,156146.91219309898,vote_fdp
10,0.1605,166471.2930691627,vote_fdp
100,0.1657,225480.3522156972,vote_fdp
101,0.1641,407890.85381560476,vote_fdp
102,0.1266,281768.98076001246,vote_fdp
103,0.144,142658.23720478482,vote_fdp
104,0.1611,391543.0373754122,vote_fdp
105,0.1605,391558.8004555166,vote_fdp
106,0.1633,494218.3319042906,vote_fdp
107,0.1637,494219.96093411255,vote_fdp
108,0.14,363673.56008346134,vote_fdp
109,0.1478,209297.8539070891,vote_fdp
11,0.1233,166836.21906336443,vote_fdp
110,0.1648,320280.1149764613,vote_fdp
111,0.1601,236760.5046750637,vote_fdp
112,0.1313,249336.21906869547,vote_fdp
113,0.1674,366336.2851592385,vote_fdp
114,0.1283,299541.1330563543,vote_fdp
115,0.1133,396276.38943833264,vote_fdp
116,0.1204,396373.33212362515,vote_fdp
117,0.1261,243750.69746423358,vote_fdp
118,0.1654,203613.27195902585,vote_fdp
119,0.1372,455933.8732086029,vote_fdp
12,0.1033,153175.19652881895,vote_fdp
120,0.1637,456020.53375132655,vote_fdp
121,0.1355,498771.4750146778,vote_fdp
122,0.1351,498709.6427058843,vote_fdp
123,0.1081,204675.96619656123,vote_fdp
124,0.1389,326015.12804966717,vote_fdp
125,0.1279,366415.6006192377,vote_fdp
126,0.1456,293566.14240599767,vote_fdp
127,0.1573,194330.8471030403,vote_fdp
128,0.1392,350928.9874258416,vote_fdp
129,0.1682,244367.79992332731,vote_fdp
13,0.1254,156364.76501065,vote_fdp
130,0.1558,220117.08373788834,vote_fdp
131,0.1398,283928.1380258957,vote_fdp
132,0.1324,264316.5948110892,vote_fdp
133,0.131,206947.44889617665,vote_fdp
134,0.1325,252840.34757535404,vote_fdp
135,0.1334,275039.22121060453,vote_fdp
136,0.1433,150831.06981403066,vote_fdp
137,0.1353,246867.57793827367,vote_fdp
138,0.1332,201784.98668589175,vote_fdp
139,0.1396,254498.50955151534,vote_fdp
14,0.1138,171852.85511876698,vote_fdp
140,0.1328,288318.3119799407,vote_fdp
141,0.1295,196999.4437813509,vote_fdp
142,0.1349,479802.95794022887,vote_fdp
143,0.1444,479821.29101912136,vote_fdp
144,0.1253,317213.10804336413,vote_fdp
145,0.1318,221583.589226408,vote_fdp
146,0.1335,235963.20544327798,vote_fdp
147,0.1411,207983.59959208468,vote_fdp
148,0.1469,220544.11485789935,vote_fdp
149,0.1441,189899.65486953108,vote_fdp
15,0.1094,177171.1056234898,vote_fdp
150,0.1319,328426.4883106674,vote_fdp
151,0.1143,156287.43169108193,vote_fdp
152,0.1404,447273.0462806228,vote_fdp
153,0.1329,447243.65590118093,vote_fdp
154,0.1303,203485.01944982784,vote_fdp
155,0.144,189334.39291100815,vote_fdp
156,0.1176,230765.27810862593,vote_fdp
157,0.1023,191431.58226584247,vote_fdp
158,0.1083,189315.47007156236,vote_fdp
159,0.1426,417647.8505356109,vote_fdp
16,0.11,188390.8326199093,vote_fdp
160,0.1281,341234.6099588987,vote_fdp
161,0.115,234219.82598483737,vote_fdp
162,0.1154,179951.4826308836,vote_fdp
163,0.1537,243241.04581463398,vote_fdp
164,0.1364,256612.53907117652,vote_fdp
165,0.1345,245404.13989671535,vote_fdp
166,0.1148,176363.3722710095,vote_fdp
167,0.12,150847.19248560639,vote_fdp
168,0.1425,174948.92758784763,vote_fdp
169,0.1245,82837.07649342252,vote_fdp
17,0.1216,192718.9279291037,vote_fdp
170,0.1329,134244.55708584565,vote_fdp
171,0.142,192767.679643849,vote_fdp
172,0.1362,199828.3130746693,vote_fdp
173,0.1268,151701.4962621543,vote_fdp
174,0.1494,138746.12312425295,vote_fdp
175,0.1403,288922.3772270948,vote_fdp
176,0.1458,162361.87609394698,vote_fdp
177,0.1412,243612.56356526492,vote_fdp
178,0.1628,142711.3720274556,vote_fdp
179,0.1346,227070.2518071342,vote_fdp
18,0.149,1421002.2593554342,vote_fdp
180,0.1339,331219.6662066321,vote_fdp
181,0.1802,186134.08587471946,vote_fdp
182,0.146,597316.9289922566,vote_fdp
183,0.1594,597119.979697627,vote_fdp
184,0.1264,207677.8943569085,vote_fdp
185,0.1682,246244.22266916416,vote_fdp
186,0.1485,209100.38922005054,vote_fdp
187,0.1505,151964.41207017357,vote_fdp
188,0.1383,217023.4649560447,vote_fdp
189,0.1035,63479.47863541032,vote_fdp
19,0.1364,1430556.9948969542,vote_fdp
190,0.125,98328.8375353136,vote_fdp
191,0.1154,57329.668210706746,vote_fdp
192,0.1367,97103.89456177686,vote_fdp
193,0.1311,128018.6219006737,vote_fdp
194,0.1069,71429.80636382155,vote_fdp
195,0.1108,66552.61663215315,vote_fdp
196,0.1275,65604.03583878439,vote_fdp
197,0.1263,124497.04897961108,vote_fdp
198,0.1322,129788.89967360128,vote_fdp
199,0.1635,126188.29445828657,vote_fdp
2,0.1455,126617.81067176482,vote_fdp
20,0.1428,1431329.7804752644,vote_fdp
200,0.1338,71012.6202541161,vote_fdp
201,0.1251,97548.86235301365,vote_fdp
202,0.1335,68267.7552315342,vote_fdp
203,0.1478,110806.5196587859,vote_fdp
204,0.1276,141190.6093562236,vote_fdp
205,0.1446,165730.91092029086,vote_fdp
206,0.1292,111780.77145883288,vote_fdp
207,0.1314,110882.44884675027,vote_fdp
208,0.1409,94362.25613613243,vote_fdp
209,0.1351,60711.17813870885,vote_fdp
21,0.1336,1431298.9874824153,vote_fdp
210,0.1341,68045.19178860822,vote_fdp
211,0.1265,88636.80629276097,vote_fdp
212,0.1304,88824.58818819381,vote_fdp
213,0.1744,106040.88849210861,vote_fdp
214,0.1541,114277.4362937002,vote_fdp
215,0.1537,138772.1022482832,vote_fdp
216,0.1625,94460.0472031337,vote_fdp
217,0.152,1204507.0364880688,vote_fdp
218,0.1932,1204367.2685137496,vote_fdp
219,0.1562,1203811.9304614188,vote_fdp
22,0.1437,1430951.582966886,vote_fdp
220,0.1588,1204570.5462810397,vote_fdp
221,0.1669,273975.8695181723,vote_fdp
222,0.1552,195381.17695181782,vote_fdp
223,0.1408,87433.09608902044,vote_fdp
224,0.1893,97927.10241617101,vote_fdp
225,0.1511,114691.21344866653,vote_fdp
226,0.1435,86171.71429780195,vote_fdp
227,0.13,79236.91113039952,vote_fdp
228,0.1571,108643.97946313373,vote_fdp
229,0.1305,148549.29339360775,vote_fdp
23,0.1463,1430979.5587980626,vote_fdp
230,0.1268,88837.43598801222,vote_fdp
231,0.1348,68797.40963185742,vote_fdp
232,0.1382,90761.54694977363,vote_fdp
233,0.1424,147987.87406906814,vote_fdp
234,0.1259,108652.73819635087,vote_fdp
235,0.1552,63773.85339297382,vote_fdp
236,0.143,102030.78339398111,vote_fdp
237,0.1428,81108.48554729173,vote_fdp
238,0.1351,55680.5282195036,vote_fdp
239,0.1327,62920.67454943145,vote_fdp
24,0.1098,140060.76032577365,vote_fdp
240,0.1327,71998.71051860439,vote_fdp
241,0.1328,118560.08657677029,vote_fdp
242,0.1572,99670.56706345096,vote_fdp
243,0.1243,79906.38667921201,vote_fdp
244,0.126,421645.16416584176,vote_fdp
245,0.1544,310021.82372011937,vote_fdp
246,0.1335,114053.8546474647,vote_fdp
247,0.135,129000.1599732756,vote_fdp
248,0.1327,67732.83506927769,vote_fdp
249,0.1286,98381.05661136859,vote_fdp
25,0.1471,205347.6206726869,vote_fdp
250,0.1405,77853.19820796055,vote_fdp
251,0.1465,123141.43426387003,vote_fdp
252,0.1364,234967.86250354463,vote_fdp
253,0.1513,169670.2451007896,vote_fdp
254,0.1528,94243.60739768743,vote_fdp
255,0.1608,114492.67486453363,vote_fdp
256,0.1504,106263.59875116046,vote_fdp
257,0.1467,104959.4310635585,vote_fdp
258,0.1898,491625.13801795384,vote_fdp
259,0.1477,491606.6573873762,vote_fdp
26,0.1083,57534.38438324122,vote_fdp
260,0.1528,307666.1280541792,vote_fdp
261,0.1483,424388.0713972013,vote_fdp
262,0.1445,416219.3321893571,vote_fdp
263,0.1627,202919.6077625286,vote_fdp
264,0.1725,348173.7020949003,vote_fdp
265,0.1714,412661.20895595336,vote_fdp
266,0.1518,354339.2293625429,vote_fdp
267,0.1319,257722.21503823865,vote_fdp
268,0.127,130377.2162091822,vote_fdp
269,0.1453,290285.00161643716,vote_fdp
27,0.1084,102365.55669514439,vote_fdp
270,0.1474,194226.28914273845,vote_fdp
271,0.1706,250850.54595401778,vote_fdp
272,0.153,359984.238399364,vote_fdp
273,0.1264,160617.35190101372,vote_fdp
274,0.1401,329508.5250784324,vote_fdp
275,0.1379,254270.4667512479,vote_fdp
276,0.1171,106758.04057529704,vote_fdp
277,0.1641,444702.13988692965,vote_fdp
278,0.1587,383546.90227372816,vote_fdp
279,0.1386,147715.086276244,vote_fdp
28,0.1326,84831.94110845958,vote_fdp
280,0.1652,107018.23038466662,vote_fdp
281,0.131,202798.83261378773,vote_fdp
282,0.1281,192423.43880240252,vote_fdp
283,0.1245,225032.24425116144,vote_fdp
284,0.1508,348801.7132893969,vote_fdp
285,0.1494,108392.23134283043,vote_fdp
286,0.1349,201667.8261551113,vote_fdp
287,0.1515,229313.18383026638,vote_fdp
288,0.1205,163230.1480521498,vote_fdp
289,0.1536,229928.3931788717,vote_fdp
29,0.1194,158934.59525744084,vote_fdp
290,0.1371,171933.35017208458,vote_fdp
291,0.1386,150155.75647540676,vote_fdp
292,0.1668,170495.5530644437,vote_fdp
293,0.1581,157126.21900124924,vote_fdp
294,0.1395,224073.31687500788,vote_fdp
295,0.1549,121224.48169688437,vote_fdp
296,0.1283,266542.8073390067,vote_fdp
297,0.1196,116068.39548367709,vote_fdp
298,0.1267,100536.02565406008,vote_fdp
299,0.1326,127721.3017367024,vote_fdp
3,0.1412,115851.86522588492,vote_fdp
30,0.1563,139576.16384651398,vote_fdp
31,0.1375,196135.60089437373,vote_fdp
32,0.1573,124018.8382025247,vote_fdp
33,0.148,155893.75991417954,vote_fdp
34,0.1473,96231.59370696604,vote_fdp
35,0.1205,115171.85584071466,vote_fdp
36,0.1727,206407.69602351406,vote_fdp
37,0.1365,87383.08550697024,vote_fdp
38,0.1223,281285.77678616863,vote_fdp
39,0.1454,226123.33709281817,vote_fdp
4,0.1536,219096.40566326873,vote_fdp
40,0.1327,105268.95765060993,vote_fdp
41,0.1395,906040.0002060288,vote_fdp
42,0.1331,906040.0000290013,vote_fdp
43,0.1605,905426.4123814947,vote_fdp
44,0.1175,101457.30386766187,vote_fdp
45,0.1342,124862.07580933305,vote_fdp
46,0.1447,87457.91952152424,vote_fdp
47,0.1493,905515.5202521704,vote_fdp
48,0.1553,213288.40224674714,vote_fdp
49,0.1216,89973.62500013925,vote_fdp
5,0.1568,203904.38777736196,vote_fdp
50,0.129,205009.19059761005,vote_fdp
51,0.1337,88144.4655599578,vote_fdp
52,0.1355,137316.49886528339,vote_fdp
53,0.1368,264493.9772962256,vote_fdp
54,0.133,459481.451911284,vote_fdp
55,0.121,328883.2354039019,vote_fdp
56,0.1167,78979.82450200847,vote_fdp
57,0.1035,109443.59297400215,vote_fdp
58,0.1237,165824.85855315597,vote_fdp
59,0.1245,155615.10817955213,vote_fdp
6,0.129,112031.67277091801,vote_fdp
60,0.1209,155549.23788756167,vote_fdp
61,0.1354,154558.62871543417,vote_fdp
62,0.1212,134829.15146844977,vote_fdp
63,0.1117,134329.34255962222,vote_fdp
64,0.1093,84498.56508792723,vote_fdp
65,0.1059,79525.85822991289,vote_fdp
66,0.0951,71739.71605479502,vote_fdp
67,0.1108,106284.84831675599,vote_fdp
68,0.125,166610.327614394,vote_fdp
69,0.1257,164610.48028456897,vote_fdp
7,0.1292,256373.54635692938,vote_fdp
70,0.1102,93215.15114076332,vote_fdp
71,0.1033,133361.2526046149,vote_fdp
72,0.1365,157021.8587295553,vote_fdp
73,0.1151,142062.0442874195,vote_fdp
74,0.1067,120532.22450632381,vote_fdp
75,0.1494,2877040.0000032624,vote_fdp
76,0.1343,2876906.1867174297,vote_fdp
77,0.1339,2876920.9828373524,vote_fdp
78,0.133,2876421.751616364,vote_fdp
79,0.1589,2876860.9932270315,vote_fdp
8,0.1307,211014.82904146786,vote_fdp
80,0.1401,2877039.9999880577,vote_fdp
81,0.1629,2876994.508906475,vote_fdp
82,0.1295,2877040.0163646573,vote_fdp
83,0.1289,2877040.000000056,vote_fdp
84,0.1319,2876558.3705327353,vote_fdp
85,0.1388,2876637.8723200033,vote_fdp
86,0.1323,2877039.991728962,vote_fdp
87,0.1601,469838.9638431637,vote_fdp
88,0.1625,469519.8665093225,vote_fdp
89,0.152,206063.7555109461,vote_fdp
9,0.1192,165842.74609892463,vote_fdp
90,0.1271,217520.41696543677,vote_fdp
91,0.1735,377284.1712779972,vote_fdp
92,0.1267,182042.29332300788,vote_fdp
93,0.1507,826064.115036562,vote_fdp
94,0.1444,825997.9357487308,vote_fdp
95,0.1498,825493.2232396624,vote_fdp
96,0.1836,255570.0786535427,vote_fdp
97,0.1385,479910.6564404217,vote_fdp
98,0.1494,479718.72344821633,vote_fdp
99,0.172,215526.51344431812,vote_fdp
1,0.0693,156146.91219309898,vote_afd
10,0.0671,166471.2930691627,vote_afd
100,0.0715,225480.3522156972,vote_afd
101,0.0709,407890.85381560476,vote_afd
102,0.0802,281768.98076001246,vote_afd
103,0.0894,142658.23720478482,vote_afd
104,0.0799,391543.0373754122,vote_afd
105,0.0759,391558.8004555166,vote_afd
106,0.0612,494218.3319042906,vote_afd
107,0.0649,494219.96093411255,vote_afd
108,0.0824,363673.56008346134,vote_afd
109,0.0886,209297.8539070891,vote_afd
11,0.0753,166836.21906336443,vote_afd
110,0.0706,320280.1149764613,vote_afd
111,0.0739,236760.5046750637,vote_afd
112,0.067,249336.21906869547,vote_afd
113,0.0781,366336.2851592385,vote_afd
114,0.0785,299541.1330563543,vote_afd
115,0.1065,396276.38943833264,vote_afd
116,0.0956,396373.33212362515,vote_afd
117,0.1013,243750.69746423358,vote_afd
118,0.0764,203613.27195902585,vote_afd
119,0.0841,455933.8732086029,vote_afd
12,0.1138,153175.19652881895,vote_afd
120,0.0781,456020.53375132655,vote_afd
121,0.1017,498771.4750146778,vote_afd
122,0.0909,498709.6427058843,vote_afd
123,0.1049,204675.96619656123,vote_afd
124,0.0647,326015.12804966717,vote_afd
125,0.0896,366415.6006192377,vote_afd
126,0.0795,293566.14240599767,vote_afd
127,0.073,194330.8471030403,vote_afd
128,0.0792,350928.9874258416,vote_afd
129,0.0457,244367.79992332731,vote_afd
13,0.1278,156364.76501065,vote_afd
130,0.0708,220117.08373788834,vote_afd
131,0.1007,283928.1380258957,vote_afd
132,0.0705,264316.5948110892,vote_afd
133,0.0914,206947.44889617665,vote_afd
134,0.0839,252840.34757535404,vote_afd
135,0.096,275039.22121060453,vote_afd
136,0.0942,150831.06981403066,vote_afd
137,0.0741,246867.57793827367,vote_afd
138,0.0895,201784.98668589175,vote_afd
139,0.0836,254498.50955151534,vote_afd
14,0.1134,171852.85511876698,vote_afd
140,0.0729,288318.3119799407,vote_afd
141,0.0921,196999.4437813509,vote_afd
142,0.0931,479802.95794022887,vote_afd
143,0.0904,479821.29101912136,vote_afd
144,0.09,317213.10804336413,vote_afd
145,0.0878,221583.589226408,vote_afd
146,0.0787,235963.20544327798,vote_afd
147,0.0707,207983.59959208468,vote_afd
148,0.0795,220544.11485789935,vote_afd
149,0.0827,189899.65486953108,vote_afd
15,0.1331,177171.1056234898,vote_afd
150,0.1058,328426.4883106674,vote_afd
151,0.1807,156287.43169108193,vote_afd
152,0.1022,447273.0462806228,vote_afd
153,0.1066,447243.65590118093,vote_afd
154,0.1774,203485.01944982784,vote_afd
155,0.1862,189334.39291100815,vote_afd
156,0.1965,230765.27810862593,vote_afd
157,0.1717,191431.58226584247,vote_afd
158,0.206,189315.47007156236,vote_afd
159,0.1177,417647.8505356109,vote_afd
16,0.1515,188390.8326199093,vote_afd
160,0.151,341234.6099588987,vote_afd
161,0.1955,234219.82598483737,vote_afd
162,0.142,179951.4826308836,vote_afd
163,0.16,243241.04581463398,vote_afd
164,0.2149,256612.53907117652,vote_afd
165,0.186,245404.13989671535,vote_afd
166,0.1387,176363.3722710095,vote_afd
167,0.0962,150847.19248560639,vote_afd
168,0.0859,174948.92758784763,vote_afd
169,0.0862,82837.07649342252,vote_afd
17,0.1265,192718.9279291037,vote_afd
170,0.0897,134244.55708584565,vote_afd
171,0.0799,192767.679643849,vote_afd
172,0.083,199828.3130746693,vote_afd
173,0.0954,151701.4962621543,vote_afd
174,0.0832,138746.12312425295,vote_afd
175,0.0929,288922.3772270948,vote_afd
176,0.0806,162361.87609394698,vote_afd
177,0.0812,243612.56356526492,vote_afd
178,0.0756,142711.3720274556,vote_afd
179,0.0718,227070.2518071342,vote_afd
18,0.0675,1421002.2593554342,vote_afd
180,0.0798,331219.6662066321,vote_afd
181,0.0731,186134.08587471946,vote_afd
182,0.0584,597316.9289922566,vote_afd
183,0.0633,597119.979697627,vote_afd
184,0.0803,207677.8943569085,vote_afd
185,0.0689,246244.22266916416,vote_afd
186,0.0784,209100.38922005054,vote_afd
187,0.0729,151964.41207017357,vote_afd
188,0.089,217023.4649560447,vote_afd
189,0.1378,63479.47863541032,vote_afd
19,0.0611,1430556.9948969542,vote_afd
190,0.1492,98328.8375353136,vote_afd
191,0.1391,57329.668210706746,vote_afd
192,0.1621,97103.89456177686,vote_afd
193,0.1156,128018.6219006737,vote_afd
194,0.1628,71429.80636382155,vote_afd
195,0.1746,66552.61663215315,vote_afd
196,0.1495,65604.03583878439,vote_afd
197,0.0939,124497.04897961108,vote_afd
198,0.074,129788.89967360128,vote_afd
199,0.0763,126188.29445828657,vote_afd
2,0.062,126617.81067176482,vote_afd
20,0.0601,1431329.7804752644,vote_afd
200,0.0842,71012.6202541161,vote_afd
201,0.0921,97548.86235301365,vote_afd
202,0.0738,68267.7552315342,vote_afd
203,0.0751,110806.5196587859,vote_afd
204,0.0812,141190.6093562236,vote_afd
205,0.0711,165730.91092029086,vote_afd
206,0.1036,111780.77145883288,vote_afd
207,0.1122,110882.44884675027,vote_afd
208,0.0913,94362.25613613243,vote_afd
209,0.0903,60711.17813870885,vote_afd
21,0.0564,1431298.9874824153,vote_afd
210,0.1011,68045.19178860822,vote_afd
211,0.088,88636.80629276097,vote_afd
212,0.105,88824.58818819381,vote_afd
213,0.0737,106040.88849210861,vote_afd
214,0.0925,114277.4362937002,vote_afd
215,0.0818,138772.1022482832,vote_afd
216,0.0923,94460.0472031337,vote_afd
217,0.0622,1204507.0364880688,vote_afd
218,0.0696,1204367.2685137496,vote_afd
219,0.0663,1203811.9304614188,vote_afd
22,0.0645,1430951.582966886,vote_afd
220,0.07,1204570.5462810397,vote_afd
221,0.0633,273975.8695181723,vote_afd
222,0.084,195381.17695181782,vote_afd
223,0.086,87433.09608902044,vote_afd
224,0.0601,97927.10241617101,vote_afd
225,0.0761,114691.21344866653,vote_afd
226,0.0714,86171.71429780195,vote_afd
227,0.1178,79236.91113039952,vote_afd
228,0.1052,108643.97946313373,vote_afd
229,0.1129,148549.29339360775,vote_afd
23,0.0646,1430979.5587980626,vote_afd
230,0.1196,88837.43598801222,vote_afd
231,0.1227,68797.40963185742,vote_afd
232,0.0949,90761.54694977363,vote_afd
233,0.1072,147987.87406906814,vote_afd
234,0.1174,108652.73819635087,vote_afd
235,0.1001,63773.85339297382,vote_afd
236,0.0989,102030.78339398111,vote_afd
237,0.0907,81108.48554729173,vote_afd
238,0.0936,55680.5282195036,vote_afd
239,0.1003,62920.67454943145,vote_afd
24,0.0892,140060.76032577365,vote_afd
240,0.1124,71998.71051860439,vote_afd
241,0.0884,118560.08657677029,vote_afd
242,0.079,99670.56706345096,vote_afd
243,0.0907,79906.38667921201,vote_afd
244,0.0806,421645.16416584176,vote_afd
245,0.0874,310021.82372011937,vote_afd
246,0.0807,114053.8546474647,vote_afd
247,0.0945,129000.1599732756,vote_afd
248,0.0843,67732.83506927769,vote_afd
249,0.0868,98381.05661136859,vote_afd
25,0.0819,205347.6206726869,vote_afd
250,0.0913,77853.19820796055,vote_afd
251,0.072,123141.43426387003,vote_afd
252,0.0914,234967.86250354463,vote_afd
253,0.093,169670.2451007896,vote_afd
254,0.1268,94243.60739768743,vote_afd
255,0.116,114492.67486453363,vote_afd
256,0.0805,106263.59875116046,vote_afd
257,0.1067,104959.4310635585,vote_afd
258,0.0718,491625.13801795384,vote_afd
259,0.0789,491606.6573873762,vote_afd
26,0.0942,57534.38438324122,vote_afd
260,0.0898,307666.1280541792,vote_afd
261,0.0911,424388.0713972013,vote_afd
262,0.0858,416219.3321893571,vote_afd
263,0.1124,202919.6077625286,vote_afd
264,0.0981,348173.7020949003,vote_afd
265,0.0916,412661.20895595336,vote_afd
266,0.0878,354339.2293625429,vote_afd
267,0.1172,257722.21503823865,vote_afd
268,0.1135,130377.2162091822,vote_afd
269,0.1007,290285.00161643716,vote_afd
27,0.0691,102365.55669514439,vote_afd
270,0.0903,194226.28914273845,vote_afd
271,0.0692,250850.54595401778,vote_afd
272,0.0916,359984.238399364,vote_afd
273,0.1037,160617.35190101372,vote_afd
274,0.0701,329508.5250784324,vote_afd
275,0.0715,254270.4667512479,vote_afd
276,0.0921,106758.04057529704,vote_afd
277,0.0839,444702.13988692965,vote_afd
278,0.0942,383546.90227372816,vote_afd
279,0.1077,147715.086276244,vote_afd
28,0.0717,84831.94110845958,vote_afd
280,0.0897,107018.23038466662,vote_afd
281,0.0652,202798.83261378773,vote_afd
282,0.0744,192423.43880240252,vote_afd
283,0.092,225032.24425116144,vote_afd
284,0.0989,348801.7132893969,vote_afd
285,0.1158,108392.23134283043,vote_afd
286,0.0914,201667.8261551113,vote_afd
287,0.0675,229313.18383026638,vote_afd
288,0.0741,163230.1480521498,vote_afd
289,0.0856,229928.3931788717,vote_afd
29,0.0724,158934.59525744084,vote_afd
290,0.0814,171933.35017208458,vote_afd
291,0.085,150155.75647540676,vote_afd
292,0.0946,170495.5530644437,vote_afd
293,0.0858,157126.21900124924,vote_afd
294,0.0933,224073.31687500788,vote_afd
295,0.099,121224.48169688437,vote_afd
296,0.089,266542.8073390067,vote_afd
297,0.0947,116068.39548367709,vote_afd
298,0.0833,100536.02565406008,vote_afd
299,0.0988,127721.3017367024,vote_afd
3,0.0775,115851.86522588492,vote_afd
30,0.0816,139576.16384651398,vote_afd
31,0.073,196135.60089437373,vote_afd
32,0.0796,124018.8382025247,vote_afd
33,0.0663,155893.75991417954,vote_afd
34,0.0709,96231.59370696604,vote_afd
35,0.0821,115171.85584071466,vote_afd
36,0.0644,206407.69602351406,vote_afd
37,0.0582,87383.08550697024,vote_afd
38,0.0776,281285.77678616863,vote_afd
39,0.0677,226123.33709281817,vote_afd
4,0.0714,219096.40566326873,vote_afd
40,0.0964,105268.95765060993,vote_afd
41,0.0606,906040.0002060288,vote_afd
42,0.0627,906040.0000290013,vote_afd
43,0.0642,905426.4123814947,vote_afd
44,0.0853,101457.30386766187,vote_afd
45,0.0959,124862.07580933305,vote_afd
46,0.0809,87457.91952152424,vote_afd
47,0.0715,905515.5202521704,vote_afd
48,0.073,213288.40224674714,vote_afd
49,0.071,89973.62500013925,vote_afd
5,0.0589,203904.38777736196,vote_afd
50,0.0706,205009.19059761005,vote_afd
51,0.0819,88144.4655599578,vote_afd
52,0.0691,137316.49886528339,vote_afd
53,0.0634,264493.9772962256,vote_afd
54,0.0739,459481.451911284,vote_afd
55,0.0603,328883.2354039019,vote_afd
56,0.1527,78979.82450200847,vote_afd
57,0.1422,109443.59297400215,vote_afd
58,0.1197,165824.85855315597,vote_afd
59,0.1232,155615.10817955213,vote_afd
6,0.0691,112031.67277091801,vote_afd
60,0.104,155549.23788756167,vote_afd
61,0.0861,154558.62871543417,vote_afd
62,0.1197,134829.15146844977,vote_afd
63,0.118,134329.34255962222,vote_afd
64,0.1539,84498.56508792723,vote_afd
65,0.1313,79525.85822991289,vote_afd
66,0.1163,71739.71605479502,vote_afd
67,0.143,106284.84831675599,vote_afd
68,0.1326,166610.327614394,vote_afd
69,0.1127,164610.48028456897,vote_afd
7,0.0809,256373.54635692938,vote_afd
70,0.1323,93215.15114076332,vote_afd
71,0.1557,133361.2526046149,vote_afd
72,0.1154,157021.8587295553,vote_afd
73,0.1565,142062.0442874195,vote_afd
74,0.1694,120532.22450632381,vote_afd
75,0.0722,2877040.0000032624,vote_afd
76,0.0749,2876906.1867174297,vote_afd
77,0.0745,2876920.9828373524,vote_afd
78,0.0813,2876421.751616364,vote_afd
79,0.0867,2876860.9932270315,vote_afd
8,0.0765,211014.82904146786,vote_afd
80,0.0726,2877039.9999880577,vote_afd
81,0.0963,2876994.508906475,vote_afd
82,0.0645,2877040.0163646573,vote_afd
83,0.0724,2877040.000000056,vote_afd
84,0.0771,2876558.3705327353,vote_afd
85,0.0918,2876637.8723200033,vote_afd
86,0.0834,2877039.991728962,vote_afd
87,0.0673,469838.9638431637,vote_afd
88,0.0637,469519.8665093225,vote_afd
89,0.0847,206063.7555109461,vote_afd
9,0.0787,165842.74609892463,vote_afd
90,0.0991,217520.41696543677,vote_afd
91,0.067,377284.1712779972,vote_afd
92,0.076,182042.29332300788,vote_afd
93,0.0552,826064.115036562,vote_afd
94,0.0619,825997.9357487308,vote_afd
95,0.0596,825493.2232396624,vote_afd
96,0.0536,255570.0786535427,vote_afd
97,0.0706,479910.6564404217,vote_afd
98,0.0769,479718.72344821633,vote_afd
99,0.0914,215526.51344431812,vote_afd
1,0.0495,156146.91219309898,vote_linke
10,0.0485,166471.2930691627,vote_linke
100,0.0418,225480.3522156972,vote_linke
101,0.0638,407890.85381560476,vote_linke
102,0.0644,281768.98076001246,vote_linke
103,0.0669,142658.23720478482,vote_linke
104,0.0444,391543.0373754122,vote_linke
105,0.0509,391558.8004555166,vote_linke
106,0.0616,494218.3319042906,vote_linke
107,0.0588,494219.96093411255,vote_linke
108,0.042,363673.56008346134,vote_linke
109,0.0501,209297.8539070891,vote_linke
11,0.0573,166836.21906336443,vote_linke
110,0.045,320280.1149764613,vote_linke
111,0.0442,236760.5046750637,vote_linke
112,0.0367,249336.21906869547,vote_linke
113,0.0519,366336.2851592385,vote_linke
114,0.0479,299541.1330563543,vote_linke
115,0.0799,396276.38943833264,vote_linke
116,0.0808,396373.33212362515,vote_linke
117,0.0578,243750.69746423358,vote_linke
118,0.0616,203613.27195902585,vote_linke
119,0.0619,455933.8732086029,vote_linke
12,0.1017,153175.19652881895,vote_linke
120,0.0642,456020.53375132655,vote_linke
121,0.0575,498771.4750146778,vote_linke
122,0.0529,498709.6427058843,vote_linke
123,0.0787,204675.96619656123,vote_linke
124,0.038,326015.12804966717,vote_linke
125,0.0591,366415.6006192377,vote_linke
126,0.0321,293566.14240599767,vote_linke
127,0.0324,194330.8471030403,vote_linke
128,0.0395,350928.9874258416,vote_linke
129,0.0497,244367.79992332731,vote_linke
13,0.1032,156364.76501065,vote_linke
130,0.0428,220117.08373788834,vote_linke
131,0.0438,283928.1380258957,vote_linke
132,0.0619,264316.5948110892,vote_linke
133,0.0602,206947.44889617665,vote_linke
134,0.0557,252840.34757535404,vote_linke
135,0.059,275039.22121060453,vote_linke
136,0.0386,150831.06981403066,vote_linke
137,0.0418,246867.57793827367,vote_linke
138,0.0478,201784.98668589175,vote_linke
139,0.0571,254498.50955151534,vote_linke
14,0.1009,171852.85511876698,vote_linke
140,0.071,288318.3119799407,vote_linke
141,0.0685,196999.4437813509,vote_linke
142,0.0714,479802.95794022887,vote_linke
143,0.0588,479821.29101912136,vote_linke
144,0.0557,317213.10804336413,vote_linke
145,0.0627,221583.589226408,vote_linke
146,0.0488,235963.20544327798,vote_linke
147,0.0319,207983.59959208468,vote_linke
148,0.0597,220544.11485789935,vote_linke
149,0.042,189899.65486953108,vote_linke
15,0.096,177171.1056234898,vote_linke
150,0.055,328426.4883106674,vote_linke
151,0.1047,156287.43169108193,vote_linke
152,0.0937,447273.0462806228,vote_linke
153,0.0961,447243.65590118093,vote_linke
154,0.103,203485.01944982784,vote_linke
155,0.1029,189334.39291100815,vote_linke
156,0.1189,230765.27810862593,vote_linke
157,0.1246,191431.58226584247,vote_linke
158,0.1271,189315.47007156236,vote_linke
159,0.0865,417647.8505356109,vote_linke
16,0.1062,188390.8326199093,vote_linke
160,0.0946,341234.6099588987,vote_linke
161,0.1062,234219.82598483737,vote_linke
162,0.102,179951.4826308836,vote_linke
163,0.1263,243241.04581463398,vote_linke
164,0.1206,256612.53907117652,vote_linke
165,0.1074,245404.13989671535,vote_linke
166,0.1074,176363.3722710095,vote_linke
167,0.058,150847.19248560639,vote_linke
168,0.0637,174948.92758784763,vote_linke
169,0.0685,82837.07649342252,vote_linke
17,0.1167,192718.9279291037,vote_linke
170,0.0595,134244.55708584565,vote_linke
171,0.0523,192767.679643849,vote_linke
172,0.0511,199828.3130746693,vote_linke
173,0.0501,151701.4962621543,vote_linke
174,0.0546,138746.12312425295,vote_linke
175,0.0542,288922.3772270948,vote_linke
176,0.0515,162361.87609394698,vote_linke
177,0.0499,243612.56356526492,vote_linke
178,0.0467,142711.3720274556,vote_linke
179,0.0607,227070.2518071342,vote_linke
18,0.0672,1421002.2593554342,vote_linke
180,0.0514,331219.6662066321,vote_linke
181,0.0399,186134.08587471946,vote_linke
182,0.0621,597316.9289922566,vote_linke
183,0.0645,597119.979697627,vote_linke
184,0.0712,207677.8943569085,vote_linke
185,0.0534,246244.22266916416,vote_linke
186,0.0472,209100.38922005054,vote_linke
187,0.0555,151964.41207017357,vote_linke
188,0.0466,217023.4649560447,vote_linke
189,0.1206,63479.47863541032,vote_linke
19,0.079,1430556.9948969542,vote_linke
190,0.1145,98328.8375353136,vote_linke
191,0.1209,57329.668210706746,vote_linke
192,0.1084,97103.89456177686,vote_linke
193,0.1054,128018.6219006737,vote_linke
194,0.1137,71429.80636382155,vote_linke
195,0.1221,66552.61663215315,vote_linke
196,0.121,65604.03583878439,vote_linke
197,0.0537,124497.04897961108,vote_linke
198,0.0374,129788.89967360128,vote_linke
199,0.0483,126188.29445828657,vote_linke
2,0.0449,126617.81067176482,vote_linke
20,0.0612,1431329.7804752644,vote_linke
200,0.0426,71012.6202541161,vote_linke
201,0.0569,97548.86235301365,vote_linke
202,0.0369,68267.7552315342,vote_linke
203,0.0499,110806.5196587859,vote_linke
204,0.0545,141190.6093562236,vote_linke
205,0.0485,165730.91092029086,vote_linke
206,0.0552,111780.77145883288,vote_linke
207,0.049,110882.44884675027,vote_linke
208,0.0487,94362.25613613243,vote_linke
209,0.0683,60711.17813870885,vote_linke
21,0.0623,1431298.9874824153,vote_linke
210,0.0583,68045.19178860822,vote_linke
211,0.061,88636.80629276097,vote_linke
212,0.0411,88824.58818819381,vote_linke
213,0.0349,106040.88849210861,vote_linke
214,0.0361,114277.4362937002,vote_linke
215,0.0343,138772.1022482832,vote_linke
216,0.0342,94460.0472031337,vote_linke
217,0.0506,1204507.0364880688,vote_linke
218,0.0484,1204367.2685137496,vote_linke
219,0.0447,1203811.9304614188,vote_linke
22,0.05,1430951.582966886,vote_linke
220,0.0497,1204570.5462810397,vote_linke
221,0.037,273975.8695181723,vote_linke
222,0.0447,195381.17695181782,vote_linke
223,0.032,87433.09608902044,vote_linke
224,0.0327,97927.10241617101,vote_linke
225,0.038,114691.21344866653,vote_linke
226,0.0345,86171.71429780195,vote_linke
227,0.0468,79236.91113039952,vote_linke
228,0.0442,108643.97946313373,vote_linke
229,0.0471,148549.29339360775,vote_linke
23,0.061,1430979.5587980626,vote_linke
230,0.0419,88837.43598801222,vote_linke
231,0.0397,68797.40963185742,vote_linke
232,0.0378,90761.54694977363,vote_linke
233,0.0441,147987.87406906814,vote_linke
234,0.0446,108652.73819635087,vote_linke
235,0.0399,63773.85339297382,vote_linke
236,0.0422,102030.78339398111,vote_linke
237,0.0414,81108.48554729173,vote_linke
238,0.0443,55680.5282195036,vote_linke
239,0.0498,62920.67454943145,vote_linke
24,0.0726,140060.76032577365,vote_linke
240,0.0374,71998.71051860439,vote_linke
241,0.0435,118560.08657677029,vote_linke
242,0.0413,99670.56706345096,vote_linke
243,0.0429,79906.38667921201,vote_linke
244,0.0642,421645.16416584176,vote_linke
245,0.0484,310021.82372011937,vote_linke
246,0.0393,114053.8546474647,vote_linke
247,0.0424,129000.1599732756,vote_linke
248,0.0393,67732.83506927769,vote_linke
249,0.0354,98381.05661136859,vote_linke
25,0.0489,205347.6206726869,vote_linke
250,0.0404,77853.19820796055,vote_linke
251,0.0354,123141.43426387003,vote_linke
252,0.066,234967.86250354463,vote_linke
253,0.0331,169670.2451007896,vote_linke
254,0.0382,94243.60739768743,vote_linke
255,0.048,114492.67486453363,vote_linke
256,0.0352,106263.59875116046,vote_linke
257,0.0445,104959.4310635585,vote_linke
258,0.0624,491625.13801795384,vote_linke
259,0.0547,491606.6573873762,vote_linke
26,0.0589,57534.38438324122,vote_linke
260,0.0436,307666.1280541792,vote_linke
261,0.0402,424388.0713972013,vote_linke
262,0.0601,416219.3321893571,vote_linke
263,0.0567,202919.6077625286,vote_linke
264,0.044,348173.7020949003,vote_linke
265,0.0557,412661.20895595336,vote_linke
266,0.0481,354339.2293625429,vote_linke
267,0.0614,257722.21503823865,vote_linke
268,0.0512,130377.2162091822,vote_linke
269,0.0456,290285.00161643716,vote_linke
27,0.051,102365.55669514439,vote_linke
270,0.0504,194226.28914273845,vote_linke
271,0.0719,250850.54595401778,vote_linke
272,0.0474,359984.238399364,vote_linke
273,0.0453,160617.35190101372,vote_linke
274,0.0653,329508.5250784324,vote_linke
275,0.0618,254270.4667512479,vote_linke
276,0.0448,106758.04057529704,vote_linke
277,0.0547,444702.13988692965,vote_linke
278,0.0516,383546.90227372816,vote_linke
279,0.0699,147715.086276244,vote_linke
28,0.0609,84831.94110845958,vote_linke
280,0.0514,107018.23038466662,vote_linke
281,0.0523,202798.83261378773,vote_linke
282,0.0468,192423.43880240252,vote_linke
283,0.0469,225032.24425116144,vote_linke
284,0.0446,348801.7132893969,vote_linke
285,0.0466,108392.23134283043,vote_linke
286,0.0463,201667.8261551113,vote_linke
287,0.0506,229313.18383026638,vote_linke
288,0.0543,163230.1480521498,vote_linke
289,0.0562,229928.3931788717,vote_linke
29,0.0582,158934.59525744084,vote_linke
290,0.0555,171933.35017208458,vote_linke
291,0.042,150155.75647540676,vote_linke
292,0.0428,170495.5530644437,vote_linke
293,0.0432,157126.21900124924,vote_linke
294,0.0479,224073.31687500788,vote_linke
295,0.0439,121224.48169688437,vote_linke
296,0.0743,266542.8073390067,vote_linke
297,0.0627,116068.39548367709,vote_linke
298,0.0596,100536.02565406008,vote_linke
299,0.0635,127721.3017367024,vote_linke
3,0.0508,115851.86522588492,vote_linke
30,0.0533,139576.16384651398,vote_linke
31,0.0375,196135.60089437373,vote_linke
32,0.036,124018.8382025247,vote_linke
33,0.051,155893.75991417954,vote_linke
34,0.0599,96231.59370696604,vote_linke
35,0.0533,115171.85584071466,vote_linke
36,0.0472,206407.69602351406,vote_linke
37,0.0509,87383.08550697024,vote_linke
38,0.0434,281285.77678616863,vote_linke
39,0.0538,226123.33709281817,vote_linke
4,0.0519,219096.40566326873,vote_linke
40,0.0504,105268.95765060993,vote_linke
41,0.065,906040.0002060288,vote_linke
42,0.06,906040.0000290013,vote_linke
43,0.0589,905426.4123814947,vote_linke
44,0.0446,101457.30386766187,vote_linke
45,0.0562,124862.07580933305,vote_linke
46,0.0537,87457.91952152424,vote_linke
47,0.065,905515.5202521704,vote_linke
48,0.0543,213288.40224674714,vote_linke
49,0.0579,89973.62500013925,vote_linke
5,0.0597,203904.38777736196,vote_linke
50,0.0624,205009.19059761005,vote_linke
51,0.0561,88144.4655599578,vote_linke
52,0.0601,137316.49886528339,vote_linke
53,0.052,264493.9772962256,vote_linke
54,0.0696,459481.451911284,vote_linke
55,0.0708,328883.2354039019,vote_linke
56,0.0961,78979.82450200847,vote_linke
57,0.1019,109443.59297400215,vote_linke
58,0.0782,165824.85855315597,vote_linke
59,0.1132,155615.10817955213,vote_linke
6,0.0449,112031.67277091801,vote_linke
60,0.0902,155549.23788756167,vote_linke
61,0.0896,154558.62871543417,vote_linke
62,0.1106,134829.15146844977,vote_linke
63,0.10780000000000001,134329.34255962222,vote_linke
64,0.1212,84498.56508792723,vote_linke
65,0.1086,79525.85822991289,vote_linke
66,0.1176,71739.71605479502,vote_linke
67,0.1,106284.84831675599,vote_linke
68,0.0987,166610.327614394,vote_linke
69,0.123,164610.48028456897,vote_linke
7,0.0473,256373.54635692938,vote_linke
70,0.0946,93215.15114076332,vote_linke
71,0.1196,133361.2526046149,vote_linke
72,0.1313,157021.8587295553,vote_linke
73,0.104,142062.0442874195,vote_linke
74,0.1117,120532.22450632381,vote_linke
75,0.0712,2877040.0000032624,vote_linke
76,0.0782,2876906.1867174297,vote_linke
77,0.0738,2876920.9828373524,vote_linke
78,0.0759,2876421.751616364,vote_linke
79,0.0686,2876860.9932270315,vote_linke
8,0.0532,211014.82904146786,vote_linke
80,0.0643,2877039.9999880577,vote_linke
81,0.0638,2876994.508906475,vote_linke
82,0.092,2877040.0163646573,vote_linke
83,0.0863,2877040.000000056,vote_linke
84,0.0817,2876558.3705327353,vote_linke
85,0.0856,2876637.8723200033,vote_linke
86,0.113,2877039.991728962,vote_linke
87,0.068,469838.9638431637,vote_linke
88,0.0562,469519.8665093225,vote_linke
89,0.0486,206063.7555109461,vote_linke
9,0.0493,165842.74609892463,vote_linke
90,0.0516,217520.41696543677,vote_linke
91,0.0488,377284.1712779972,vote_linke
92,0.0424,182042.29332300788,vote_linke
93,0.0656,826064.115036562,vote_linke
94,0.0589,825997.9357487308,vote_linke
95,0.0603,825493.2232396624,vote_linke
96,0.046,255570.0786535427,vote_linke
97,0.0464,479910.6564404217,vote_linke
98,0.044,479718.72344821633,vote_linke
99,0.0456,215526.51344431812,vote_linke
1,0.3415,156146.91219309898,immigration_culture_threat
10,0.332,166471.2930691627,immigration_culture_threat
100,0.335,225480.3522156972,immigration_culture_threat
101,0.2956,407890.85381560476,immigration_culture_threat
102,0.3326,281768.98076001246,immigration_culture_threat
103,0.3427,142658.23720478482,immigration_culture_threat
104,0.3334,391543.0373754122,immigration_culture_threat
105,0.319,391558.8004555166,immigration_culture_threat
106,0.2893,494218.3319042906,immigration_culture_threat
107,0.3315,494219.96093411255,immigration_culture_threat
108,0.3233,363673.56008346134,immigration_culture_threat
109,0.3291,209297.8539070891,immigration_culture_threat
11,0.3348,166836.21906336443,immigration_culture_threat
110,0.3052,320280.1149764613,immigration_culture_threat
111,0.385,236760.5046750637,immigration_culture_threat
112,0.322,249336.21906869547,immigration_culture_threat
113,0.3622,366336.2851592385,immigration_culture_threat
114,0.3397,299541.1330563543,immigration_culture_threat
115,0.3558,396276.38943833264,immigration_culture_threat
116,0.374,396373.33212362515,immigration_culture_threat
117,0.3445,243750.69746423358,immigration_culture_threat
118,0.3295,203613.27195902585,immigration_culture_threat
119,0.311,455933.8732086029,immigration_culture_threat
12,0.3844,153175.19652881895,immigration_culture_threat
120,0.3571,456020.53375132655,immigration_culture_threat
121,0.359,498771.4750146778,immigration_culture_threat
122,0.359,498709.6427058843,immigration_culture_threat
123,0.3782,204675.96619656123,immigration_culture_threat
124,0.3544,326015.12804966717,immigration_culture_threat
125,0.328,366415.6006192377,immigration_culture_threat
126,0.3679,293566.14240599767,immigration_culture_threat
127,0.304,194330.8471030403,immigration_culture_threat
128,0.31,350928.9874258416,immigration_culture_threat
129,0.2328,244367.79992332731,immigration_culture_threat
13,0.4362,156364.76501065,immigration_culture_threat
130,0.3532,220117.08373788834,immigration_culture_threat
131,0.3317,283928.1380258957,immigration_culture_threat
132,0.279,264316.5948110892,immigration_culture_threat
133,0.3589,206947.44889617665,immigration_culture_threat
134,0.3888,252840.34757535404,immigration_culture_threat
135,0.3502,275039.22121060453,immigration_culture_threat
136,0.3458,150831.06981403066,immigration_culture_threat
137,0.3558,246867.57793827367,immigration_culture_threat
138,0.3469,201784.98668589175,immigration_culture_threat
139,0.336,254498.50955151534,immigration_culture_threat
14,0.3891,171852.85511876698,immigration_culture_threat
140,0.3442,288318.3119799407,immigration_culture_threat
141,0.3309,196999.4437813509,immigration_culture_threat
142,0.3235,479802.95794022887,immigration_culture_threat
143,0.3185,479821.29101912136,immigration_culture_threat
144,0.356,317213.10804336413,immigration_culture_threat
145,0.3381,221583.589226408,immigration_culture_threat
146,0.3803,235963.20544327798,immigration_culture_threat
147,0.4036,207983.59959208468,immigration_culture_threat
148,0.3844,220544.11485789935,immigration_culture_threat
149,0.3888,189899.65486953108,immigration_culture_threat
15,0.4295,177171.1056234898,immigration_culture_threat
150,0.4729,328426.4883106674,immigration_culture_threat
151,0.3784,156287.43169108193,immigration_culture_threat
152,0.3204,447273.0462806228,immigration_culture_threat
153,0.3413,447243.65590118093,immigration_culture_threat
154,0.4309,203485.01944982784,immigration_culture_threat
155,0.4186,189334.39291100815,immigration_culture_threat
156,0.4832,230765.27810862593,immigration_culture_threat
157,0.4005,191431.58226584247,immigration_culture_threat
158,0.3936,189315.47007156236,immigration_culture_threat
159,0.3464,417647.8505356109,immigration_culture_threat
16,0.4143,188390.8326199093,immigration_culture_threat
160,0.4005,341234.6099588987,immigration_culture_threat
161,0.4149,234219.82598483737,immigration_culture_threat
162,0.4014,179951.4826308836,immigration_culture_threat
163,0.4589,243241.04581463398,immigration_culture_threat
164,0.4205,256612.53907117652,immigration_culture_threat
165,0.4417,245404.13989671535,immigration_culture_threat
166,0.4359,176363.3722710095,immigration_culture_threat
167,0.3348,150847.19248560639,immigration_culture_threat
168,0.3324,174948.92758784763,immigration_culture_threat
169,0.4018,82837.07649342252,immigration_culture_threat
17,0.4283,192718.9279291037,immigration_culture_threat
170,0.3828,134244.55708584565,immigration_culture_threat
171,0.3292,192767.679643849,immigration_culture_threat
172,0.3373,199828.3130746693,immigration_culture_threat
173,0.3513,151701.4962621543,immigration_culture_threat
174,0.4282,138746.12312425295,immigration_culture_threat
175,0.3671,288922.3772270948,immigration_culture_threat
176,0.3361,162361.87609394698,immigration_culture_threat
177,0.3666,243612.56356526492,immigration_culture_threat
178,0.345,142711.3720274556,immigration_culture_threat
179,0.358,227070.2518071342,immigration_culture_threat
18,0.2615,1421002.2593554342,immigration_culture_threat
180,0.3257,331219.6662066321,immigration_culture_threat
181,0.3053,186134.08587471946,immigration_culture_threat
182,0.2907,597316.9289922566,immigration_culture_threat
183,0.2658,597119.979697627,immigration_culture_threat
184,0.3421,207677.8943569085,immigration_culture_threat
185,0.3302,246244.22266916416,immigration_culture_threat
186,0.2975,209100.38922005054,immigration_culture_threat
187,0.3574,151964.41207017357,immigration_culture_threat
188,0.3651,217023.4649560447,immigration_culture_threat
189,0.4271,63479.47863541032,immigration_culture_threat
19,0.2688,1430556.9948969542,immigration_culture_threat
190,0.3409,98328.8375353136,immigration_culture_threat
191,0.4179,57329.668210706746,immigration_culture_threat
192,0.4124,97103.89456177686,immigration_culture_threat
193,0.391,128018.6219006737,immigration_culture_threat
194,0.4459,71429.80636382155,immigration_culture_threat
195,0.3693,66552.61663215315,immigration_culture_threat
196,0.437,65604.03583878439,immigration_culture_threat
197,0.3821,124497.04897961108,immigration_culture_threat
198,0.3537,129788.89967360128,immigration_culture_threat
199,0.3469,126188.29445828657,immigration_culture_threat
2,0.3568,126617.81067176482,immigration_culture_threat
20,0.2341,1431329.7804752644,immigration_culture_threat
200,0.3755,71012.6202541161,immigration_culture_threat
201,0.3775,97548.86235301365,immigration_culture_threat
202,0.3528,68267.7552315342,immigration_culture_threat
203,0.3453,110806.5196587859,immigration_culture_threat
204,0.3771,141190.6093562236,immigration_culture_threat
205,0.2808,165730.91092029086,immigration_culture_threat
206,0.3748,111780.77145883288,immigration_culture_threat
207,0.406,110882.44884675027,immigration_culture_threat
208,0.3532,94362.25613613243,immigration_culture_threat
209,0.3884,60711.17813870885,immigration_culture_threat
21,0.2408,1431298.9874824153,immigration_culture_threat
210,0.3892,68045.19178860822,immigration_culture_threat
211,0.4118,88636.80629276097,immigration_culture_threat
212,0.3949,88824.58818819381,immigration_culture_threat
213,0.3377,106040.88849210861,immigration_culture_threat
214,0.3802,114277.4362937002,immigration_culture_threat
215,0.3577,138772.1022482832,immigration_culture_threat
216,0.3753,94460.0472031337,immigration_culture_threat
217,0.2669,1204507.0364880688,immigration_culture_threat
218,0.2593,1204367.2685137496,immigration_culture_threat
219,0.253,1203811.9304614188,immigration_culture_threat
22,0.2921,1430951.582966886,immigration_culture_threat
220,0.2848,1204570.5462810397,immigration_culture_threat
221,0.3099,273975.8695181723,immigration_culture_threat
222,0.3804,195381.17695181782,immigration_culture_threat
223,0.3313,87433.09608902044,immigration_culture_threat
224,0.3339,97927.10241617101,immigration_culture_threat
225,0.395,114691.21344866653,immigration_culture_threat
226,0.3831,86171.71429780195,immigration_culture_threat
227,0.5098,79236.91113039952,immigration_culture_threat
228,0.4218,108643.97946313373,immigration_culture_threat
229,0.4398,148549.29339360775,immigration_culture_threat
23,0.2935,1430979.5587980626,immigration_culture_threat
230,0.4259,88837.43598801222,immigration_culture_threat
231,0.4475,68797.40963185742,immigration_culture_threat
232,0.382,90761.54694977363,immigration_culture_threat
233,0.4346,147987.87406906814,immigration_culture_threat
234,0.4626,108652.73819635087,immigration_culture_threat
235,0.4306,63773.85339297382,immigration_culture_threat
236,0.3989,102030.78339398111,immigration_culture_threat
237,0.4106,81108.48554729173,immigration_culture_threat
238,0.4339,55680.5282195036,immigration_culture_threat
239,0.4229,62920.67454943145,immigration_culture_threat
24,0.3482,140060.76032577365,immigration_culture_threat
240,0.4179,71998.71051860439,immigration_culture_threat
241,0.3584,118560.08657677029,immigration_culture_threat
242,0.3646,99670.56706345096,immigration_culture_threat
243,0.3859,79906.38667921201,immigration_culture_threat
244,0.3661,421645.16416584176,immigration_culture_threat
245,0.3276,310021.82372011937,immigration_culture_threat
246,0.3754,114053.8546474647,immigration_culture_threat
247,0.4059,129000.1599732756,immigration_culture_threat
248,0.4178,67732.83506927769,immigration_culture_threat
249,0.4018,98381.05661136859,immigration_culture_threat
25,0.3785,205347.6206726869,immigration_culture_threat
250,0.3803,77853.19820796055,immigration_culture_threat
251,0.3478,123141.43426387003,immigration_culture_threat
252,0.3429,234967.86250354463,immigration_culture_threat
253,0.3901,169670.2451007896,immigration_culture_threat
254,0.4061,94243.60739768743,immigration_culture_threat
255,0.4083,114492.67486453363,immigration_culture_threat
256,0.3795,106263.59875116046,immigration_culture_threat
257,0.4191,104959.4310635585,immigration_culture_threat
258,0.29,491625.13801795384,immigration_culture_threat
259,0.2722,491606.6573873762,immigration_culture_threat
26,0.3644,57534.38438324122,immigration_culture_threat
260,0.3357,307666.1280541792,immigration_culture_threat
261,0.3359,424388.0713972013,immigration_culture_threat
262,0.3286,416219.3321893571,immigration_culture_threat
263,0.3865,202919.6077625286,immigration_culture_threat
264,0.36,348173.7020949003,immigration_culture_threat
265,0.3496,412661.20895595336,immigration_culture_threat
266,0.3623,354339.2293625429,immigration_culture_threat
267,0.3869,257722.21503823865,immigration_culture_threat
268,0.3931,130377.2162091822,immigration_culture_threat
269,0.3877,290285.00161643716,immigration_culture_threat
27,0.3331,102365.55669514439,immigration_culture_threat
270,0.3626,194226.28914273845,immigration_culture_threat
271,0.2848,250850.54595401778,immigration_culture_threat
272,0.3534,359984.238399364,immigration_culture_threat
273,0.3972,160617.35190101372,immigration_culture_threat
274,0.2999,329508.5250784324,immigration_culture_threat
275,0.2944,254270.4667512479,immigration_culture_threat
276,0.3769,106758.04057529704,immigration_culture_threat
277,0.3449,444702.13988692965,immigration_culture_threat
278,0.358,383546.90227372816,immigration_culture_threat
279,0.3831,147715.086276244,immigration_culture_threat
28,0.3529,84831.94110845958,immigration_culture_threat
280,0.3974,107018.23038466662,immigration_culture_threat
281,0.2887,202798.83261378773,immigration_culture_threat
282,0.357,192423.43880240252,immigration_culture_threat
283,0.3761,225032.24425116144,immigration_culture_threat
284,0.3876,348801.7132893969,immigration_culture_threat
285,0.39,108392.23134283043,immigration_culture_threat
286,0.3926,201667.8261551113,immigration_culture_threat
287,0.3642,229313.18383026638,immigration_culture_threat
288,0.3648,163230.1480521498,immigration_culture_threat
289,0.3613,229928.3931788717,immigration_culture_threat
29,0.3538,158934.59525744084,immigration_culture_threat
290,0.3271,171933.35017208458,immigration_culture_threat
291,0.3789,150155.75647540676,immigration_culture_threat
292,0.3914,170495.5530644437,immigration_culture_threat
293,0.3954,157126.21900124924,immigration_culture_threat
294,0.3658,224073.31687500788,immigration_culture_threat
295,0.456,121224.48169688437,immigration_culture_threat
296,0.3504,266542.8073390067,immigration_culture_threat
297,0.3599,116068.39548367709,immigration_culture_threat
298,0.3639,100536.02565406008,immigration_culture_threat
299,0.3988,127721.3017367024,immigration_culture_threat
3,0.3992,115851.86522588492,immigration_culture_threat
30,0.3707,139576.16384651398,immigration_culture_threat
31,0.4138,196135.60089437373,immigration_culture_threat
32,0.4076,124018.8382025247,immigration_culture_threat
33,0.356,155893.75991417954,immigration_culture_threat
34,0.3605,96231.59370696604,immigration_culture_threat
35,0.3773,115171.85584071466,immigration_culture_threat
36,0.3366,206407.69602351406,immigration_culture_threat
37,0.318,87383.08550697024,immigration_culture_threat
38,0.3884,281285.77678616863,immigration_culture_threat
39,0.3165,226123.33709281817,immigration_culture_threat
4,0.3361,219096.40566326873,immigration_culture_threat
40,0.3636,105268.95765060993,immigration_culture_threat
41,0.3242,906040.0002060288,immigration_culture_threat
42,0.298,906040.0000290013,immigration_culture_threat
43,0.3155,905426.4123814947,immigration_culture_threat
44,0.3697,101457.30386766187,immigration_culture_threat
45,0.3888,124862.07580933305,immigration_culture_threat
46,0.3652,87457.91952152424,immigration_culture_threat
47,0.309,905515.5202521704,immigration_culture_threat
48,0.3372,213288.40224674714,immigration_culture_threat
49,0.365,89973.62500013925,immigration_culture_threat
5,0.2692,203904.38777736196,immigration_culture_threat
50,0.2946,205009.19059761005,immigration_culture_threat
51,0.37,88144.4655599578,immigration_culture_threat
52,0.3484,137316.49886528339,immigration_culture_threat
53,0.3087,264493.9772962256,immigration_culture_threat
54,0.2964,459481.451911284,immigration_culture_threat
55,0.3239,328883.2354039019,immigration_culture_threat
56,0.4017,78979.82450200847,immigration_culture_threat
57,0.3773,109443.59297400215,immigration_culture_threat
58,0.3934,165824.85855315597,immigration_culture_threat
59,0.3973,155615.10817955213,immigration_culture_threat
6,0.3101,112031.67277091801,immigration_culture_threat
60,0.3917,155549.23788756167,immigration_culture_threat
61,0.2988,154558.62871543417,immigration_culture_threat
62,0.3854,134829.15146844977,immigration_culture_threat
63,0.4003,134329.34255962222,immigration_culture_threat
64,0.4345,84498.56508792723,immigration_culture_threat
65,0.4253,79525.85822991289,immigration_culture_threat
66,0.4417,71739.71605479502,immigration_culture_threat
67,0.506,106284.84831675599,immigration_culture_threat
68,0.4257,166610.327614394,immigration_culture_threat
69,0.4652,164610.48028456897,immigration_culture_threat
7,0.3448,256373.54635692938,immigration_culture_threat
70,0.4501,93215.15114076332,immigration_culture_threat
71,0.4311,133361.2526046149,immigration_culture_threat
72,0.4581,157021.8587295553,immigration_culture_threat
73,0.4727,142062.0442874195,immigration_culture_threat
74,0.4049,120532.22450632381,immigration_culture_threat
75,0.2771,2877040.0000032624,immigration_culture_threat
76,0.2957,2876906.1867174297,immigration_culture_threat
77,0.2716,2876920.9828373524,immigration_culture_threat
78,0.2929,2876421.751616364,immigration_culture_threat
79,0.2914,2876860.9932270315,immigration_culture_threat
8,0.3431,211014.82904146786,immigration_culture_threat
80,0.2822,2877039.9999880577,immigration_culture_threat
81,0.2562,2876994.508906475,immigration_culture_threat
82,0.242,2877040.0163646573,immigration_culture_threat
83,0.3015,2877040.000000056,immigration_culture_threat
84,0.3044,2876558.3705327353,immigration_culture_threat
85,0.3056,2876637.8723200033,immigration_culture_threat
86,0.2678,2877039.991728962,immigration_culture_threat
87,0.3129,469838.9638431637,immigration_culture_threat
88,0.3122,469519.8665093225,immigration_culture_threat
89,0.3789,206063.7555109461,immigration_culture_threat
9,0.326,165842.74609892463,immigration_culture_threat
90,0.3671,217520.41696543677,immigration_culture_threat
91,0.3805,377284.1712779972,immigration_culture_threat
92,0.3508,182042.29332300788,immigration_culture_threat
93,0.2628,826064.115036562,immigration_culture_threat
94,0.2682,825997.9357487308,immigration_culture_threat
95,0.2701,825493.2232396624,immigration_culture_threat
96,0.2591,255570.0786535427,immigration_culture_threat
97,0.3392,479910.6564404217,immigration_culture_threat
98,0.3401,479718.72344821633,immigration_culture_threat
99,0.3237,215526.51344431812,immigration_culture_threat
1,0.513,156146.91219309898,immigration_econ_good
10,0.477,166471.2930691627,immigration_econ_good
100,0.5677,225480.3522156972,immigration_econ_good
101,0.5513,407890.85381560476,immigration_econ_good
102,0.5094,281768.98076001246,immigration_econ_good
103,0.4884,142658.23720478482,immigration_econ_good
104,0.51,391543.0373754122,immigration_econ_good
105,0.5235,391558.8004555166,immigration_econ_good
106,0.5355,494218.3319042906,immigration_econ_good
107,0.5254,494219.96093411255,immigration_econ_good
108,0.5232,363673.56008346134,immigration_econ_good
109,0.5115,209297.8539070891,immigration_econ_good
11,0.5124,166836.21906336443,immigration_econ_good
110,0.5537,320280.1149764613,immigration_econ_good
111,0.5106,236760.5046750637,immigration_econ_good
112,0.5051,249336.21906869547,immigration_econ_good
113,0.5062,366336.2851592385,immigration_econ_good
114,0.4815,299541.1330563543,immigration_econ_good
115,0.4843,396276.38943833264,immigration_econ_good
116,0.4663,396373.33212362515,immigration_econ_good
117,0.5228,243750.69746423358,immigration_econ_good
118,0.5074,203613.27195902585,immigration_econ_good
119,0.5239,455933.8732086029,immigration_econ_good
12,0.4659,153175.19652881895,immigration_econ_good
120,0.4616,456020.53375132655,immigration_econ_good
121,0.4826,498771.4750146778,immigration_econ_good
122,0.4826,498709.6427058843,immigration_econ_good
123,0.4568,204675.96619656123,immigration_econ_good
124,0.5003,326015.12804966717,immigration_econ_good
125,0.5288,366415.6006192377,immigration_econ_good
126,0.4882,293566.14240599767,immigration_econ_good
127,0.5165,194330.8471030403,immigration_econ_good
128,0.5771,350928.9874258416,immigration_econ_good
129,0.6403,244367.79992332731,immigration_econ_good
13,0.4107,156364.76501065,immigration_econ_good
130,0.5017,220117.08373788834,immigration_econ_good
131,0.5057,283928.1380258957,immigration_econ_good
132,0.5402,264316.5948110892,immigration_econ_good
133,0.4841,206947.44889617665,immigration_econ_good
134,0.4609,252840.34757535404,immigration_econ_good
135,0.4924,275039.22121060453,immigration_econ_good
136,0.5089,150831.06981403066,immigration_econ_good
137,0.4695,246867.57793827367,immigration_econ_good
138,0.4961,201784.98668589175,immigration_econ_good
139,0.5112,254498.50955151534,immigration_econ_good
14,0.4573,171852.85511876698,immigration_econ_good
140,0.4936,288318.3119799407,immigration_econ_good
141,0.4942,196999.4437813509,immigration_econ_good
142,0.5137,479802.95794022887,immigration_econ_good
143,0.5241,479821.29101912136,immigration_econ_good
144,0.4789,317213.10804336413,immigration_econ_good
145,0.5482,221583.589226408,immigration_econ_good
146,0.463,235963.20544327798,immigration_econ_good
147,0.4546,207983.59959208468,immigration_econ_good
148,0.4546,220544.11485789935,immigration_econ_good
149,0.4653,189899.65486953108,immigration_econ_good
15,0.3864,177171.1056234898,immigration_econ_good
150,0.4033,328426.4883106674,immigration_econ_good
151,0.4765,156287.43169108193,immigration_econ_good
152,0.5585,447273.0462806228,immigration_econ_good
153,0.443,447243.65590118093,immigration_econ_good
154,0.4003,203485.01944982784,immigration_econ_good
155,0.3892,189334.39291100815,immigration_econ_good
156,0.3356,230765.27810862593,immigration_econ_good
157,0.374,191431.58226584247,immigration_econ_good
158,0.4483,189315.47007156236,immigration_econ_good
159,0.515,417647.8505356109,immigration_econ_good
16,0.4441,188390.8326199093,immigration_econ_good
160,0.4179,341234.6099588987,immigration_econ_good
161,0.3855,234219.82598483737,immigration_econ_good
162,0.4517,179951.4826308836,immigration_econ_good
163,0.3747,243241.04581463398,immigration_econ_good
164,0.4064,256612.53907117652,immigration_econ_good
165,0.3819,245404.13989671535,immigration_econ_good
166,0.3978,176363.3722710095,immigration_econ_good
167,0.5547,150847.19248560639,immigration_econ_good
168,0.514,174948.92758784763,immigration_econ_good
169,0.4384,82837.07649342252,immigration_econ_good
17,0.3739,192718.9279291037,immigration_econ_good
170,0.4801,134244.55708584565,immigration_econ_good
171,0.5133,192767.679643849,immigration_econ_good
172,0.4711,199828.3130746693,immigration_econ_good
173,0.471,151701.4962621543,immigration_econ_good
174,0.4163,138746.12312425295,immigration_econ_good
175,0.5072,288922.3772270948,immigration_econ_good
176,0.5155,162361.87609394698,immigration_econ_good
177,0.459,243612.56356526492,immigration_econ_good
178,0.5257,142711.3720274556,immigration_econ_good
179,0.5009,227070.2518071342,immigration_econ_good
18,0.5975,1421002.2593554342,immigration_econ_good
180,0.5078,331219.6662066321,immigration_econ_good
181,0.5331,186134.08587471946,immigration_econ_good
182,0.5924,597316.9289922566,immigration_econ_good
183,0.5597,597119.979697627,immigration_econ_good
184,0.506,207677.8943569085,immigration_econ_good
185,0.5151,246244.22266916416,immigration_econ_good
186,0.5362,209100.38922005054,immigration_econ_good
187,0.4665,151964.41207017357,immigration_econ_good
188,0.4738,217023.4649560447,immigration_econ_good
189,0.4405,63479.47863541032,immigration_econ_good
19,0.5761,1430556.9948969542,immigration_econ_good
190,0.433,98328.8375353136,immigration_econ_good
191,0.3922,57329.668210706746,immigration_econ_good
192,0.4574,97103.89456177686,immigration_econ_good
193,0.4054,128018.6219006737,immigration_econ_good
194,0.3822,71429.80636382155,immigration_econ_good
195,0.4629,66552.61663215315,immigration_econ_good
196,0.3964,65604.03583878439,immigration_econ_good
197,0.4648,124497.04897961108,immigration_econ_good
198,0.4983,129788.89967360128,immigration_econ_good
199,0.5061,126188.29445828657,immigration_econ_good
2,0.5002,126617.81067176482,immigration_econ_good
20,0.6303,1431329.7804752644,immigration_econ_good
200,0.4783,71012.6202541161,immigration_econ_good
201,0.4732,97548.86235301365,immigration_econ_good
202,0.458,68267.7552315342,immigration_econ_good
203,0.489,110806.5196587859,immigration_econ_good
204,0.4717,141190.6093562236,immigration_econ_good
205,0.5434,165730.91092029086,immigration_econ_good
206,0.4387,111780.77145883288,immigration_econ_good
207,0.5031,110882.44884675027,immigration_econ_good
208,0.4914,94362.25613613243,immigration_econ_good
209,0.5251,60711.17813870885,immigration_econ_good
21,0.5598,1431298.9874824153,immigration_econ_good
210,0.4545,68045.19178860822,immigration_econ_good
211,0.4282,88636.80629276097,immigration_econ_good
212,0.4712,88824.58818819381,immigration_econ_good
213,0.4828,106040.88849210861,immigration_econ_good
214,0.4715,114277.4362937002,immigration_econ_good
215,0.4778,138772.1022482832,immigration_econ_good
216,0.4856,94460.0472031337,immigration_econ_good
217,0.6041,1204507.0364880688,immigration_econ_good
218,0.5644,1204367.2685137496,immigration_econ_good
219,0.6219,1203811.9304614188,immigration_econ_good
22,0.5866,1430951.582966886,immigration_econ_good
220,0.5371,1204570.5462810397,immigration_econ_good
221,0.5459,273975.8695181723,immigration_econ_good
222,0.4692,195381.17695181782,immigration_econ_good
223,0.5128,87433.09608902044,immigration_econ_good
224,0.5569,97927.10241617101,immigration_econ_good
225,0.4602,114691.21344866653,immigration_econ_good
226,0.441,86171.71429780195,immigration_econ_good
227,0.415,79236.91113039952,immigration_econ_good
228,0.4366,108643.97946313373,immigration_econ_good
229,0.4082,148549.29339360775,immigration_econ_good
23,0.5551,1430979.5587980626,immigration_econ_good
230,0.4005,88837.43598801222,immigration_econ_good
231,0.4015,68797.40963185742,immigration_econ_good
232,0.4355,90761.54694977363,immigration_econ_good
233,0.4285,147987.87406906814,immigration_econ_good
234,0.3964,108652.73819635087,immigration_econ_good
235,0.4209,63773.85339297382,immigration_econ_good
236,0.3978,102030.78339398111,immigration_econ_good
237,0.4354,81108.48554729173,immigration_econ_good
238,0.4174,55680.5282195036,immigration_econ_good
239,0.424,62920.67454943145,immigration_econ_good
24,0.4828,140060.76032577365,immigration_econ_good
240,0.4305,71998.71051860439,immigration_econ_good
241,0.5016,118560.08657677029,immigration_econ_good
242,0.4724,99670.56706345096,immigration_econ_good
243,0.4482,79906.38667921201,immigration_econ_good
244,0.4828,421645.16416584176,immigration_econ_good
245,0.52,310021.82372011937,immigration_econ_good
246,0.4727,114053.8546474647,immigration_econ_good
247,0.434,129000.1599732756,immigration_econ_good
248,0.4663,67732.83506927769,immigration_econ_good
249,0.449,98381.05661136859,immigration_econ_good
25,0.4776,205347.6206726869,immigration_econ_good
250,0.4842,77853.19820796055,immigration_econ_good
251,0.5292,123141.43426387003,immigration_econ_good
252,0.477,234967.86250354463,immigration_econ_good
253,0.4579,169670.2451007896,immigration_econ_good
254,0.4331,94243.60739768743,immigration_econ_good
255,0.4406,114492.67486453363,immigration_econ_good
256,0.4739,106263.59875116046,immigration_econ_good
257,0.4167,104959.4310635585,immigration_econ_good
258,0.5439,491625.13801795384,immigration_econ_good
259,0.5763,491606.6573873762,immigration_econ_good
26,0.4848,57534.38438324122,immigration_econ_good
260,0.5318,307666.1280541792,immigration_econ_good
261,0.507,424388.0713972013,immigration_econ_good
262,0.5326,416219.3321893571,immigration_econ_good
263,0.4591,202919.6077625286,immigration_econ_good
264,0.4861,348173.7020949003,immigration_econ_good
265,0.4943,412661.20895595336,immigration_econ_good
266,0.4815,354339.2293625429,immigration_econ_good
267,0.4558,257722.21503823865,immigration_econ_good
268,0.4609,130377.2162091822,immigration_econ_good
269,0.4446,290285.00161643716,immigration_econ_good
27,0.5172,102365.55669514439,immigration_econ_good
270,0.4884,194226.28914273845,immigration_econ_good
271,0.5639,250850.54595401778,immigration_econ_good
272,0.4707,359984.238399364,immigration_econ_good
273,0.4724,160617.35190101372,immigration_econ_good
274,0.507,329508.5250784324,immigration_econ_good
275,0.5063,254270.4667512479,immigration_econ_good
276,0.485,106758.04057529704,immigration_econ_good
277,0.5006,444702.13988692965,immigration_econ_good
278,0.4872,383546.90227372816,immigration_econ_good
279,0.4322,147715.086276244,immigration_econ_good
28,0.5007,84831.94110845958,immigration_econ_good
280,0.4524,107018.23038466662,immigration_econ_good
281,0.5798,202798.83261378773,immigration_econ_good
282,0.5007,192423.43880240252,immigration_econ_good
283,0.4807,225032.24425116144,immigration_econ_good
284,0.4624,348801.7132893969,immigration_econ_good
285,0.4752,108392.23134283043,immigration_econ_good
286,0.4578,201667.8261551113,immigration_econ_good
287,0.5041,229313.18383026638,immigration_econ_good
288,0.4894,163230.1480521498,immigration_econ_good
289,0.486,229928.3931788717,immigration_econ_good
29,0.4947,158934.59525744084,immigration_econ_good
290,0.5241,171933.35017208458,immigration_econ_good
291,0.4548,150155.75647540676,immigration_econ_good
292,0.4615,170495.5530644437,immigration_econ_good
293,0.503,157126.21900124924,immigration_econ_good
294,0.4891,224073.31687500788,immigration_econ_good
295,0.3864,121224.48169688437,immigration_econ_good
296,0.4987,266542.8073390067,immigration_econ_good
297,0.4842,116068.39548367709,immigration_econ_good
298,0.4796,100536.02565406008,immigration_econ_good
299,0.4591,127721.3017367024,immigration_econ_good
3,0.4834,115851.86522588492,immigration_econ_good
30,0.4817,139576.16384651398,immigration_econ_good
31,0.487,196135.60089437373,immigration_econ_good
32,0.4474,124018.8382025247,immigration_econ_good
33,0.5141,155893.75991417954,immigration_econ_good
34,0.4819,96231.59370696604,immigration_econ_good
35,0.5537,115171.85584071466,immigration_econ_good
36,0.5161,206407.69602351406,immigration_econ_good
37,0.5414,87383.08550697024,immigration_econ_good
38,0.4652,281285.77678616863,immigration_econ_good
39,0.5441,226123.33709281817,immigration_econ_good
4,0.5187,219096.40566326873,immigration_econ_good
40,0.4874,105268.95765060993,immigration_econ_good
41,0.525,906040.0002060288,immigration_econ_good
42,0.5608,906040.0000290013,immigration_econ_good
43,0.5347,905426.4123814947,immigration_econ_good
44,0.501,101457.30386766187,immigration_econ_good
45,0.4942,124862.07580933305,immigration_econ_good
46,0.4855,87457.91952152424,immigration_econ_good
47,0.5132,905515.5202521704,immigration_econ_good
48,0.4893,213288.40224674714,immigration_econ_good
49,0.439,89973.62500013925,immigration_econ_good
5,0.6064,203904.38777736196,immigration_econ_good
50,0.5592,205009.19059761005,immigration_econ_good
51,0.4791,88144.4655599578,immigration_econ_good
52,0.5063,137316.49886528339,immigration_econ_good
53,0.5568,264493.9772962256,immigration_econ_good
54,0.5382,459481.451911284,immigration_econ_good
55,0.5417,328883.2354039019,immigration_econ_good
56,0.4246,78979.82450200847,immigration_econ_good
57,0.4203,109443.59297400215,immigration_econ_good
58,0.4773,165824.85855315597,immigration_econ_good
59,0.4622,155615.10817955213,immigration_econ_good
6,0.5231,112031.67277091801,immigration_econ_good
60,0.4609,155549.23788756167,immigration_econ_good
61,0.5403,154558.62871543417,immigration_econ_good
62,0.4387,134829.15146844977,immigration_econ_good
63,0.4617,134329.34255962222,immigration_econ_good
64,0.4547,84498.56508792723,immigration_econ_good
65,0.4131,79525.85822991289,immigration_econ_good
66,0.3902,71739.71605479502,immigration_econ_good
67,0.345,106284.84831675599,immigration_econ_good
68,0.4193,166610.327614394,immigration_econ_good
69,0.4229,164610.48028456897,immigration_econ_good
7,0.5315,256373.54635692938,immigration_econ_good
70,0.3939,93215.15114076332,immigration_econ_good
71,0.4081,133361.2526046149,immigration_econ_good
72,0.3874,157021.8587295553,immigration_econ_good
73,0.3885,142062.0442874195,immigration_econ_good
74,0.4159,120532.22450632381,immigration_econ_good
75,0.559,2877040.0000032624,immigration_econ_good
76,0.5287,2876906.1867174297,immigration_econ_good
77,0.5624,2876920.9828373524,immigration_econ_good
78,0.5693,2876421.751616364,immigration_econ_good
79,0.5397,2876860.9932270315,immigration_econ_good
8,0.54990000000000006,211014.82904146786,immigration_econ_good
80,0.5977,2877039.9999880577,immigration_econ_good
81,0.5975,2876994.508906475,immigration_econ_good
82,0.5835,2877040.0163646573,immigration_econ_good
83,0.5234,2877040.000000056,immigration_econ_good
84,0.5256,2876558.3705327353,immigration_econ_good
85,0.5524,2876637.8723200033,immigration_econ_good
86,0.5891,2877039.991728962,immigration_econ_good
87,0.5404,469838.9638431637,immigration_econ_good
88,0.5364,469519.8665093225,immigration_econ_good
89,0.446,206063.7555109461,immigration_econ_good
9,0.5296,165842.74609892463,immigration_econ_good
90,0.4842,217520.41696543677,immigration_econ_good
91,0.4938,377284.1712779972,immigration_econ_good
92,0.5109,182042.29332300788,immigration_econ_good
93,0.6144,826064.115036562,immigration_econ_good
94,0.5716,825997.9357487308,immigration_econ_good
95,0.5828,825493.2232396624,immigration_econ_good
96,0.5956,255570.0786535427,immigration_econ_good
97,0.5035,479910.6564404217,immigration_econ_good
98,0.5245,479718.72344821633,immigration_econ_good
99,0.529,215526.51344431812,immigration_econ_good
1,0.2552,156146.91219309898,fossil_fuel_levy
10,0.2579,166471.2930691627,fossil_fuel_levy
100,0.2863,225480.3522156972,fossil_fuel_levy
101,0.306,407890.85381560476,fossil_fuel_levy
102,0.2526,281768.98076001246,fossil_fuel_levy
103,0.2397,142658.23720478482,fossil_fuel_levy
104,0.2589,391543.0373754122,fossil_fuel_levy
105,0.256,391558.8004555166,fossil_fuel_levy
106,0.3376,494218.3319042906,fossil_fuel_levy
107,0.286,494219.96093411255,fossil_fuel_levy
108,0.2736,363673.56008346134,fossil_fuel_levy
109,0.2389,209297.8539070891,fossil_fuel_levy
11,0.2553,166836.21906336443,fossil_fuel_levy
110,0.2757,320280.1149764613,fossil_fuel_levy
111,0.2628,236760.5046750637,fossil_fuel_levy
112,0.243,249336.21906869547,fossil_fuel_levy
113,0.239,366336.2851592385,fossil_fuel_levy
114,0.2404,299541.1330563543,fossil_fuel_levy
115,0.225,396276.38943833264,fossil_fuel_levy
116,0.2145,396373.33212362515,fossil_fuel_levy
117,0.2427,243750.69746423358,fossil_fuel_levy
118,0.2641,203613.27195902585,fossil_fuel_levy
119,0.2638,455933.8732086029,fossil_fuel_levy
12,0.1675,153175.19652881895,fossil_fuel_levy
120,0.2619,456020.53375132655,fossil_fuel_levy
121,0.2274,498771.4750146778,fossil_fuel_levy
122,0.2274,498709.6427058843,fossil_fuel_levy
123,0.1977,204675.96619656123,fossil_fuel_levy
124,0.2563,326015.12804966717,fossil_fuel_levy
125,0.2346,366415.6006192377,fossil_fuel_levy
126,0.2462,293566.14240599767,fossil_fuel_levy
127,0.2658,194330.8471030403,fossil_fuel_levy
128,0.2757,350928.9874258416,fossil_fuel_levy
129,0.3898,244367.79992332731,fossil_fuel_levy
13,0.175,156364.76501065,fossil_fuel_levy
130,0.2537,220117.08373788834,fossil_fuel_levy
131,0.2352,283928.1380258957,fossil_fuel_levy
132,0.2864,264316.5948110892,fossil_fuel_levy
133,0.2301,206947.44889617665,fossil_fuel_levy
134,0.2263,252840.34757535404,fossil_fuel_levy
135,0.2284,275039.22121060453,fossil_fuel_levy
136,0.2303,150831.06981403066,fossil_fuel_levy
137,0.2403,246867.57793827367,fossil_fuel_levy
138,0.2389,201784.98668589175,fossil_fuel_levy
139,0.2777,254498.50955151534,fossil_fuel_levy
14,0.1933,171852.85511876698,fossil_fuel_levy
140,0.2721,288318.3119799407,fossil_fuel_levy
141,0.2569,196999.4437813509,fossil_fuel_levy
142,0.2634,479802.95794022887,fossil_fuel_levy
143,0.2701,479821.29101912136,fossil_fuel_levy
144,0.2272,317213.10804336413,fossil_fuel_levy
145,0.2139,221583.589226408,fossil_fuel_levy
146,0.236,235963.20544327798,fossil_fuel_levy
147,0.2301,207983.59959208468,fossil_fuel_levy
148,0.2337,220544.11485789935,fossil_fuel_levy
149,0.2177,189899.65486953108,fossil_fuel_levy
15,0.1529,177171.1056234898,fossil_fuel_levy
150,0.1983,328426.4883106674,fossil_fuel_levy
151,0.153,156287.43169108193,fossil_fuel_levy
152,0.2963,447273.0462806228,fossil_fuel_levy
153,0.2702,447243.65590118093,fossil_fuel_levy
154,0.1574,203485.01944982784,fossil_fuel_levy
155,0.1494,189334.39291100815,fossil_fuel_levy
156,0.1261,230765.27810862593,fossil_fuel_levy
157,0.1284,191431.58226584247,fossil_fuel_levy
158,0.1575,189315.47007156236,fossil_fuel_levy
159,0.2535,417647.8505356109,fossil_fuel_levy
16,0.1547,188390.8326199093,fossil_fuel_levy
160,0.192,341234.6099588987,fossil_fuel_levy
161,0.1437,234219.82598483737,fossil_fuel_levy
162,0.1664,179951.4826308836,fossil_fuel_levy
163,0.1344,243241.04581463398,fossil_fuel_levy
164,0.1304,256612.53907117652,fossil_fuel_levy
165,0.1325,245404.13989671535,fossil_fuel_levy
166,0.1423,176363.3722710095,fossil_fuel_levy
167,0.2395,150847.19248560639,fossil_fuel_levy
168,0.2584,174948.92758784763,fossil_fuel_levy
169,0.2189,82837.07649342252,fossil_fuel_levy
17,0.1533,192718.9279291037,fossil_fuel_levy
170,0.2224,134244.55708584565,fossil_fuel_levy
171,0.272,192767.679643849,fossil_fuel_levy
172,0.2253,199828.3130746693,fossil_fuel_levy
173,0.2564,151701.4962621543,fossil_fuel_levy
174,0.1991,138746.12312425295,fossil_fuel_levy
175,0.2372,288922.3772270948,fossil_fuel_levy
176,0.2664,162361.87609394698,fossil_fuel_levy
177,0.2494,243612.56356526492,fossil_fuel_levy
178,0.2527,142711.3720274556,fossil_fuel_levy
179,0.2786,227070.2518071342,fossil_fuel_levy
18,0.3234,1421002.2593554342,fossil_fuel_levy
180,0.2296,331219.6662066321,fossil_fuel_levy
181,0.2922,186134.08587471946,fossil_fuel_levy
182,0.3175,597316.9289922566,fossil_fuel_levy
183,0.3299,597119.979697627,fossil_fuel_levy
184,0.2542,207677.8943569085,fossil_fuel_levy
185,0.2632,246244.22266916416,fossil_fuel_levy
186,0.2906,209100.38922005054,fossil_fuel_levy
187,0.2458,151964.41207017357,fossil_fuel_levy
188,0.234,217023.4649560447,fossil_fuel_levy
189,0.1638,63479.47863541032,fossil_fuel_levy
19,0.3439,1430556.9948969542,fossil_fuel_levy
190,0.1586,98328.8375353136,fossil_fuel_levy
191,0.1559,57329.668210706746,fossil_fuel_levy
192,0.1605,97103.89456177686,fossil_fuel_levy
193,0.2213,128018.6219006737,fossil_fuel_levy
194,0.1347,71429.80636382155,fossil_fuel_levy
195,0.1498,66552.61663215315,fossil_fuel_levy
196,0.1435,65604.03583878439,fossil_fuel_levy
197,0.214,124497.04897961108,fossil_fuel_levy
198,0.2479,129788.89967360128,fossil_fuel_levy
199,0.2246,126188.29445828657,fossil_fuel_levy
2,0.2395,126617.81067176482,fossil_fuel_levy
20,0.3446,1431329.7804752644,fossil_fuel_levy
200,0.2272,71012.6202541161,fossil_fuel_levy
201,0.2153,97548.86235301365,fossil_fuel_levy
202,0.2347,68267.7552315342,fossil_fuel_levy
203,0.2491,110806.5196587859,fossil_fuel_levy
204,0.2213,141190.6093562236,fossil_fuel_levy
205,0.2694,165730.91092029086,fossil_fuel_levy
206,0.2225,111780.77145883288,fossil_fuel_levy
207,0.2305,110882.44884675027,fossil_fuel_levy
208,0.2419,94362.25613613243,fossil_fuel_levy
209,0.2089,60711.17813870885,fossil_fuel_levy
21,0.3453,1431298.9874824153,fossil_fuel_levy
210,0.2045,68045.19178860822,fossil_fuel_levy
211,0.2322,88636.80629276097,fossil_fuel_levy
212,0.1999,88824.58818819381,fossil_fuel_levy
213,0.2401,106040.88849210861,fossil_fuel_levy
214,0.2335,114277.4362937002,fossil_fuel_levy
215,0.256,138772.1022482832,fossil_fuel_levy
216,0.2233,94460.0472031337,fossil_fuel_levy
217,0.3609,1204507.0364880688,fossil_fuel_levy
218,0.3484,1204367.2685137496,fossil_fuel_levy
219,0.3335,1203811.9304614188,fossil_fuel_levy
22,0.3019,1430951.582966886,fossil_fuel_levy
220,0.3385,1204570.5462810397,fossil_fuel_levy
221,0.3083,273975.8695181723,fossil_fuel_levy
222,0.2248,195381.17695181782,fossil_fuel_levy
223,0.2379,87433.09608902044,fossil_fuel_levy
224,0.2899,97927.10241617101,fossil_fuel_levy
225,0.2133,114691.21344866653,fossil_fuel_levy
226,0.227,86171.71429780195,fossil_fuel_levy
227,0.1651,79236.91113039952,fossil_fuel_levy
228,0.2008,108643.97946313373,fossil_fuel_levy
229,0.167,148549.29339360775,fossil_fuel_levy
23,0.3298,1430979.5587980626,fossil_fuel_levy
230,0.1817,88837.43598801222,fossil_fuel_levy
231,0.1651,68797.40963185742,fossil_fuel_levy
232,0.2063,90761.54694977363,fossil_fuel_levy
233,0.2152,147987.87406906814,fossil_fuel_levy
234,0.1485,108652.73819635087,fossil_fuel_levy
235,0.1817,63773.85339297382,fossil_fuel_levy
236,0.2186,102030.78339398111,fossil_fuel_levy
237,0.1884,81108.48554729173,fossil_fuel_levy
238,0.1741,55680.5282195036,fossil_fuel_levy
239,0.1774,62920.67454943145,fossil_fuel_levy
24,0.2167,140060.76032577365,fossil_fuel_levy
240,0.1912,71998.71051860439,fossil_fuel_levy
241,0.2128,118560.08657677029,fossil_fuel_levy
242,0.2619,99670.56706345096,fossil_fuel_levy
243,0.2152,79906.38667921201,fossil_fuel_levy
244,0.2438,421645.16416584176,fossil_fuel_levy
245,0.2613,310021.82372011937,fossil_fuel_levy
246,0.2301,114053.8546474647,fossil_fuel_levy
247,0.2113,129000.1599732756,fossil_fuel_levy
248,0.1887,67732.83506927769,fossil_fuel_levy
249,0.2072,98381.05661136859,fossil_fuel_levy
25,0.2297,205347.6206726869,fossil_fuel_levy
250,0.2105,77853.19820796055,fossil_fuel_levy
251,0.2746,123141.43426387003,fossil_fuel_levy
252,0.2409,234967.86250354463,fossil_fuel_levy
253,0.2181,169670.2451007896,fossil_fuel_levy
254,0.2065,94243.60739768743,fossil_fuel_levy
255,0.1988,114492.67486453363,fossil_fuel_levy
256,0.2272,106263.59875116046,fossil_fuel_levy
257,0.1974,104959.4310635585,fossil_fuel_levy
258,0.3171,491625.13801795384,fossil_fuel_levy
259,0.3101,491606.6573873762,fossil_fuel_levy
26,0.2245,57534.38438324122,fossil_fuel_levy
260,0.2555,307666.1280541792,fossil_fuel_levy
261,0.2701,424388.0713972013,fossil_fuel_levy
262,0.2659,416219.3321893571,fossil_fuel_levy
263,0.2097,202919.6077625286,fossil_fuel_levy
264,0.238,348173.7020949003,fossil_fuel_levy
265,0.2558,412661.20895595336,fossil_fuel_levy
266,0.2373,354339.2293625429,fossil_fuel_levy
267,0.2113,257722.21503823865,fossil_fuel_levy
268,0.2247,130377.2162091822,fossil_fuel_levy
269,0.2284,290285.00161643716,fossil_fuel_levy
27,0.2669,102365.55669514439,fossil_fuel_levy
270,0.2064,194226.28914273845,fossil_fuel_levy
271,0.3205,250850.54595401778,fossil_fuel_levy
272,0.2395,359984.238399364,fossil_fuel_levy
273,0.2151,160617.35190101372,fossil_fuel_levy
274,0.2895,329508.5250784324,fossil_fuel_levy
275,0.2573,254270.4667512479,fossil_fuel_levy
276,0.2127,106758.04057529704,fossil_fuel_levy
277,0.252,444702.13988692965,fossil_fuel_levy
278,0.2404,383546.90227372816,fossil_fuel_levy
279,0.2083,147715.086276244,fossil_fuel_levy
28,0.2434,84831.94110845958,fossil_fuel_levy
280,0.2044,107018.23038466662,fossil_fuel_levy
281,0.329,202798.83261378773,fossil_fuel_levy
282,0.2479,192423.43880240252,fossil_fuel_levy
283,0.2307,225032.24425116144,fossil_fuel_levy
284,0.2111,348801.7132893969,fossil_fuel_levy
285,0.1945,108392.23134283043,fossil_fuel_levy
286,0.2056,201667.8261551113,fossil_fuel_levy
287,0.2589,229313.18383026638,fossil_fuel_levy
288,0.2349,163230.1480521498,fossil_fuel_levy
289,0.2555,229928.3931788717,fossil_fuel_levy
29,0.238,158934.59525744084,fossil_fuel_levy
290,0.2801,171933.35017208458,fossil_fuel_levy
291,0.2284,150155.75647540676,fossil_fuel_levy
292,0.2182,170495.5530644437,fossil_fuel_levy
293,0.2287,157126.21900124924,fossil_fuel_levy
294,0.2406,224073.31687500788,fossil_fuel_levy
295,0.1757,121224.48169688437,fossil_fuel_levy
296,0.2382,266542.8073390067,fossil_fuel_levy
297,0.2254,116068.39548367709,fossil_fuel_levy
298,0.2289,100536.02565406008,fossil_fuel_levy
299,0.2243,127721.3017367024,fossil_fuel_levy
3,0.2259,115851.86522588492,fossil_fuel_levy
30,0.2284,139576.16384651398,fossil_fuel_levy
31,0.2393,196135.60089437373,fossil_fuel_levy
32,0.2057,124018.8382025247,fossil_fuel_levy
33,0.2567,155893.75991417954,fossil_fuel_levy
34,0.2455,96231.59370696604,fossil_fuel_levy
35,0.2417,115171.85584071466,fossil_fuel_levy
36,0.2576,206407.69602351406,fossil_fuel_levy
37,0.2852,87383.08550697024,fossil_fuel_levy
38,0.2483,281285.77678616863,fossil_fuel_levy
39,0.2643,226123.33709281817,fossil_fuel_levy
4,0.2646,219096.40566326873,fossil_fuel_levy
40,0.2306,105268.95765060993,fossil_fuel_levy
41,0.2842,906040.0002060288,fossil_fuel_levy
42,0.2978,906040.0000290013,fossil_fuel_levy
43,0.2868,905426.4123814947,fossil_fuel_levy
44,0.2299,101457.30386766187,fossil_fuel_levy
45,0.2394,124862.07580933305,fossil_fuel_levy
46,0.223,87457.91952152424,fossil_fuel_levy
47,0.289,905515.5202521704,fossil_fuel_levy
48,0.2722,213288.40224674714,fossil_fuel_levy
49,0.2344,89973.62500013925,fossil_fuel_levy
5,0.3232,203904.38777736196,fossil_fuel_levy
50,0.3117,205009.19059761005,fossil_fuel_levy
51,0.2248,88144.4655599578,fossil_fuel_levy
52,0.2443,137316.49886528339,fossil_fuel_levy
53,0.2726,264493.9772962256,fossil_fuel_levy
54,0.3016,459481.451911284,fossil_fuel_levy
55,0.2685,328883.2354039019,fossil_fuel_levy
56,0.1788,78979.82450200847,fossil_fuel_levy
57,0.1634,109443.59297400215,fossil_fuel_levy
58,0.2123,165824.85855315597,fossil_fuel_levy
59,0.189,155615.10817955213,fossil_fuel_levy
6,0.2542,112031.67277091801,fossil_fuel_levy
60,0.2335,155549.23788756167,fossil_fuel_levy
61,0.2764,154558.62871543417,fossil_fuel_levy
62,0.1965,134829.15146844977,fossil_fuel_levy
63,0.1807,134329.34255962222,fossil_fuel_levy
64,0.1487,84498.56508792723,fossil_fuel_levy
65,0.1502,79525.85822991289,fossil_fuel_levy
66,0.1467,71739.71605479502,fossil_fuel_levy
67,0.1481,106284.84831675599,fossil_fuel_levy
68,0.1472,166610.327614394,fossil_fuel_levy
69,0.152,164610.48028456897,fossil_fuel_levy
7,0.2697,256373.54635692938,fossil_fuel_levy
70,0.1441,93215.15114076332,fossil_fuel_levy
71,0.1456,133361.2526046149,fossil_fuel_levy
72,0.1651,157021.8587295553,fossil_fuel_levy
73,0.1283,142062.0442874195,fossil_fuel_levy
74,0.1479,120532.22450632381,fossil_fuel_levy
75,0.3121,2877040.0000032624,fossil_fuel_levy
76,0.2995,2876906.1867174297,fossil_fuel_levy
77,0.3007,2876920.9828373524,fossil_fuel_levy
78,0.314,2876421.751616364,fossil_fuel_levy
79,0.2953,2876860.9932270315,fossil_fuel_levy
8,0.2492,211014.82904146786,fossil_fuel_levy
80,0.3067,2877039.9999880577,fossil_fuel_levy
81,0.2973,2876994.508906475,fossil_fuel_levy
82,0.3403,2877040.0163646573,fossil_fuel_levy
83,0.2915,2877040.000000056,fossil_fuel_levy
84,0.2765,2876558.3705327353,fossil_fuel_levy
85,0.2759,2876637.8723200033,fossil_fuel_levy
86,0.3257,2877039.991728962,fossil_fuel_levy
87,0.2895,469838.9638431637,fossil_fuel_levy
88,0.2997,469519.8665093225,fossil_fuel_levy
89,0.2302,206063.7555109461,fossil_fuel_levy
9,0.2345,165842.74609892463,fossil_fuel_levy
90,0.2326,217520.41696543677,fossil_fuel_levy
91,0.2514,377284.1712779972,fossil_fuel_levy
92,0.2471,182042.29332300788,fossil_fuel_levy
93,0.3491,826064.115036562,fossil_fuel_levy
94,0.3469,825997.9357487308,fossil_fuel_levy
95,0.3587,825493.2232396624,fossil_fuel_levy
96,0.3623,255570.0786535427,fossil_fuel_levy
97,0.2723,479910.6564404217,fossil_fuel_levy
98,0.2782,479718.72344821633,fossil_fuel_levy
99,0.2545,215526.51344431812,fossil_fuel_levy
1,0.436,156146.91219309898,debt_brake
10,0.4272,166471.2930691627,debt_brake
100,0.4523,225480.3522156972,debt_brake
101,0.4581,407890.85381560476,debt_brake
102,0.4456,281768.98076001246,debt_brake
103,0.4387,142658.23720478482,debt_brake
104,0.4433,391543.0373754122,debt_brake
105,0.4433,391558.8004555166,debt_brake
106,0.4694,494218.3319042906,debt_brake
107,0.4694,494219.96093411255,debt_brake
108,0.4439,363673.56008346134,debt_brake
109,0.4427,209297.8539070891,debt_brake
11,0.4379,166836.21906336443,debt_brake
110,0.4456,320280.1149764613,debt_brake
111,0.4398,236760.5046750637,debt_brake
112,0.4375,249336.21906869547,debt_brake
113,0.4356,366336.2851592385,debt_brake
114,0.4405,299541.1330563543,debt_brake
115,0.4353,396276.38943833264,debt_brake
116,0.4353,396373.33212362515,debt_brake
117,0.4297,243750.69746423358,debt_brake
118,0.4493,203613.27195902585,debt_brake
119,0.447,455933.8732086029,debt_brake
12,0.3711,153175.19652881895,debt_brake
120,0.447,456020.53375132655,debt_brake
121,0.4271,498771.4750146778,debt_brake
122,0.4271,498709.6427058843,debt_brake
123,0.4205,204675.96619656123,debt_brake
124,0.4357,326015.12804966717,debt_brake
125,0.4262,366415.6006192377,debt_brake
126,0.4324,293566.14240599767,debt_brake
127,0.4398,194330.8471030403,debt_brake
128,0.438,350928.9874258416,debt_brake
129,0.4829,244367.79992332731,debt_brake
13,0.3708,156364.76501065,debt_brake
130,0.4331,220117.08373788834,debt_brake
131,0.4277,283928.1380258957,debt_brake
132,0.453,264316.5948110892,debt_brake
133,0.4223,206947.44889617665,debt_brake
134,0.4209,252840.34757535404,debt_brake
135,0.4207,275039.22121060453,debt_brake
136,0.4209,150831.06981403066,debt_brake
137,0.425,246867.57793827367,debt_brake
138,0.4349,201784.98668589175,debt_brake
139,0.4389,254498.50955151534,debt_brake
14,0.3819,171852.85511876698,debt_brake
140,0.4559,288318.3119799407,debt_brake
141,0.4436,196999.4437813509,debt_brake
142,0.45,479802.95794022887,debt_brake
143,0.45,479821.29101912136,debt_brake
144,0.4284,317213.10804336413,debt_brake
145,0.4268,221583.589226408,debt_brake
146,0.4266,235963.20544327798,debt_brake
147,0.4262,207983.59959208468,debt_brake
148,0.4218,220544.11485789935,debt_brake
149,0.4187,189899.65486953108,debt_brake
15,0.366,177171.1056234898,debt_brake
150,0.4179,328426.4883106674,debt_brake
151,0.3447,156287.43169108193,debt_brake
152,0.4268,447273.0462806228,debt_brake
153,0.4268,447243.65590118093,debt_brake
154,0.3587,203485.01944982784,debt_brake
155,0.3429,189334.39291100815,debt_brake
156,0.3358,230765.27810862593,debt_brake
157,0.337,191431.58226584247,debt_brake
158,0.3317,189315.47007156236,debt_brake
159,0.4102,417647.8505356109,debt_brake
16,0.3595,188390.8326199093,debt_brake
160,0.3805,341234.6099588987,debt_brake
161,0.3469,234219.82598483737,debt_brake
162,0.3903,179951.4826308836,debt_brake
163,0.345,243241.04581463398,debt_brake
164,0.3345,256612.53907117652,debt_brake
165,0.3551,245404.13989671535,debt_brake
166,0.3544,176363.3722710095,debt_brake
167,0.4169,150847.19248560639,debt_brake
168,0.4364,174948.92758784763,debt_brake
169,0.4102,82837.07649342252,debt_brake
17,0.3653,192718.9279291037,debt_brake
170,0.4073,134244.55708584565,debt_brake
171,0.432,192767.679643849,debt_brake
172,0.4115,199828.3130746693,debt_brake
173,0.4244,151701.4962621543,debt_brake
174,0.4009,138746.12312425295,debt_brake
175,0.4196,288922.3772270948,debt_brake
176,0.4371,162361.87609394698,debt_brake
177,0.4261,243612.56356526492,debt_brake
178,0.4323,142711.3720274556,debt_brake
179,0.4601,227070.2518071342,debt_brake
18,0.4732,1421002.2593554342,debt_brake
180,0.419,331219.6662066321,debt_brake
181,0.4509,186134.08587471946,debt_brake
182,0.4759,597316.9289922566,debt_brake
183,0.4758,597119.979697627,debt_brake
184,0.4385,207677.8943569085,debt_brake
185,0.4457,246244.22266916416,debt_brake
186,0.4476,209100.38922005054,debt_brake
187,0.4275,151964.41207017357,debt_brake
188,0.4216,217023.4649560447,debt_brake
189,0.3536,63479.47863541032,debt_brake
19,0.4732,1430556.9948969542,debt_brake
190,0.3547,98328.8375353136,debt_brake
191,0.3519,57329.668210706746,debt_brake
192,0.3571,97103.89456177686,debt_brake
193,0.3987,128018.6219006737,debt_brake
194,0.3444,71429.80636382155,debt_brake
195,0.3438,66552.61663215315,debt_brake
196,0.3432,65604.03583878439,debt_brake
197,0.4119,124497.04897961108,debt_brake
198,0.4304,129788.89967360128,debt_brake
199,0.425,126188.29445828657,debt_brake
2,0.4329,126617.81067176482,debt_brake
20,0.4732,1431329.7804752644,debt_brake
200,0.4169,71012.6202541161,debt_brake
201,0.4134,97548.86235301365,debt_brake
202,0.4224,68267.7552315342,debt_brake
203,0.4309,110806.5196587859,debt_brake
204,0.4143,141190.6093562236,debt_brake
205,0.4479,165730.91092029086,debt_brake
206,0.4138,111780.77145883288,debt_brake
207,0.4145,110882.44884675027,debt_brake
208,0.4209,94362.25613613243,debt_brake
209,0.3984,60711.17813870885,debt_brake
21,0.4732,1431298.9874824153,debt_brake
210,0.3962,68045.19178860822,debt_brake
211,0.4138,88636.80629276097,debt_brake
212,0.3926,88824.58818819381,debt_brake
213,0.4173,106040.88849210861,debt_brake
214,0.4082,114277.4362937002,debt_brake
215,0.4291,138772.1022482832,debt_brake
216,0.3962,94460.0472031337,debt_brake
217,0.4709,1204507.0364880688,debt_brake
218,0.4709,1204367.2685137496,debt_brake
219,0.4709,1203811.9304614188,debt_brake
22,0.4732,1430951.582966886,debt_brake
220,0.4709,1204570.5462810397,debt_brake
221,0.4523,273975.8695181723,debt_brake
222,0.4106,195381.17695181782,debt_brake
223,0.4215,87433.09608902044,debt_brake
224,0.4373,97927.10241617101,debt_brake
225,0.4124,114691.21344866653,debt_brake
226,0.4201,86171.71429780195,debt_brake
227,0.3718,79236.91113039952,debt_brake
228,0.3936,108643.97946313373,debt_brake
229,0.3799,148549.29339360775,debt_brake
23,0.4732,1430979.5587980626,debt_brake
230,0.3841,88837.43598801222,debt_brake
231,0.3712,68797.40963185742,debt_brake
232,0.393,90761.54694977363,debt_brake
233,0.4,147987.87406906814,debt_brake
234,0.3718,108652.73819635087,debt_brake
235,0.3833,63773.85339297382,debt_brake
236,0.3932,102030.78339398111,debt_brake
237,0.3998,81108.48554729173,debt_brake
238,0.3915,55680.5282195036,debt_brake
239,0.3911,62920.67454943145,debt_brake
24,0.4175,140060.76032577365,debt_brake
240,0.3892,71998.71051860439,debt_brake
241,0.3982,118560.08657677029,debt_brake
242,0.4271,99670.56706345096,debt_brake
243,0.4035,79906.38667921201,debt_brake
244,0.4458,421645.16416584176,debt_brake
245,0.4404,310021.82372011937,debt_brake
246,0.4129,114053.8546474647,debt_brake
247,0.4082,129000.1599732756,debt_brake
248,0.3891,67732.83506927769,debt_brake
249,0.4059,98381.05661136859,debt_brake
25,0.4173,205347.6206726869,debt_brake
250,0.3998,77853.19820796055,debt_brake
251,0.4267,123141.43426387003,debt_brake
252,0.4338,234967.86250354463,debt_brake
253,0.4049,169670.2451007896,debt_brake
254,0.3953,94243.60739768743,debt_brake
255,0.3948,114492.67486453363,debt_brake
256,0.418,106263.59875116046,debt_brake
257,0.4003,104959.4310635585,debt_brake
258,0.467,491625.13801795384,debt_brake
259,0.467,491606.6573873762,debt_brake
26,0.4223,57534.38438324122,debt_brake
260,0.4321,307666.1280541792,debt_brake
261,0.4337,424388.0713972013,debt_brake
262,0.4336,416219.3321893571,debt_brake
263,0.4082,202919.6077625286,debt_brake
264,0.4216,348173.7020949003,debt_brake
265,0.4291,412661.20895595336,debt_brake
266,0.4149,354339.2293625429,debt_brake
267,0.3994,257722.21503823865,debt_brake
268,0.3982,130377.2162091822,debt_brake
269,0.4143,290285.00161643716,debt_brake
27,0.4376,102365.55669514439,debt_brake
270,0.407,194226.28914273845,debt_brake
271,0.4627,250850.54595401778,debt_brake
272,0.4176,359984.238399364,debt_brake
273,0.4115,160617.35190101372,debt_brake
274,0.444,329508.5250784324,debt_brake
275,0.4469,254270.4667512479,debt_brake
276,0.403,106758.04057529704,debt_brake
277,0.4281,444702.13988692965,debt_brake
278,0.4206,383546.90227372816,debt_brake
279,0.4031,147715.086276244,debt_brake
28,0.4265,84831.94110845958,debt_brake
280,0.3971,107018.23038466662,debt_brake
281,0.4521,202798.83261378773,debt_brake
282,0.4329,192423.43880240252,debt_brake
283,0.4224,225032.24425116144,debt_brake
284,0.4109,348801.7132893969,debt_brake
285,0.3897,108392.23134283043,debt_brake
286,0.4056,201667.8261551113,debt_brake
287,0.4339,229313.18383026638,debt_brake
288,0.4247,163230.1480521498,debt_brake
289,0.4187,229928.3931788717,debt_brake
29,0.423,158934.59525744084,debt_brake
290,0.4302,171933.35017208458,debt_brake
291,0.4049,150155.75647540676,debt_brake
292,0.4022,170495.5530644437,debt_brake
293,0.4221,157126.21900124924,debt_brake
294,0.4206,224073.31687500788,debt_brake
295,0.3917,121224.48169688437,debt_brake
296,0.4299,266542.8073390067,debt_brake
297,0.4155,116068.39548367709,debt_brake
298,0.418,100536.02565406008,debt_brake
299,0.4187,127721.3017367024,debt_brake
3,0.4182,115851.86522588492,debt_brake
30,0.4219,139576.16384651398,debt_brake
31,0.4267,196135.60089437373,debt_brake
32,0.4028,124018.8382025247,debt_brake
33,0.4279,155893.75991417954,debt_brake
34,0.4306,96231.59370696604,debt_brake
35,0.4186,115171.85584071466,debt_brake
36,0.432,206407.69602351406,debt_brake
37,0.4414,87383.08550697024,debt_brake
38,0.4274,281285.77678616863,debt_brake
39,0.4421,226123.33709281817,debt_brake
4,0.4375,219096.40566326873,debt_brake
40,0.4206,105268.95765060993,debt_brake
41,0.45,906040.0002060288,debt_brake
42,0.45,906040.0000290013,debt_brake
43,0.4499,905426.4123814947,debt_brake
44,0.4204,101457.30386766187,debt_brake
45,0.4111,124862.07580933305,debt_brake
46,0.421,87457.91952152424,debt_brake
47,0.4499,905515.5202521704,debt_brake
48,0.433,213288.40224674714,debt_brake
49,0.4268,89973.62500013925,debt_brake
5,0.4646,203904.38777736196,debt_brake
50,0.4609,205009.19059761005,debt_brake
51,0.4135,88144.4655599578,debt_brake
52,0.431,137316.49886528339,debt_brake
53,0.4481,264493.9772962256,debt_brake
54,0.466,459481.451911284,debt_brake
55,0.4559,328883.2354039019,debt_brake
56,0.3782,78979.82450200847,debt_brake
57,0.3756,109443.59297400215,debt_brake
58,0.3891,165824.85855315597,debt_brake
59,0.3759,155615.10817955213,debt_brake
6,0.4348,112031.67277091801,debt_brake
60,0.4051,155549.23788756167,debt_brake
61,0.4175,154558.62871543417,debt_brake
62,0.3825,134829.15146844977,debt_brake
63,0.3773,134329.34255962222,debt_brake
64,0.3526,84498.56508792723,debt_brake
65,0.3564,79525.85822991289,debt_brake
66,0.3666,71739.71605479502,debt_brake
67,0.3562,106284.84831675599,debt_brake
68,0.37,166610.327614394,debt_brake
69,0.37,164610.48028456897,debt_brake
7,0.4385,256373.54635692938,debt_brake
70,0.3666,93215.15114076332,debt_brake
71,0.3532,133361.2526046149,debt_brake
72,0.3726,157021.8587295553,debt_brake
73,0.349,142062.0442874195,debt_brake
74,0.3472,120532.22450632381,debt_brake
75,0.4594,2877040.0000032624,debt_brake
76,0.4594,2876906.1867174297,debt_brake
77,0.4594,2876920.9828373524,debt_brake
78,0.4594,2876421.751616364,debt_brake
79,0.4594,2876860.9932270315,debt_brake
8,0.4286,211014.82904146786,debt_brake
80,0.4594,2877039.9999880577,debt_brake
81,0.4594,2876994.508906475,debt_brake
82,0.4594,2877040.0163646573,debt_brake
83,0.4594,2877040.000000056,debt_brake
84,0.4594,2876558.3705327353,debt_brake
85,0.4594,2876637.8723200033,debt_brake
86,0.4594,2877039.991728962,debt_brake
87,0.4545,469838.9638431637,debt_brake
88,0.4545,469519.8665093225,debt_brake
89,0.4223,206063.7555109461,debt_brake
9,0.4323,165842.74609892463,debt_brake
90,0.4218,217520.41696543677,debt_brake
91,0.44,377284.1712779972,debt_brake
92,0.4233,182042.29332300788,debt_brake
93,0.476,826064.115036562,debt_brake
94,0.476,825997.9357487308,debt_brake
95,0.476,825493.2232396624,debt_brake
96,0.4795,255570.0786535427,debt_brake
97,0.4408,479910.6564404217,debt_brake
98,0.4408,479718.72344821633,debt_brake
99,0.4178,215526.51344431812,debt_brake
1,0.4148,156146.91219309898,buergergeld_cut
10,0.4428,166471.2930691627,buergergeld_cut
100,0.4323,225480.3522156972,buergergeld_cut
101,0.3778,407890.85381560476,buergergeld_cut
102,0.4086,281768.98076001246,buergergeld_cut
103,0.4222,142658.23720478482,buergergeld_cut
104,0.4466,391543.0373754122,buergergeld_cut
105,0.4145,391558.8004555166,buergergeld_cut
106,0.4127,494218.3319042906,buergergeld_cut
107,0.4058,494219.96093411255,buergergeld_cut
108,0.4592,363673.56008346134,buergergeld_cut
109,0.4295,209297.8539070891,buergergeld_cut
11,0.4081,166836.21906336443,buergergeld_cut
110,0.4802,320280.1149764613,buergergeld_cut
111,0.4473,236760.5046750637,buergergeld_cut
112,0.4515,249336.21906869547,buergergeld_cut
113,0.4546,366336.2851592385,buergergeld_cut
114,0.4532,299541.1330563543,buergergeld_cut
115,0.4133,396276.38943833264,buergergeld_cut
116,0.4382,396373.33212362515,buergergeld_cut
117,0.4192,243750.69746423358,buergergeld_cut
118,0.435,203613.27195902585,buergergeld_cut
119,0.4052,455933.8732086029,buergergeld_cut
12,0.5024,153175.19652881895,buergergeld_cut
120,0.4243,456020.53375132655,buergergeld_cut
121,0.4385,498771.4750146778,buergergeld_cut
122,0.4366,498709.6427058843,buergergeld_cut
123,0.4162,204675.96619656123,buergergeld_cut
124,0.4548,326015.12804966717,buergergeld_cut
125,0.4893,366415.6006192377,buergergeld_cut
126,0.5077,293566.14240599767,buergergeld_cut
127,0.4698,194330.8471030403,buergergeld_cut
128,0.424,350928.9874258416,buergergeld_cut
129,0.3953,244367.79992332731,buergergeld_cut
13,0.4948,156364.76501065,buergergeld_cut
130,0.4587,220117.08373788834,buergergeld_cut
131,0.464,283928.1380258957,buergergeld_cut
132,0.4092,264316.5948110892,buergergeld_cut
133,0.4497,206947.44889617665,buergergeld_cut
134,0.4617,252840.34757535404,buergergeld_cut
135,0.4568,275039.22121060453,buergergeld_cut
136,0.4588,150831.06981403066,buergergeld_cut
137,0.4817,246867.57793827367,buergergeld_cut
138,0.4262,201784.98668589175,buergergeld_cut
139,0.4297,254498.50955151534,buergergeld_cut
14,0.458,171852.85511876698,buergergeld_cut
140,0.4235,288318.3119799407,buergergeld_cut
141,0.3789,196999.4437813509,buergergeld_cut
142,0.3797,479802.95794022887,buergergeld_cut
143,0.396,479821.29101912136,buergergeld_cut
144,0.4772,317213.10804336413,buergergeld_cut
145,0.4431,221583.589226408,buergergeld_cut
146,0.5129,235963.20544327798,buergergeld_cut
147,0.4784,207983.59959208468,buergergeld_cut
148,0.456,220544.11485789935,buergergeld_cut
149,0.5341,189899.65486953108,buergergeld_cut
15,0.4863,177171.1056234898,buergergeld_cut
150,0.5053,328426.4883106674,buergergeld_cut
151,0.4683,156287.43169108193,buergergeld_cut
152,0.3956,447273.0462806228,buergergeld_cut
153,0.4767,447243.65590118093,buergergeld_cut
154,0.5227,203485.01944982784,buergergeld_cut
155,0.5629,189334.39291100815,buergergeld_cut
156,0.5654,230765.27810862593,buergergeld_cut
157,0.5312,191431.58226584247,buergergeld_cut
158,0.4876,189315.47007156236,buergergeld_cut
159,0.4274,417647.8505356109,buergergeld_cut
16,0.4949,188390.8326199093,buergergeld_cut
160,0.5422,341234.6099588987,buergergeld_cut
161,0.4968,234219.82598483737,buergergeld_cut
162,0.5118,179951.4826308836,buergergeld_cut
163,0.5291,243241.04581463398,buergergeld_cut
164,0.5396,256612.53907117652,buergergeld_cut
165,0.5494,245404.13989671535,buergergeld_cut
166,0.5057,176363.3722710095,buergergeld_cut
167,0.4434,150847.19248560639,buergergeld_cut
168,0.4551,174948.92758784763,buergergeld_cut
169,0.4812,82837.07649342252,buergergeld_cut
17,0.4988,192718.9279291037,buergergeld_cut
170,0.4581,134244.55708584565,buergergeld_cut
171,0.4511,192767.679643849,buergergeld_cut
172,0.4675,199828.3130746693,buergergeld_cut
173,0.4944,151701.4962621543,buergergeld_cut
174,0.5027,138746.12312425295,buergergeld_cut
175,0.4808,288922.3772270948,buergergeld_cut
176,0.4533,162361.87609394698,buergergeld_cut
177,0.4573,243612.56356526492,buergergeld_cut
178,0.4408,142711.3720274556,buergergeld_cut
179,0.3841,227070.2518071342,buergergeld_cut
18,0.3445,1421002.2593554342,buergergeld_cut
180,0.4474,331219.6662066321,buergergeld_cut
181,0.4362,186134.08587471946,buergergeld_cut
182,0.3947,597316.9289922566,buergergeld_cut
183,0.3914,597119.979697627,buergergeld_cut
184,0.4285,207677.8943569085,buergergeld_cut
185,0.4304,246244.22266916416,buergergeld_cut
186,0.4388,209100.38922005054,buergergeld_cut
187,0.4395,151964.41207017357,buergergeld_cut
188,0.4612,217023.4649560447,buergergeld_cut
189,0.5276,63479.47863541032,buergergeld_cut
19,0.3612,1430556.9948969542,buergergeld_cut
190,0.4772,98328.8375353136,buergergeld_cut
191,0.5405,57329.668210706746,buergergeld_cut
192,0.4633,97103.89456177686,buergergeld_cut
193,0.5089,128018.6219006737,buergergeld_cut
194,0.5503,71429.80636382155,buergergeld_cut
195,0.5369,66552.61663215315,buergergeld_cut
196,0.5071,65604.03583878439,buergergeld_cut
197,0.4577,124497.04897961108,buergergeld_cut
198,0.4695,129788.89967360128,buergergeld_cut
199,0.4339,126188.29445828657,buergergeld_cut
2,0.4366,126617.81067176482,buergergeld_cut
20,0.3542,1431329.7804752644,buergergeld_cut
200,0.5045,71012.6202541161,buergergeld_cut
201,0.4834,97548.86235301365,buergergeld_cut
202,0.4775,68267.7552315342,buergergeld_cut
203,0.4534,110806.5196587859,buergergeld_cut
204,0.466,141190.6093562236,buergergeld_cut
205,0.4354,165730.91092029086,buergergeld_cut
206,0.4701,111780.77145883288,buergergeld_cut
207,0.4753,110882.44884675027,buergergeld_cut
208,0.4646,94362.25613613243,buergergeld_cut
209,0.4697,60711.17813870885,buergergeld_cut
21,0.3554,1431298.9874824153,buergergeld_cut
210,0.5165,68045.19178860822,buergergeld_cut
211,0.5,88636.80629276097,buergergeld_cut
212,0.4888,88824.58818819381,buergergeld_cut
213,0.4865,106040.88849210861,buergergeld_cut
214,0.5289,114277.4362937002,buergergeld_cut
215,0.5112,138772.1022482832,buergergeld_cut
216,0.4951,94460.0472031337,buergergeld_cut
217,0.4195,1204507.0364880688,buergergeld_cut
218,0.3838,1204367.2685137496,buergergeld_cut
219,0.3915,1203811.9304614188,buergergeld_cut
22,0.3958,1430951.582966886,buergergeld_cut
220,0.4357,1204570.5462810397,buergergeld_cut
221,0.4858,273975.8695181723,buergergeld_cut
222,0.4933,195381.17695181782,buergergeld_cut
223,0.4623,87433.09608902044,buergergeld_cut
224,0.5208,97927.10241617101,buergergeld_cut
225,0.5258,114691.21344866653,buergergeld_cut
226,0.5185,86171.71429780195,buergergeld_cut
227,0.5453,79236.91113039952,buergergeld_cut
228,0.5254,108643.97946313373,buergergeld_cut
229,0.5378,148549.29339360775,buergergeld_cut
23,0.3509,1430979.5587980626,buergergeld_cut
230,0.5463,88837.43598801222,buergergeld_cut
231,0.5246,68797.40963185742,buergergeld_cut
232,0.4939,90761.54694977363,buergergeld_cut
233,0.5485,147987.87406906814,buergergeld_cut
234,0.586,108652.73819635087,buergergeld_cut
235,0.5243,63773.85339297382,buergergeld_cut
236,0.4983,102030.78339398111,buergergeld_cut
237,0.5591,81108.48554729173,buergergeld_cut
238,0.5244,55680.5282195036,buergergeld_cut
239,0.5504,62920.67454943145,buergergeld_cut
24,0.4252,140060.76032577365,buergergeld_cut
240,0.5262,71998.71051860439,buergergeld_cut
241,0.468,118560.08657677029,buergergeld_cut
242,0.4523,99670.56706345096,buergergeld_cut
243,0.501,79906.38667921201,buergergeld_cut
244,0.4612,421645.16416584176,buergergeld_cut
245,0.436,310021.82372011937,buergergeld_cut
246,0.4825,114053.8546474647,buergergeld_cut
247,0.5143,129000.1599732756,buergergeld_cut
248,0.5461,67732.83506927769,buergergeld_cut
249,0.5117,98381.05661136859,buergergeld_cut
25,0.4429,205347.6206726869,buergergeld_cut
250,0.5188,77853.19820796055,buergergeld_cut
251,0.4451,123141.43426387003,buergergeld_cut
252,0.4719,234967.86250354463,buergergeld_cut
253,0.5126,169670.2451007896,buergergeld_cut
254,0.5503,94243.60739768743,buergergeld_cut
255,0.5231,114492.67486453363,buergergeld_cut
256,0.5257,106263.59875116046,buergergeld_cut
257,0.5327,104959.4310635585,buergergeld_cut
258,0.3947,491625.13801795384,buergergeld_cut
259,0.3988,491606.6573873762,buergergeld_cut
26,0.4556,57534.38438324122,buergergeld_cut
260,0.4461,307666.1280541792,buergergeld_cut
261,0.4445,424388.0713972013,buergergeld_cut
262,0.4693,416219.3321893571,buergergeld_cut
263,0.4966,202919.6077625286,buergergeld_cut
264,0.4804,348173.7020949003,buergergeld_cut
265,0.4667,412661.20895595336,buergergeld_cut
266,0.5037,354339.2293625429,buergergeld_cut
267,0.5206,257722.21503823865,buergergeld_cut
268,0.4852,130377.2162091822,buergergeld_cut
269,0.4704,290285.00161643716,buergergeld_cut
27,0.423,102365.55669514439,buergergeld_cut
270,0.5006,194226.28914273845,buergergeld_cut
271,0.4165,250850.54595401778,buergergeld_cut
272,0.4616,359984.238399364,buergergeld_cut
273,0.5311,160617.35190101372,buergergeld_cut
274,0.3996,329508.5250784324,buergergeld_cut
275,0.3807,254270.4667512479,buergergeld_cut
276,0.5292,106758.04057529704,buergergeld_cut
277,0.4378,444702.13988692965,buergergeld_cut
278,0.5001,383546.90227372816,buergergeld_cut
279,0.4734,147715.086276244,buergergeld_cut
28,0.4415,84831.94110845958,buergergeld_cut
280,0.491,107018.23038466662,buergergeld_cut
281,0.4073,202798.83261378773,buergergeld_cut
282,0.439,192423.43880240252,buergergeld_cut
283,0.487,225032.24425116144,buergergeld_cut
284,0.53,348801.7132893969,buergergeld_cut
285,0.5359,108392.23134283043,buergergeld_cut
286,0.4884,201667.8261551113,buergergeld_cut
287,0.4638,229313.18383026638,buergergeld_cut
288,0.4674,163230.1480521498,buergergeld_cut
289,0.4676,229928.3931788717,buergergeld_cut
29,0.4585,158934.59525744084,buergergeld_cut
290,0.4812,171933.35017208458,buergergeld_cut
291,0.4844,150155.75647540676,buergergeld_cut
292,0.5017,170495.5530644437,buergergeld_cut
293,0.4876,157126.21900124924,buergergeld_cut
294,0.4843,224073.31687500788,buergergeld_cut
295,0.4899,121224.48169688437,buergergeld_cut
296,0.434,266542.8073390067,buergergeld_cut
297,0.4469,116068.39548367709,buergergeld_cut
298,0.4968,100536.02565406008,buergergeld_cut
299,0.4499,127721.3017367024,buergergeld_cut
3,0.4622,115851.86522588492,buergergeld_cut
30,0.4742,139576.16384651398,buergergeld_cut
31,0.4852,196135.60089437373,buergergeld_cut
32,0.4913,124018.8382025247,buergergeld_cut
33,0.4445,155893.75991417954,buergergeld_cut
34,0.461,96231.59370696604,buergergeld_cut
35,0.4645,115171.85584071466,buergergeld_cut
36,0.4626,206407.69602351406,buergergeld_cut
37,0.4284,87383.08550697024,buergergeld_cut
38,0.468,281285.77678616863,buergergeld_cut
39,0.4347,226123.33709281817,buergergeld_cut
4,0.428,219096.40566326873,buergergeld_cut
40,0.4294,105268.95765060993,buergergeld_cut
41,0.3764,906040.0002060288,buergergeld_cut
42,0.3903,906040.0000290013,buergergeld_cut
43,0.4045,905426.4123814947,buergergeld_cut
44,0.437,101457.30386766187,buergergeld_cut
45,0.4569,124862.07580933305,buergergeld_cut
46,0.4296,87457.91952152424,buergergeld_cut
47,0.4492,905515.5202521704,buergergeld_cut
48,0.4279,213288.40224674714,buergergeld_cut
49,0.4477,89973.62500013925,buergergeld_cut
5,0.3686,203904.38777736196,buergergeld_cut
50,0.3757,205009.19059761005,buergergeld_cut
51,0.4681,88144.4655599578,buergergeld_cut
52,0.4568,137316.49886528339,buergergeld_cut
53,0.3957,264493.9772962256,buergergeld_cut
54,0.359,459481.451911284,buergergeld_cut
55,0.365,328883.2354039019,buergergeld_cut
56,0.4768,78979.82450200847,buergergeld_cut
57,0.4582,109443.59297400215,buergergeld_cut
58,0.4567,165824.85855315597,buergergeld_cut
59,0.5013,155615.10817955213,buergergeld_cut
6,0.4437,112031.67277091801,buergergeld_cut
60,0.4618,155549.23788756167,buergergeld_cut
61,0.3761,154558.62871543417,buergergeld_cut
62,0.4493,134829.15146844977,buergergeld_cut
63,0.4543,134329.34255962222,buergergeld_cut
64,0.5161,84498.56508792723,buergergeld_cut
65,0.5463,79525.85822991289,buergergeld_cut
66,0.4867,71739.71605479502,buergergeld_cut
67,0.5714,106284.84831675599,buergergeld_cut
68,0.5038,166610.327614394,buergergeld_cut
69,0.5169,164610.48028456897,buergergeld_cut
7,0.4459,256373.54635692938,buergergeld_cut
70,0.514,93215.15114076332,buergergeld_cut
71,0.5031,133361.2526046149,buergergeld_cut
72,0.522,157021.8587295553,buergergeld_cut
73,0.5347,142062.0442874195,buergergeld_cut
74,0.4676,120532.22450632381,buergergeld_cut
75,0.3456,2877040.0000032624,buergergeld_cut
76,0.3677,2876906.1867174297,buergergeld_cut
77,0.3939,2876920.9828373524,buergergeld_cut
78,0.3808,2876421.751616364,buergergeld_cut
79,0.3956,2876860.9932270315,buergergeld_cut
8,0.4545,211014.82904146786,buergergeld_cut
80,0.345,2877039.9999880577,buergergeld_cut
81,0.3632,2876994.508906475,buergergeld_cut
82,0.3565,2877040.0163646573,buergergeld_cut
83,0.3804,2877040.000000056,buergergeld_cut
84,0.4054,2876558.3705327353,buergergeld_cut
85,0.3665,2876637.8723200033,buergergeld_cut
86,0.3836,2877039.991728962,buergergeld_cut
87,0.3927,469838.9638431637,buergergeld_cut
88,0.4377,469519.8665093225,buergergeld_cut
89,0.4548,206063.7555109461,buergergeld_cut
9,0.435,165842.74609892463,buergergeld_cut
90,0.4898,217520.41696543677,buergergeld_cut
91,0.4706,377284.1712779972,buergergeld_cut
92,0.4466,182042.29332300788,buergergeld_cut
93,0.3501,826064.115036562,buergergeld_cut
94,0.3801,825997.9357487308,buergergeld_cut
95,0.3772,825493.2232396624,buergergeld_cut
96,0.4026,255570.0786535427,buergergeld_cut
97,0.4533,479910.6564404217,buergergeld_cut
98,0.4771,479718.72344821633,buergergeld_cut
99,0.4204,215526.51344431812,buergergeld_cut
1,0.6566,156146.91219309898,rent_control
10,0.655,166471.2930691627,rent_control
100,0.6407,225480.3522156972,rent_control
101,0.6525,407890.85381560476,rent_control
102,0.6679,281768.98076001246,rent_control
103,0.6736,142658.23720478482,rent_control
104,0.6584,391543.0373754122,rent_control
105,0.6624,391558.8004555166,rent_control
106,0.6747,494218.3319042906,rent_control
107,0.6736,494219.96093411255,rent_control
108,0.6577,363673.56008346134,rent_control
109,0.6639,209297.8539070891,rent_control
11,0.6694,166836.21906336443,rent_control
110,0.651,320280.1149764613,rent_control
111,0.6299,236760.5046750637,rent_control
112,0.653,249336.21906869547,rent_control
113,0.6576,366336.2851592385,rent_control
114,0.6581,299541.1330563543,rent_control
115,0.6705,396276.38943833264,rent_control
116,0.6843,396373.33212362515,rent_control
117,0.684,243750.69746423358,rent_control
118,0.6701,203613.27195902585,rent_control
119,0.6777,455933.8732086029,rent_control
12,0.6546,153175.19652881895,rent_control
120,0.6685,456020.53375132655,rent_control
121,0.659,498771.4750146778,rent_control
122,0.6627,498709.6427058843,rent_control
123,0.6877,204675.96619656123,rent_control
124,0.6655,326015.12804966717,rent_control
125,0.6472,366415.6006192377,rent_control
126,0.6535,293566.14240599767,rent_control
127,0.6519,194330.8471030403,rent_control
128,0.6566,350928.9874258416,rent_control
129,0.6588,244367.79992332731,rent_control
13,0.6543,156364.76501065,rent_control
130,0.65,220117.08373788834,rent_control
131,0.6609,283928.1380258957,rent_control
132,0.6699,264316.5948110892,rent_control
133,0.66,206947.44889617665,rent_control
134,0.6551,252840.34757535404,rent_control
135,0.6446,275039.22121060453,rent_control
136,0.6346,150831.06981403066,rent_control
137,0.6418,246867.57793827367,rent_control
138,0.6562,201784.98668589175,rent_control
139,0.6723,254498.50955151534,rent_control
14,0.65,171852.85511876698,rent_control
140,0.6698,288318.3119799407,rent_control
141,0.6676,196999.4437813509,rent_control
142,0.6829,479802.95794022887,rent_control
143,0.6731,479821.29101912136,rent_control
144,0.6667,317213.10804336413,rent_control
145,0.662,221583.589226408,rent_control
146,0.6334,235963.20544327798,rent_control
147,0.6579,207983.59959208468,rent_control
148,0.6541,220544.11485789935,rent_control
149,0.6683,189899.65486953108,rent_control
15,0.6487,177171.1056234898,rent_control
150,0.6769,328426.4883106674,rent_control
151,0.6575,156287.43169108193,rent_control
152,0.6914,447273.0462806228,rent_control
153,0.6451,447243.65590118093,rent_control
154,0.6184,203485.01944982784,rent_control
155,0.6277,189334.39291100815,rent_control
156,0.6082,230765.27810862593,rent_control
157,0.626,191431.58226584247,rent_control
158,0.6579,189315.47007156236,rent_control
159,0.6467,417647.8505356109,rent_control
16,0.6573,188390.8326199093,rent_control
160,0.6182,341234.6099588987,rent_control
161,0.6309,234219.82598483737,rent_control
162,0.6584,179951.4826308836,rent_control
163,0.642,243241.04581463398,rent_control
164,0.6351,256612.53907117652,rent_control
165,0.6313,245404.13989671535,rent_control
166,0.6458,176363.3722710095,rent_control
167,0.6696,150847.19248560639,rent_control
168,0.668,174948.92758784763,rent_control
169,0.6636,82837.07649342252,rent_control
17,0.6474,192718.9279291037,rent_control
170,0.656,134244.55708584565,rent_control
171,0.6679,192767.679643849,rent_control
172,0.6635,199828.3130746693,rent_control
173,0.6553,151701.4962621543,rent_control
174,0.6615,138746.12312425295,rent_control
175,0.6499,288922.3772270948,rent_control
176,0.6482,162361.87609394698,rent_control
177,0.6403,243612.56356526492,rent_control
178,0.6431,142711.3720274556,rent_control
179,0.6568,227070.2518071342,rent_control
18,0.6789,1421002.2593554342,rent_control
180,0.65,331219.6662066321,rent_control
181,0.659,186134.08587471946,rent_control
182,0.669,597316.9289922566,rent_control
183,0.6629,597119.979697627,rent_control
184,0.668,207677.8943569085,rent_control
185,0.6631,246244.22266916416,rent_control
186,0.6294,209100.38922005054,rent_control
187,0.6405,151964.41207017357,rent_control
188,0.6657,217023.4649560447,rent_control
189,0.6339,63479.47863541032,rent_control
19,0.6867,1430556.9948969542,rent_control
190,0.6304,98328.8375353136,rent_control
191,0.6324,57329.668210706746,rent_control
192,0.6498,97103.89456177686,rent_control
193,0.6519,128018.6219006737,rent_control
194,0.615,71429.80636382155,rent_control
195,0.6462,66552.61663215315,rent_control
196,0.641,65604.03583878439,rent_control
197,0.6557,124497.04897961108,rent_control
198,0.6547,129788.89967360128,rent_control
199,0.6625,126188.29445828657,rent_control
2,0.6771,126617.81067176482,rent_control
20,0.6667,1431329.7804752644,rent_control
200,0.6416,71012.6202541161,rent_control
201,0.6732,97548.86235301365,rent_control
202,0.6455,68267.7552315342,rent_control
203,0.6461,110806.5196587859,rent_control
204,0.6636,141190.6093562236,rent_control
205,0.655,165730.91092029086,rent_control
206,0.6312,111780.77145883288,rent_control
207,0.6728,110882.44884675027,rent_control
208,0.6537,94362.25613613243,rent_control
209,0.6754,60711.17813870885,rent_control
21,0.6558,1431298.9874824153,rent_control
210,0.6325,68045.19178860822,rent_control
211,0.651,88636.80629276097,rent_control
212,0.6684,88824.58818819381,rent_control
213,0.6165,106040.88849210861,rent_control
214,0.6321,114277.4362937002,rent_control
215,0.6395,138772.1022482832,rent_control
216,0.663,94460.0472031337,rent_control
217,0.6599,1204507.0364880688,rent_control
218,0.6666,1204367.2685137496,rent_control
219,0.6553,1203811.9304614188,rent_control
22,0.6591,1430951.582966886,rent_control
220,0.6549,1204570.5462810397,rent_control
221,0.632,273975.8695181723,rent_control
222,0.6432,195381.17695181782,rent_control
223,0.6452,87433.09608902044,rent_control
224,0.6314,97927.10241617101,rent_control
225,0.643,114691.21344866653,rent_control
226,0.6264,86171.71429780195,rent_control
227,0.6437,79236.91113039952,rent_control
228,0.66,108643.97946313373,rent_control
229,0.6366,148549.29339360775,rent_control
23,0.6822,1430979.5587980626,rent_control
230,0.648,88837.43598801222,rent_control
231,0.6472,68797.40963185742,rent_control
232,0.6696,90761.54694977363,rent_control
233,0.6235,147987.87406906814,rent_control
234,0.655,108652.73819635087,rent_control
235,0.6531,63773.85339297382,rent_control
236,0.6494,102030.78339398111,rent_control
237,0.6536,81108.48554729173,rent_control
238,0.6766,55680.5282195036,rent_control
239,0.6456,62920.67454943145,rent_control
24,0.6627,140060.76032577365,rent_control
240,0.6374,71998.71051860439,rent_control
241,0.6447,118560.08657677029,rent_control
242,0.6376,99670.56706345096,rent_control
243,0.6531,79906.38667921201,rent_control
244,0.6669,421645.16416584176,rent_control
245,0.6338,310021.82372011937,rent_control
246,0.6443,114053.8546474647,rent_control
247,0.6557,129000.1599732756,rent_control
248,0.6663,67732.83506927769,rent_control
249,0.6523,98381.05661136859,rent_control
25,0.6666,205347.6206726869,rent_control
250,0.6653,77853.19820796055,rent_control
251,0.6596,123141.43426387003,rent_control
252,0.6611,234967.86250354463,rent_control
253,0.6481,169670.2451007896,rent_control
254,0.6512,94243.60739768743,rent_control
255,0.6465,114492.67486453363,rent_control
256,0.6378,106263.59875116046,rent_control
257,0.6502,104959.4310635585,rent_control
258,0.6655,491625.13801795384,rent_control
259,0.6676,491606.6573873762,rent_control
26,0.6628,57534.38438324122,rent_control
260,0.6469,307666.1280541792,rent_control
261,0.6638,424388.0713972013,rent_control
262,0.6233,416219.3321893571,rent_control
263,0.6535,202919.6077625286,rent_control
264,0.666,348173.7020949003,rent_control
265,0.6474,412661.20895595336,rent_control
266,0.6596,354339.2293625429,rent_control
267,0.6438,257722.21503823865,rent_control
268,0.6687,130377.2162091822,rent_control
269,0.6295,290285.00161643716,rent_control
27,0.6716,102365.55669514439,rent_control
270,0.6475,194226.28914273845,rent_control
271,0.6609,250850.54595401778,rent_control
272,0.6593,359984.238399364,rent_control
273,0.6382,160617.35190101372,rent_control
274,0.6628,329508.5250784324,rent_control
275,0.6693,254270.4667512479,rent_control
276,0.6712,106758.04057529704,rent_control
277,0.6622,444702.13988692965,rent_control
278,0.6468,383546.90227372816,rent_control
279,0.6578,147715.086276244,rent_control
28,0.6494,84831.94110845958,rent_control
280,0.6501,107018.23038466662,rent_control
281,0.6892,202798.83261378773,rent_control
282,0.6442,192423.43880240252,rent_control
283,0.6588,225032.24425116144,rent_control
284,0.6606,348801.7132893969,rent_control
285,0.6449,108392.23134283043,rent_control
286,0.6612,201667.8261551113,rent_control
287,0.6561,229313.18383026638,rent_control
288,0.6588,163230.1480521498,rent_control
289,0.6519,229928.3931788717,rent_control
29,0.6628,158934.59525744084,rent_control
290,0.648,171933.35017208458,rent_control
291,0.6528,150155.75647540676,rent_control
292,0.6545,170495.5530644437,rent_control
293,0.6373,157126.21900124924,rent_control
294,0.6395,224073.31687500788,rent_control
295,0.6435,121224.48169688437,rent_control
296,0.6824,266542.8073390067,rent_control
297,0.6651,116068.39548367709,rent_control
298,0.6575,100536.02565406008,rent_control
299,0.6456,127721.3017367024,rent_control
3,0.6539,115851.86522588492,rent_control
30,0.6464,139576.16384651398,rent_control
31,0.6499,196135.60089437373,rent_control
32,0.6476,124018.8382025247,rent_control
33,0.6634,155893.75991417954,rent_control
34,0.6474,96231.59370696604,rent_control
35,0.6646,115171.85584071466,rent_control
36,0.6377,206407.69602351406,rent_control
37,0.6552,87383.08550697024,rent_control
38,0.6684,281285.77678616863,rent_control
39,0.6618,226123.33709281817,rent_control
4,0.6562,219096.40566326873,rent_control
40,0.6698,105268.95765060993,rent_control
41,0.6696,906040.0002060288,rent_control
42,0.6594,906040.0000290013,rent_control
43,0.6477,905426.4123814947,rent_control
44,0.647,101457.30386766187,rent_control
45,0.652,124862.07580933305,rent_control
46,0.6701,87457.91952152424,rent_control
47,0.6596,905515.5202521704,rent_control
48,0.6654,213288.40224674714,rent_control
49,0.6544,89973.62500013925,rent_control
5,0.6872,203904.38777736196,rent_control
50,0.6757,205009.19059761005,rent_control
51,0.6416,88144.4655599578,rent_control
52,0.6733,137316.49886528339,rent_control
53,0.6783,264493.9772962256,rent_control
54,0.6732,459481.451911284,rent_control
55,0.6849,328883.2354039019,rent_control
56,0.6423,78979.82450200847,rent_control
57,0.6461,109443.59297400215,rent_control
58,0.6514,165824.85855315597,rent_control
59,0.6353,155615.10817955213,rent_control
6,0.6673,112031.67277091801,rent_control
60,0.6455,155549.23788756167,rent_control
61,0.6576,154558.62871543417,rent_control
62,0.6611,134829.15146844977,rent_control
63,0.645,134329.34255962222,rent_control
64,0.6441,84498.56508792723,rent_control
65,0.6348,79525.85822991289,rent_control
66,0.6431,71739.71605479502,rent_control
67,0.6428,106284.84831675599,rent_control
68,0.6514,166610.327614394,rent_control
69,0.6481,164610.48028456897,rent_control
7,0.6474,256373.54635692938,rent_control
70,0.6394,93215.15114076332,rent_control
71,0.6564,133361.2526046149,rent_control
72,0.6379,157021.8587295553,rent_control
73,0.6438,142062.0442874195,rent_control
74,0.6429,120532.22450632381,rent_control
75,0.6614,2877040.0000032624,rent_control
76,0.6686,2876906.1867174297,rent_control
77,0.6813,2876920.9828373524,rent_control
78,0.6651,2876421.751616364,rent_control
79,0.6823,2876860.9932270315,rent_control
8,0.6385,211014.82904146786,rent_control
80,0.6671,2877039.9999880577,rent_control
81,0.6558,2876994.508906475,rent_control
82,0.6668,2877040.0163646573,rent_control
83,0.6844,2877040.000000056,rent_control
84,0.6716,2876558.3705327353,rent_control
85,0.6836,2876637.8723200033,rent_control
86,0.6794,2877039.991728962,rent_control
87,0.6781,469838.9638431637,rent_control
88,0.6598,469519.8665093225,rent_control
89,0.656,206063.7555109461,rent_control
9,0.6563,165842.74609892463,rent_control
90,0.6518,217520.41696543677,rent_control
91,0.6488,377284.1712779972,rent_control
92,0.6619,182042.29332300788,rent_control
93,0.664,826064.115036562,rent_control
94,0.6828,825997.9357487308,rent_control
95,0.674,825493.2232396624,rent_control
96,0.6492,255570.0786535427,rent_control
97,0.6399,479910.6564404217,rent_control
98,0.6458,479718.72344821633,rent_control
99,0.6552,215526.51344431812,rent_control
1,0.5266,156146.91219309898,speed_limit
10,0.5296,166471.2930691627,speed_limit
100,0.533,225480.3522156972,speed_limit
101,0.5178,407890.85381560476,speed_limit
102,0.5031,281768.98076001246,speed_limit
103,0.5017,142658.23720478482,speed_limit
104,0.5186,391543.0373754122,speed_limit
105,0.521,391558.8004555166,speed_limit
106,0.5285,494218.3319042906,speed_limit
107,0.5267,494219.96093411255,speed_limit
108,0.5027,363673.56008346134,speed_limit
109,0.495,209297.8539070891,speed_limit
11,0.5204,166836.21906336443,speed_limit
110,0.5187,320280.1149764613,speed_limit
111,0.5106,236760.5046750637,speed_limit
112,0.5013,249336.21906869547,speed_limit
113,0.5137,366336.2851592385,speed_limit
114,0.5166,299541.1330563543,speed_limit
115,0.4979,396276.38943833264,speed_limit
116,0.4874,396373.33212362515,speed_limit
117,0.5065,243750.69746423358,speed_limit
118,0.5134,203613.27195902585,speed_limit
119,0.5044,455933.8732086029,speed_limit
12,0.4966,153175.19652881895,speed_limit
120,0.5138,456020.53375132655,speed_limit
121,0.502,498771.4750146778,speed_limit
122,0.4968,498709.6427058843,speed_limit
123,0.4876,204675.96619656123,speed_limit
124,0.5061,326015.12804966717,speed_limit
125,0.5059,366415.6006192377,speed_limit
126,0.4862,293566.14240599767,speed_limit
127,0.5082,194330.8471030403,speed_limit
128,0.5164,350928.9874258416,speed_limit
129,0.553,244367.79992332731,speed_limit
13,0.5128,156364.76501065,speed_limit
130,0.5125,220117.08373788834,speed_limit
131,0.5008,283928.1380258957,speed_limit
132,0.5286,264316.5948110892,speed_limit
133,0.5054,206947.44889617665,speed_limit
134,0.4974,252840.34757535404,speed_limit
135,0.5124,275039.22121060453,speed_limit
136,0.5145,150831.06981403066,speed_limit
137,0.4854,246867.57793827367,speed_limit
138,0.5122,201784.98668589175,speed_limit
139,0.5227,254498.50955151534,speed_limit
14,0.5155,171852.85511876698,speed_limit
140,0.5126,288318.3119799407,speed_limit
141,0.5064,196999.4437813509,speed_limit
142,0.5197,479802.95794022887,speed_limit
143,0.516,479821.29101912136,speed_limit
144,0.5061,317213.10804336413,speed_limit
145,0.4994,221583.589226408,speed_limit
146,0.5047,235963.20544327798,speed_limit
147,0.4871,207983.59959208468,speed_limit
148,0.4968,220544.11485789935,speed_limit
149,0.4814,189899.65486953108,speed_limit
15,0.501,177171.1056234898,speed_limit
150,0.487,328426.4883106674,speed_limit
151,0.4967,156287.43169108193,speed_limit
152,0.5176,447273.0462806228,speed_limit
153,0.5061,447243.65590118093,speed_limit
154,0.4912,203485.01944982784,speed_limit
155,0.489,189334.39291100815,speed_limit
156,0.4741,230765.27810862593,speed_limit
157,0.49,191431.58226584247,speed_limit
158,0.5002,189315.47007156236,speed_limit
159,0.5126,417647.8505356109,speed_limit
16,0.503,188390.8326199093,speed_limit
160,0.4852,341234.6099588987,speed_limit
161,0.4842,234219.82598483737,speed_limit
162,0.4865,179951.4826308836,speed_limit
163,0.4723,243241.04581463398,speed_limit
164,0.4698,256612.53907117652,speed_limit
165,0.4754,245404.13989671535,speed_limit
166,0.4817,176363.3722710095,speed_limit
167,0.5152,150847.19248560639,speed_limit
168,0.5241,174948.92758784763,speed_limit
169,0.5042,82837.07649342252,speed_limit
17,0.4905,192718.9279291037,speed_limit
170,0.5068,134244.55708584565,speed_limit
171,0.5199,192767.679643849,speed_limit
172,0.5003,199828.3130746693,speed_limit
173,0.499,151701.4962621543,speed_limit
174,0.4784,138746.12312425295,speed_limit
175,0.5059,288922.3772270948,speed_limit
176,0.5134,162361.87609394698,speed_limit
177,0.51,243612.56356526492,speed_limit
178,0.5172,142711.3720274556,speed_limit
179,0.5171,227070.2518071342,speed_limit
18,0.5405,1421002.2593554342,speed_limit
180,0.4992,331219.6662066321,speed_limit
181,0.5153,186134.08587471946,speed_limit
182,0.5241,597316.9289922566,speed_limit
183,0.5188,597119.979697627,speed_limit
184,0.5031,207677.8943569085,speed_limit
185,0.5082,246244.22266916416,speed_limit
186,0.5302,209100.38922005054,speed_limit
187,0.5121,151964.41207017357,speed_limit
188,0.51,217023.4649560447,speed_limit
189,0.4926,63479.47863541032,speed_limit
19,0.5312,1430556.9948969542,speed_limit
190,0.4925,98328.8375353136,speed_limit
191,0.4818,57329.668210706746,speed_limit
192,0.4987,97103.89456177686,speed_limit
193,0.4884,128018.6219006737,speed_limit
194,0.49,71429.80636382155,speed_limit
195,0.4917,66552.61663215315,speed_limit
196,0.486,65604.03583878439,speed_limit
197,0.4864,124497.04897961108,speed_limit
198,0.5112,129788.89967360128,speed_limit
199,0.5,126188.29445828657,speed_limit
2,0.5248,126617.81067176482,speed_limit
20,0.5375,1431329.7804752644,speed_limit
200,0.4971,71012.6202541161,speed_limit
201,0.5008,97548.86235301365,speed_limit
202,0.4918,68267.7552315342,speed_limit
203,0.5099,110806.5196587859,speed_limit
204,0.5025,141190.6093562236,speed_limit
205,0.5083,165730.91092029086,speed_limit
206,0.5011,111780.77145883288,speed_limit
207,0.4979,110882.44884675027,speed_limit
208,0.5128,94362.25613613243,speed_limit
209,0.5028,60711.17813870885,speed_limit
21,0.5371,1431298.9874824153,speed_limit
210,0.495,68045.19178860822,speed_limit
211,0.5011,88636.80629276097,speed_limit
212,0.46,88824.58818819381,speed_limit
213,0.4806,106040.88849210861,speed_limit
214,0.465,114277.4362937002,speed_limit
215,0.4909,138772.1022482832,speed_limit
216,0.4609,94460.0472031337,speed_limit
217,0.513,1204507.0364880688,speed_limit
218,0.5211,1204367.2685137496,speed_limit
219,0.5156,1203811.9304614188,speed_limit
22,0.5275,1430951.582966886,speed_limit
220,0.5112,1204570.5462810397,speed_limit
221,0.5138,273975.8695181723,speed_limit
222,0.4807,195381.17695181782,speed_limit
223,0.4935,87433.09608902044,speed_limit
224,0.5087,97927.10241617101,speed_limit
225,0.4892,114691.21344866653,speed_limit
226,0.4913,86171.71429780195,speed_limit
227,0.4526,79236.91113039952,speed_limit
228,0.4656,108643.97946313373,speed_limit
229,0.4621,148549.29339360775,speed_limit
23,0.5367,1430979.5587980626,speed_limit
230,0.4562,88837.43598801222,speed_limit
231,0.4488,68797.40963185742,speed_limit
232,0.4726,90761.54694977363,speed_limit
233,0.4803,147987.87406906814,speed_limit
234,0.452,108652.73819635087,speed_limit
235,0.4684,63773.85339297382,speed_limit
236,0.4743,102030.78339398111,speed_limit
237,0.469,81108.48554729173,speed_limit
238,0.4732,55680.5282195036,speed_limit
239,0.4684,62920.67454943145,speed_limit
24,0.51,140060.76032577365,speed_limit
240,0.4707,71998.71051860439,speed_limit
241,0.4901,118560.08657677029,speed_limit
242,0.5,99670.56706345096,speed_limit
243,0.4844,79906.38667921201,speed_limit
244,0.4903,421645.16416584176,speed_limit
245,0.4864,310021.82372011937,speed_limit
246,0.5007,114053.8546474647,speed_limit
247,0.4747,129000.1599732756,speed_limit
248,0.4739,67732.83506927769,speed_limit
249,0.4828,98381.05661136859,speed_limit
25,0.4878,205347.6206726869,speed_limit
250,0.486,77853.19820796055,speed_limit
251,0.4999,123141.43426387003,speed_limit
252,0.4789,234967.86250354463,speed_limit
253,0.4828,169670.2451007896,speed_limit
254,0.4615,94243.60739768743,speed_limit
255,0.4685,114492.67486453363,speed_limit
256,0.4876,106263.59875116046,speed_limit
257,0.4769,104959.4310635585,speed_limit
258,0.5211,491625.13801795384,speed_limit
259,0.5133,491606.6573873762,speed_limit
26,0.5236,57534.38438324122,speed_limit
260,0.4916,307666.1280541792,speed_limit
261,0.5052,424388.0713972013,speed_limit
262,0.5007,416219.3321893571,speed_limit
263,0.4824,202919.6077625286,speed_limit
264,0.4961,348173.7020949003,speed_limit
265,0.4971,412661.20895595336,speed_limit
266,0.4964,354339.2293625429,speed_limit
267,0.4824,257722.21503823865,speed_limit
268,0.4832,130377.2162091822,speed_limit
269,0.4851,290285.00161643716,speed_limit
27,0.5223,102365.55669514439,speed_limit
270,0.495,194226.28914273845,speed_limit
271,0.5196,250850.54595401778,speed_limit
272,0.4974,359984.238399364,speed_limit
273,0.4954,160617.35190101372,speed_limit
274,0.519,329508.5250784324,speed_limit
275,0.5014,254270.4667512479,speed_limit
276,0.4987,106758.04057529704,speed_limit
277,0.5151,444702.13988692965,speed_limit
278,0.4936,383546.90227372816,speed_limit
279,0.4905,147715.086276244,speed_limit
28,0.5028,84831.94110845958,speed_limit
280,0.4814,107018.23038466662,speed_limit
281,0.5405,202798.83261378773,speed_limit
282,0.5067,192423.43880240252,speed_limit
283,0.5104,225032.24425116144,speed_limit
284,0.4809,348801.7132893969,speed_limit
285,0.4652,108392.23134283043,speed_limit
286,0.4893,201667.8261551113,speed_limit
287,0.5106,229313.18383026638,speed_limit
288,0.4975,163230.1480521498,speed_limit
289,0.4939,229928.3931788717,speed_limit
29,0.504,158934.59525744084,speed_limit
290,0.5093,171933.35017208458,speed_limit
291,0.4784,150155.75647540676,speed_limit
292,0.4802,170495.5530644437,speed_limit
293,0.5058,157126.21900124924,speed_limit
294,0.4903,224073.31687500788,speed_limit
295,0.4714,121224.48169688437,speed_limit
296,0.5008,266542.8073390067,speed_limit
297,0.508,116068.39548367709,speed_limit
298,0.5024,100536.02565406008,speed_limit
299,0.5089,127721.3017367024,speed_limit
3,0.5019,115851.86522588492,speed_limit
30,0.5057,139576.16384651398,speed_limit
31,0.4901,196135.60089437373,speed_limit
32,0.4659,124018.8382025247,speed_limit
33,0.5167,155893.75991417954,speed_limit
34,0.5214,96231.59370696604,speed_limit
35,0.5083,115171.85584071466,speed_limit
36,0.5164,206407.69602351406,speed_limit
37,0.5356,87383.08550697024,speed_limit
38,0.5086,281285.77678616863,speed_limit
39,0.5135,226123.33709281817,speed_limit
4,0.5339,219096.40566326873,speed_limit
40,0.513,105268.95765060993,speed_limit
41,0.5302,906040.0002060288,speed_limit
42,0.5314,906040.0000290013,speed_limit
43,0.5296,905426.4123814947,speed_limit
44,0.5075,101457.30386766187,speed_limit
45,0.5025,124862.07580933305,speed_limit
46,0.5269,87457.91952152424,speed_limit
47,0.5335,905515.5202521704,speed_limit
48,0.5208,213288.40224674714,speed_limit
49,0.5164,89973.62500013925,speed_limit
5,0.5376,203904.38777736196,speed_limit
50,0.5249,205009.19059761005,speed_limit
51,0.4947,88144.4655599578,speed_limit
52,0.5268,137316.49886528339,speed_limit
53,0.5421,264493.9772962256,speed_limit
54,0.537,459481.451911284,speed_limit
55,0.5188,328883.2354039019,speed_limit
56,0.5195,78979.82450200847,speed_limit
57,0.5036,109443.59297400215,speed_limit
58,0.5132,165824.85855315597,speed_limit
59,0.5172,155615.10817955213,speed_limit
6,0.5314,112031.67277091801,speed_limit
60,0.5171,155549.23788756167,speed_limit
61,0.5379,154558.62871543417,speed_limit
62,0.5119,134829.15146844977,speed_limit
63,0.5241,134329.34255962222,speed_limit
64,0.5043,84498.56508792723,speed_limit
65,0.5018,79525.85822991289,speed_limit
66,0.5012,71739.71605479502,speed_limit
67,0.485,106284.84831675599,speed_limit
68,0.4925,166610.327614394,speed_limit
69,0.4852,164610.48028456897,speed_limit
7,0.5021,256373.54635692938,speed_limit
70,0.4898,93215.15114076332,speed_limit
71,0.4957,133361.2526046149,speed_limit
72,0.4852,157021.8587295553,speed_limit
73,0.4837,142062.0442874195,speed_limit
74,0.493,120532.22450632381,speed_limit
75,0.5321,2877040.0000032624,speed_limit
76,0.5274,2876906.1867174297,speed_limit
77,0.5269,2876920.9828373524,speed_limit
78,0.5254,2876421.751616364,speed_limit
79,0.5185,2876860.9932270315,speed_limit
8,0.5121,211014.82904146786,speed_limit
80,0.5289,2877039.9999880577,speed_limit
81,0.5143,2876994.508906475,speed_limit
82,0.5349,2877040.0163646573,speed_limit
83,0.5297,2877040.000000056,speed_limit
84,0.5296,2876558.3705327353,speed_limit
85,0.5241,2876637.8723200033,speed_limit
86,0.5276,2877039.991728962,speed_limit
87,0.5229,469838.9638431637,speed_limit
88,0.5145,469519.8665093225,speed_limit
89,0.4861,206063.7555109461,speed_limit
9,0.5235,165842.74609892463,speed_limit
90,0.5005,217520.41696543677,speed_limit
91,0.503,377284.1712779972,speed_limit
92,0.5118,182042.29332300788,speed_limit
93,0.5407,826064.115036562,speed_limit
94,0.5394,825997.9357487308,speed_limit
95,0.5381,825493.2232396624,speed_limit
96,0.5359,255570.0786535427,speed_limit
97,0.5164,479910.6564404217,speed_limit
98,0.5079,479718.72344821633,speed_limit
99,0.5117,215526.51344431812,speed_limit
1,0.7758,156146.91219309898,mandatory_service
10,0.7761,166471.2930691627,mandatory_service
100,0.7733,225480.3522156972,mandatory_service
101,0.7316,407890.85381560476,mandatory_service
102,0.7237,281768.98076001246,mandatory_service
103,0.7324,142658.23720478482,mandatory_service
104,0.7633,391543.0373754122,mandatory_service
105,0.7529,391558.8004555166,mandatory_service
106,0.7466,494218.3319042906,mandatory_service
107,0.7445,494219.96093411255,mandatory_service
108,0.7814,363673.56008346134,mandatory_service
109,0.7299,209297.8539070891,mandatory_service
11,0.7488,166836.21906336443,mandatory_service
110,0.7646,320280.1149764613,mandatory_service
111,0.7723,236760.5046750637,mandatory_service
112,0.7695,249336.21906869547,mandatory_service
113,0.7596,366336.2851592385,mandatory_service
114,0.7557,299541.1330563543,mandatory_service
115,0.7025,396276.38943833264,mandatory_service
116,0.7022,396373.33212362515,mandatory_service
117,0.748,243750.69746423358,mandatory_service
118,0.7423,203613.27195902585,mandatory_service
119,0.7336,455933.8732086029,mandatory_service
12,0.7528,153175.19652881895,mandatory_service
120,0.7102,456020.53375132655,mandatory_service
121,0.7453,498771.4750146778,mandatory_service
122,0.7453,498709.6427058843,mandatory_service
123,0.7001,204675.96619656123,mandatory_service
124,0.7766,326015.12804966717,mandatory_service
125,0.7437,366415.6006192377,mandatory_service
126,0.7804,293566.14240599767,mandatory_service
127,0.794,194330.8471030403,mandatory_service
128,0.7861,350928.9874258416,mandatory_service
129,0.7479,244367.79992332731,mandatory_service
13,0.7341,156364.76501065,mandatory_service
130,0.7766,220117.08373788834,mandatory_service
131,0.7691,283928.1380258957,mandatory_service
132,0.7385,264316.5948110892,mandatory_service
133,0.7489,206947.44889617665,mandatory_service
134,0.7657,252840.34757535404,mandatory_service
135,0.7418,275039.22121060453,mandatory_service
136,0.7744,150831.06981403066,mandatory_service
137,0.745,246867.57793827367,mandatory_service
138,0.7421,201784.98668589175,mandatory_service
139,0.7456,254498.50955151534,mandatory_service
14,0.738,171852.85511876698,mandatory_service
140,0.7007,288318.3119799407,mandatory_service
141,0.7095,196999.4437813509,mandatory_service
142,0.7248,479802.95794022887,mandatory_service
143,0.7235,479821.29101912136,mandatory_service
144,0.7352,317213.10804336413,mandatory_service
145,0.7536,221583.589226408,mandatory_service
146,0.7686,235963.20544327798,mandatory_service
147,0.7932,207983.59959208468,mandatory_service
148,0.7625,220544.11485789935,mandatory_service
149,0.774,189899.65486953108,mandatory_service
15,0.7322,177171.1056234898,mandatory_service
150,0.7677,328426.4883106674,mandatory_service
151,0.734,156287.43169108193,mandatory_service
152,0.7317,447273.0462806228,mandatory_service
153,0.7101,447243.65590118093,mandatory_service
154,0.7488,203485.01944982784,mandatory_service
155,0.7506,189334.39291100815,mandatory_service
156,0.756,230765.27810862593,mandatory_service
157,0.7299,191431.58226584247,mandatory_service
158,0.7442,189315.47007156236,mandatory_service
159,0.7377,417647.8505356109,mandatory_service
16,0.7534,188390.8326199093,mandatory_service
160,0.7095,341234.6099588987,mandatory_service
161,0.7471,234219.82598483737,mandatory_service
162,0.7357,179951.4826308836,mandatory_service
163,0.7191,243241.04581463398,mandatory_service
164,0.7396,256612.53907117652,mandatory_service
165,0.7394,245404.13989671535,mandatory_service
166,0.7437,176363.3722710095,mandatory_service
167,0.7548,150847.19248560639,mandatory_service
168,0.7551,174948.92758784763,mandatory_service
169,0.7678,82837.07649342252,mandatory_service
17,0.7498,192718.9279291037,mandatory_service
170,0.7637,134244.55708584565,mandatory_service
171,0.7449,192767.679643849,mandatory_service
172,0.7628,199828.3130746693,mandatory_service
173,0.748,151701.4962621543,mandatory_service
174,0.7641,138746.12312425295,mandatory_service
175,0.7648,288922.3772270948,mandatory_service
176,0.7739,162361.87609394698,mandatory_service
177,0.7551,243612.56356526492,mandatory_service
178,0.7809,142711.3720274556,mandatory_service
179,0.7463,227070.2518071342,mandatory_service
18,0.728,1421002.2593554342,mandatory_service
180,0.7445,331219.6662066321,mandatory_service
181,0.7758,186134.08587471946,mandatory_service
182,0.726,597316.9289922566,mandatory_service
183,0.7145,597119.979697627,mandatory_service
184,0.7463,207677.8943569085,mandatory_service
185,0.7497,246244.22266916416,mandatory_service
186,0.7592,209100.38922005054,mandatory_service
187,0.7443,151964.41207017357,mandatory_service
188,0.7607,217023.4649560447,mandatory_service
189,0.7493,63479.47863541032,mandatory_service
19,0.7292,1430556.9948969542,mandatory_service
190,0.7248,98328.8375353136,mandatory_service
191,0.7576,57329.668210706746,mandatory_service
192,0.7477,97103.89456177686,mandatory_service
193,0.7201,128018.6219006737,mandatory_service
194,0.737,71429.80636382155,mandatory_service
195,0.7485,66552.61663215315,mandatory_service
196,0.737,65604.03583878439,mandatory_service
197,0.7579,124497.04897961108,mandatory_service
198,0.7947,129788.89967360128,mandatory_service
199,0.7606,126188.29445828657,mandatory_service
2,0.7728,126617.81067176482,mandatory_service
20,0.7215,1431329.7804752644,mandatory_service
200,0.777,71012.6202541161,mandatory_service
201,0.7582,97548.86235301365,mandatory_service
202,0.764,68267.7552315342,mandatory_service
203,0.7684,110806.5196587859,mandatory_service
204,0.7636,141190.6093562236,mandatory_service
205,0.749,165730.91092029086,mandatory_service
206,0.7619,111780.77145883288,mandatory_service
207,0.7469,110882.44884675027,mandatory_service
208,0.7706,94362.25613613243,mandatory_service
209,0.7405,60711.17813870885,mandatory_service
21,0.7404,1431298.9874824153,mandatory_service
210,0.7694,68045.19178860822,mandatory_service
211,0.7633,88636.80629276097,mandatory_service
212,0.7404,88824.58818819381,mandatory_service
213,0.7747,106040.88849210861,mandatory_service
214,0.7679,114277.4362937002,mandatory_service
215,0.7832,138772.1022482832,mandatory_service
216,0.7647,94460.0472031337,mandatory_service
217,0.7367,1204507.0364880688,mandatory_service
218,0.7371,1204367.2685137496,mandatory_service
219,0.7452,1203811.9304614188,mandatory_service
22,0.7254,1430951.582966886,mandatory_service
220,0.7469,1204570.5462810397,mandatory_service
221,0.7843,273975.8695181723,mandatory_service
222,0.7758,195381.17695181782,mandatory_service
223,0.7971,87433.09608902044,mandatory_service
224,0.7894,97927.10241617101,mandatory_service
225,0.7733,114691.21344866653,mandatory_service
226,0.7849,86171.71429780195,mandatory_service
227,0.7576,79236.91113039952,mandatory_service
228,0.7642,108643.97946313373,mandatory_service
229,0.7639,148549.29339360775,mandatory_service
23,0.734,1430979.5587980626,mandatory_service
230,0.7674,88837.43598801222,mandatory_service
231,0.7659,68797.40963185742,mandatory_service
232,0.7809,90761.54694977363,mandatory_service
233,0.7767,147987.87406906814,mandatory_service
234,0.763,108652.73819635087,mandatory_service
235,0.7813,63773.85339297382,mandatory_service
236,0.7868,102030.78339398111,mandatory_service
237,0.7771,81108.48554729173,mandatory_service
238,0.7771,55680.5282195036,mandatory_service
239,0.7742,62920.67454943145,mandatory_service
24,0.7705,140060.76032577365,mandatory_service
240,0.7764,71998.71051860439,mandatory_service
241,0.7521,118560.08657677029,mandatory_service
242,0.7773,99670.56706345096,mandatory_service
243,0.7675,79906.38667921201,mandatory_service
244,0.734,421645.16416584176,mandatory_service
245,0.7498,310021.82372011937,mandatory_service
246,0.7823,114053.8546474647,mandatory_service
247,0.7775,129000.1599732756,mandatory_service
248,0.7875,67732.83506927769,mandatory_service
249,0.787,98381.05661136859,mandatory_service
25,0.7694,205347.6206726869,mandatory_service
250,0.7785,77853.19820796055,mandatory_service
251,0.7934,123141.43426387003,mandatory_service
252,0.7414,234967.86250354463,mandatory_service
253,0.7772,169670.2451007896,mandatory_service
254,0.7875,94243.60739768743,mandatory_service
255,0.7711,114492.67486453363,mandatory_service
256,0.7851,106263.59875116046,mandatory_service
257,0.7825,104959.4310635585,mandatory_service
258,0.7368,491625.13801795384,mandatory_service
259,0.7368,491606.6573873762,mandatory_service
26,0.7674,57534.38438324122,mandatory_service
260,0.7763,307666.1280541792,mandatory_service
261,0.7644,424388.0713972013,mandatory_service
262,0.767,416219.3321893571,mandatory_service
263,0.7541,202919.6077625286,mandatory_service
264,0.7592,348173.7020949003,mandatory_service
265,0.7466,412661.20895595336,mandatory_service
266,0.7566,354339.2293625429,mandatory_service
267,0.7488,257722.21503823865,mandatory_service
268,0.7688,130377.2162091822,mandatory_service
269,0.7676,290285.00161643716,mandatory_service
27,0.7679,102365.55669514439,mandatory_service
270,0.7504,194226.28914273845,mandatory_service
271,0.7238,250850.54595401778,mandatory_service
272,0.766,359984.238399364,mandatory_service
273,0.7645,160617.35190101372,mandatory_service
274,0.7518,329508.5250784324,mandatory_service
275,0.7016,254270.4667512479,mandatory_service
276,0.7728,106758.04057529704,mandatory_service
277,0.7608,444702.13988692965,mandatory_service
278,0.7622,383546.90227372816,mandatory_service
279,0.7394,147715.086276244,mandatory_service
28,0.7616,84831.94110845958,mandatory_service
280,0.7576,107018.23038466662,mandatory_service
281,0.7457,202798.83261378773,mandatory_service
282,0.7681,192423.43880240252,mandatory_service
283,0.7539,225032.24425116144,mandatory_service
284,0.7562,348801.7132893969,mandatory_service
285,0.7457,108392.23134283043,mandatory_service
286,0.7548,201667.8261551113,mandatory_service
287,0.7512,229313.18383026638,mandatory_service
288,0.7655,163230.1480521498,mandatory_service
289,0.7454,229928.3931788717,mandatory_service
29,0.775,158934.59525744084,mandatory_service
290,0.7505,171933.35017208458,mandatory_service
291,0.7519,150155.75647540676,mandatory_service
292,0.7682,170495.5530644437,mandatory_service
293,0.7876,157126.21900124924,mandatory_service
294,0.7665,224073.31687500788,mandatory_service
295,0.747,121224.48169688437,mandatory_service
296,0.7155,266542.8073390067,mandatory_service
297,0.7636,116068.39548367709,mandatory_service
298,0.7665,100536.02565406008,mandatory_service
299,0.7668,127721.3017367024,mandatory_service
3,0.7771,115851.86522588492,mandatory_service
30,0.767,139576.16384651398,mandatory_service
31,0.7657,196135.60089437373,mandatory_service
32,0.7664,124018.8382025247,mandatory_service
33,0.7664,155893.75991417954,mandatory_service
34,0.7722,96231.59370696604,mandatory_service
35,0.7567,115171.85584071466,mandatory_service
36,0.7766,206407.69602351406,mandatory_service
37,0.7676,87383.08550697024,mandatory_service
38,0.7845,281285.77678616863,mandatory_service
39,0.7529,226123.33709281817,mandatory_service
4,0.7787,219096.40566326873,mandatory_service
40,0.7624,105268.95765060993,mandatory_service
41,0.7638,906040.0002060288,mandatory_service
42,0.7482,906040.0000290013,mandatory_service
43,0.7565,905426.4123814947,mandatory_service
44,0.779,101457.30386766187,mandatory_service
45,0.7851,124862.07580933305,mandatory_service
46,0.7615,87457.91952152424,mandatory_service
47,0.7361,905515.5202521704,mandatory_service
48,0.7511,213288.40224674714,mandatory_service
49,0.7723,89973.62500013925,mandatory_service
5,0.7301,203904.38777736196,mandatory_service
50,0.7463,205009.19059761005,mandatory_service
51,0.7603,88144.4655599578,mandatory_service
52,0.7614,137316.49886528339,mandatory_service
53,0.7527,264493.9772962256,mandatory_service
54,0.7339,459481.451911284,mandatory_service
55,0.7155,328883.2354039019,mandatory_service
56,0.7376,78979.82450200847,mandatory_service
57,0.7515,109443.59297400215,mandatory_service
58,0.7555,165824.85855315597,mandatory_service
59,0.7589,155615.10817955213,mandatory_service
6,0.8054,112031.67277091801,mandatory_service
60,0.7593,155549.23788756167,mandatory_service
61,0.7393,154558.62871543417,mandatory_service
62,0.7454,134829.15146844977,mandatory_service
63,0.7532,134329.34255962222,mandatory_service
64,0.7463,84498.56508792723,mandatory_service
65,0.7461,79525.85822991289,mandatory_service
66,0.7482,71739.71605479502,mandatory_service
67,0.7578,106284.84831675599,mandatory_service
68,0.7308,166610.327614394,mandatory_service
69,0.708,164610.48028456897,mandatory_service
7,0.7684,256373.54635692938,mandatory_service
70,0.7499,93215.15114076332,mandatory_service
71,0.7342,133361.2526046149,mandatory_service
72,0.7038,157021.8587295553,mandatory_service
73,0.7312,142062.0442874195,mandatory_service
74,0.7379,120532.22450632381,mandatory_service
75,0.7155,2877040.0000032624,mandatory_service
76,0.7068,2876906.1867174297,mandatory_service
77,0.708,2876920.9828373524,mandatory_service
78,0.7174,2876421.751616364,mandatory_service
79,0.7156,2876860.9932270315,mandatory_service
8,0.7724,211014.82904146786,mandatory_service
80,0.7221,2877039.9999880577,mandatory_service
81,0.7313,2876994.508906475,mandatory_service
82,0.7129,2877040.0163646573,mandatory_service
83,0.7232,2877040.000000056,mandatory_service
84,0.6899,2876558.3705327353,mandatory_service
85,0.6851,2876637.8723200033,mandatory_service
86,0.7086,2877039.991728962,mandatory_service
87,0.7381,469838.9638431637,mandatory_service
88,0.7348,469519.8665093225,mandatory_service
89,0.7639,206063.7555109461,mandatory_service
9,0.7859,165842.74609892463,mandatory_service
90,0.7605,217520.41696543677,mandatory_service
91,0.7476,377284.1712779972,mandatory_service
92,0.7615,182042.29332300788,mandatory_service
93,0.7432,826064.115036562,mandatory_service
94,0.7163,825997.9357487308,mandatory_service
95,0.7392,825493.2232396624,mandatory_service
96,0.741,255570.0786535427,mandatory_service
97,0.7657,479910.6564404217,mandatory_service
98,0.7725,479718.72344821633,mandatory_service
99,0.7647,215526.51344431812,mandatory_service
1,0.1269,156146.91219309898,gender_equality_too_far
10,0.1198,166471.2930691627,gender_equality_too_far
100,0.1055,225480.3522156972,gender_equality_too_far
101,0.0981,407890.85381560476,gender_equality_too_far
102,0.1048,281768.98076001246,gender_equality_too_far
103,0.1071,142658.23720478482,gender_equality_too_far
104,0.1041,391543.0373754122,gender_equality_too_far
105,0.1041,391558.8004555166,gender_equality_too_far
106,0.0966,494218.3319042906,gender_equality_too_far
107,0.0966,494219.96093411255,gender_equality_too_far
108,0.1073,363673.56008346134,gender_equality_too_far
109,0.1116,209297.8539070891,gender_equality_too_far
11,0.1159,166836.21906336443,gender_equality_too_far
110,0.1074,320280.1149764613,gender_equality_too_far
111,0.1134,236760.5046750637,gender_equality_too_far
112,0.1241,249336.21906869547,gender_equality_too_far
113,0.1136,366336.2851592385,gender_equality_too_far
114,0.1118,299541.1330563543,gender_equality_too_far
115,0.1087,396276.38943833264,gender_equality_too_far
116,0.1087,396373.33212362515,gender_equality_too_far
117,0.1067,243750.69746423358,gender_equality_too_far
118,0.0999,203613.27195902585,gender_equality_too_far
119,0.1003,455933.8732086029,gender_equality_too_far
12,0.1332,153175.19652881895,gender_equality_too_far
120,0.1003,456020.53375132655,gender_equality_too_far
121,0.1121,498771.4750146778,gender_equality_too_far
122,0.1121,498709.6427058843,gender_equality_too_far
123,0.1102,204675.96619656123,gender_equality_too_far
124,0.1202,326015.12804966717,gender_equality_too_far
125,0.1108,366415.6006192377,gender_equality_too_far
126,0.1219,293566.14240599767,gender_equality_too_far
127,0.1184,194330.8471030403,gender_equality_too_far
128,0.1191,350928.9874258416,gender_equality_too_far
129,0.0946,244367.79992332731,gender_equality_too_far
13,0.1331,156364.76501065,gender_equality_too_far
130,0.1209,220117.08373788834,gender_equality_too_far
131,0.1171,283928.1380258957,gender_equality_too_far
132,0.105,264316.5948110892,gender_equality_too_far
133,0.1141,206947.44889617665,gender_equality_too_far
134,0.1204,252840.34757535404,gender_equality_too_far
135,0.1174,275039.22121060453,gender_equality_too_far
136,0.125,150831.06981403066,gender_equality_too_far
137,0.1206,246867.57793827367,gender_equality_too_far
138,0.1101,201784.98668589175,gender_equality_too_far
139,0.1073,254498.50955151534,gender_equality_too_far
14,0.1244,171852.85511876698,gender_equality_too_far
140,0.0995,288318.3119799407,gender_equality_too_far
141,0.1027,196999.4437813509,gender_equality_too_far
142,0.1027,479802.95794022887,gender_equality_too_far
143,0.1027,479821.29101912136,gender_equality_too_far
144,0.1108,317213.10804336413,gender_equality_too_far
145,0.1129,221583.589226408,gender_equality_too_far
146,0.1215,235963.20544327798,gender_equality_too_far
147,0.1291,207983.59959208468,gender_equality_too_far
148,0.1204,220544.11485789935,gender_equality_too_far
149,0.1239,189899.65486953108,gender_equality_too_far
15,0.1335,177171.1056234898,gender_equality_too_far
150,0.1212,328426.4883106674,gender_equality_too_far
151,0.1273,156287.43169108193,gender_equality_too_far
152,0.0957,447273.0462806228,gender_equality_too_far
153,0.0957,447243.65590118093,gender_equality_too_far
154,0.1197,203485.01944982784,gender_equality_too_far
155,0.1182,189334.39291100815,gender_equality_too_far
156,0.1221,230765.27810862593,gender_equality_too_far
157,0.1249,191431.58226584247,gender_equality_too_far
158,0.1186,189315.47007156236,gender_equality_too_far
159,0.0959,417647.8505356109,gender_equality_too_far
16,0.1339,188390.8326199093,gender_equality_too_far
160,0.1053,341234.6099588987,gender_equality_too_far
161,0.1244,234219.82598483737,gender_equality_too_far
162,0.1062,179951.4826308836,gender_equality_too_far
163,0.1209,243241.04581463398,gender_equality_too_far
164,0.1187,256612.53907117652,gender_equality_too_far
165,0.1161,245404.13989671535,gender_equality_too_far
166,0.1238,176363.3722710095,gender_equality_too_far
167,0.1259,150847.19248560639,gender_equality_too_far
168,0.1148,174948.92758784763,gender_equality_too_far
169,0.1304,82837.07649342252,gender_equality_too_far
17,0.1341,192718.9279291037,gender_equality_too_far
170,0.1268,134244.55708584565,gender_equality_too_far
171,0.1169,192767.679643849,gender_equality_too_far
172,0.1227,199828.3130746693,gender_equality_too_far
173,0.1202,151701.4962621543,gender_equality_too_far
174,0.1261,138746.12312425295,gender_equality_too_far
175,0.1184,288922.3772270948,gender_equality_too_far
176,0.1127,162361.87609394698,gender_equality_too_far
177,0.1157,243612.56356526492,gender_equality_too_far
178,0.1172,142711.3720274556,gender_equality_too_far
179,0.1061,227070.2518071342,gender_equality_too_far
18,0.0991,1421002.2593554342,gender_equality_too_far
180,0.1178,331219.6662066321,gender_equality_too_far
181,0.1019,186134.08587471946,gender_equality_too_far
182,0.0975,597316.9289922566,gender_equality_too_far
183,0.0975,597119.979697627,gender_equality_too_far
184,0.114,207677.8943569085,gender_equality_too_far
185,0.1067,246244.22266916416,gender_equality_too_far
186,0.1073,209100.38922005054,gender_equality_too_far
187,0.1171,151964.41207017357,gender_equality_too_far
188,0.1136,217023.4649560447,gender_equality_too_far
189,0.1293,63479.47863541032,gender_equality_too_far
19,0.0991,1430556.9948969542,gender_equality_too_far
190,0.1276,98328.8375353136,gender_equality_too_far
191,0.1214,57329.668210706746,gender_equality_too_far
192,0.1228,97103.89456177686,gender_equality_too_far
193,0.1072,128018.6219006737,gender_equality_too_far
194,0.1216,71429.80636382155,gender_equality_too_far
195,0.1243,66552.61663215315,gender_equality_too_far
196,0.1262,65604.03583878439,gender_equality_too_far
197,0.123,124497.04897961108,gender_equality_too_far
198,0.1235,129788.89967360128,gender_equality_too_far
199,0.1204,126188.29445828657,gender_equality_too_far
2,0.1331,126617.81067176482,gender_equality_too_far
20,0.0991,1431329.7804752644,gender_equality_too_far
200,0.1305,71012.6202541161,gender_equality_too_far
201,0.1281,97548.86235301365,gender_equality_too_far
202,0.1367,68267.7552315342,gender_equality_too_far
203,0.1223,110806.5196587859,gender_equality_too_far
204,0.1247,141190.6093562236,gender_equality_too_far
205,0.1077,165730.91092029086,gender_equality_too_far
206,0.1151,111780.77145883288,gender_equality_too_far
207,0.1111,110882.44884675027,gender_equality_too_far
208,0.1142,94362.25613613243,gender_equality_too_far
209,0.1251,60711.17813870885,gender_equality_too_far
21,0.0991,1431298.9874824153,gender_equality_too_far
210,0.1241,68045.19178860822,gender_equality_too_far
211,0.1208,88636.80629276097,gender_equality_too_far
212,0.132,88824.58818819381,gender_equality_too_far
213,0.1201,106040.88849210861,gender_equality_too_far
214,0.1231,114277.4362937002,gender_equality_too_far
215,0.1151,138772.1022482832,gender_equality_too_far
216,0.128,94460.0472031337,gender_equality_too_far
217,0.0909,1204507.0364880688,gender_equality_too_far
218,0.0909,1204367.2685137496,gender_equality_too_far
219,0.0909,1203811.9304614188,gender_equality_too_far
22,0.0991,1430951.582966886,gender_equality_too_far
220,0.0909,1204570.5462810397,gender_equality_too_far
221,0.1061,273975.8695181723,gender_equality_too_far
222,0.1219,195381.17695181782,gender_equality_too_far
223,0.1261,87433.09608902044,gender_equality_too_far
224,0.116,97927.10241617101,gender_equality_too_far
225,0.1319,114691.21344866653,gender_equality_too_far
226,0.1279,86171.71429780195,gender_equality_too_far
227,0.1351,79236.91113039952,gender_equality_too_far
228,0.1291,108643.97946313373,gender_equality_too_far
229,0.1317,148549.29339360775,gender_equality_too_far
23,0.0991,1430979.5587980626,gender_equality_too_far
230,0.1363,88837.43598801222,gender_equality_too_far
231,0.1355,68797.40963185742,gender_equality_too_far
232,0.1312,90761.54694977363,gender_equality_too_far
233,0.1229,147987.87406906814,gender_equality_too_far
234,0.1346,108652.73819635087,gender_equality_too_far
235,0.1355,63773.85339297382,gender_equality_too_far
236,0.1226,102030.78339398111,gender_equality_too_far
237,0.1294,81108.48554729173,gender_equality_too_far
238,0.1309,55680.5282195036,gender_equality_too_far
239,0.1325,62920.67454943145,gender_equality_too_far
24,0.1247,140060.76032577365,gender_equality_too_far
240,0.1296,71998.71051860439,gender_equality_too_far
241,0.1324,118560.08657677029,gender_equality_too_far
242,0.115,99670.56706345096,gender_equality_too_far
243,0.1284,79906.38667921201,gender_equality_too_far
244,0.1045,421645.16416584176,gender_equality_too_far
245,0.1054,310021.82372011937,gender_equality_too_far
246,0.1221,114053.8546474647,gender_equality_too_far
247,0.1176,129000.1599732756,gender_equality_too_far
248,0.1326,67732.83506927769,gender_equality_too_far
249,0.129,98381.05661136859,gender_equality_too_far
25,0.1281,205347.6206726869,gender_equality_too_far
250,0.1268,77853.19820796055,gender_equality_too_far
251,0.1185,123141.43426387003,gender_equality_too_far
252,0.1083,234967.86250354463,gender_equality_too_far
253,0.1211,169670.2451007896,gender_equality_too_far
254,0.1308,94243.60739768743,gender_equality_too_far
255,0.1263,114492.67486453363,gender_equality_too_far
256,0.1274,106263.59875116046,gender_equality_too_far
257,0.129,104959.4310635585,gender_equality_too_far
258,0.096,491625.13801795384,gender_equality_too_far
259,0.096,491606.6573873762,gender_equality_too_far
26,0.1278,57534.38438324122,gender_equality_too_far
260,0.1093,307666.1280541792,gender_equality_too_far
261,0.1067,424388.0713972013,gender_equality_too_far
262,0.1069,416219.3321893571,gender_equality_too_far
263,0.1172,202919.6077625286,gender_equality_too_far
264,0.1122,348173.7020949003,gender_equality_too_far
265,0.1065,412661.20895595336,gender_equality_too_far
266,0.1104,354339.2293625429,gender_equality_too_far
267,0.1157,257722.21503823865,gender_equality_too_far
268,0.1272,130377.2162091822,gender_equality_too_far
269,0.1174,290285.00161643716,gender_equality_too_far
27,0.1181,102365.55669514439,gender_equality_too_far
270,0.1224,194226.28914273845,gender_equality_too_far
271,0.1,250850.54595401778,gender_equality_too_far
272,0.1135,359984.238399364,gender_equality_too_far
273,0.1204,160617.35190101372,gender_equality_too_far
274,0.1057,329508.5250784324,gender_equality_too_far
275,0.1052,254270.4667512479,gender_equality_too_far
276,0.1301,106758.04057529704,gender_equality_too_far
277,0.1102,444702.13988692965,gender_equality_too_far
278,0.1125,383546.90227372816,gender_equality_too_far
279,0.1138,147715.086276244,gender_equality_too_far
28,0.1269,84831.94110845958,gender_equality_too_far
280,0.1251,107018.23038466662,gender_equality_too_far
281,0.1096,202798.83261378773,gender_equality_too_far
282,0.1214,192423.43880240252,gender_equality_too_far
283,0.1214,225032.24425116144,gender_equality_too_far
284,0.1244,348801.7132893969,gender_equality_too_far
285,0.1253,108392.23134283043,gender_equality_too_far
286,0.1244,201667.8261551113,gender_equality_too_far
287,0.1147,229313.18383026638,gender_equality_too_far
288,0.1256,163230.1480521498,gender_equality_too_far
289,0.1174,229928.3931788717,gender_equality_too_far
29,0.1285,158934.59525744084,gender_equality_too_far
290,0.1106,171933.35017208458,gender_equality_too_far
291,0.1217,150155.75647540676,gender_equality_too_far
292,0.1242,170495.5530644437,gender_equality_too_far
293,0.1186,157126.21900124924,gender_equality_too_far
294,0.1228,224073.31687500788,gender_equality_too_far
295,0.1282,121224.48169688437,gender_equality_too_far
296,0.1114,266542.8073390067,gender_equality_too_far
297,0.1196,116068.39548367709,gender_equality_too_far
298,0.1175,100536.02565406008,gender_equality_too_far
299,0.1138,127721.3017367024,gender_equality_too_far
3,0.1294,115851.86522588492,gender_equality_too_far
30,0.128,139576.16384651398,gender_equality_too_far
31,0.1287,196135.60089437373,gender_equality_too_far
32,0.1304,124018.8382025247,gender_equality_too_far
33,0.1298,155893.75991417954,gender_equality_too_far
34,0.1202,96231.59370696604,gender_equality_too_far
35,0.1331,115171.85584071466,gender_equality_too_far
36,0.1155,206407.69602351406,gender_equality_too_far
37,0.1266,87383.08550697024,gender_equality_too_far
38,0.1229,281285.77678616863,gender_equality_too_far
39,0.1156,226123.33709281817,gender_equality_too_far
4,0.1229,219096.40566326873,gender_equality_too_far
40,0.127,105268.95765060993,gender_equality_too_far
41,0.1093,906040.0002060288,gender_equality_too_far
42,0.1093,906040.0000290013,gender_equality_too_far
43,0.1093,905426.4123814947,gender_equality_too_far
44,0.1318,101457.30386766187,gender_equality_too_far
45,0.1222,124862.07580933305,gender_equality_too_far
46,0.1278,87457.91952152424,gender_equality_too_far
47,0.1093,905515.5202521704,gender_equality_too_far
48,0.1183,213288.40224674714,gender_equality_too_far
49,0.1223,89973.62500013925,gender_equality_too_far
5,0.1024,203904.38777736196,gender_equality_too_far
50,0.1019,205009.19059761005,gender_equality_too_far
51,0.1249,88144.4655599578,gender_equality_too_far
52,0.1268,137316.49886528339,gender_equality_too_far
53,0.1206,264493.9772962256,gender_equality_too_far
54,0.1052,459481.451911284,gender_equality_too_far
55,0.1102,328883.2354039019,gender_equality_too_far
56,0.1374,78979.82450200847,gender_equality_too_far
57,0.1331,109443.59297400215,gender_equality_too_far
58,0.1217,165824.85855315597,gender_equality_too_far
59,0.122,155615.10817955213,gender_equality_too_far
6,0.1211,112031.67277091801,gender_equality_too_far
60,0.1215,155549.23788756167,gender_equality_too_far
61,0.1133,154558.62871543417,gender_equality_too_far
62,0.1251,134829.15146844977,gender_equality_too_far
63,0.1247,134329.34255962222,gender_equality_too_far
64,0.1245,84498.56508792723,gender_equality_too_far
65,0.1314,79525.85822991289,gender_equality_too_far
66,0.1414,71739.71605479502,gender_equality_too_far
67,0.1326,106284.84831675599,gender_equality_too_far
68,0.1324,166610.327614394,gender_equality_too_far
69,0.1225,164610.48028456897,gender_equality_too_far
7,0.1113,256373.54635692938,gender_equality_too_far
70,0.1348,93215.15114076332,gender_equality_too_far
71,0.1315,133361.2526046149,gender_equality_too_far
72,0.1181,157021.8587295553,gender_equality_too_far
73,0.1287,142062.0442874195,gender_equality_too_far
74,0.1308,120532.22450632381,gender_equality_too_far
75,0.0946,2877040.0000032624,gender_equality_too_far
76,0.0946,2876906.1867174297,gender_equality_too_far
77,0.0946,2876920.9828373524,gender_equality_too_far
78,0.0946,2876421.751616364,gender_equality_too_far
79,0.0946,2876860.9932270315,gender_equality_too_far
8,0.118,211014.82904146786,gender_equality_too_far
80,0.0946,2877039.9999880577,gender_equality_too_far
81,0.0946,2876994.508906475,gender_equality_too_far
82,0.0946,2877040.0163646573,gender_equality_too_far
83,0.0946,2877040.000000056,gender_equality_too_far
84,0.0946,2876558.3705327353,gender_equality_too_far
85,0.0946,2876637.8723200033,gender_equality_too_far
86,0.0946,2877039.991728962,gender_equality_too_far
87,0.1093,469838.9638431637,gender_equality_too_far
88,0.1093,469519.8665093225,gender_equality_too_far
89,0.1185,206063.7555109461,gender_equality_too_far
9,0.1244,165842.74609892463,gender_equality_too_far
90,0.1196,217520.41696543677,gender_equality_too_far
91,0.1088,377284.1712779972,gender_equality_too_far
92,0.1219,182042.29332300788,gender_equality_too_far
93,0.0951,826064.115036562,gender_equality_too_far
94,0.0951,825997.9357487308,gender_equality_too_far
95,0.0951,825493.2232396624,gender_equality_too_far
96,0.0925,255570.0786535427,gender_equality_too_far
97,0.1097,479910.6564404217,gender_equality_too_far
98,0.1097,479718.72344821633,gender_equality_too_far
99,0.118,215526.51344431812,gender_equality_too_far
1,0.3549,156146.91219309898,fear_immigration
10,0.3544,166471.2930691627,fear_immigration
100,0.3053,225480.3522156972,fear_immigration
101,0.2953,407890.85381560476,fear_immigration
102,0.3356,281768.98076001246,fear_immigration
103,0.3426,142658.23720478482,fear_immigration
104,0.3345,391543.0373754122,fear_immigration
105,0.3222,391558.8004555166,fear_immigration
106,0.2801,494218.3319042906,fear_immigration
107,0.3056,494219.96093411255,fear_immigration
108,0.3453,363673.56008346134,fear_immigration
109,0.3263,209297.8539070891,fear_immigration
11,0.3431,166836.21906336443,fear_immigration
110,0.3251,320280.1149764613,fear_immigration
111,0.3501,236760.5046750637,fear_immigration
112,0.3415,249336.21906869547,fear_immigration
113,0.3666,366336.2851592385,fear_immigration
114,0.3512,299541.1330563543,fear_immigration
115,0.3803,396276.38943833264,fear_immigration
116,0.3792,396373.33212362515,fear_immigration
117,0.3666,243750.69746423358,fear_immigration
118,0.3225,203613.27195902585,fear_immigration
119,0.313,455933.8732086029,fear_immigration
12,0.4278,153175.19652881895,fear_immigration
120,0.3471,456020.53375132655,fear_immigration
121,0.3638,498771.4750146778,fear_immigration
122,0.3638,498709.6427058843,fear_immigration
123,0.3823,204675.96619656123,fear_immigration
124,0.3485,326015.12804966717,fear_immigration
125,0.3526,366415.6006192377,fear_immigration
126,0.3555,293566.14240599767,fear_immigration
127,0.3199,194330.8471030403,fear_immigration
128,0.3248,350928.9874258416,fear_immigration
129,0.2529,244367.79992332731,fear_immigration
13,0.4569,156364.76501065,fear_immigration
130,0.3517,220117.08373788834,fear_immigration
131,0.3396,283928.1380258957,fear_immigration
132,0.3043,264316.5948110892,fear_immigration
133,0.3682,206947.44889617665,fear_immigration
134,0.3725,252840.34757535404,fear_immigration
135,0.3564,275039.22121060453,fear_immigration
136,0.3522,150831.06981403066,fear_immigration
137,0.3622,246867.57793827367,fear_immigration
138,0.3511,201784.98668589175,fear_immigration
139,0.3495,254498.50955151534,fear_immigration
14,0.4134,171852.85511876698,fear_immigration
140,0.3246,288318.3119799407,fear_immigration
141,0.3319,196999.4437813509,fear_immigration
142,0.3281,479802.95794022887,fear_immigration
143,0.3246,479821.29101912136,fear_immigration
144,0.3626,317213.10804336413,fear_immigration
145,0.3591,221583.589226408,fear_immigration
146,0.3554,235963.20544327798,fear_immigration
147,0.3758,207983.59959208468,fear_immigration
148,0.3783,220544.11485789935,fear_immigration
149,0.3791,189899.65486953108,fear_immigration
15,0.4621,177171.1056234898,fear_immigration
150,0.4321,328426.4883106674,fear_immigration
151,0.4472,156287.43169108193,fear_immigration
152,0.3122,447273.0462806228,fear_immigration
153,0.3501,447243.65590118093,fear_immigration
154,0.4657,203485.01944982784,fear_immigration
155,0.4668,189334.39291100815,fear_immigration
156,0.5131,230765.27810862593,fear_immigration
157,0.4807,191431.58226584247,fear_immigration
158,0.4576,189315.47007156236,fear_immigration
159,0.3213,417647.8505356109,fear_immigration
16,0.4515,188390.8326199093,fear_immigration
160,0.4301,341234.6099588987,fear_immigration
161,0.455,234219.82598483737,fear_immigration
162,0.4043,179951.4826308836,fear_immigration
163,0.4515,243241.04581463398,fear_immigration
164,0.4742,256612.53907117652,fear_immigration
165,0.4728,245404.13989671535,fear_immigration
166,0.4665,176363.3722710095,fear_immigration
167,0.3681,150847.19248560639,fear_immigration
168,0.3455,174948.92758784763,fear_immigration
169,0.3852,82837.07649342252,fear_immigration
17,0.4653,192718.9279291037,fear_immigration
170,0.3832,134244.55708584565,fear_immigration
171,0.3506,192767.679643849,fear_immigration
172,0.3679,199828.3130746693,fear_immigration
173,0.3541,151701.4962621543,fear_immigration
174,0.4161,138746.12312425295,fear_immigration
175,0.3844,288922.3772270948,fear_immigration
176,0.3361,162361.87609394698,fear_immigration
177,0.34,243612.56356526492,fear_immigration
178,0.3532,142711.3720274556,fear_immigration
179,0.3243,227070.2518071342,fear_immigration
18,0.2715,1421002.2593554342,fear_immigration
180,0.3598,331219.6662066321,fear_immigration
181,0.3078,186134.08587471946,fear_immigration
182,0.2805,597316.9289922566,fear_immigration
183,0.2688,597119.979697627,fear_immigration
184,0.3482,207677.8943569085,fear_immigration
185,0.3291,246244.22266916416,fear_immigration
186,0.3125,209100.38922005054,fear_immigration
187,0.3654,151964.41207017357,fear_immigration
188,0.3601,217023.4649560447,fear_immigration
189,0.4631,63479.47863541032,fear_immigration
19,0.2707,1430556.9948969542,fear_immigration
190,0.4237,98328.8375353136,fear_immigration
191,0.452,57329.668210706746,fear_immigration
192,0.4513,97103.89456177686,fear_immigration
193,0.4011,128018.6219006737,fear_immigration
194,0.4751,71429.80636382155,fear_immigration
195,0.4605,66552.61663215315,fear_immigration
196,0.4758,65604.03583878439,fear_immigration
197,0.3865,124497.04897961108,fear_immigration
198,0.346,129788.89967360128,fear_immigration
199,0.3542,126188.29445828657,fear_immigration
2,0.3657,126617.81067176482,fear_immigration
20,0.263,1431329.7804752644,fear_immigration
200,0.3779,71012.6202541161,fear_immigration
201,0.3856,97548.86235301365,fear_immigration
202,0.3733,68267.7552315342,fear_immigration
203,0.3444,110806.5196587859,fear_immigration
204,0.3822,141190.6093562236,fear_immigration
205,0.3241,165730.91092029086,fear_immigration
206,0.3944,111780.77145883288,fear_immigration
207,0.3909,110882.44884675027,fear_immigration
208,0.3641,94362.25613613243,fear_immigration
209,0.4062,60711.17813870885,fear_immigration
21,0.2653,1431298.9874824153,fear_immigration
210,0.4024,68045.19178860822,fear_immigration
211,0.3904,88636.80629276097,fear_immigration
212,0.4002,88824.58818819381,fear_immigration
213,0.3555,106040.88849210861,fear_immigration
214,0.3738,114277.4362937002,fear_immigration
215,0.3491,138772.1022482832,fear_immigration
216,0.388,94460.0472031337,fear_immigration
217,0.2749,1204507.0364880688,fear_immigration
218,0.2768,1204367.2685137496,fear_immigration
219,0.2602,1203811.9304614188,fear_immigration
22,0.2784,1430951.582966886,fear_immigration
220,0.272,1204570.5462810397,fear_immigration
221,0.3004,273975.8695181723,fear_immigration
222,0.3762,195381.17695181782,fear_immigration
223,0.3611,87433.09608902044,fear_immigration
224,0.3428,97927.10241617101,fear_immigration
225,0.3795,114691.21344866653,fear_immigration
226,0.3851,86171.71429780195,fear_immigration
227,0.4471,79236.91113039952,fear_immigration
228,0.4257,108643.97946313373,fear_immigration
229,0.4364,148549.29339360775,fear_immigration
23,0.2768,1430979.5587980626,fear_immigration
230,0.4255,88837.43598801222,fear_immigration
231,0.4456,68797.40963185742,fear_immigration
232,0.3938,90761.54694977363,fear_immigration
233,0.4038,147987.87406906814,fear_immigration
234,0.446,108652.73819635087,fear_immigration
235,0.4279,63773.85339297382,fear_immigration
236,0.4013,102030.78339398111,fear_immigration
237,0.3961,81108.48554729173,fear_immigration
238,0.4465,55680.5282195036,fear_immigration
239,0.422,62920.67454943145,fear_immigration
24,0.3697,140060.76032577365,fear_immigration
240,0.4157,71998.71051860439,fear_immigration
241,0.3771,118560.08657677029,fear_immigration
242,0.3358,99670.56706345096,fear_immigration
243,0.3735,79906.38667921201,fear_immigration
244,0.3501,421645.16416584176,fear_immigration
245,0.3239,310021.82372011937,fear_immigration
246,0.3756,114053.8546474647,fear_immigration
247,0.3889,129000.1599732756,fear_immigration
248,0.4259,67732.83506927769,fear_immigration
249,0.3983,98381.05661136859,fear_immigration
25,0.3792,205347.6206726869,fear_immigration
250,0.3782,77853.19820796055,fear_immigration
251,0.333,123141.43426387003,fear_immigration
252,0.3314,234967.86250354463,fear_immigration
253,0.3858,169670.2451007896,fear_immigration
254,0.4285,94243.60739768743,fear_immigration
255,0.4184,114492.67486453363,fear_immigration
256,0.3734,106263.59875116046,fear_immigration
257,0.4017,104959.4310635585,fear_immigration
258,0.28,491625.13801795384,fear_immigration
259,0.2814,491606.6573873762,fear_immigration
26,0.3769,57534.38438324122,fear_immigration
260,0.3445,307666.1280541792,fear_immigration
261,0.3423,424388.0713972013,fear_immigration
262,0.3251,416219.3321893571,fear_immigration
263,0.3881,202919.6077625286,fear_immigration
264,0.3628,348173.7020949003,fear_immigration
265,0.3405,412661.20895595336,fear_immigration
266,0.3675,354339.2293625429,fear_immigration
267,0.395,257722.21503823865,fear_immigration
268,0.4001,130377.2162091822,fear_immigration
269,0.3696,290285.00161643716,fear_immigration
27,0.3439,102365.55669514439,fear_immigration
270,0.3627,194226.28914273845,fear_immigration
271,0.2862,250850.54595401778,fear_immigration
272,0.3868,359984.238399364,fear_immigration
273,0.3949,160617.35190101372,fear_immigration
274,0.3011,329508.5250784324,fear_immigration
275,0.3121,254270.4667512479,fear_immigration
276,0.4012,106758.04057529704,fear_immigration
277,0.3502,444702.13988692965,fear_immigration
278,0.3624,383546.90227372816,fear_immigration
279,0.3902,147715.086276244,fear_immigration
28,0.3704,84831.94110845958,fear_immigration
280,0.4003,107018.23038466662,fear_immigration
281,0.3272,202798.83261378773,fear_immigration
282,0.3449,192423.43880240252,fear_immigration
283,0.365,225032.24425116144,fear_immigration
284,0.3884,348801.7132893969,fear_immigration
285,0.4027,108392.23134283043,fear_immigration
286,0.3942,201667.8261551113,fear_immigration
287,0.3473,229313.18383026638,fear_immigration
288,0.3656,163230.1480521498,fear_immigration
289,0.3618,229928.3931788717,fear_immigration
29,0.369,158934.59525744084,fear_immigration
290,0.3306,171933.35017208458,fear_immigration
291,0.3936,150155.75647540676,fear_immigration
292,0.3902,170495.5530644437,fear_immigration
293,0.3494,157126.21900124924,fear_immigration
294,0.3641,224073.31687500788,fear_immigration
295,0.4111,121224.48169688437,fear_immigration
296,0.3543,266542.8073390067,fear_immigration
297,0.3811,116068.39548367709,fear_immigration
298,0.3764,100536.02565406008,fear_immigration
299,0.3736,127721.3017367024,fear_immigration
3,0.3823,115851.86522588492,fear_immigration
30,0.3506,139576.16384651398,fear_immigration
31,0.3869,196135.60089437373,fear_immigration
32,0.4068,124018.8382025247,fear_immigration
33,0.3518,155893.75991417954,fear_immigration
34,0.3456,96231.59370696604,fear_immigration
35,0.3893,115171.85584071466,fear_immigration
36,0.3367,206407.69602351406,fear_immigration
37,0.3333,87383.08550697024,fear_immigration
38,0.3708,281285.77678616863,fear_immigration
39,0.3416,226123.33709281817,fear_immigration
4,0.3471,219096.40566326873,fear_immigration
40,0.3756,105268.95765060993,fear_immigration
41,0.3221,906040.0002060288,fear_immigration
42,0.3122,906040.0000290013,fear_immigration
43,0.3165,905426.4123814947,fear_immigration
44,0.3716,101457.30386766187,fear_immigration
45,0.3726,124862.07580933305,fear_immigration
46,0.3778,87457.91952152424,fear_immigration
47,0.3177,905515.5202521704,fear_immigration
48,0.3484,213288.40224674714,fear_immigration
49,0.3822,89973.62500013925,fear_immigration
5,0.283,203904.38777736196,fear_immigration
50,0.294,205009.19059761005,fear_immigration
51,0.3804,88144.4655599578,fear_immigration
52,0.358,137316.49886528339,fear_immigration
53,0.3363,264493.9772962256,fear_immigration
54,0.3097,459481.451911284,fear_immigration
55,0.319,328883.2354039019,fear_immigration
56,0.4408,78979.82450200847,fear_immigration
57,0.4258,109443.59297400215,fear_immigration
58,0.414,165824.85855315597,fear_immigration
59,0.4406,155615.10817955213,fear_immigration
6,0.3501,112031.67277091801,fear_immigration
60,0.407,155549.23788756167,fear_immigration
61,0.3333,154558.62871543417,fear_immigration
62,0.4099,134829.15146844977,fear_immigration
63,0.4346,134329.34255962222,fear_immigration
64,0.455,84498.56508792723,fear_immigration
65,0.4656,79525.85822991289,fear_immigration
66,0.4551,71739.71605479502,fear_immigration
67,0.5192,106284.84831675599,fear_immigration
68,0.443,166610.327614394,fear_immigration
69,0.4539,164610.48028456897,fear_immigration
7,0.3423,256373.54635692938,fear_immigration
70,0.4765,93215.15114076332,fear_immigration
71,0.4805,133361.2526046149,fear_immigration
72,0.4404,157021.8587295553,fear_immigration
73,0.4808,142062.0442874195,fear_immigration
74,0.4659,120532.22450632381,fear_immigration
75,0.2753,2877040.0000032624,fear_immigration
76,0.293,2876906.1867174297,fear_immigration
77,0.2951,2876920.9828373524,fear_immigration
78,0.2907,2876421.751616364,fear_immigration
79,0.3018,2876860.9932270315,fear_immigration
8,0.3549,211014.82904146786,fear_immigration
80,0.2908,2877039.9999880577,fear_immigration
81,0.2814,2876994.508906475,fear_immigration
82,0.2698,2877040.0163646573,fear_immigration
83,0.303,2877040.000000056,fear_immigration
84,0.3096,2876558.3705327353,fear_immigration
85,0.2825,2876637.8723200033,fear_immigration
86,0.2882,2877039.991728962,fear_immigration
87,0.3113,469838.9638431637,fear_immigration
88,0.3045,469519.8665093225,fear_immigration
89,0.3724,206063.7555109461,fear_immigration
9,0.3562,165842.74609892463,fear_immigration
90,0.3688,217520.41696543677,fear_immigration
91,0.3353,377284.1712779972,fear_immigration
92,0.355,182042.29332300788,fear_immigration
93,0.2629,826064.115036562,fear_immigration
94,0.2762,825997.9357487308,fear_immigration
95,0.2735,825493.2232396624,fear_immigration
96,0.2585,255570.0786535427,fear_immigration
97,0.3329,479910.6564404217,fear_immigration
98,0.3416,479718.72344821633,fear_immigration
99,0.3484,215526.51344431812,fear_immigration
1,0.5698,156146.91219309898,fear_war
10,0.5586,166471.2930691627,fear_war
100,0.5251,225480.3522156972,fear_war
101,0.5135,407890.85381560476,fear_war
102,0.5312,281768.98076001246,fear_war
103,0.5329,142658.23720478482,fear_war
104,0.527,391543.0373754122,fear_war
105,0.5274,391558.8004555166,fear_war
106,0.5001,494218.3319042906,fear_war
107,0.5029,494219.96093411255,fear_war
108,0.5216,363673.56008346134,fear_war
109,0.5211,209297.8539070891,fear_war
11,0.5535,166836.21906336443,fear_war
110,0.5222,320280.1149764613,fear_war
111,0.5314,236760.5046750637,fear_war
112,0.5323,249336.21906869547,fear_war
113,0.549,366336.2851592385,fear_war
114,0.5405,299541.1330563543,fear_war
115,0.5448,396276.38943833264,fear_war
116,0.5454,396373.33212362515,fear_war
117,0.5446,243750.69746423358,fear_war
118,0.5221,203613.27195902585,fear_war
119,0.5217,455933.8732086029,fear_war
12,0.6193,153175.19652881895,fear_war
120,0.5229,456020.53375132655,fear_war
121,0.5456,498771.4750146778,fear_war
122,0.5455,498709.6427058843,fear_war
123,0.5458,204675.96619656123,fear_war
124,0.5291,326015.12804966717,fear_war
125,0.5423,366415.6006192377,fear_war
126,0.5202,293566.14240599767,fear_war
127,0.5252,194330.8471030403,fear_war
128,0.5363,350928.9874258416,fear_war
129,0.5074,244367.79992332731,fear_war
13,0.6217,156364.76501065,fear_war
130,0.5384,220117.08373788834,fear_war
131,0.5372,283928.1380258957,fear_war
132,0.5337,264316.5948110892,fear_war
133,0.5541,206947.44889617665,fear_war
134,0.5619,252840.34757535404,fear_war
135,0.5621,275039.22121060453,fear_war
136,0.5489,150831.06981403066,fear_war
137,0.5288,246867.57793827367,fear_war
138,0.5414,201784.98668589175,fear_war
139,0.5423,254498.50955151534,fear_war
14,0.6091,171852.85511876698,fear_war
140,0.5264,288318.3119799407,fear_war
141,0.5321,196999.4437813509,fear_war
142,0.5315,479802.95794022887,fear_war
143,0.5315,479821.29101912136,fear_war
144,0.5516,317213.10804336413,fear_war
145,0.5476,221583.589226408,fear_war
146,0.5447,235963.20544327798,fear_war
147,0.5329,207983.59959208468,fear_war
148,0.5518,220544.11485789935,fear_war
149,0.5327,189899.65486953108,fear_war
15,0.6238,177171.1056234898,fear_war
150,0.5498,328426.4883106674,fear_war
151,0.6156,156287.43169108193,fear_war
152,0.5416,447273.0462806228,fear_war
153,0.5435,447243.65590118093,fear_war
154,0.6058,203485.01944982784,fear_war
155,0.6185,189334.39291100815,fear_war
156,0.6238,230765.27810862593,fear_war
157,0.6277,191431.58226584247,fear_war
158,0.6202,189315.47007156236,fear_war
159,0.5503,417647.8505356109,fear_war
16,0.6304,188390.8326199093,fear_war
160,0.5769,341234.6099588987,fear_war
161,0.6121,234219.82598483737,fear_war
162,0.5742,179951.4826308836,fear_war
163,0.614,243241.04581463398,fear_war
164,0.6203,256612.53907117652,fear_war
165,0.6036,245404.13989671535,fear_war
166,0.6123,176363.3722710095,fear_war
167,0.5713,150847.19248560639,fear_war
168,0.5586,174948.92758784763,fear_war
169,0.5782,82837.07649342252,fear_war
17,0.6265,192718.9279291037,fear_war
170,0.5786,134244.55708584565,fear_war
171,0.5579,192767.679643849,fear_war
172,0.5609,199828.3130746693,fear_war
173,0.5581,151701.4962621543,fear_war
174,0.558,138746.12312425295,fear_war
175,0.555,288922.3772270948,fear_war
176,0.5341,162361.87609394698,fear_war
177,0.54990000000000006,243612.56356526492,fear_war
178,0.5451,142711.3720274556,fear_war
179,0.5211,227070.2518071342,fear_war
18,0.5159,1421002.2593554342,fear_war
180,0.5541,331219.6662066321,fear_war
181,0.514,186134.08587471946,fear_war
182,0.5017,597316.9289922566,fear_war
183,0.4995,597119.979697627,fear_war
184,0.5421,207677.8943569085,fear_war
185,0.5238,246244.22266916416,fear_war
186,0.5379,209100.38922005054,fear_war
187,0.5519,151964.41207017357,fear_war
188,0.5495,217023.4649560447,fear_war
189,0.6109,63479.47863541032,fear_war
19,0.516,1430556.9948969542,fear_war
190,0.6157,98328.8375353136,fear_war
191,0.6146,57329.668210706746,fear_war
192,0.6155,97103.89456177686,fear_war
193,0.576,128018.6219006737,fear_war
194,0.6239,71429.80636382155,fear_war
195,0.6259,66552.61663215315,fear_war
196,0.6257,65604.03583878439,fear_war
197,0.5557,124497.04897961108,fear_war
198,0.544,129788.89967360128,fear_war
199,0.5511,126188.29445828657,fear_war
2,0.5709,126617.81067176482,fear_war
20,0.5171,1431329.7804752644,fear_war
200,0.5572,71012.6202541161,fear_war
201,0.5689,97548.86235301365,fear_war
202,0.5561,68267.7552315342,fear_war
203,0.5457,110806.5196587859,fear_war
204,0.5568,141190.6093562236,fear_war
205,0.5328,165730.91092029086,fear_war
206,0.5579,111780.77145883288,fear_war
207,0.5445,110882.44884675027,fear_war
208,0.5543,94362.25613613243,fear_war
209,0.582,60711.17813870885,fear_war
21,0.5163,1431298.9874824153,fear_war
210,0.5741,68045.19178860822,fear_war
211,0.5545,88636.80629276097,fear_war
212,0.5464,88824.58818819381,fear_war
213,0.5272,106040.88849210861,fear_war
214,0.5333,114277.4362937002,fear_war
215,0.5194,138772.1022482832,fear_war
216,0.5369,94460.0472031337,fear_war
217,0.4819,1204507.0364880688,fear_war
218,0.4844,1204367.2685137496,fear_war
219,0.483,1203811.9304614188,fear_war
22,0.5168,1430951.582966886,fear_war
220,0.484,1204570.5462810397,fear_war
221,0.5046,273975.8695181723,fear_war
222,0.5412,195381.17695181782,fear_war
223,0.5365,87433.09608902044,fear_war
224,0.5276,97927.10241617101,fear_war
225,0.5457,114691.21344866653,fear_war
226,0.5366,86171.71429780195,fear_war
227,0.5643,79236.91113039952,fear_war
228,0.5552,108643.97946313373,fear_war
229,0.5597,148549.29339360775,fear_war
23,0.5173,1430979.5587980626,fear_war
230,0.5576,88837.43598801222,fear_war
231,0.5649,68797.40963185742,fear_war
232,0.5531,90761.54694977363,fear_war
233,0.5439,147987.87406906814,fear_war
234,0.5682,108652.73819635087,fear_war
235,0.5603,63773.85339297382,fear_war
236,0.545,102030.78339398111,fear_war
237,0.5492,81108.48554729173,fear_war
238,0.558,55680.5282195036,fear_war
239,0.5628,62920.67454943145,fear_war
24,0.5817,140060.76032577365,fear_war
240,0.5533,71998.71051860439,fear_war
241,0.5572,118560.08657677029,fear_war
242,0.5318,99670.56706345096,fear_war
243,0.5513,79906.38667921201,fear_war
244,0.5119,421645.16416584176,fear_war
245,0.5147,310021.82372011937,fear_war
246,0.5447,114053.8546474647,fear_war
247,0.5397,129000.1599732756,fear_war
248,0.5579,67732.83506927769,fear_war
249,0.5473,98381.05661136859,fear_war
25,0.5506,205347.6206726869,fear_war
250,0.5434,77853.19820796055,fear_war
251,0.5298,123141.43426387003,fear_war
252,0.5212,234967.86250354463,fear_war
253,0.5375,169670.2451007896,fear_war
254,0.5437,94243.60739768743,fear_war
255,0.5457,114492.67486453363,fear_war
256,0.5423,106263.59875116046,fear_war
257,0.5442,104959.4310635585,fear_war
258,0.5023,491625.13801795384,fear_war
259,0.5025,491606.6573873762,fear_war
26,0.573,57534.38438324122,fear_war
260,0.528,307666.1280541792,fear_war
261,0.5244,424388.0713972013,fear_war
262,0.5239,416219.3321893571,fear_war
263,0.5472,202919.6077625286,fear_war
264,0.5397,348173.7020949003,fear_war
265,0.5288,412661.20895595336,fear_war
266,0.5417,354339.2293625429,fear_war
267,0.5552,257722.21503823865,fear_war
268,0.5626,130377.2162091822,fear_war
269,0.542,290285.00161643716,fear_war
27,0.5555,102365.55669514439,fear_war
270,0.5519,194226.28914273845,fear_war
271,0.5164,250850.54595401778,fear_war
272,0.5449,359984.238399364,fear_war
273,0.549,160617.35190101372,fear_war
274,0.5343,329508.5250784324,fear_war
275,0.5252,254270.4667512479,fear_war
276,0.5583,106758.04057529704,fear_war
277,0.5412,444702.13988692965,fear_war
278,0.5422,383546.90227372816,fear_war
279,0.5533,147715.086276244,fear_war
28,0.5703,84831.94110845958,fear_war
280,0.5584,107018.23038466662,fear_war
281,0.5393,202798.83261378773,fear_war
282,0.5532,192423.43880240252,fear_war
283,0.5463,225032.24425116144,fear_war
284,0.5522,348801.7132893969,fear_war
285,0.5586,108392.23134283043,fear_war
286,0.5561,201667.8261551113,fear_war
287,0.5423,229313.18383026638,fear_war
288,0.5521,163230.1480521498,fear_war
289,0.5484,229928.3931788717,fear_war
29,0.5707,158934.59525744084,fear_war
290,0.5398,171933.35017208458,fear_war
291,0.5464,150155.75647540676,fear_war
292,0.5476,170495.5530644437,fear_war
293,0.5402,157126.21900124924,fear_war
294,0.5445,224073.31687500788,fear_war
295,0.5595,121224.48169688437,fear_war
296,0.5546,266542.8073390067,fear_war
297,0.5664,116068.39548367709,fear_war
298,0.5603,100536.02565406008,fear_war
299,0.5596,127721.3017367024,fear_war
3,0.5696,115851.86522588492,fear_war
30,0.5623,139576.16384651398,fear_war
31,0.5361,196135.60089437373,fear_war
32,0.5384,124018.8382025247,fear_war
33,0.5638,155893.75991417954,fear_war
34,0.5612,96231.59370696604,fear_war
35,0.5751,115171.85584071466,fear_war
36,0.5532,206407.69602351406,fear_war
37,0.5739,87383.08550697024,fear_war
38,0.5533,281285.77678616863,fear_war
39,0.5464,226123.33709281817,fear_war
4,0.5618,219096.40566326873,fear_war
40,0.5704,105268.95765060993,fear_war
41,0.5462,906040.0002060288,fear_war
42,0.5444,906040.0000290013,fear_war
43,0.5453,905426.4123814947,fear_war
44,0.5722,101457.30386766187,fear_war
45,0.5713,124862.07580933305,fear_war
46,0.5758,87457.91952152424,fear_war
47,0.5454,905515.5202521704,fear_war
48,0.5609,213288.40224674714,fear_war
49,0.5636,89973.62500013925,fear_war
5,0.5323,203904.38777736196,fear_war
50,0.5282,205009.19059761005,fear_war
51,0.5657,88144.4655599578,fear_war
52,0.5675,137316.49886528339,fear_war
53,0.5546,264493.9772962256,fear_war
54,0.5311,459481.451911284,fear_war
55,0.5379,328883.2354039019,fear_war
56,0.6213,78979.82450200847,fear_war
57,0.6243,109443.59297400215,fear_war
58,0.5961,165824.85855315597,fear_war
59,0.6186,155615.10817955213,fear_war
6,0.5614,112031.67277091801,fear_war
60,0.5927,155549.23788756167,fear_war
61,0.5822,154558.62871543417,fear_war
62,0.606,134829.15146844977,fear_war
63,0.6196,134329.34255962222,fear_war
64,0.6321,84498.56508792723,fear_war
65,0.6322,79525.85822991289,fear_war
66,0.6242,71739.71605479502,fear_war
67,0.621,106284.84831675599,fear_war
68,0.6114,166610.327614394,fear_war
69,0.6016,164610.48028456897,fear_war
7,0.5431,256373.54635692938,fear_war
70,0.6093,93215.15114076332,fear_war
71,0.6181,133361.2526046149,fear_war
72,0.5936,157021.8587295553,fear_war
73,0.6209,142062.0442874195,fear_war
74,0.6233,120532.22450632381,fear_war
75,0.5227,2877040.0000032624,fear_war
76,0.5221,2876906.1867174297,fear_war
77,0.5215,2876920.9828373524,fear_war
78,0.5196,2876421.751616364,fear_war
79,0.5223,2876860.9932270315,fear_war
8,0.5537,211014.82904146786,fear_war
80,0.5221,2877039.9999880577,fear_war
81,0.5207,2876994.508906475,fear_war
82,0.5223,2877040.0163646573,fear_war
83,0.5235,2877040.000000056,fear_war
84,0.523,2876558.3705327353,fear_war
85,0.5225,2876637.8723200033,fear_war
86,0.5225,2877039.991728962,fear_war
87,0.5234,469838.9638431637,fear_war
88,0.5231,469519.8665093225,fear_war
89,0.5359,206063.7555109461,fear_war
9,0.5628,165842.74609892463,fear_war
90,0.5465,217520.41696543677,fear_war
91,0.5311,377284.1712779972,fear_war
92,0.5471,182042.29332300788,fear_war
93,0.5126,826064.115036562,fear_war
94,0.512,825997.9357487308,fear_war
95,0.5113,825493.2232396624,fear_war
96,0.5023,255570.0786535427,fear_war
97,0.5311,479910.6564404217,fear_war
98,0.5299,479718.72344821633,fear_war
99,0.552,215526.51344431812,fear_war
1,0.4219,156146.91219309898,populism_people_decide
10,0.4342,166471.2930691627,populism_people_decide
100,0.3486,225480.3522156972,populism_people_decide
101,0.3467,407890.85381560476,populism_people_decide
102,0.3891,281768.98076001246,populism_people_decide
103,0.3837,142658.23720478482,populism_people_decide
104,0.3738,391543.0373754122,populism_people_decide
105,0.3563,391558.8004555166,populism_people_decide
106,0.3168,494218.3319042906,populism_people_decide
107,0.3297,494219.96093411255,populism_people_decide
108,0.3724,363673.56008346134,populism_people_decide
109,0.3916,209297.8539070891,populism_people_decide
11,0.4087,166836.21906336443,populism_people_decide
110,0.3529,320280.1149764613,populism_people_decide
111,0.4023,236760.5046750637,populism_people_decide
112,0.3926,249336.21906869547,populism_people_decide
113,0.4216,366336.2851592385,populism_people_decide
114,0.4051,299541.1330563543,populism_people_decide
115,0.4174,396276.38943833264,populism_people_decide
116,0.4393,396373.33212362515,populism_people_decide
117,0.3898,243750.69746423358,populism_people_decide
118,0.3694,203613.27195902585,populism_people_decide
119,0.3604,455933.8732086029,populism_people_decide
12,0.5327,153175.19652881895,populism_people_decide
120,0.3641,456020.53375132655,populism_people_decide
121,0.4187,498771.4750146778,populism_people_decide
122,0.4187,498709.6427058843,populism_people_decide
123,0.4432,204675.96619656123,populism_people_decide
124,0.3858,326015.12804966717,populism_people_decide
125,0.408,366415.6006192377,populism_people_decide
126,0.3836,293566.14240599767,populism_people_decide
127,0.3577,194330.8471030403,populism_people_decide
128,0.3657,350928.9874258416,populism_people_decide
129,0.2762,244367.79992332731,populism_people_decide
13,0.5702,156364.76501065,populism_people_decide
130,0.3961,220117.08373788834,populism_people_decide
131,0.3786,283928.1380258957,populism_people_decide
132,0.3907,264316.5948110892,populism_people_decide
133,0.4293,206947.44889617665,populism_people_decide
134,0.4422,252840.34757535404,populism_people_decide
135,0.4361,275039.22121060453,populism_people_decide
136,0.4292,150831.06981403066,populism_people_decide
137,0.3922,246867.57793827367,populism_people_decide
138,0.4063,201784.98668589175,populism_people_decide
139,0.4017,254498.50955151534,populism_people_decide
14,0.5167,171852.85511876698,populism_people_decide
140,0.3734,288318.3119799407,populism_people_decide
141,0.4144,196999.4437813509,populism_people_decide
142,0.3891,479802.95794022887,populism_people_decide
143,0.3807,479821.29101912136,populism_people_decide
144,0.3866,317213.10804336413,populism_people_decide
145,0.4478,221583.589226408,populism_people_decide
146,0.4305,235963.20544327798,populism_people_decide
147,0.3872,207983.59959208468,populism_people_decide
148,0.4233,220544.11485789935,populism_people_decide
149,0.4144,189899.65486953108,populism_people_decide
15,0.5608,177171.1056234898,populism_people_decide
150,0.4702,328426.4883106674,populism_people_decide
151,0.5276,156287.43169108193,populism_people_decide
152,0.3714,447273.0462806228,populism_people_decide
153,0.448,447243.65590118093,populism_people_decide
154,0.5449,203485.01944982784,populism_people_decide
155,0.5911,189334.39291100815,populism_people_decide
156,0.5971,230765.27810862593,populism_people_decide
157,0.5942,191431.58226584247,populism_people_decide
158,0.5686,189315.47007156236,populism_people_decide
159,0.4356,417647.8505356109,populism_people_decide
16,0.5829,188390.8326199093,populism_people_decide
160,0.5244,341234.6099588987,populism_people_decide
161,0.5794,234219.82598483737,populism_people_decide
162,0.5229,179951.4826308836,populism_people_decide
163,0.6013,243241.04581463398,populism_people_decide
164,0.5981,256612.53907117652,populism_people_decide
165,0.5555,245404.13989671535,populism_people_decide
166,0.5713,176363.3722710095,populism_people_decide
167,0.4339,150847.19248560639,populism_people_decide
168,0.4127,174948.92758784763,populism_people_decide
169,0.4808,82837.07649342252,populism_people_decide
17,0.5805,192718.9279291037,populism_people_decide
170,0.4542,134244.55708584565,populism_people_decide
171,0.4376,192767.679643849,populism_people_decide
172,0.4302,199828.3130746693,populism_people_decide
173,0.4238,151701.4962621543,populism_people_decide
174,0.4545,138746.12312425295,populism_people_decide
175,0.4363,288922.3772270948,populism_people_decide
176,0.3844,162361.87609394698,populism_people_decide
177,0.4297,243612.56356526492,populism_people_decide
178,0.3966,142711.3720274556,populism_people_decide
179,0.3658,227070.2518071342,populism_people_decide
18,0.3314,1421002.2593554342,populism_people_decide
180,0.4574,331219.6662066321,populism_people_decide
181,0.3517,186134.08587471946,populism_people_decide
182,0.3004,597316.9289922566,populism_people_decide
183,0.3297,597119.979697627,populism_people_decide
184,0.3994,207677.8943569085,populism_people_decide
185,0.3745,246244.22266916416,populism_people_decide
186,0.3717,209100.38922005054,populism_people_decide
187,0.4326,151964.41207017357,populism_people_decide
188,0.4374,217023.4649560447,populism_people_decide
189,0.5551,63479.47863541032,populism_people_decide
19,0.3168,1430556.9948969542,populism_people_decide
190,0.5389,98328.8375353136,populism_people_decide
191,0.5785,57329.668210706746,populism_people_decide
192,0.5632,97103.89456177686,populism_people_decide
193,0.4889,128018.6219006737,populism_people_decide
194,0.6141,71429.80636382155,populism_people_decide
195,0.5824,66552.61663215315,populism_people_decide
196,0.5961,65604.03583878439,populism_people_decide
197,0.4444,124497.04897961108,populism_people_decide
198,0.4224,129788.89967360128,populism_people_decide
199,0.4263,126188.29445828657,populism_people_decide
2,0.4321,126617.81067176482,populism_people_decide
20,0.3253,1431329.7804752644,populism_people_decide
200,0.4379,71012.6202541161,populism_people_decide
201,0.457,97548.86235301365,populism_people_decide
202,0.4509,68267.7552315342,populism_people_decide
203,0.4169,110806.5196587859,populism_people_decide
204,0.4399,141190.6093562236,populism_people_decide
205,0.371,165730.91092029086,populism_people_decide
206,0.4398,111780.77145883288,populism_people_decide
207,0.4419,110882.44884675027,populism_people_decide
208,0.4219,94362.25613613243,populism_people_decide
209,0.4546,60711.17813870885,populism_people_decide
21,0.3343,1431298.9874824153,populism_people_decide
210,0.4735,68045.19178860822,populism_people_decide
211,0.4326,88636.80629276097,populism_people_decide
212,0.4459,88824.58818819381,populism_people_decide
213,0.406,106040.88849210861,populism_people_decide
214,0.4211,114277.4362937002,populism_people_decide
215,0.3761,138772.1022482832,populism_people_decide
216,0.4282,94460.0472031337,populism_people_decide
217,0.3114,1204507.0364880688,populism_people_decide
218,0.3067,1204367.2685137496,populism_people_decide
219,0.2925,1203811.9304614188,populism_people_decide
22,0.3356,1430951.582966886,populism_people_decide
220,0.2902,1204570.5462810397,populism_people_decide
221,0.3362,273975.8695181723,populism_people_decide
222,0.4242,195381.17695181782,populism_people_decide
223,0.4126,87433.09608902044,populism_people_decide
224,0.3729,97927.10241617101,populism_people_decide
225,0.4228,114691.21344866653,populism_people_decide
226,0.4294,86171.71429780195,populism_people_decide
227,0.5188,79236.91113039952,populism_people_decide
228,0.467,108643.97946313373,populism_people_decide
229,0.4913,148549.29339360775,populism_people_decide
23,0.3348,1430979.5587980626,populism_people_decide
230,0.4876,88837.43598801222,populism_people_decide
231,0.5041,68797.40963185742,populism_people_decide
232,0.4396,90761.54694977363,populism_people_decide
233,0.4194,147987.87406906814,populism_people_decide
234,0.4777,108652.73819635087,populism_people_decide
235,0.4791,63773.85339297382,populism_people_decide
236,0.4296,102030.78339398111,populism_people_decide
237,0.4533,81108.48554729173,populism_people_decide
238,0.4776,55680.5282195036,populism_people_decide
239,0.4778,62920.67454943145,populism_people_decide
24,0.465,140060.76032577365,populism_people_decide
240,0.4642,71998.71051860439,populism_people_decide
241,0.428,118560.08657677029,populism_people_decide
242,0.4013,99670.56706345096,populism_people_decide
243,0.4182,79906.38667921201,populism_people_decide
244,0.3805,421645.16416584176,populism_people_decide
245,0.3649,310021.82372011937,populism_people_decide
246,0.4209,114053.8546474647,populism_people_decide
247,0.4439,129000.1599732756,populism_people_decide
248,0.4768,67732.83506927769,populism_people_decide
249,0.4369,98381.05661136859,populism_people_decide
25,0.4306,205347.6206726869,populism_people_decide
250,0.4272,77853.19820796055,populism_people_decide
251,0.3819,123141.43426387003,populism_people_decide
252,0.3958,234967.86250354463,populism_people_decide
253,0.4263,169670.2451007896,populism_people_decide
254,0.4587,94243.60739768743,populism_people_decide
255,0.4609,114492.67486453363,populism_people_decide
256,0.4183,106263.59875116046,populism_people_decide
257,0.4747,104959.4310635585,populism_people_decide
258,0.3198,491625.13801795384,populism_people_decide
259,0.333,491606.6573873762,populism_people_decide
26,0.4493,57534.38438324122,populism_people_decide
260,0.4158,307666.1280541792,populism_people_decide
261,0.3926,424388.0713972013,populism_people_decide
262,0.4086,416219.3321893571,populism_people_decide
263,0.4408,202919.6077625286,populism_people_decide
264,0.4119,348173.7020949003,populism_people_decide
265,0.3927,412661.20895595336,populism_people_decide
266,0.4175,354339.2293625429,populism_people_decide
267,0.4531,257722.21503823865,populism_people_decide
268,0.4768,130377.2162091822,populism_people_decide
269,0.4238,290285.00161643716,populism_people_decide
27,0.4033,102365.55669514439,populism_people_decide
270,0.4324,194226.28914273845,populism_people_decide
271,0.3524,250850.54595401778,populism_people_decide
272,0.4274,359984.238399364,populism_people_decide
273,0.4402,160617.35190101372,populism_people_decide
274,0.381,329508.5250784324,populism_people_decide
275,0.3718,254270.4667512479,populism_people_decide
276,0.453,106758.04057529704,populism_people_decide
277,0.4026,444702.13988692965,populism_people_decide
278,0.4133,383546.90227372816,populism_people_decide
279,0.4265,147715.086276244,populism_people_decide
28,0.4595,84831.94110845958,populism_people_decide
280,0.4636,107018.23038466662,populism_people_decide
281,0.3682,202798.83261378773,populism_people_decide
282,0.443,192423.43880240252,populism_people_decide
283,0.4252,225032.24425116144,populism_people_decide
284,0.4449,348801.7132893969,populism_people_decide
285,0.4885,108392.23134283043,populism_people_decide
286,0.454,201667.8261551113,populism_people_decide
287,0.423,229313.18383026638,populism_people_decide
288,0.4242,163230.1480521498,populism_people_decide
289,0.4105,229928.3931788717,populism_people_decide
29,0.4583,158934.59525744084,populism_people_decide
290,0.3949,171933.35017208458,populism_people_decide
291,0.4494,150155.75647540676,populism_people_decide
292,0.4426,170495.5530644437,populism_people_decide
293,0.4087,157126.21900124924,populism_people_decide
294,0.4186,224073.31687500788,populism_people_decide
295,0.5011,121224.48169688437,populism_people_decide
296,0.4127,266542.8073390067,populism_people_decide
297,0.4479,116068.39548367709,populism_people_decide
298,0.4355,100536.02565406008,populism_people_decide
299,0.4502,127721.3017367024,populism_people_decide
3,0.4511,115851.86522588492,populism_people_decide
30,0.4053,139576.16384651398,populism_people_decide
31,0.404,196135.60089437373,populism_people_decide
32,0.4387,124018.8382025247,populism_people_decide
33,0.4309,155893.75991417954,populism_people_decide
34,0.4218,96231.59370696604,populism_people_decide
35,0.4227,115171.85584071466,populism_people_decide
36,0.3941,206407.69602351406,populism_people_decide
37,0.4158,87383.08550697024,populism_people_decide
38,0.4471,281285.77678616863,populism_people_decide
39,0.3892,226123.33709281817,populism_people_decide
4,0.4092,219096.40566326873,populism_people_decide
40,0.4458,105268.95765060993,populism_people_decide
41,0.3856,906040.0002060288,populism_people_decide
42,0.3752,906040.0000290013,populism_people_decide
43,0.3595,905426.4123814947,populism_people_decide
44,0.4342,101457.30386766187,populism_people_decide
45,0.4474,124862.07580933305,populism_people_decide
46,0.4527,87457.91952152424,populism_people_decide
47,0.3575,905515.5202521704,populism_people_decide
48,0.4124,213288.40224674714,populism_people_decide
49,0.4135,89973.62500013925,populism_people_decide
5,0.3665,203904.38777736196,populism_people_decide
50,0.3478,205009.19059761005,populism_people_decide
51,0.4498,88144.4655599578,populism_people_decide
52,0.4338,137316.49886528339,populism_people_decide
53,0.3813,264493.9772962256,populism_people_decide
54,0.3569,459481.451911284,populism_people_decide
55,0.382,328883.2354039019,populism_people_decide
56,0.5321,78979.82450200847,populism_people_decide
57,0.5938,109443.59297400215,populism_people_decide
58,0.5092,165824.85855315597,populism_people_decide
59,0.5565,155615.10817955213,populism_people_decide
6,0.4099,112031.67277091801,populism_people_decide
60,0.4893,155549.23788756167,populism_people_decide
61,0.4336,154558.62871543417,populism_people_decide
62,0.5301,134829.15146844977,populism_people_decide
63,0.5089,134329.34255962222,populism_people_decide
64,0.5879,84498.56508792723,populism_people_decide
65,0.5866,79525.85822991289,populism_people_decide
66,0.6065,71739.71605479502,populism_people_decide
67,0.6284,106284.84831675599,populism_people_decide
68,0.5818,166610.327614394,populism_people_decide
69,0.5287,164610.48028456897,populism_people_decide
7,0.3962,256373.54635692938,populism_people_decide
70,0.5412,93215.15114076332,populism_people_decide
71,0.5964,133361.2526046149,populism_people_decide
72,0.515,157021.8587295553,populism_people_decide
73,0.5692,142062.0442874195,populism_people_decide
74,0.5823,120532.22450632381,populism_people_decide
75,0.3737,2877040.0000032624,populism_people_decide
76,0.3587,2876906.1867174297,populism_people_decide
77,0.3653,2876920.9828373524,populism_people_decide
78,0.3324,2876421.751616364,populism_people_decide
79,0.355,2876860.9932270315,populism_people_decide
8,0.4017,211014.82904146786,populism_people_decide
80,0.3487,2877039.9999880577,populism_people_decide
81,0.3497,2876994.508906475,populism_people_decide
82,0.3171,2877040.0163646573,populism_people_decide
83,0.3555,2877040.000000056,populism_people_decide
84,0.4046,2876558.3705327353,populism_people_decide
85,0.3678,2876637.8723200033,populism_people_decide
86,0.3463,2877039.991728962,populism_people_decide
87,0.3707,469838.9638431637,populism_people_decide
88,0.3624,469519.8665093225,populism_people_decide
89,0.4133,206063.7555109461,populism_people_decide
9,0.4112,165842.74609892463,populism_people_decide
90,0.4221,217520.41696543677,populism_people_decide
91,0.4246,377284.1712779972,populism_people_decide
92,0.4166,182042.29332300788,populism_people_decide
93,0.3162,826064.115036562,populism_people_decide
94,0.3138,825997.9357487308,populism_people_decide
95,0.3085,825493.2232396624,populism_people_decide
96,0.3061,255570.0786535427,populism_people_decide
97,0.3693,479910.6564404217,populism_people_decide
98,0.3787,479718.72344821633,populism_people_decide
99,0.4224,215526.51344431812,populism_people_decide
1,0.2325,156146.91219309898,populism_compromise
10,0.2272,166471.2930691627,populism_compromise
100,0.1948,225480.3522156972,populism_compromise
101,0.1954,407890.85381560476,populism_compromise
102,0.2308,281768.98076001246,populism_compromise
103,0.2183,142658.23720478482,populism_compromise
104,0.2092,391543.0373754122,populism_compromise
105,0.2004,391558.8004555166,populism_compromise
106,0.184,494218.3319042906,populism_compromise
107,0.2039,494219.96093411255,populism_compromise
108,0.1935,363673.56008346134,populism_compromise
109,0.232,209297.8539070891,populism_compromise
11,0.2329,166836.21906336443,populism_compromise
110,0.1998,320280.1149764613,populism_compromise
111,0.2107,236760.5046750637,populism_compromise
112,0.2178,249336.21906869547,populism_compromise
113,0.2517,366336.2851592385,populism_compromise
114,0.2348,299541.1330563543,populism_compromise
115,0.268,396276.38943833264,populism_compromise
116,0.2553,396373.33212362515,populism_compromise
117,0.2364,243750.69746423358,populism_compromise
118,0.2153,203613.27195902585,populism_compromise
119,0.2092,455933.8732086029,populism_compromise
12,0.3153,153175.19652881895,populism_compromise
120,0.2312,456020.53375132655,populism_compromise
121,0.2428,498771.4750146778,populism_compromise
122,0.2428,498709.6427058843,populism_compromise
123,0.2793,204675.96619656123,populism_compromise
124,0.2148,326015.12804966717,populism_compromise
125,0.2316,366415.6006192377,populism_compromise
126,0.2157,293566.14240599767,populism_compromise
127,0.1915,194330.8471030403,populism_compromise
128,0.1955,350928.9874258416,populism_compromise
129,0.1496,244367.79992332731,populism_compromise
13,0.3322,156364.76501065,populism_compromise
130,0.2188,220117.08373788834,populism_compromise
131,0.2197,283928.1380258957,populism_compromise
132,0.1972,264316.5948110892,populism_compromise
133,0.2437,206947.44889617665,populism_compromise
134,0.2608,252840.34757535404,populism_compromise
135,0.2556,275039.22121060453,populism_compromise
136,0.2463,150831.06981403066,populism_compromise
137,0.234,246867.57793827367,populism_compromise
138,0.2359,201784.98668589175,populism_compromise
139,0.2234,254498.50955151534,populism_compromise
14,0.2882,171852.85511876698,populism_compromise
140,0.2205,288318.3119799407,populism_compromise
141,0.2292,196999.4437813509,populism_compromise
142,0.2111,479802.95794022887,populism_compromise
143,0.2208,479821.29101912136,populism_compromise
144,0.2381,317213.10804336413,populism_compromise
145,0.2372,221583.589226408,populism_compromise
146,0.2467,235963.20544327798,populism_compromise
147,0.222,207983.59959208468,populism_compromise
148,0.2507,220544.11485789935,populism_compromise
149,0.2377,189899.65486953108,populism_compromise
15,0.3457,177171.1056234898,populism_compromise
150,0.2915,328426.4883106674,populism_compromise
151,0.3099,156287.43169108193,populism_compromise
152,0.2138,447273.0462806228,populism_compromise
153,0.2435,447243.65590118093,populism_compromise
154,0.3042,203485.01944982784,populism_compromise
155,0.3113,189334.39291100815,populism_compromise
156,0.3506,230765.27810862593,populism_compromise
157,0.349,191431.58226584247,populism_compromise
158,0.3213,189315.47007156236,populism_compromise
159,0.2322,417647.8505356109,populism_compromise
16,0.3351,188390.8326199093,populism_compromise
160,0.2824,341234.6099588987,populism_compromise
161,0.3052,234219.82598483737,populism_compromise
162,0.3204,179951.4826308836,populism_compromise
163,0.3578,243241.04581463398,populism_compromise
164,0.3281,256612.53907117652,populism_compromise
165,0.3344,245404.13989671535,populism_compromise
166,0.3329,176363.3722710095,populism_compromise
167,0.2361,150847.19248560639,populism_compromise
168,0.2292,174948.92758784763,populism_compromise
169,0.2788,82837.07649342252,populism_compromise
17,0.3396,192718.9279291037,populism_compromise
170,0.2493,134244.55708584565,populism_compromise
171,0.2225,192767.679643849,populism_compromise
172,0.2552,199828.3130746693,populism_compromise
173,0.2315,151701.4962621543,populism_compromise
174,0.2474,138746.12312425295,populism_compromise
175,0.2512,288922.3772270948,populism_compromise
176,0.2093,162361.87609394698,populism_compromise
177,0.233,243612.56356526492,populism_compromise
178,0.2171,142711.3720274556,populism_compromise
179,0.2017,227070.2518071342,populism_compromise
18,0.1885,1421002.2593554342,populism_compromise
180,0.2454,331219.6662066321,populism_compromise
181,0.1902,186134.08587471946,populism_compromise
182,0.1794,597316.9289922566,populism_compromise
183,0.1881,597119.979697627,populism_compromise
184,0.231,207677.8943569085,populism_compromise
185,0.2151,246244.22266916416,populism_compromise
186,0.2053,209100.38922005054,populism_compromise
187,0.2373,151964.41207017357,populism_compromise
188,0.2339,217023.4649560447,populism_compromise
189,0.3273,63479.47863541032,populism_compromise
19,0.1915,1430556.9948969542,populism_compromise
190,0.3239,98328.8375353136,populism_compromise
191,0.309,57329.668210706746,populism_compromise
192,0.30620000000000003,97103.89456177686,populism_compromise
193,0.2658,128018.6219006737,populism_compromise
194,0.3608,71429.80636382155,populism_compromise
195,0.3224,66552.61663215315,populism_compromise
196,0.3455,65604.03583878439,populism_compromise
197,0.2533,124497.04897961108,populism_compromise
198,0.2384,129788.89967360128,populism_compromise
199,0.2265,126188.29445828657,populism_compromise
2,0.245,126617.81067176482,populism_compromise
20,0.1818,1431329.7804752644,populism_compromise
200,0.2428,71012.6202541161,populism_compromise
201,0.2604,97548.86235301365,populism_compromise
202,0.239,68267.7552315342,populism_compromise
203,0.2212,110806.5196587859,populism_compromise
204,0.2486,141190.6093562236,populism_compromise
205,0.1972,165730.91092029086,populism_compromise
206,0.242,111780.77145883288,populism_compromise
207,0.2332,110882.44884675027,populism_compromise
208,0.2274,94362.25613613243,populism_compromise
209,0.2551,60711.17813870885,populism_compromise
21,0.1851,1431298.9874824153,populism_compromise
210,0.2593,68045.19178860822,populism_compromise
211,0.2491,88636.80629276097,populism_compromise
212,0.2713,88824.58818819381,populism_compromise
213,0.2112,106040.88849210861,populism_compromise
214,0.232,114277.4362937002,populism_compromise
215,0.2023,138772.1022482832,populism_compromise
216,0.2323,94460.0472031337,populism_compromise
217,0.1642,1204507.0364880688,populism_compromise
218,0.173,1204367.2685137496,populism_compromise
219,0.1679,1203811.9304614188,populism_compromise
22,0.1907,1430951.582966886,populism_compromise
220,0.1708,1204570.5462810397,populism_compromise
221,0.1766,273975.8695181723,populism_compromise
222,0.2339,195381.17695181782,populism_compromise
223,0.2133,87433.09608902044,populism_compromise
224,0.1816,97927.10241617101,populism_compromise
225,0.2528,114691.21344866653,populism_compromise
226,0.2403,86171.71429780195,populism_compromise
227,0.2842,79236.91113039952,populism_compromise
228,0.2624,108643.97946313373,populism_compromise
229,0.2835,148549.29339360775,populism_compromise
23,0.1894,1430979.5587980626,populism_compromise
230,0.2902,88837.43598801222,populism_compromise
231,0.2881,68797.40963185742,populism_compromise
232,0.2396,90761.54694977363,populism_compromise
233,0.2364,147987.87406906814,populism_compromise
234,0.2904,108652.73819635087,populism_compromise
235,0.2686,63773.85339297382,populism_compromise
236,0.2532,102030.78339398111,populism_compromise
237,0.2474,81108.48554729173,populism_compromise
238,0.2636,55680.5282195036,populism_compromise
239,0.2725,62920.67454943145,populism_compromise
24,0.2638,140060.76032577365,populism_compromise
240,0.259,71998.71051860439,populism_compromise
241,0.2419,118560.08657677029,populism_compromise
242,0.2106,99670.56706345096,populism_compromise
243,0.2321,79906.38667921201,populism_compromise
244,0.2302,421645.16416584176,populism_compromise
245,0.2234,310021.82372011937,populism_compromise
246,0.2282,114053.8546474647,populism_compromise
247,0.2446,129000.1599732756,populism_compromise
248,0.2734,67732.83506927769,populism_compromise
249,0.2414,98381.05661136859,populism_compromise
25,0.2432,205347.6206726869,populism_compromise
250,0.2328,77853.19820796055,populism_compromise
251,0.1985,123141.43426387003,populism_compromise
252,0.2312,234967.86250354463,populism_compromise
253,0.2341,169670.2451007896,populism_compromise
254,0.2767,94243.60739768743,populism_compromise
255,0.2642,114492.67486453363,populism_compromise
256,0.2314,106263.59875116046,populism_compromise
257,0.2427,104959.4310635585,populism_compromise
258,0.1778,491625.13801795384,populism_compromise
259,0.2005,491606.6573873762,populism_compromise
26,0.2546,57534.38438324122,populism_compromise
260,0.2194,307666.1280541792,populism_compromise
261,0.205,424388.0713972013,populism_compromise
262,0.2161,416219.3321893571,populism_compromise
263,0.2519,202919.6077625286,populism_compromise
264,0.2296,348173.7020949003,populism_compromise
265,0.2058,412661.20895595336,populism_compromise
266,0.2301,354339.2293625429,populism_compromise
267,0.2545,257722.21503823865,populism_compromise
268,0.2697,130377.2162091822,populism_compromise
269,0.2171,290285.00161643716,populism_compromise
27,0.2214,102365.55669514439,populism_compromise
270,0.2643,194226.28914273845,populism_compromise
271,0.1934,250850.54595401778,populism_compromise
272,0.2369,359984.238399364,populism_compromise
273,0.2627,160617.35190101372,populism_compromise
274,0.2173,329508.5250784324,populism_compromise
275,0.2243,254270.4667512479,populism_compromise
276,0.261,106758.04057529704,populism_compromise
277,0.2213,444702.13988692965,populism_compromise
278,0.2277,383546.90227372816,populism_compromise
279,0.2448,147715.086276244,populism_compromise
28,0.2327,84831.94110845958,populism_compromise
280,0.2624,107018.23038466662,populism_compromise
281,0.1964,202798.83261378773,populism_compromise
282,0.2284,192423.43880240252,populism_compromise
283,0.2253,225032.24425116144,populism_compromise
284,0.2562,348801.7132893969,populism_compromise
285,0.2671,108392.23134283043,populism_compromise
286,0.2614,201667.8261551113,populism_compromise
287,0.2264,229313.18383026638,populism_compromise
288,0.2407,163230.1480521498,populism_compromise
289,0.2396,229928.3931788717,populism_compromise
29,0.2508,158934.59525744084,populism_compromise
290,0.2118,171933.35017208458,populism_compromise
291,0.2549,150155.75647540676,populism_compromise
292,0.2453,170495.5530644437,populism_compromise
293,0.2238,157126.21900124924,populism_compromise
294,0.2333,224073.31687500788,populism_compromise
295,0.2694,121224.48169688437,populism_compromise
296,0.2561,266542.8073390067,populism_compromise
297,0.2479,116068.39548367709,populism_compromise
298,0.2385,100536.02565406008,populism_compromise
299,0.2448,127721.3017367024,populism_compromise
3,0.2658,115851.86522588492,populism_compromise
30,0.2479,139576.16384651398,populism_compromise
31,0.2277,196135.60089437373,populism_compromise
32,0.2578,124018.8382025247,populism_compromise
33,0.2442,155893.75991417954,populism_compromise
34,0.2316,96231.59370696604,populism_compromise
35,0.2361,115171.85584071466,populism_compromise
36,0.2177,206407.69602351406,populism_compromise
37,0.226,87383.08550697024,populism_compromise
38,0.2382,281285.77678616863,populism_compromise
39,0.2056,226123.33709281817,populism_compromise
4,0.2218,219096.40566326873,populism_compromise
40,0.252,105268.95765060993,populism_compromise
41,0.2164,906040.0002060288,populism_compromise
42,0.2075,906040.0000290013,populism_compromise
43,0.2028,905426.4123814947,populism_compromise
44,0.2614,101457.30386766187,populism_compromise
45,0.2587,124862.07580933305,populism_compromise
46,0.2587,87457.91952152424,populism_compromise
47,0.2276,905515.5202521704,populism_compromise
48,0.2186,213288.40224674714,populism_compromise
49,0.2416,89973.62500013925,populism_compromise
5,0.1933,203904.38777736196,populism_compromise
50,0.2058,205009.19059761005,populism_compromise
51,0.2552,88144.4655599578,populism_compromise
52,0.2444,137316.49886528339,populism_compromise
53,0.2225,264493.9772962256,populism_compromise
54,0.2037,459481.451911284,populism_compromise
55,0.2268,328883.2354039019,populism_compromise
56,0.3092,78979.82450200847,populism_compromise
57,0.3304,109443.59297400215,populism_compromise
58,0.3046,165824.85855315597,populism_compromise
59,0.3035,155615.10817955213,populism_compromise
6,0.2373,112031.67277091801,populism_compromise
60,0.2746,155549.23788756167,populism_compromise
61,0.2298,154558.62871543417,populism_compromise
62,0.2851,134829.15146844977,populism_compromise
63,0.3033,134329.34255962222,populism_compromise
64,0.3253,84498.56508792723,populism_compromise
65,0.3413,79525.85822991289,populism_compromise
66,0.368,71739.71605479502,populism_compromise
67,0.3868,106284.84831675599,populism_compromise
68,0.3404,166610.327614394,populism_compromise
69,0.339,164610.48028456897,populism_compromise
7,0.2172,256373.54635692938,populism_compromise
70,0.3205,93215.15114076332,populism_compromise
71,0.3662,133361.2526046149,populism_compromise
72,0.3257,157021.8587295553,populism_compromise
73,0.3623,142062.0442874195,populism_compromise
74,0.3484,120532.22450632381,populism_compromise
75,0.2114,2877040.0000032624,populism_compromise
76,0.2092,2876906.1867174297,populism_compromise
77,0.206,2876920.9828373524,populism_compromise
78,0.1896,2876421.751616364,populism_compromise
79,0.2082,2876860.9932270315,populism_compromise
8,0.2209,211014.82904146786,populism_compromise
80,0.2074,2877039.9999880577,populism_compromise
81,0.1947,2876994.508906475,populism_compromise
82,0.1909,2877040.0163646573,populism_compromise
83,0.239,2877040.000000056,populism_compromise
84,0.2173,2876558.3705327353,populism_compromise
85,0.1947,2876637.8723200033,populism_compromise
86,0.1942,2877039.991728962,populism_compromise
87,0.208,469838.9638431637,populism_compromise
88,0.2036,469519.8665093225,populism_compromise
89,0.2404,206063.7555109461,populism_compromise
9,0.2293,165842.74609892463,populism_compromise
90,0.239,217520.41696543677,populism_compromise
91,0.2083,377284.1712779972,populism_compromise
92,0.2374,182042.29332300788,populism_compromise
93,0.1742,826064.115036562,populism_compromise
94,0.1806,825997.9357487308,populism_compromise
95,0.1668,825493.2232396624,populism_compromise
96,0.1644,255570.0786535427,populism_compromise
97,0.2064,479910.6564404217,populism_compromise
98,0.2194,479718.72344821633,populism_compromise
99,0.2332,215526.51344431812,populism_compromise
1,0.0936,156146.91219309898,justice_society
10,0.1082,166471.2930691627,justice_society
100,0.1518,225480.3522156972,justice_society
101,0.1368,407890.85381560476,justice_society
102,0.1189,281768.98076001246,justice_society
103,0.1335,142658.23720478482,justice_society
104,0.1435,391543.0373754122,justice_society
105,0.1382,391558.8004555166,justice_society
106,0.154,494218.3319042906,justice_society
107,0.1336,494219.96093411255,justice_society
108,0.1534,363673.56008346134,justice_society
109,0.1236,209297.8539070891,justice_society
11,0.1016,166836.21906336443,justice_society
110,0.152,320280.1149764613,justice_society
111,0.1331,236760.5046750637,justice_society
112,0.1127,249336.21906869547,justice_society
113,0.1141,366336.2851592385,justice_society
114,0.1194,299541.1330563543,justice_society
115,0.1022,396276.38943833264,justice_society
116,0.0997,396373.33212362515,justice_society
117,0.1207,243750.69746423358,justice_society
118,0.1418,203613.27195902585,justice_society
119,0.1286,455933.8732086029,justice_society
12,0.0726,153175.19652881895,justice_society
120,0.1244,456020.53375132655,justice_society
121,0.119,498771.4750146778,justice_society
122,0.119,498709.6427058843,justice_society
123,0.105,204675.96619656123,justice_society
124,0.1325,326015.12804966717,justice_society
125,0.1277,366415.6006192377,justice_society
126,0.1421,293566.14240599767,justice_society
127,0.1397,194330.8471030403,justice_society
128,0.1363,350928.9874258416,justice_society
129,0.1449,244367.79992332731,justice_society
13,0.0841,156364.76501065,justice_society
130,0.1273,220117.08373788834,justice_society
131,0.1217,283928.1380258957,justice_society
132,0.1214,264316.5948110892,justice_society
133,0.1155,206947.44889617665,justice_society
134,0.1082,252840.34757535404,justice_society
135,0.1125,275039.22121060453,justice_society
136,0.1169,150831.06981403066,justice_society
137,0.1326,246867.57793827367,justice_society
138,0.1189,201784.98668589175,justice_society
139,0.1281,254498.50955151534,justice_society
14,0.0835,171852.85511876698,justice_society
140,0.1261,288318.3119799407,justice_society
141,0.1217,196999.4437813509,justice_society
142,0.1197,479802.95794022887,justice_society
143,0.1197,479821.29101912136,justice_society
144,0.1206,317213.10804336413,justice_society
145,0.123,221583.589226408,justice_society
146,0.1157,235963.20544327798,justice_society
147,0.1247,207983.59959208468,justice_society
148,0.1149,220544.11485789935,justice_society
149,0.1353,189899.65486953108,justice_society
15,0.0663,177171.1056234898,justice_society
150,0.1026,328426.4883106674,justice_society
151,0.0811,156287.43169108193,justice_society
152,0.1277,447273.0462806228,justice_society
153,0.1183,447243.65590118093,justice_society
154,0.1014,203485.01944982784,justice_society
155,0.1001,189334.39291100815,justice_society
156,0.0907,230765.27810862593,justice_society
157,0.1028,191431.58226584247,justice_society
158,0.0967,189315.47007156236,justice_society
159,0.126,417647.8505356109,justice_society
16,0.0676,188390.8326199093,justice_society
160,0.1165,341234.6099588987,justice_society
161,0.0943,234219.82598483737,justice_society
162,0.1134,179951.4826308836,justice_society
163,0.0942,243241.04581463398,justice_society
164,0.0911,256612.53907117652,justice_society
165,0.096,245404.13989671535,justice_society
166,0.091,176363.3722710095,justice_society
167,0.0993,150847.19248560639,justice_society
168,0.1051,174948.92758784763,justice_society
169,0.0946,82837.07649342252,justice_society
17,0.0679,192718.9279291037,justice_society
170,0.0947,134244.55708584565,justice_society
171,0.1005,192767.679643849,justice_society
172,0.1027,199828.3130746693,justice_society
173,0.1056,151701.4962621543,justice_society
174,0.1104,138746.12312425295,justice_society
175,0.1187,288922.3772270948,justice_society
176,0.1349,162361.87609394698,justice_society
177,0.1223,243612.56356526492,justice_society
178,0.1303,142711.3720274556,justice_society
179,0.1163,227070.2518071342,justice_society
18,0.1102,1421002.2593554342,justice_society
180,0.1241,331219.6662066321,justice_society
181,0.1612,186134.08587471946,justice_society
182,0.1271,597316.9289922566,justice_society
183,0.1306,597119.979697627,justice_society
184,0.1122,207677.8943569085,justice_society
185,0.1301,246244.22266916416,justice_society
186,0.1215,209100.38922005054,justice_society
187,0.1166,151964.41207017357,justice_society
188,0.1169,217023.4649560447,justice_society
189,0.0887,63479.47863541032,justice_society
19,0.1209,1430556.9948969542,justice_society
190,0.0929,98328.8375353136,justice_society
191,0.0892,57329.668210706746,justice_society
192,0.0951,97103.89456177686,justice_society
193,0.1005,128018.6219006737,justice_society
194,0.0817,71429.80636382155,justice_society
195,0.0852,66552.61663215315,justice_society
196,0.0829,65604.03583878439,justice_society
197,0.1139,124497.04897961108,justice_society
198,0.1275,129788.89967360128,justice_society
199,0.1139,126188.29445828657,justice_society
2,0.0874,126617.81067176482,justice_society
20,0.1161,1431329.7804752644,justice_society
200,0.1109,71012.6202541161,justice_society
201,0.1,97548.86235301365,justice_society
202,0.1034,68267.7552315342,justice_society
203,0.1168,110806.5196587859,justice_society
204,0.1114,141190.6093562236,justice_society
205,0.1339,165730.91092029086,justice_society
206,0.1218,111780.77145883288,justice_society
207,0.1401,110882.44884675027,justice_society
208,0.127,94362.25613613243,justice_society
209,0.0968,60711.17813870885,justice_society
21,0.1247,1431298.9874824153,justice_society
210,0.1139,68045.19178860822,justice_society
211,0.107,88636.80629276097,justice_society
212,0.1347,88824.58818819381,justice_society
213,0.1431,106040.88849210861,justice_society
214,0.1365,114277.4362937002,justice_society
215,0.1434,138772.1022482832,justice_society
216,0.15310000000000001,94460.0472031337,justice_society
217,0.1649,1204507.0364880688,justice_society
218,0.1568,1204367.2685137496,justice_society
219,0.1663,1203811.9304614188,justice_society
22,0.1191,1430951.582966886,justice_society
220,0.1694,1204570.5462810397,justice_society
221,0.1666,273975.8695181723,justice_society
222,0.1337,195381.17695181782,justice_society
223,0.1294,87433.09608902044,justice_society
224,0.1447,97927.10241617101,justice_society
225,0.1119,114691.21344866653,justice_society
226,0.1345,86171.71429780195,justice_society
227,0.1171,79236.91113039952,justice_society
228,0.1212,108643.97946313373,justice_society
229,0.1222,148549.29339360775,justice_society
23,0.1122,1430979.5587980626,justice_society
230,0.1113,88837.43598801222,justice_society
231,0.1202,68797.40963185742,justice_society
232,0.1211,90761.54694977363,justice_society
233,0.1364,147987.87406906814,justice_society
234,0.1213,108652.73819635087,justice_society
235,0.1222,63773.85339297382,justice_society
236,0.1444,102030.78339398111,justice_society
237,0.1245,81108.48554729173,justice_society
238,0.117,55680.5282195036,justice_society
239,0.1165,62920.67454943145,justice_society
24,0.0873,140060.76032577365,justice_society
240,0.1292,71998.71051860439,justice_society
241,0.1234,118560.08657677029,justice_society
242,0.1364,99670.56706345096,justice_society
243,0.1222,79906.38667921201,justice_society
244,0.1311,421645.16416584176,justice_society
245,0.1387,310021.82372011937,justice_society
246,0.1335,114053.8546474647,justice_society
247,0.146,129000.1599732756,justice_society
248,0.124,67732.83506927769,justice_society
249,0.1315,98381.05661136859,justice_society
25,0.1131,205347.6206726869,justice_society
250,0.1342,77853.19820796055,justice_society
251,0.1421,123141.43426387003,justice_society
252,0.1268,234967.86250354463,justice_society
253,0.1431,169670.2451007896,justice_society
254,0.1391,94243.60739768743,justice_society
255,0.1328,114492.67486453363,justice_society
256,0.1262,106263.59875116046,justice_society
257,0.1199,104959.4310635585,justice_society
258,0.1624,491625.13801795384,justice_society
259,0.1416,491606.6573873762,justice_society
26,0.0935,57534.38438324122,justice_society
260,0.1512,307666.1280541792,justice_society
261,0.1428,424388.0713972013,justice_society
262,0.1493,416219.3321893571,justice_society
263,0.1277,202919.6077625286,justice_society
264,0.1341,348173.7020949003,justice_society
265,0.1525,412661.20895595336,justice_society
266,0.1384,354339.2293625429,justice_society
267,0.1264,257722.21503823865,justice_society
268,0.1071,130377.2162091822,justice_society
269,0.1277,290285.00161643716,justice_society
27,0.10780000000000001,102365.55669514439,justice_society
270,0.1204,194226.28914273845,justice_society
271,0.1283,250850.54595401778,justice_society
272,0.1392,359984.238399364,justice_society
273,0.1242,160617.35190101372,justice_society
274,0.14,329508.5250784324,justice_society
275,0.1137,254270.4667512479,justice_society
276,0.1156,106758.04057529704,justice_society
277,0.1326,444702.13988692965,justice_society
278,0.1346,383546.90227372816,justice_society
279,0.1325,147715.086276244,justice_society
28,0.0885,84831.94110845958,justice_society
280,0.1178,107018.23038466662,justice_society
281,0.1123,202798.83261378773,justice_society
282,0.1046,192423.43880240252,justice_society
283,0.1223,225032.24425116144,justice_society
284,0.1145,348801.7132893969,justice_society
285,0.1144,108392.23134283043,justice_society
286,0.1146,201667.8261551113,justice_society
287,0.1228,229313.18383026638,justice_society
288,0.1089,163230.1480521498,justice_society
289,0.1256,229928.3931788717,justice_society
29,0.0991,158934.59525744084,justice_society
290,0.1283,171933.35017208458,justice_society
291,0.1375,150155.75647540676,justice_society
292,0.1303,170495.5530644437,justice_society
293,0.132,157126.21900124924,justice_society
294,0.1218,224073.31687500788,justice_society
295,0.1142,121224.48169688437,justice_society
296,0.1018,266542.8073390067,justice_society
297,0.1127,116068.39548367709,justice_society
298,0.1195,100536.02565406008,justice_society
299,0.1218,127721.3017367024,justice_society
3,0.1052,115851.86522588492,justice_society
30,0.0978,139576.16384651398,justice_society
31,0.13,196135.60089437373,justice_society
32,0.1293,124018.8382025247,justice_society
33,0.0954,155893.75991417954,justice_society
34,0.1011,96231.59370696604,justice_society
35,0.087,115171.85584071466,justice_society
36,0.1302,206407.69602351406,justice_society
37,0.0858,87383.08550697024,justice_society
38,0.1133,281285.77678616863,justice_society
39,0.1101,226123.33709281817,justice_society
4,0.1034,219096.40566326873,justice_society
40,0.0956,105268.95765060993,justice_society
41,0.1129,906040.0002060288,justice_society
42,0.1124,906040.0000290013,justice_society
43,0.113,905426.4123814947,justice_society
44,0.089,101457.30386766187,justice_society
45,0.1026,124862.07580933305,justice_society
46,0.0906,87457.91952152424,justice_society
47,0.116,905515.5202521704,justice_society
48,0.1021,213288.40224674714,justice_society
49,0.1007,89973.62500013925,justice_society
5,0.1073,203904.38777736196,justice_society
50,0.1246,205009.19059761005,justice_society
51,0.1016,88144.4655599578,justice_society
52,0.0927,137316.49886528339,justice_society
53,0.1032,264493.9772962256,justice_society
54,0.1049,459481.451911284,justice_society
55,0.0938,328883.2354039019,justice_society
56,0.0672,78979.82450200847,justice_society
57,0.0682,109443.59297400215,justice_society
58,0.0913,165824.85855315597,justice_society
59,0.0801,155615.10817955213,justice_society
6,0.114,112031.67277091801,justice_society
60,0.0893,155549.23788756167,justice_society
61,0.0951,154558.62871543417,justice_society
62,0.0823,134829.15146844977,justice_society
63,0.0767,134329.34255962222,justice_society
64,0.0832,84498.56508792723,justice_society
65,0.0731,79525.85822991289,justice_society
66,0.0629,71739.71605479502,justice_society
67,0.0725,106284.84831675599,justice_society
68,0.0752,166610.327614394,justice_society
69,0.0889,164610.48028456897,justice_society
7,0.1246,256373.54635692938,justice_society
70,0.0745,93215.15114076332,justice_society
71,0.0739,133361.2526046149,justice_society
72,0.0982,157021.8587295553,justice_society
73,0.0751,142062.0442874195,justice_society
74,0.0762,120532.22450632381,justice_society
75,0.1218,2877040.0000032624,justice_society
76,0.1241,2876906.1867174297,justice_society
77,0.1174,2876920.9828373524,justice_society
78,0.1248,2876421.751616364,justice_society
79,0.1216,2876860.9932270315,justice_society
8,0.1101,211014.82904146786,justice_society
80,0.1177,2877039.9999880577,justice_society
81,0.1237,2876994.508906475,justice_society
82,0.123,2877040.0163646573,justice_society
83,0.1178,2877040.000000056,justice_society
84,0.112,2876558.3705327353,justice_society
85,0.1091,2876637.8723200033,justice_society
86,0.1244,2877039.991728962,justice_society
87,0.1236,469838.9638431637,justice_society
88,0.1233,469519.8665093225,justice_society
89,0.1241,206063.7555109461,justice_society
9,0.1019,165842.74609892463,justice_society
90,0.1212,217520.41696543677,justice_society
91,0.1383,377284.1712779972,justice_society
92,0.1162,182042.29332300788,justice_society
93,0.1321,826064.115036562,justice_society
94,0.1269,825997.9357487308,justice_society
95,0.1335,825493.2232396624,justice_society
96,0.1483,255570.0786535427,justice_society
97,0.13,479910.6564404217,justice_society
98,0.1399,479718.72344821633,justice_society
99,0.1167,215526.51344431812,justice_society
1,0.1732,156146.91219309898,free_speech_restricted
10,0.1702,166471.2930691627,free_speech_restricted
100,0.1497,225480.3522156972,free_speech_restricted
101,0.1572,407890.85381560476,free_speech_restricted
102,0.1793,281768.98076001246,free_speech_restricted
103,0.1827,142658.23720478482,free_speech_restricted
104,0.1627,391543.0373754122,free_speech_restricted
105,0.1627,391558.8004555166,free_speech_restricted
106,0.152,494218.3319042906,free_speech_restricted
107,0.152,494219.96093411255,free_speech_restricted
108,0.1597,363673.56008346134,free_speech_restricted
109,0.1876,209297.8539070891,free_speech_restricted
11,0.1767,166836.21906336443,free_speech_restricted
110,0.1639,320280.1149764613,free_speech_restricted
111,0.1687,236760.5046750637,free_speech_restricted
112,0.1778,249336.21906869547,free_speech_restricted
113,0.1718,366336.2851592385,free_speech_restricted
114,0.1749,299541.1330563543,free_speech_restricted
115,0.1974,396276.38943833264,free_speech_restricted
116,0.1974,396373.33212362515,free_speech_restricted
117,0.1826,243750.69746423358,free_speech_restricted
118,0.1619,203613.27195902585,free_speech_restricted
119,0.1714,455933.8732086029,free_speech_restricted
12,0.2077,153175.19652881895,free_speech_restricted
120,0.1714,456020.53375132655,free_speech_restricted
121,0.1847,498771.4750146778,free_speech_restricted
122,0.1847,498709.6427058843,free_speech_restricted
123,0.2127,204675.96619656123,free_speech_restricted
124,0.1677,326015.12804966717,free_speech_restricted
125,0.1844,366415.6006192377,free_speech_restricted
126,0.1701,293566.14240599767,free_speech_restricted
127,0.157,194330.8471030403,free_speech_restricted
128,0.1662,350928.9874258416,free_speech_restricted
129,0.1256,244367.79992332731,free_speech_restricted
13,0.2067,156364.76501065,free_speech_restricted
130,0.1684,220117.08373788834,free_speech_restricted
131,0.1753,283928.1380258957,free_speech_restricted
132,0.1637,264316.5948110892,free_speech_restricted
133,0.1813,206947.44889617665,free_speech_restricted
134,0.184,252840.34757535404,free_speech_restricted
135,0.1786,275039.22121060453,free_speech_restricted
136,0.1759,150831.06981403066,free_speech_restricted
137,0.1734,246867.57793827367,free_speech_restricted
138,0.1804,201784.98668589175,free_speech_restricted
139,0.1676,254498.50955151534,free_speech_restricted
14,0.1963,171852.85511876698,free_speech_restricted
140,0.1653,288318.3119799407,free_speech_restricted
141,0.1821,196999.4437813509,free_speech_restricted
142,0.1723,479802.95794022887,free_speech_restricted
143,0.1723,479821.29101912136,free_speech_restricted
144,0.1792,317213.10804336413,free_speech_restricted
145,0.186,221583.589226408,free_speech_restricted
146,0.1753,235963.20544327798,free_speech_restricted
147,0.1742,207983.59959208468,free_speech_restricted
148,0.1786,220544.11485789935,free_speech_restricted
149,0.1813,189899.65486953108,free_speech_restricted
15,0.2179,177171.1056234898,free_speech_restricted
150,0.192,328426.4883106674,free_speech_restricted
151,0.2173,156287.43169108193,free_speech_restricted
152,0.1637,447273.0462806228,free_speech_restricted
153,0.1637,447243.65590118093,free_speech_restricted
154,0.2016,203485.01944982784,free_speech_restricted
155,0.2088,189334.39291100815,free_speech_restricted
156,0.2152,230765.27810862593,free_speech_restricted
157,0.2225,191431.58226584247,free_speech_restricted
158,0.2135,189315.47007156236,free_speech_restricted
159,0.1666,417647.8505356109,free_speech_restricted
16,0.2176,188390.8326199093,free_speech_restricted
160,0.1831,341234.6099588987,free_speech_restricted
161,0.2174,234219.82598483737,free_speech_restricted
162,0.1947,179951.4826308836,free_speech_restricted
163,0.2151,243241.04581463398,free_speech_restricted
164,0.2148,256612.53907117652,free_speech_restricted
165,0.2103,245404.13989671535,free_speech_restricted
166,0.2137,176363.3722710095,free_speech_restricted
167,0.1809,150847.19248560639,free_speech_restricted
168,0.1718,174948.92758784763,free_speech_restricted
169,0.1907,82837.07649342252,free_speech_restricted
17,0.2122,192718.9279291037,free_speech_restricted
170,0.1849,134244.55708584565,free_speech_restricted
171,0.1651,192767.679643849,free_speech_restricted
172,0.1901,199828.3130746693,free_speech_restricted
173,0.1719,151701.4962621543,free_speech_restricted
174,0.1827,138746.12312425295,free_speech_restricted
175,0.1771,288922.3772270948,free_speech_restricted
176,0.16,162361.87609394698,free_speech_restricted
177,0.1692,243612.56356526492,free_speech_restricted
178,0.1647,142711.3720274556,free_speech_restricted
179,0.166,227070.2518071342,free_speech_restricted
18,0.1581,1421002.2593554342,free_speech_restricted
180,0.1787,331219.6662066321,free_speech_restricted
181,0.1473,186134.08587471946,free_speech_restricted
182,0.1541,597316.9289922566,free_speech_restricted
183,0.1542,597119.979697627,free_speech_restricted
184,0.1764,207677.8943569085,free_speech_restricted
185,0.1689,246244.22266916416,free_speech_restricted
186,0.1577,209100.38922005054,free_speech_restricted
187,0.1725,151964.41207017357,free_speech_restricted
188,0.1719,217023.4649560447,free_speech_restricted
189,0.214,63479.47863541032,free_speech_restricted
19,0.1581,1430556.9948969542,free_speech_restricted
190,0.2174,98328.8375353136,free_speech_restricted
191,0.2048,57329.668210706746,free_speech_restricted
192,0.2103,97103.89456177686,free_speech_restricted
193,0.1798,128018.6219006737,free_speech_restricted
194,0.2167,71429.80636382155,free_speech_restricted
195,0.2115,66552.61663215315,free_speech_restricted
196,0.2178,65604.03583878439,free_speech_restricted
197,0.1893,124497.04897961108,free_speech_restricted
198,0.1746,129788.89967360128,free_speech_restricted
199,0.18,126188.29445828657,free_speech_restricted
2,0.1817,126617.81067176482,free_speech_restricted
20,0.1581,1431329.7804752644,free_speech_restricted
200,0.1832,71012.6202541161,free_speech_restricted
201,0.1914,97548.86235301365,free_speech_restricted
202,0.1864,68267.7552315342,free_speech_restricted
203,0.1711,110806.5196587859,free_speech_restricted
204,0.1865,141190.6093562236,free_speech_restricted
205,0.155,165730.91092029086,free_speech_restricted
206,0.1768,111780.77145883288,free_speech_restricted
207,0.187,110882.44884675027,free_speech_restricted
208,0.1711,94362.25613613243,free_speech_restricted
209,0.1973,60711.17813870885,free_speech_restricted
21,0.1581,1431298.9874824153,free_speech_restricted
210,0.1888,68045.19178860822,free_speech_restricted
211,0.1831,88636.80629276097,free_speech_restricted
212,0.2059,88824.58818819381,free_speech_restricted
213,0.1687,106040.88849210861,free_speech_restricted
214,0.1786,114277.4362937002,free_speech_restricted
215,0.1639,138772.1022482832,free_speech_restricted
216,0.187,94460.0472031337,free_speech_restricted
217,0.1439,1204507.0364880688,free_speech_restricted
218,0.1439,1204367.2685137496,free_speech_restricted
219,0.1439,1203811.9304614188,free_speech_restricted
22,0.1581,1430951.582966886,free_speech_restricted
220,0.1439,1204570.5462810397,free_speech_restricted
221,0.1421,273975.8695181723,free_speech_restricted
222,0.1777,195381.17695181782,free_speech_restricted
223,0.1701,87433.09608902044,free_speech_restricted
224,0.1534,97927.10241617101,free_speech_restricted
225,0.1901,114691.21344866653,free_speech_restricted
226,0.1726,86171.71429780195,free_speech_restricted
227,0.2159,79236.91113039952,free_speech_restricted
228,0.1935,108643.97946313373,free_speech_restricted
229,0.2086,148549.29339360775,free_speech_restricted
23,0.1581,1430979.5587980626,free_speech_restricted
230,0.2107,88837.43598801222,free_speech_restricted
231,0.2115,68797.40963185742,free_speech_restricted
232,0.1908,90761.54694977363,free_speech_restricted
233,0.1799,147987.87406906814,free_speech_restricted
234,0.2097,108652.73819635087,free_speech_restricted
235,0.1984,63773.85339297382,free_speech_restricted
236,0.1833,102030.78339398111,free_speech_restricted
237,0.1853,81108.48554729173,free_speech_restricted
238,0.1994,55680.5282195036,free_speech_restricted
239,0.2017,62920.67454943145,free_speech_restricted
24,0.1896,140060.76032577365,free_speech_restricted
240,0.1945,71998.71051860439,free_speech_restricted
241,0.1936,118560.08657677029,free_speech_restricted
242,0.1621,99670.56706345096,free_speech_restricted
243,0.1874,79906.38667921201,free_speech_restricted
244,0.1802,421645.16416584176,free_speech_restricted
245,0.178,310021.82372011937,free_speech_restricted
246,0.1746,114053.8546474647,free_speech_restricted
247,0.1759,129000.1599732756,free_speech_restricted
248,0.1929,67732.83506927769,free_speech_restricted
249,0.1832,98381.05661136859,free_speech_restricted
25,0.1815,205347.6206726869,free_speech_restricted
250,0.1856,77853.19820796055,free_speech_restricted
251,0.1621,123141.43426387003,free_speech_restricted
252,0.1832,234967.86250354463,free_speech_restricted
253,0.1782,169670.2451007896,free_speech_restricted
254,0.1919,94243.60739768743,free_speech_restricted
255,0.1948,114492.67486453363,free_speech_restricted
256,0.1773,106263.59875116046,free_speech_restricted
257,0.1856,104959.4310635585,free_speech_restricted
258,0.1511,491625.13801795384,free_speech_restricted
259,0.1511,491606.6573873762,free_speech_restricted
26,0.1866,57534.38438324122,free_speech_restricted
260,0.1649,307666.1280541792,free_speech_restricted
261,0.1631,424388.0713972013,free_speech_restricted
262,0.1632,416219.3321893571,free_speech_restricted
263,0.186,202919.6077625286,free_speech_restricted
264,0.1719,348173.7020949003,free_speech_restricted
265,0.1643,412661.20895595336,free_speech_restricted
266,0.1723,354339.2293625429,free_speech_restricted
267,0.1865,257722.21503823865,free_speech_restricted
268,0.1931,130377.2162091822,free_speech_restricted
269,0.1761,290285.00161643716,free_speech_restricted
27,0.1679,102365.55669514439,free_speech_restricted
270,0.1849,194226.28914273845,free_speech_restricted
271,0.1549,250850.54595401778,free_speech_restricted
272,0.1738,359984.238399364,free_speech_restricted
273,0.1891,160617.35190101372,free_speech_restricted
274,0.1598,329508.5250784324,free_speech_restricted
275,0.1798,254270.4667512479,free_speech_restricted
276,0.1899,106758.04057529704,free_speech_restricted
277,0.1679,444702.13988692965,free_speech_restricted
278,0.172,383546.90227372816,free_speech_restricted
279,0.1833,147715.086276244,free_speech_restricted
28,0.1814,84831.94110845958,free_speech_restricted
280,0.1911,107018.23038466662,free_speech_restricted
281,0.1542,202798.83261378773,free_speech_restricted
282,0.1793,192423.43880240252,free_speech_restricted
283,0.1795,225032.24425116144,free_speech_restricted
284,0.1906,348801.7132893969,free_speech_restricted
285,0.1977,108392.23134283043,free_speech_restricted
286,0.1913,201667.8261551113,free_speech_restricted
287,0.1687,229313.18383026638,free_speech_restricted
288,0.1811,163230.1480521498,free_speech_restricted
289,0.1741,229928.3931788717,free_speech_restricted
29,0.1818,158934.59525744084,free_speech_restricted
290,0.1601,171933.35017208458,free_speech_restricted
291,0.177,150155.75647540676,free_speech_restricted
292,0.1811,170495.5530644437,free_speech_restricted
293,0.1724,157126.21900124924,free_speech_restricted
294,0.175,224073.31687500788,free_speech_restricted
295,0.1963,121224.48169688437,free_speech_restricted
296,0.1856,266542.8073390067,free_speech_restricted
297,0.1841,116068.39548367709,free_speech_restricted
298,0.1787,100536.02565406008,free_speech_restricted
299,0.1783,127721.3017367024,free_speech_restricted
3,0.1866,115851.86522588492,free_speech_restricted
30,0.1778,139576.16384651398,free_speech_restricted
31,0.1741,196135.60089437373,free_speech_restricted
32,0.1907,124018.8382025247,free_speech_restricted
33,0.1802,155893.75991417954,free_speech_restricted
34,0.1706,96231.59370696604,free_speech_restricted
35,0.1857,115171.85584071466,free_speech_restricted
36,0.1599,206407.69602351406,free_speech_restricted
37,0.1661,87383.08550697024,free_speech_restricted
38,0.1735,281285.77678616863,free_speech_restricted
39,0.1682,226123.33709281817,free_speech_restricted
4,0.1657,219096.40566326873,free_speech_restricted
40,0.1845,105268.95765060993,free_speech_restricted
41,0.1593,906040.0002060288,free_speech_restricted
42,0.1593,906040.0000290013,free_speech_restricted
43,0.1593,905426.4123814947,free_speech_restricted
44,0.1849,101457.30386766187,free_speech_restricted
45,0.1799,124862.07580933305,free_speech_restricted
46,0.1875,87457.91952152424,free_speech_restricted
47,0.1593,905515.5202521704,free_speech_restricted
48,0.1704,213288.40224674714,free_speech_restricted
49,0.1793,89973.62500013925,free_speech_restricted
5,0.1571,203904.38777736196,free_speech_restricted
50,0.1552,205009.19059761005,free_speech_restricted
51,0.1878,88144.4655599578,free_speech_restricted
52,0.179,137316.49886528339,free_speech_restricted
53,0.1652,264493.9772962256,free_speech_restricted
54,0.1694,459481.451911284,free_speech_restricted
55,0.184,328883.2354039019,free_speech_restricted
56,0.2088,78979.82450200847,free_speech_restricted
57,0.2062,109443.59297400215,free_speech_restricted
58,0.186,165824.85855315597,free_speech_restricted
59,0.1929,155615.10817955213,free_speech_restricted
6,0.1658,112031.67277091801,free_speech_restricted
60,0.1737,155549.23788756167,free_speech_restricted
61,0.165,154558.62871543417,free_speech_restricted
62,0.1903,134829.15146844977,free_speech_restricted
63,0.1967,134329.34255962222,free_speech_restricted
64,0.2072,84498.56508792723,free_speech_restricted
65,0.2142,79525.85822991289,free_speech_restricted
66,0.2218,71739.71605479502,free_speech_restricted
67,0.2163,106284.84831675599,free_speech_restricted
68,0.2188,166610.327614394,free_speech_restricted
69,0.2181,164610.48028456897,free_speech_restricted
7,0.1649,256373.54635692938,free_speech_restricted
70,0.2158,93215.15114076332,free_speech_restricted
71,0.2291,133361.2526046149,free_speech_restricted
72,0.207,157021.8587295553,free_speech_restricted
73,0.2259,142062.0442874195,free_speech_restricted
74,0.2283,120532.22450632381,free_speech_restricted
75,0.1625,2877040.0000032624,free_speech_restricted
76,0.1625,2876906.1867174297,free_speech_restricted
77,0.1625,2876920.9828373524,free_speech_restricted
78,0.1625,2876421.751616364,free_speech_restricted
79,0.1625,2876860.9932270315,free_speech_restricted
8,0.1695,211014.82904146786,free_speech_restricted
80,0.1625,2877039.9999880577,free_speech_restricted
81,0.1625,2876994.508906475,free_speech_restricted
82,0.1625,2877040.0163646573,free_speech_restricted
83,0.1625,2877040.000000056,free_speech_restricted
84,0.1625,2876558.3705327353,free_speech_restricted
85,0.1625,2876637.8723200033,free_speech_restricted
86,0.1625,2877039.991728962,free_speech_restricted
87,0.162,469838.9638431637,free_speech_restricted
88,0.162,469519.8665093225,free_speech_restricted
89,0.1824,206063.7555109461,free_speech_restricted
9,0.1747,165842.74609892463,free_speech_restricted
90,0.179,217520.41696543677,free_speech_restricted
91,0.1639,377284.1712779972,free_speech_restricted
92,0.175,182042.29332300788,free_speech_restricted
93,0.1477,826064.115036562,free_speech_restricted
94,0.1477,825997.9357487308,free_speech_restricted
95,0.1478,825493.2232396624,free_speech_restricted
96,0.1356,255570.0786535427,free_speech_restricted
97,0.1602,479910.6564404217,free_speech_restricted
98,0.1602,479718.72344821633,free_speech_restricted
99,0.1785,215526.51344431812,free_speech_restricted
