OID_,WKR_NR,WKR_NAME,AGS,GEN,AREA,PERCENTAGE
1,1,Flensburg – Schleswig,01001,Flensburg,56863126.329496793448925,2.674578909933881
2,1,Flensburg – Schleswig,01051,Dithmarschen,17133.781794434482435,0.000805893984254
3,1,Flensburg – Schleswig,01054,Nordfriesland,101581.404505153404898,0.004777920238797
4,1,Flensburg – Schleswig,01058,Rendsburg-Eckernförde,100471.181665242547751,0.004725700482610
5,1,Flensburg – Schleswig,01059,Schleswig-Flensburg,2068975848.600774526596069,97.315070890847323
6,2,Nordfriesland – Dithmarschen Nord,01051,Dithmarschen,695702504.724081039428711,25.008830473552273
7,2,Nordfriesland – Dithmarschen Nord,01054,Nordfriesland,2085441118.322016000747681,74.966588500892726
8,2,Nordfriesland – Dithmarschen Nord,01058,Rendsburg-Eckernförde,4445.295057325948619,0.000159797657388
9,2,Nordfriesland – Dithmarschen Nord,01059,Schleswig-Flensburg,64493.976065128816117,0.002318403201118
10,3,Steinburg – Dithmarschen Süd,01004,Neumünster,6421.568623297094746,0.000319117605077
11,3,Steinburg – Dithmarschen Süd,01051,Dithmarschen,744964760.644975304603577,37.020763029964940
12,3,Steinburg – Dithmarschen Süd,01056,Pinneberg,65923.441496766099590,0.003276042350860
13,3,Steinburg – Dithmarschen Süd,01058,Rendsburg-Eckernförde,307040.267341239901725,0.015258258616228
14,3,Steinburg – Dithmarschen Süd,01060,Segeberg,211138433.183335572481155,10.492450535017227
15,3,Steinburg – Dithmarschen Süd,01061,Steinburg,1054498368.197157144546509,52.402927315263980
16,3,Steinburg – Dithmarschen Süd,03359,Stade,45615.935266616797890,0.002266867936724
17,4,Rendsburg-Eckernförde,01002,Kiel,86930.493549932012684,0.004018012309503
18,4,Rendsburg-Eckernförde,01004,Neumünster,61646.620959777224925,0.002849367025777
19,4,Rendsburg-Eckernförde,01051,Dithmarschen,125587.167707109765615,0.005804761541737
20,4,Rendsburg-Eckernförde,01057,Plön,20160.295655766662094,0.000931828554057
21,4,Rendsburg-Eckernförde,01058,Rendsburg-Eckernförde,2162739730.179457187652588,99.963942492993496
22,4,Rendsburg-Eckernförde,01059,Schleswig-Flensburg,216326.604983266501222,0.009998826950138
23,4,Rendsburg-Eckernförde,01060,Segeberg,889.848985559704033,0.000041129689152
24,4,Rendsburg-Eckernförde,01061,Steinburg,267162.413631886651274,0.012348507672891
25,5,Kiel,01002,Kiel,119468761.424916714429855,83.529707985755124
26,5,Kiel,01057,Plön,34695.763131641455402,0.024258449892362
27,5,Kiel,01058,Rendsburg-Eckernförde,23521176.435996774584055,16.445445451571146
28,6,Plön – Neumünster,01002,Kiel,39373.819456172415812,0.003027084163580
29,6,Plön – Neumünster,01004,Neumünster,71753612.452780172228813,5.516463145701382
30,6,Plön – Neumünster,01055,Ostholstein,115942.493113746168092,0.008913732262660
31,6,Plön – Neumünster,01057,Plön,1082364572.858286619186401,83.212873502568996
32,6,Plön – Neumünster,01058,Rendsburg-Eckernförde,110866.689156826105318,0.008523501241447
33,6,Plön – Neumünster,01060,Segeberg,146330796.243293374776840,11.250004243179943
34,7,Pinneberg,01056,Pinneberg,662938730.864620566368103,99.989981575816373
35,7,Pinneberg,01060,Segeberg,7599.872834475718264,0.001146276585329
36,7,Pinneberg,01061,Steinburg,18570.654499131916964,0.002800981923016
37,7,Pinneberg,02000,Hamburg,33581.682458028262772,0.005065071105265
38,7,Pinneberg,03359,Stade,5491.287963852407302,0.000828242123698
39,8,Segeberg – Stormarn-Mitte,01053,Herzogtum Lauenburg,13187.262901950418382,0.000988601085946
40,8,Segeberg – Stormarn-Mitte,01055,Ostholstein,138578.626606793288374,0.010388735082554
41,8,Segeberg – Stormarn-Mitte,01056,Pinneberg,17308.789954603573278,0.001297576962919
42,8,Segeberg – Stormarn-Mitte,01057,Plön,125075.688566354452632,0.009376468980825
43,8,Segeberg – Stormarn-Mitte,01060,Segeberg,987055757.364239335060120,73.995976335244862
44,8,Segeberg – Stormarn-Mitte,01062,Stormarn,346532675.169578731060028,25.978292958555659
45,8,Segeberg – Stormarn-Mitte,02000,Hamburg,49080.454554604293662,0.003679382979786
46,9,Ostholstein – Stormarn-Nord,01003,Lübeck,66849.282789028991829,0.004357622627852
47,9,Ostholstein – Stormarn-Nord,01053,Herzogtum Lauenburg,1075.389234771952488,0.000070100085860
48,9,Ostholstein – Stormarn-Nord,01055,Ostholstein,1392924365.061733245849609,90.798860942693210
49,9,Ostholstein – Stormarn-Nord,01057,Plön,166548.124738917395007,0.010856569385779
50,9,Ostholstein – Stormarn-Nord,01060,Segeberg,131149.512964715628186,0.008549083273346
51,9,Ostholstein – Stormarn-Nord,01062,Stormarn,140776716.463158875703812,9.176640040710902
52,10,Herzogtum Lauenburg – Stormarn-Süd,01003,Lübeck,68321.001877282542409,0.005066886597342
53,10,Herzogtum Lauenburg – Stormarn-Süd,01053,Herzogtum Lauenburg,1070098380.814874887466431,79.361645681476304
54,10,Herzogtum Lauenburg – Stormarn-Süd,01062,Stormarn,278157477.921207606792450,20.628977299849673
55,10,Herzogtum Lauenburg – Stormarn-Süd,02000,Hamburg,41549.323970107085188,0.003081420163172
56,10,Herzogtum Lauenburg – Stormarn-Süd,03355,Lüneburg,604.931422604072395,0.000044863494874
57,10,Herzogtum Lauenburg – Stormarn-Süd,13074,Nordwestmecklenburg,5031.501705476342067,0.000373150976354
58,10,Herzogtum Lauenburg – Stormarn-Süd,13076,Ludwigslust-Parchim,10931.823137896950357,0.000810736180968
59,11,Lübeck,01003,Lübeck,211441679.830294996500015,52.381846542078357
60,11,Lübeck,01053,Herzogtum Lauenburg,191992191.815113693475723,47.563496170709215
61,11,Lübeck,01055,Ostholstein,152259.536011649121065,0.037720262420974
62,11,Lübeck,01062,Stormarn,65071.694972550372768,0.016120641602076
63,11,Lübeck,13074,Nordwestmecklenburg,3253.152920781554712,0.000805925100534
64,12,Schwerin – Ludwigslust-Parchim I – Nordwestmecklenburg I,01003,Lübeck,6485.090362297298270,0.000178136510426
65,12,Schwerin – Ludwigslust-Parchim I – Nordwestmecklenburg I,01053,Herzogtum Lauenburg,35457.441443837684346,0.000973967136086
66,12,Schwerin – Ludwigslust-Parchim I – Nordwestmecklenburg I,03354,Lüchow-Dannenberg,5280.550943651036505,0.000145049469734
67,12,Schwerin – Ludwigslust-Parchim I – Nordwestmecklenburg I,03355,Lüneburg,21835.919836314980785,0.000599802677259
68,12,Schwerin – Ludwigslust-Parchim I – Nordwestmecklenburg I,12070,Prignitz,91292.145935876484145,0.002507669654201
69,12,Schwerin – Ludwigslust-Parchim I – Nordwestmecklenburg I,13004,Schwerin,129887491.360491007566452,3.567830695685142
70,12,Schwerin – Ludwigslust-Parchim I – Nordwestmecklenburg I,13074,Nordwestmecklenburg,983741881.677175879478455,27.022036112297283
71,12,Schwerin – Ludwigslust-Parchim I – Nordwestmecklenburg I,13076,Ludwigslust-Parchim,2526727513.271751880645752,69.405728658374059
72,13,Ludwigslust-Parchim II – Nordwestmecklenburg II – Landkreis Rostock I,12070,Prignitz,20242.021804226013046,0.000514588804177
73,13,Ludwigslust-Parchim II – Nordwestmecklenburg II – Landkreis Rostock I,13004,Schwerin,191827.959850959712639,0.004876613681290
74,13,Ludwigslust-Parchim II – Nordwestmecklenburg II – Landkreis Rostock I,13071,Mecklenburgische Seenplatte,98661.557381806676858,0.002508155228879
75,13,Ludwigslust-Parchim II – Nordwestmecklenburg II – Landkreis Rostock I,13072,Rostock,552843923.526292324066162,14.054292414832611
76,13,Ludwigslust-Parchim II – Nordwestmecklenburg II – Landkreis Rostock I,13074,Nordwestmecklenburg,1141139652.005806922912598,29.009833830048787
77,13,Ludwigslust-Parchim II – Nordwestmecklenburg II – Landkreis Rostock I,13076,Ludwigslust-Parchim,2239314792.379420757293701,56.927432068381599
78,14,Rostock – Landkreis Rostock II,13003,Rostock,181522827.425675421953201,18.252810658141559
79,14,Rostock – Landkreis Rostock II,13072,Rostock,812774579.994835853576660,81.727575130850340
80,14,Rostock – Landkreis Rostock II,13073,Vorpommern-Rügen,195060.060102963558165,0.019614030888115
81,15,Vorpommern-Rügen – Vorpommern-Greifswald I,13071,Mecklenburgische Seenplatte,18352.087962645389780,0.000527934803026
82,15,Vorpommern-Rügen – Vorpommern-Greifswald I,13072,Rostock,441534.006768308056053,0.012701615716252
83,15,Vorpommern-Rügen – Vorpommern-Greifswald I,13073,Vorpommern-Rügen,3215111647.723467826843262,92.489167330794402
84,15,Vorpommern-Rügen – Vorpommern-Greifswald I,13075,Vorpommern-Greifswald,260435536.401244848966599,7.491953171254755
85,16,Mecklenburgische Seenplatte I – Vorpommern-Greifswald II,12073,Uckermark,146333.355556950293249,0.002937819212473
86,16,Mecklenburgische Seenplatte I – Vorpommern-Greifswald II,13071,Mecklenburgische Seenplatte,1283522715.359287023544312,25.768271891776205
87,16,Mecklenburgische Seenplatte I – Vorpommern-Greifswald II,13073,Vorpommern-Rügen,71023.774016266295803,0.001425888219765
88,16,Mecklenburgische Seenplatte I – Vorpommern-Greifswald II,13075,Vorpommern-Greifswald,3697055235.288543224334717,74.222858202523156
89,17,Mecklenburgische Seenplatte II – Landkreis Rostock III,12065,Oberhavel,5461.929954269363407,0.000086940068304
90,17,Mecklenburgische Seenplatte II – Landkreis Rostock III,12068,Ostprignitz-Ruppin,27778.885113699972862,0.000442169377750
91,17,Mecklenburgische Seenplatte II – Landkreis Rostock III,13071,Mecklenburgische Seenplatte,4216824806.147751331329346,67.121153098264102
92,17,Mecklenburgische Seenplatte II – Landkreis Rostock III,13072,Rostock,2064387961.982715129852295,32.859819134160198
93,17,Mecklenburgische Seenplatte II – Landkreis Rostock III,13073,Vorpommern-Rügen,175822.028460236993851,0.002798640643814
94,17,Mecklenburgische Seenplatte II – Landkreis Rostock III,13074,Nordwestmecklenburg,162974.361119228648022,0.002594138373458
95,17,Mecklenburgische Seenplatte II – Landkreis Rostock III,13075,Vorpommern-Greifswald,311440.883754918584600,0.004957348763718
96,17,Mecklenburgische Seenplatte II – Landkreis Rostock III,13076,Ludwigslust-Parchim,511926.506385544198565,0.008148571256759
97,18,Hamburg-Mitte,01062,Stormarn,7603.540664901313903,0.006542944184139
98,18,Hamburg-Mitte,02000,Hamburg,115360664.235132977366447,99.269329960966573
99,19,Hamburg-Altona,01056,Pinneberg,58996.879699324352259,0.075906879441951
100,19,Hamburg-Altona,02000,Hamburg,77663707.672808125615120,99.924093026266988
101,20,Hamburg-Eimsbüttel,01056,Pinneberg,5062.823148867683813,0.010144869166993
102,20,Hamburg-Eimsbüttel,02000,Hamburg,49900195.200246520340443,99.989854835667572
103,21,Hamburg-Nord,01060,Segeberg,6510.535273493107525,0.005688380421103
104,21,Hamburg-Nord,01062,Stormarn,7467.151164399715526,0.006524194202269
105,21,Hamburg-Nord,02000,Hamburg,114439254.082552596926689,99.987786715363399
106,22,Hamburg-Wandsbek,01062,Stormarn,31537.836507571231778,0.040065411934679
107,22,Hamburg-Wandsbek,02000,Hamburg,78684329.209202960133553,99.959934214695494
108,23,Hamburg-Bergedorf – Harburg,01053,Herzogtum Lauenburg,2986.850623802868995,0.000946940932863
109,23,Hamburg-Bergedorf – Harburg,01062,Stormarn,131.959482671801879,0.000041835984239
110,23,Hamburg-Bergedorf – Harburg,02000,Hamburg,315300263.235975623130798,99.961719886890336
111,23,Hamburg-Bergedorf – Harburg,03353,Harburg,117420.619745049742050,0.037226632732352
112,23,Hamburg-Bergedorf – Harburg,03359,Stade,204.921904904453385,0.000064967741690
113,24,Aurich – Emden,03402,Emden,111541382.269742742180824,7.932402963260457
114,24,Aurich – Emden,03452,Aurich,1293339395.772343397140503,91.977426196098079
115,24,Aurich – Emden,03457,Leer,69347.751135134589276,0.004931750848035
116,24,Aurich – Emden,03462,Wittmund,14164.856675083092341,0.001007351251860
117,25,Unterems,03402,Emden,94519.130031207168940,0.003639761127973
118,25,Unterems,03451,Ammerland,153793.921690691902768,0.005922326387299
119,25,Unterems,03452,Aurich,204546.785876488895155,0.007876727598310
120,25,Unterems,03453,Cloppenburg,73079.493999506463297,0.002814159434429
121,25,Unterems,03454,Emsland,1511090748.935964822769165,58.189377822256169
122,25,Unterems,03455,Friesland,0.279298875986569,0.000000010755296
123,25,Unterems,03456,Grafschaft Bentheim,12589.423678592893339,0.000484795986948
124,25,Unterems,03457,Leer,1084741736.560085296630859,41.771446746471952
125,26,Friesland – Wilhelmshaven – Wittmund,03405,Wilhelmshaven,108079491.752840697765350,7.784967448478832
126,26,Friesland – Wilhelmshaven – Wittmund,03451,Ammerland,43140.319352862265077,0.003107397864592
127,26,Friesland – Wilhelmshaven – Wittmund,03452,Aurich,56835.657691012063879,0.004093873295123
128,26,Friesland – Wilhelmshaven – Wittmund,03455,Friesland,617574167.332299828529358,44.483876744146585
129,26,Friesland – Wilhelmshaven – Wittmund,03457,Leer,1772.782460142057971,0.000127693547792
130,26,Friesland – Wilhelmshaven – Wittmund,03461,Wesermarsch,2648.802692511600526,0.000190793298564
131,26,Friesland – Wilhelmshaven – Wittmund,03462,Wittmund,658780733.275770783424377,47.451986321004270
132,27,Oldenburg – Ammerland,03403,Oldenburg (Oldb),103612460.904791355133057,12.439758764526143
133,27,Oldenburg – Ammerland,03451,Ammerland,729202994.778269529342651,87.548440276378130
134,27,Oldenburg – Ammerland,03453,Cloppenburg,18116.913345642551576,0.002175124783347
135,27,Oldenburg – Ammerland,03455,Friesland,12574.973027280881070,0.001509756930429
136,27,Oldenburg – Ammerland,03457,Leer,29063.517876090951177,0.003489379057981
137,27,Oldenburg – Ammerland,03458,Oldenburg,18989.367373914396012,0.002279872007282
138,27,Oldenburg – Ammerland,03461,Wesermarsch,19546.182164083096723,0.002346723442001
139,28,Delmenhorst – Wesermarsch – Oldenburg-Land,03251,Diepholz,30908.377909331858973,0.001577105418598
140,28,Delmenhorst – Wesermarsch – Oldenburg-Land,03352,Cuxhaven,6460.080219779642903,0.000329626729331
141,28,Delmenhorst – Wesermarsch – Oldenburg-Land,03356,Osterholz,42388.855853238252166,0.002162898824727
142,28,Delmenhorst – Wesermarsch – Oldenburg-Land,03401,Delmenhorst,62357173.244475074112415,3.181785731390467
143,28,Delmenhorst – Wesermarsch – Oldenburg-Land,03403,Oldenburg (Oldb),18745.045070087751810,0.000956469221343
144,28,Delmenhorst – Wesermarsch – Oldenburg-Land,03451,Ammerland,21325.013410130028205,0.001088112559626
145,28,Delmenhorst – Wesermarsch – Oldenburg-Land,03453,Cloppenburg,40616.515966204220604,0.002072464870295
146,28,Delmenhorst – Wesermarsch – Oldenburg-Land,03458,Oldenburg,1064122558.779998064041138,54.297040706169255
147,28,Delmenhorst – Wesermarsch – Oldenburg-Land,03460,Vechta,49740.169517903472297,0.002538000897323
148,28,Delmenhorst – Wesermarsch – Oldenburg-Land,03461,Wesermarsch,826962253.890983104705811,42.195894440451724
149,28,Delmenhorst – Wesermarsch – Oldenburg-Land,04011,Bremen,71957.922151301288977,0.003671665632820
150,28,Delmenhorst – Wesermarsch – Oldenburg-Land,04012,Bremerhaven,9692.023748274492391,0.000494537216266
151,29,Cuxhaven – Stade II,01061,Steinburg,17366.276443171838764,0.000674850649823
152,29,Cuxhaven – Stade II,03352,Cuxhaven,2056564243.026465892791748,79.917748652155638
153,29,Cuxhaven – Stade II,03356,Osterholz,83121.200664691292332,0.003230076203508
154,29,Cuxhaven – Stade II,03357,Rotenburg (Wümme),83976.712105468628579,0.003263321237562
155,29,Cuxhaven – Stade II,03359,Stade,515784011.742954015731812,20.043281968480393
156,29,Cuxhaven – Stade II,03461,Wesermarsch,36654.008128065310302,0.001424368734702
157,29,Cuxhaven – Stade II,04012,Bremerhaven,32081.503405956798815,0.001246681952326
158,30,Stade I – Rotenburg II,01056,Pinneberg,11310.482445094085051,0.000574109930959
159,30,Stade I – Rotenburg II,02000,Hamburg,743.633543284946654,0.000037746170799
160,30,Stade I – Rotenburg II,03352,Cuxhaven,51413.925535742513603,0.002609724685304
161,30,Stade I – Rotenburg II,03353,Harburg,63695.159435225381458,0.003233109088255
162,30,Stade I – Rotenburg II,03356,Osterholz,59755.153498411156761,0.003033117925425
163,30,Stade I – Rotenburg II,03357,Rotenburg (Wümme),1219847618.679000377655029,61.918369577949981
164,30,Stade I – Rotenburg II,03359,Stade,750055480.913103103637695,38.072142585676247
165,31,Mittelems,03453,Cloppenburg,115748.957697767153149,0.004919424437574
166,31,Mittelems,03454,Emsland,1370955002.751491069793701,58.266697838962912
167,31,Mittelems,03456,Grafschaft Bentheim,981702482.970075130462646,41.723150525127458
168,31,Mittelems,03459,Osnabrück,14164.998186763386911,0.000602023893987
169,31,Mittelems,05566,Steinfurt,107270.291081614792347,0.004559074240224
170,32,Cloppenburg – Vechta,03251,Diepholz,93368.633297975771711,0.004180428933933
171,32,Cloppenburg – Vechta,03451,Ammerland,68613.502344658903894,0.003072058145530
172,32,Cloppenburg – Vechta,03453,Cloppenburg,1419861046.370661735534668,63.571972628851348
173,32,Cloppenburg – Vechta,03454,Emsland,53982.997227258798375,0.002417001037480
174,32,Cloppenburg – Vechta,03457,Leer,18390.202481027634349,0.000823391452108
175,32,Cloppenburg – Vechta,03458,Oldenburg,82991.038537230255315,0.003715788980770
176,32,Cloppenburg – Vechta,03459,Osnabrück,163639.009556924371282,0.007326670918366
177,32,Cloppenburg – Vechta,03460,Vechta,813128140.681293487548828,36.406492054466497
178,33,Diepholz – Nienburg I,03251,Diepholz,1988956158.004223585128784,79.915240578318944
179,33,Diepholz – Nienburg I,03256,Nienburg (Weser),499613372.793729722499847,20.074209641211947
180,33,Diepholz – Nienburg I,03361,Verden,136340.928185219992884,0.005478108721877
181,33,Diepholz – Nienburg I,03401,Delmenhorst,17055.905861696981447,0.000685297569146
182,33,Diepholz – Nienburg I,03458,Oldenburg,16147.992519701068886,0.000648818075690
183,33,Diepholz – Nienburg I,03459,Osnabrück,66.060336567185374,0.000002654270517
184,33,Diepholz – Nienburg I,03460,Vechta,3173.741952929639410,0.000127519327503
185,33,Diepholz – Nienburg I,04011,Bremen,63526.260629219534167,0.002552452642455
186,33,Diepholz – Nienburg I,05770,Minden-Lübbecke,26255.691839495568274,0.001054940261735
187,34,Osterholz – Verden,03251,Diepholz,90428.481502868307871,0.006273815644365
188,34,Osterholz – Verden,03256,Nienburg (Weser),33267.582149851485156,0.002308063498062
189,34,Osterholz – Verden,03352,Cuxhaven,40760.773600968845130,0.002827931806928
190,34,Osterholz – Verden,03356,Osterholz,652542210.986222505569458,45.272567490408974
191,34,Osterholz – Verden,03357,Rotenburg (Wümme),210393.586159494327148,0.014596845489212
192,34,Osterholz – Verden,03358,Heidekreis,45675.638130178507708,0.003168918998804
193,34,Osterholz – Verden,03361,Verden,788147832.494434595108032,54.680716953308639
194,34,Osterholz – Verden,03461,Wesermarsch,8760.008758179314100,0.000607758518980
195,34,Osterholz – Verden,04011,Bremen,244054.399658548732987,0.016932190889497
196,35,Rotenburg I – Heidekreis,03241,Region Hannover,72650.698616569672595,0.002658485054404
197,35,Rotenburg I – Heidekreis,03256,Nienburg (Weser),39070.278710151862470,0.001429686899097
198,35,Rotenburg I – Heidekreis,03351,Celle,468685.980682445690036,0.017150484421755
199,35,Rotenburg I – Heidekreis,03353,Harburg,51233.069734070137201,0.001874756234597
200,35,Rotenburg I – Heidekreis,03355,Lüneburg,63556.260599900633679,0.002325695033029
201,35,Rotenburg I – Heidekreis,03357,Rotenburg (Wümme),852048403.261930227279663,31.178749672535833
202,35,Rotenburg I – Heidekreis,03358,Heidekreis,1879776154.997180223464966,68.786080641291747
203,35,Rotenburg I – Heidekreis,03360,Uelzen,136978.442610063531902,0.005012410746060
204,35,Rotenburg I – Heidekreis,03361,Verden,128937.359529495995957,0.004718165823464
205,36,Harburg,02000,Hamburg,72550.460142410258413,0.005812168045707
206,36,Harburg,03353,Harburg,1247901747.088046312332153,99.972000789102026
207,36,Harburg,03355,Lüneburg,156590.456422376533737,0.012544786694588
208,36,Harburg,03357,Rotenburg (Wümme),194.082268668804545,0.000015548333642
209,36,Harburg,03358,Heidekreis,12005.535655778894579,0.000961788396285
210,36,Harburg,03359,Stade,108161.985895256002550,0.008665081337135
211,37,Lüchow-Dannenberg – Lüneburg,01053,Herzogtum Lauenburg,55729.019430906366324,0.002183239549240
212,37,Lüchow-Dannenberg – Lüneburg,03353,Harburg,144127.687162314512534,0.005646344937819
213,37,Lüchow-Dannenberg – Lüneburg,03354,Lüchow-Dannenberg,1225793547.512734174728394,48.021676667958438
214,37,Lüchow-Dannenberg – Lüneburg,03355,Lüneburg,1326310532.963127851486206,51.959529159294505
215,37,Lüchow-Dannenberg – Lüneburg,03358,Heidekreis,83279.244985802273732,0.003262546930496
216,37,Lüchow-Dannenberg – Lüneburg,03360,Uelzen,121524.988613691544742,0.004760861828752
217,37,Lüchow-Dannenberg – Lüneburg,12070,Prignitz,34496.727988277438271,0.001351443496270
218,37,Lüchow-Dannenberg – Lüneburg,13076,Ludwigslust-Parchim,34209.292816535184102,0.001340182938643
219,37,Lüchow-Dannenberg – Lüneburg,15081,Altmarkkreis Salzwedel,3574.469754782674499,0.000140033394018
220,37,Lüchow-Dannenberg – Lüneburg,15090,Stendal,2795.249183605188591,0.000109506656136
221,38,Osnabrück-Land,03251,Diepholz,883.412607398378213,0.000046133835080
222,38,Osnabrück-Land,03404,Osnabrück,76798.947716806054814,0.004010617415467
223,38,Osnabrück-Land,03453,Cloppenburg,47224.381426406900573,0.002466165646980
224,38,Osnabrück-Land,03454,Emsland,66928.935126725598820,0.003495182691926
225,38,Osnabrück-Land,03459,Osnabrück,1914519728.647564411163330,99.980616847554927
226,38,Osnabrück-Land,03460,Vechta,42397.610851550256484,0.002214100603077
227,38,Osnabrück-Land,05566,Steinfurt,74136.581314910115907,0.003871582527943
228,38,Osnabrück-Land,05570,Warendorf,2442.686823538429508,0.000127562715457
229,38,Osnabrück-Land,05754,Gütersloh,16376.722740743178292,0.000855230070007
230,38,Osnabrück-Land,05758,Herford,32410.841655113064917,0.001692568581425
231,38,Osnabrück-Land,05770,Minden-Lübbecke,11565.203820303289831,0.000603961502522
232,39,Stadt Osnabrück,03404,Osnabrück,120026154.306971326470375,36.943787393121177
233,39,Stadt Osnabrück,03459,Osnabrück,204813011.178233057260513,63.040996222888346
234,39,Stadt Osnabrück,05566,Steinfurt,49436.686764079655404,0.015216503900987
235,40,Nienburg II – Schaumburg,03241,Region Hannover,316433.902873049839400,0.020075274995911
236,40,Nienburg II – Schaumburg,03251,Diepholz,272313.420366623438895,0.017276172841474
237,40,Nienburg II – Schaumburg,03252,Hameln-Pyrmont,171723.006074025382986,0.010894491831502
238,40,Nienburg II – Schaumburg,03256,Nienburg (Weser),899934815.341815114021301,57.093878792215058
239,40,Nienburg II – Schaumburg,03257,Schaumburg,675364367.164377808570862,42.846626957996278
240,40,Nienburg II – Schaumburg,03358,Heidekreis,110703.103132591611939,0.007023252622773
241,40,Nienburg II – Schaumburg,05766,Lippe,8763.606688046747877,0.000555982821756
242,40,Nienburg II – Schaumburg,05770,Minden-Lübbecke,57833.494348368185456,0.003669086316215
243,41,Stadt Hannover I,03241,Region Hannover,113748791.198797971010208,100.000000022739499
244,42,Stadt Hannover II,03241,Region Hannover,90387476.685507744550705,100.000000003200881
245,43,Hannover-Land I,03241,Region Hannover,1134390529.792854309082031,99.921719417881818
246,43,Hannover-Land I,03256,Nienburg (Weser),169800.740598145901458,0.014956738013402
247,43,Hannover-Land I,03257,Schaumburg,126241.012518830102636,0.011119820468035
248,43,Hannover-Land I,03351,Celle,520468.628379729983862,0.045844988022128
249,43,Hannover-Land I,03358,Heidekreis,72191.276384597498691,0.006358900461411
250,44,Celle – Uelzen,03151,Gifhorn,349200.303819606022444,0.011599341934435
251,44,Celle – Uelzen,03241,Region Hannover,309474.740577952528838,0.010279782969171
252,44,Celle – Uelzen,03351,Celle,1548246148.281351327896118,51.427894753104709
253,44,Celle – Uelzen,03354,Lüchow-Dannenberg,70209.081388991733547,0.002332126097903
254,44,Celle – Uelzen,03355,Lüneburg,245620.831342473597033,0.008158755813779
255,44,Celle – Uelzen,03358,Heidekreis,268420.511526600981597,0.008916089881243
256,44,Celle – Uelzen,03360,Uelzen,1461029158.973245859146118,48.530819148040898
257,45,Gifhorn – Peine,03101,Braunschweig,170378.967199682228966,0.009363879176926
258,45,Gifhorn – Peine,03102,Salzgitter,77279.579979405592894,0.004247218196379
259,45,Gifhorn – Peine,03103,Wolfsburg,29433.872022965122596,0.001617659889962
260,45,Gifhorn – Peine,03151,Gifhorn,1282912709.828398227691650,70.507761649341290
261,45,Gifhorn – Peine,03154,Helmstedt,27524.941376336770190,0.001512746729459
262,45,Gifhorn – Peine,03157,Peine,535396729.924976587295532,29.424936499722087
263,45,Gifhorn – Peine,03241,Region Hannover,264730.958277107041795,0.014549382171060
264,45,Gifhorn – Peine,03254,Hildesheim,245913.526234893099172,0.013515192546840
265,45,Gifhorn – Peine,03351,Celle,266510.815622066787910,0.014647201575675
266,45,Gifhorn – Peine,03360,Uelzen,139061.588951794168679,0.007642703430464
267,45,Gifhorn – Peine,15081,Altmarkkreis Salzwedel,3745.141973275784949,0.000205829730715
268,46,Hameln-Pyrmont – Holzminden,03155,Northeim,310387277.934101641178131,17.225584449748681
269,46,Hameln-Pyrmont – Holzminden,03241,Region Hannover,215974.070988484367263,0.011985928107395
270,46,Hameln-Pyrmont – Holzminden,03252,Hameln-Pyrmont,796873726.113020181655884,44.224156854328392
271,46,Hameln-Pyrmont – Holzminden,03254,Hildesheim,328264.500988257408608,0.018217717946637
272,46,Hameln-Pyrmont – Holzminden,03255,Holzminden,693752200.987613677978516,38.501214369515260
273,46,Hameln-Pyrmont – Holzminden,03257,Schaumburg,199017.058188745751977,0.011044863583290
274,46,Hameln-Pyrmont – Holzminden,05762,Höxter,40955.858606935413263,0.002272930146626
275,46,Hameln-Pyrmont – Holzminden,05766,Lippe,89163.958651006178115,0.004948338442992
276,46,Hameln-Pyrmont – Holzminden,06633,Kassel,10353.491314174098079,0.000574588430844
277,47,Hannover-Land II,03151,Gifhorn,10893.465268515472417,0.001139025197413
278,47,Hannover-Land II,03157,Peine,151592.753734396479558,0.015850600519909
279,47,Hannover-Land II,03241,Region Hannover,955710981.751537919044495,99.929532322997929
280,47,Hannover-Land II,03252,Hameln-Pyrmont,50871.357819815697439,0.005319130043116
281,47,Hannover-Land II,03254,Hildesheim,306255.594250513997395,0.032022210573188
282,47,Hannover-Land II,03257,Schaumburg,2052.568463621959381,0.000214617400602
283,47,Hannover-Land II,03351,Celle,152277.805495943728602,0.015922229813132
284,48,Hildesheim,03102,Salzgitter,33442.653159990586573,0.002771227053950
285,48,Hildesheim,03153,Goslar,118090.251932980798301,0.009785554375691
286,48,Hildesheim,03155,Northeim,262793.647416506835725,0.021776408164832
287,48,Hildesheim,03157,Peine,82489.218321171108983,0.006835473022347
288,48,Hildesheim,03158,Wolfenbüttel,130138.178778429428348,0.010783906410095
289,48,Hildesheim,03241,Region Hannover,208165.287981461413438,0.017249626546906
290,48,Hildesheim,03252,Hameln-Pyrmont,69071.638798284271616,0.005723624653306
291,48,Hildesheim,03254,Hildesheim,1205768370.284265279769897,99.916053685799653
292,48,Hildesheim,03255,Holzminden,108857.947841369241360,0.009020519055480
293,49,Salzgitter – Wolfenbüttel,03101,Braunschweig,142958.433046869351529,0.011533656519505
294,49,Salzgitter – Wolfenbüttel,03102,Salzgitter,224884380.508580386638641,18.143310234362691
295,49,Salzgitter – Wolfenbüttel,03153,Goslar,290521078.697994828224182,23.438773508942319
296,49,Salzgitter – Wolfenbüttel,03154,Helmstedt,223754.316206433461048,0.018052138463463
297,49,Salzgitter – Wolfenbüttel,03155,Northeim,121125.109362141374731,0.009772179069789
298,49,Salzgitter – Wolfenbüttel,03157,Peine,66116.119605975589366,0.005334142223620
299,49,Salzgitter – Wolfenbüttel,03158,Wolfenbüttel,723325645.536428570747375,58.356750067563546
300,49,Salzgitter – Wolfenbüttel,03159,Göttingen,31479.684327700600988,0.002539730316288
301,49,Salzgitter – Wolfenbüttel,03254,Hildesheim,172600.093025454640156,0.013925097986613
302,49,Salzgitter – Wolfenbüttel,15085,Harz,114.938406453542370,0.000009273045827
303,50,Braunschweig,03101,Braunschweig,191798122.189574539661407,99.781553652851272
304,50,Braunschweig,03102,Salzgitter,114286.463230749650393,0.059456686710322
305,50,Braunschweig,03151,Gifhorn,116066.868268058024114,0.060382929254962
306,50,Braunschweig,03154,Helmstedt,16596.608658641343936,0.008634262830221
307,50,Braunschweig,03157,Peine,76871.077350313018542,0.039991609101372
308,50,Braunschweig,03158,Wolfenbüttel,96072.172628646148951,0.049980836820791
309,51,Helmstedt – Wolfsburg,03101,Braunschweig,43041.069007143341878,0.003693885789463
310,51,Helmstedt – Wolfsburg,03103,Wolfsburg,204793894.793523728847504,17.575893796251258
311,51,Helmstedt – Wolfsburg,03151,Gifhorn,285065667.805088758468628,24.465006182684910
312,51,Helmstedt – Wolfsburg,03154,Helmstedt,675157528.890830993652344,57.943607330133858
313,51,Helmstedt – Wolfsburg,03158,Wolfenbüttel,131643.440546489146072,0.011297949737960
314,51,Helmstedt – Wolfsburg,15081,Altmarkkreis Salzwedel,136.474898601081833,0.000011712596833
315,51,Helmstedt – Wolfsburg,15083,Börde,5624.107634913210859,0.000482674147047
316,51,Helmstedt – Wolfsburg,15085,Harz,75.274011168026462,0.000006460192709
317,52,Goslar – Northeim – Osterode,03153,Goslar,678008857.922099828720093,31.947792305766786
318,52,Goslar – Northeim – Osterode,03155,Northeim,957875481.728569030761719,45.135113778361088
319,52,Goslar – Northeim – Osterode,03158,Wolfenbüttel,15120.711715939012720,0.000712488268806
320,52,Goslar – Northeim – Osterode,03159,Göttingen,486122458.440061092376709,22.906100939460305
321,52,Goslar – Northeim – Osterode,03254,Hildesheim,118073.509205373731675,0.005563626352120
322,52,Goslar – Northeim – Osterode,03255,Holzminden,55399.499252660767525,0.002610425623924
323,52,Goslar – Northeim – Osterode,15085,Harz,40437.935078491485910,0.001905436390789
324,52,Goslar – Northeim – Osterode,16062,Nordhausen,4263.889455804208410,0.000200914564990
325,53,Göttingen,03155,Northeim,85033.907461608032463,0.006707931595313
326,53,Göttingen,03159,Göttingen,1267546287.916741609573364,99.990863022225724
327,53,Göttingen,06633,Kassel,8652.957755415387510,0.000682591808999
328,53,Göttingen,06636,Werra-Meißner-Kreis,9530.610232780580191,0.000751825752944
329,53,Göttingen,16061,Eichsfeld,12609.772461265811216,0.000994726617036
330,54,Bremen I,03251,Diepholz,29308.461370422784967,0.019039887272070
331,54,Bremen I,03356,Osterholz,0.361653820048466,0.000000234944028
332,54,Bremen I,03361,Verden,14162.988739212018118,0.009200814250260
333,54,Bremen I,03401,Delmenhorst,25.995604551585771,0.000016887729928
334,54,Bremen I,04011,Bremen,153888408.347974002361298,99.971742303080930
335,55,Bremen II – Bremerhaven,03352,Cuxhaven,325066.514534479414579,0.122166130467485
336,55,Bremen II – Bremerhaven,03356,Osterholz,67063.667963805070031,0.025203791974166
337,55,Bremen II – Bremerhaven,03401,Delmenhorst,25132.356152705244313,0.009445213712965
338,55,Bremen II – Bremerhaven,03461,Wesermarsch,102960.687919600415626,0.038694569483483
339,55,Bremen II – Bremerhaven,04011,Bremen,171639709.182004988193512,64.505441710471700
340,55,Bremen II – Bremerhaven,04012,Bremerhaven,93925694.316501051187515,35.299048388762060
341,56,Prignitz – Ostprignitz-Ruppin – Havelland I,03354,Lüchow-Dannenberg,52013.939291767695977,0.000916260666811
342,56,Prignitz – Ostprignitz-Ruppin – Havelland I,12051,Brandenburg an der Havel,92295.991822445037542,0.001625856225517
343,56,Prignitz – Ostprignitz-Ruppin – Havelland I,12063,Havelland,1009601117.153177380561829,17.784805485060161
344,56,Prignitz – Ostprignitz-Ruppin – Havelland I,12065,Oberhavel,288600.696991214703303,0.005083896176061
345,56,Prignitz – Ostprignitz-Ruppin – Havelland I,12068,Ostprignitz-Ruppin,2527353642.110075473785400,44.521041184690397
346,56,Prignitz – Ostprignitz-Ruppin – Havelland I,12069,Potsdam-Mittelmark,34143.168783030720078,0.000601454975765
347,56,Prignitz – Ostprignitz-Ruppin – Havelland I,12070,Prignitz,2139042068.023135900497437,37.680670571584237
348,56,Prignitz – Ostprignitz-Ruppin – Havelland I,13071,Mecklenburgische Seenplatte,100694.077587041334482,0.001773794177678
349,56,Prignitz – Ostprignitz-Ruppin – Havelland I,13076,Ludwigslust-Parchim,163604.243203825026285,0.002881999229671
350,56,Prignitz – Ostprignitz-Ruppin – Havelland I,15090,Stendal,34031.419707122884574,0.000599486440326
351,57,Uckermark – Barnim I,11000,Berlin,18093.883544744039682,0.000424832274034
352,57,Uckermark – Barnim I,12060,Barnim,1177488668.344033241271973,27.646645751002836
353,57,Uckermark – Barnim I,12064,Märkisch-Oderland,30198.234435234251578,0.000709034330590
354,57,Uckermark – Barnim I,12065,Oberhavel,230630.405571230599890,0.005415047544538
355,57,Uckermark – Barnim I,12073,Uckermark,3081244649.539632797241211,72.345561862431310
356,57,Uckermark – Barnim I,13071,Mecklenburgische Seenplatte,1149.750320645471902,0.000026995367914
357,57,Uckermark – Barnim I,13075,Vorpommern-Greifswald,51808.776002812453953,0.001216435381036
358,58,Oberhavel – Havelland II,11000,Berlin,5323.980157248560317,0.000241118979228
359,58,Oberhavel – Havelland II,12054,Potsdam,1060.353078969795661,0.000048022577934
360,58,Oberhavel – Havelland II,12060,Barnim,228064.293348747363780,0.010328856980371
361,58,Oberhavel – Havelland II,12063,Havelland,397900820.403235793113708,18.020623070672933
362,58,Oberhavel – Havelland II,12065,Oberhavel,1809375929.492978572845459,81.945248530772560
363,58,Oberhavel – Havelland II,12068,Ostprignitz-Ruppin,254086.718145780818304,0.011507392647065
364,58,Oberhavel – Havelland II,12069,Potsdam-Mittelmark,32788.237588974421669,0.001484954140441
365,58,Oberhavel – Havelland II,12073,Uckermark,200057.920676177600399,0.009060469835560
366,58,Oberhavel – Havelland II,13071,Mecklenburgische Seenplatte,32184.915862412770366,0.001457630162034
367,59,Märkisch-Oderland – Barnim II,11000,Berlin,11775.406961208627763,0.000477117336325
368,59,Märkisch-Oderland – Barnim II,12053,Frankfurt (Oder),33955.936439783290552,0.001375830661304
369,59,Märkisch-Oderland – Barnim II,12060,Barnim,305718384.550940692424774,12.387133776605674
370,59,Märkisch-Oderland – Barnim II,12064,Märkisch-Oderland,2162217383.493276596069336,87.608980476509899
371,59,Märkisch-Oderland – Barnim II,12067,Oder-Spree,50170.098851278758957,0.002032798017591
372,60,Brandenburg an der Havel – Potsdam-Mittelmark I – Havelland III – Teltow-Fläming I,12051,Brandenburg an der Havel,229588077.026046365499496,7.024181977561645
373,60,Brandenburg an der Havel – Potsdam-Mittelmark I – Havelland III – Teltow-Fläming I,12054,Potsdam,3083.002103247062223,0.000094323573292
374,60,Brandenburg an der Havel – Potsdam-Mittelmark I – Havelland III – Teltow-Fläming I,12063,Havelland,320979897.032208442687988,9.820288741028344
375,60,Brandenburg an der Havel – Potsdam-Mittelmark I – Havelland III – Teltow-Fläming I,12069,Potsdam-Mittelmark,2335581288.750539779663086,71.456445857641654
376,60,Brandenburg an der Havel – Potsdam-Mittelmark I – Havelland III – Teltow-Fläming I,12072,Teltow-Fläming,382327873.428587019443512,11.697212646421011
377,60,Brandenburg an der Havel – Potsdam-Mittelmark I – Havelland III – Teltow-Fläming I,15082,Anhalt-Bitterfeld,31.521255340543576,0.000000964383850
378,60,Brandenburg an der Havel – Potsdam-Mittelmark I – Havelland III – Teltow-Fläming I,15086,Jerichower Land,41243.031676035003329,0.001261818834634
379,60,Brandenburg an der Havel – Potsdam-Mittelmark I – Havelland III – Teltow-Fläming I,15090,Stendal,2545.110096492463981,0.000077866920191
380,60,Brandenburg an der Havel – Potsdam-Mittelmark I – Havelland III – Teltow-Fläming I,15091,Wittenberg,14247.789049090928529,0.000435907057349
381,61,Potsdam – Potsdam-Mittelmark II – Teltow-Fläming II,11000,Berlin,6850.036448754105550,0.001230428775289
382,61,Potsdam – Potsdam-Mittelmark II – Teltow-Fläming II,12054,Potsdam,187143378.451672881841660,33.615382877806724
383,61,Potsdam – Potsdam-Mittelmark II – Teltow-Fläming II,12063,Havelland,2228.021199892088134,0.000400205373623
384,61,Potsdam – Potsdam-Mittelmark II – Teltow-Fläming II,12069,Potsdam-Mittelmark,259162661.295162796974182,46.551751705807483
385,61,Potsdam – Potsdam-Mittelmark II – Teltow-Fläming II,12072,Teltow-Fläming,110404341.251146301627159,19.831234389560301
386,62,Dahme-Spreewald – Teltow-Fläming III – Oberspreewald-Lausitz I,11000,Berlin,16.560928525246709,0.000000410616070
387,62,Dahme-Spreewald – Teltow-Fläming III – Oberspreewald-Lausitz I,12061,Dahme-Spreewald,2279700689.881636619567871,56.523505728313161
388,62,Dahme-Spreewald – Teltow-Fläming III – Oberspreewald-Lausitz I,12062,Elbe-Elster,50000.367047749350604,0.001239722409957
389,62,Dahme-Spreewald – Teltow-Fläming III – Oberspreewald-Lausitz I,12066,Oberspreewald-Lausitz,139307216.199865847826004,3.454020200027797
390,62,Dahme-Spreewald – Teltow-Fläming III – Oberspreewald-Lausitz I,12067,Oder-Spree,169442.523757752554957,0.004201203037202
391,62,Dahme-Spreewald – Teltow-Fläming III – Oberspreewald-Lausitz I,12069,Potsdam-Mittelmark,94005.149154156926670,0.002330788690941
392,62,Dahme-Spreewald – Teltow-Fläming III – Oberspreewald-Lausitz I,12071,Spree-Neiße,68269.639003350850544,0.001692695601841
393,62,Dahme-Spreewald – Teltow-Fläming III – Oberspreewald-Lausitz I,12072,Teltow-Fläming,1613797222.877417564392090,40.012917913528220
394,62,Dahme-Spreewald – Teltow-Fläming III – Oberspreewald-Lausitz I,15091,Wittenberg,3684.429031646898693,0.000091352714152
395,63,Frankfurt (Oder) – Oder-Spree,11000,Berlin,748.679932139063681,0.000031056064043
396,63,Frankfurt (Oder) – Oder-Spree,12053,Frankfurt (Oder),148101381.275456815958023,6.143407595594060
397,63,Frankfurt (Oder) – Oder-Spree,12061,Dahme-Spreewald,364065.782256696722470,0.015101847617827
398,63,Frankfurt (Oder) – Oder-Spree,12064,Märkisch-Oderland,75446.383371587071451,0.003129598661899
399,63,Frankfurt (Oder) – Oder-Spree,12067,Oder-Spree,2262176564.388946533203125,93.837562948813641
400,63,Frankfurt (Oder) – Oder-Spree,12071,Spree-Neiße,17380.610247780670761,0.000720966760017
401,64,Cottbus – Spree-Neiße,12052,Cottbus,165441607.180649071931839,9.054760254710615
402,64,Cottbus – Spree-Neiße,12061,Dahme-Spreewald,44877.462797905413026,0.002456181811816
403,64,Cottbus – Spree-Neiße,12066,Oberspreewald-Lausitz,355540.736183137458283,0.019459047707427
404,64,Cottbus – Spree-Neiße,12067,Oder-Spree,57181.742127999379591,0.003129605513022
405,64,Cottbus – Spree-Neiße,12071,Spree-Neiße,1661114820.532628536224365,90.914230777787537
406,64,Cottbus – Spree-Neiße,14625,Bautzen,99102.737173685833113,0.005423977323392
407,64,Cottbus – Spree-Neiße,14626,Görlitz,9749.762437542342013,0.000533612813105
408,65,Elbe-Elster – Oberspreewald-Lausitz II,12061,Dahme-Spreewald,132701.485389815032249,0.004438976313132
409,65,Elbe-Elster – Oberspreewald-Lausitz II,12062,Elbe-Elster,1902851656.155728101730347,63.651988553602770
410,65,Elbe-Elster – Oberspreewald-Lausitz II,12066,Oberspreewald-Lausitz,1086047858.219295978546143,36.329214427413014
411,65,Elbe-Elster – Oberspreewald-Lausitz II,12071,Spree-Neiße,285196.963673767226283,0.009540078339033
412,65,Elbe-Elster – Oberspreewald-Lausitz II,12072,Teltow-Fläming,60686.264772845992411,0.002030006605184
413,65,Elbe-Elster – Oberspreewald-Lausitz II,14625,Bautzen,13379.178390696248243,0.000447544771568
414,65,Elbe-Elster – Oberspreewald-Lausitz II,14627,Meißen,6646.631261980714953,0.000222335406777
415,65,Elbe-Elster – Oberspreewald-Lausitz II,14730,Nordsachsen,4213.104104957477830,0.000140931876322
416,65,Elbe-Elster – Oberspreewald-Lausitz II,15091,Wittenberg,59105.493550411716569,0.001977128478069
417,66,Altmark,03151,Gifhorn,1246.855186959939374,0.000026301613386
418,66,Altmark,03354,Lüchow-Dannenberg,90991.028430814025342,0.001919397598365
419,66,Altmark,03360,Uelzen,2244.665824292824254,0.000047349791145
420,66,Altmark,12063,Havelland,51967.918866612388229,0.001096230039212
421,66,Altmark,12068,Ostprignitz-Ruppin,11780.937290693873365,0.000248511343725
422,66,Altmark,12070,Prignitz,17434.280207344916562,0.000367764999872
423,66,Altmark,15081,Altmarkkreis Salzwedel,2303054605.947614192962646,48.581465181718627
424,66,Altmark,15083,Börde,197378.294693372445181,0.004163568995068
425,66,Altmark,15086,Jerichower Land,95275.694822979203309,0.002009779897860
426,66,Altmark,15090,Stendal,2437080508.475247383117676,51.408655948398483
427,67,Börde – Jerichower Land,03154,Helmstedt,16749.264109144081885,0.000422238143157
428,67,Börde – Jerichower Land,12063,Havelland,20791.281627617303457,0.000524134797272
429,67,Börde – Jerichower Land,12069,Potsdam-Mittelmark,63020.099695060998783,0.001588696058728
430,67,Börde – Jerichower Land,15003,Magdeburg,469523.404803411685862,0.011836382143178
431,67,Börde – Jerichower Land,15081,Altmarkkreis Salzwedel,139293.195657809497789,0.003511491603790
432,67,Börde – Jerichower Land,15082,Anhalt-Bitterfeld,20308.968787596855691,0.000511976001717
433,67,Börde – Jerichower Land,15083,Börde,2376030307.060968875885010,59.898191251872724
434,67,Börde – Jerichower Land,15085,Harz,280411.988501063606236,0.007069005334924
435,67,Börde – Jerichower Land,15086,Jerichower Land,1589377667.531732082366943,40.067185682925810
436,67,Börde – Jerichower Land,15089,Salzlandkreis,165762.826864416740136,0.004178773930816
437,67,Börde – Jerichower Land,15090,Stendal,197558.707635996077443,0.004980327573385
438,68,Harz,03153,Goslar,11231.019291917516966,0.000479245964619
439,68,Harz,03154,Helmstedt,27.911531961373385,0.000001191030726
440,68,Harz,03158,Wolfenbüttel,3.154127905816907,0.000000134591797
441,68,Harz,15083,Börde,119279.661229068122339,0.005089858259460
442,68,Harz,15085,Harz,2106675426.330376863479614,89.895286490761663
443,68,Harz,15087,Mansfeld-Südharz,200883.949923044972820,0.008572046744374
444,68,Harz,15089,Salzlandkreis,236463656.587285846471786,10.090291028169778
445,68,Harz,16062,Nordhausen,6563.173965083107760,0.000280061368973
446,69,Magdeburg,15003,Magdeburg,200518091.110802769660950,33.892428435536289
447,69,Magdeburg,15082,Anhalt-Bitterfeld,9151.198875962101738,0.001546774913349
448,69,Magdeburg,15083,Börde,107770.607632072002161,0.018215850681552
449,69,Magdeburg,15086,Jerichower Land,119141.850647534884047,0.020137866984369
450,69,Magdeburg,15089,Salzlandkreis,390876778.907753646373749,66.067670916154384
451,70,Dessau – Wittenberg,12062,Elbe-Elster,39242.909331687595113,0.001791136086914
452,70,Dessau – Wittenberg,12069,Potsdam-Mittelmark,769.940851171731993,0.000035141860448
453,70,Dessau – Wittenberg,12072,Teltow-Fläming,70777.739850763391587,0.003230457836992
454,70,Dessau – Wittenberg,14730,Nordsachsen,70354.505502187166712,0.003211140453855
455,70,Dessau – Wittenberg,15001,Dessau-Roßlau,246213681.357812136411667,11.237755234825070
456,70,Dessau – Wittenberg,15082,Anhalt-Bitterfeld,511668.810632655222435,0.023353734136437
457,70,Dessau – Wittenberg,15091,Wittenberg,1944044242.487920045852661,88.730623100514336
458,71,Anhalt,14730,Nordsachsen,5307.741921841896328,0.000233927122429
459,71,Anhalt,15001,Dessau-Roßlau,141407.782447525562020,0.006232238892578
460,71,Anhalt,15082,Anhalt-Bitterfeld,1460828847.892515182495117,64.382838084702072
461,71,Anhalt,15083,Börde,71588.831493341494934,0.003155121254183
462,71,Anhalt,15086,Jerichower Land,48130.963102480513044,0.002121266983985
463,71,Anhalt,15087,Mansfeld-Südharz,35857.460613092320273,0.001580339191762
464,71,Anhalt,15088,Saalekreis,186157.619937632931396,0.008204490156372
465,71,Anhalt,15089,Salzlandkreis,807435919.630531907081604,35.585973094891948
466,71,Anhalt,15091,Wittenberg,219215.978113625926198,0.009661465027084
467,72,Halle,14730,Nordsachsen,2360.229743326167409,0.000568215024513
468,72,Halle,15002,Halle (Saale),135703714.591891944408417,32.670077873284768
469,72,Halle,15082,Anhalt-Bitterfeld,29126.261766510058806,0.007012020584191
470,72,Halle,15088,Saalekreis,279640957.830760776996613,67.322341885523812
471,73,Burgenland – Saalekreis,14729,Leipzig,32249.071058500114304,0.001877036879069
472,73,Burgenland – Saalekreis,14730,Nordsachsen,5703.040317457760466,0.000331941871419
473,73,Burgenland – Saalekreis,15002,Halle (Saale),26968.373641778198362,0.001569677210308
474,73,Burgenland – Saalekreis,15084,Burgenlandkreis,1419044796.156052827835083,82.594609023136272
475,73,Burgenland – Saalekreis,15088,Saalekreis,298892834.725044548511505,17.396869281931473
476,73,Burgenland – Saalekreis,16052,Gera,435.431442310416628,0.000025344012981
477,73,Burgenland – Saalekreis,16065,Kyffhäuserkreis,404.528954665330275,0.000023545353142
478,73,Burgenland – Saalekreis,16068,Sömmerda,16322.628656252330984,0.000950048325285
479,73,Burgenland – Saalekreis,16071,Weimarer Land,22014.474161399088189,0.001281338609701
480,73,Burgenland – Saalekreis,16074,Saale-Holzland-Kreis,39742.434001917994465,0.002313183351863
481,73,Burgenland – Saalekreis,16077,Altenburger Land,2569.909110456411781,0.000149579941929
482,74,Mansfeld,15002,Halle (Saale),36631.350461627414916,0.001580251859905
483,74,Mansfeld,15082,Anhalt-Bitterfeld,23132.755727523894166,0.000997931547772
484,74,Mansfeld,15084,Burgenlandkreis,95853.412038301292341,0.004135051826999
485,74,Mansfeld,15085,Harz,419031.904778659867588,0.018076754980129
486,74,Mansfeld,15087,Mansfeld-Südharz,1455611153.762400388717651,62.794087688394242
487,74,Mansfeld,15088,Saalekreis,861673450.502405166625977,37.172014016073781
488,74,Mansfeld,15089,Salzlandkreis,169109.126068284938810,0.007295254136925
489,74,Mansfeld,16062,Nordhausen,497.668614255198975,0.000021469089820
490,74,Mansfeld,16065,Kyffhäuserkreis,41530.248576800309820,0.001791587034842
491,75,Berlin-Mitte,11000,Berlin,39520261.640177063643932,100.000000000113374
492,76,Berlin-Pankow,11000,Berlin,97005059.225265234708786,99.995091842648236
493,76,Berlin-Pankow,12060,Barnim,4761.597091872881720,0.004908366041134
494,77,Berlin-Reinickendorf,11000,Berlin,89566881.691935181617737,99.995597886055805
495,77,Berlin-Reinickendorf,12065,Oberhavel,3942.883009236890757,0.004401972430608
496,78,Berlin-Spandau – Charlottenburg Nord,11000,Berlin,100614578.805279284715652,99.977482531779515
497,78,Berlin-Spandau – Charlottenburg Nord,12063,Havelland,22661.135256913941703,0.022517643876272
498,79,Berlin-Steglitz-Zehlendorf,11000,Berlin,102713835.947595566511154,99.993433852436269
499,79,Berlin-Steglitz-Zehlendorf,12054,Potsdam,4698.036614557544453,0.004573607918740
500,79,Berlin-Steglitz-Zehlendorf,12069,Potsdam-Mittelmark,2047.480339305869848,0.001993252301248
501,80,Berlin-Charlottenburg-Wilmersdorf,11000,Berlin,57125464.691164955496788,99.999999999584873
502,81,Berlin-Tempelhof-Schöneberg,11000,Berlin,53123594.407703310251236,99.998341069631564
503,81,Berlin-Tempelhof-Schöneberg,12072,Teltow-Fläming,881.407407433547633,0.001659136199885
504,82,Berlin-Neukölln,11000,Berlin,45044502.240836612880230,100.000000568801852
505,83,Berlin-Friedrichshain-Kreuzberg – Prenzlauer Berg Ost,11000,Berlin,26876797.471159439533949,100.000000000001975
506,84,Berlin-Treptow-Köpenick,11000,Berlin,167716909.895598381757736,99.982402293177415
507,84,Berlin-Treptow-Köpenick,12061,Dahme-Spreewald,5599.192193389472777,0.003337890536767
508,84,Berlin-Treptow-Köpenick,12067,Oder-Spree,23920.376351012182568,0.014259842330865
509,85,Berlin-Marzahn-Hellersdorf,11000,Berlin,61513676.107095666229725,99.985250368545195
510,85,Berlin-Marzahn-Hellersdorf,12060,Barnim,9073.988917917125946,0.014748997478541
511,86,Berlin-Lichtenberg,11000,Berlin,52180444.036225982010365,99.999999712515688
512,87,Aachen I,05334,Städteregion Aachen,163598532.323295265436172,99.999992304419948
513,88,Aachen II,05334,Städteregion Aachen,540178352.969643115997314,99.876480381263974
514,88,Aachen II,05358,Düren,608559.440666130627505,0.112519827391046
515,88,Aachen II,05366,Euskirchen,58609.215251568137319,0.010836572967158
516,88,Aachen II,05370,Heinsberg,0.917761526383079,0.000000169689864
517,89,Heinsberg,05116,Mönchengladbach,6661.716311012954975,0.001061770885687
518,89,Heinsberg,05166,Viersen,2461.444814722237425,0.000392314880878
519,89,Heinsberg,05334,Städteregion Aachen,1523.579224513182680,0.000242834126688
520,89,Heinsberg,05358,Düren,187307.563069340423681,0.029853825628576
521,89,Heinsberg,05370,Heinsberg,627216440.203719377517700,99.968255047374981
522,90,Düren,05334,Städteregion Aachen,687570.699197134119458,0.073116119010900
523,90,Düren,05358,Düren,939350954.828835129737854,99.890376780840541
524,90,Düren,05362,Rhein-Erft-Kreis,156834.004815670574317,0.016677694053060
525,90,Düren,05366,Euskirchen,120033.934691032874980,0.012764382578350
526,90,Düren,05370,Heinsberg,66438.803457701884327,0.007065087948377
527,91,Rhein-Erft-Kreis I,05162,Rhein-Kreis Neuss,683663.863697168999352,0.130612942809038
528,91,Rhein-Erft-Kreis I,05315,Köln,142598.621278844948392,0.027243250016197
529,91,Rhein-Erft-Kreis I,05358,Düren,99408.488739115811768,0.018991840791758
530,91,Rhein-Erft-Kreis I,05362,Rhein-Erft-Kreis,522501677.521170079708099,99.823151913625821
531,92,Euskirchen – Rhein-Erft-Kreis II,05315,Köln,3441.432724882136881,0.000240724305789
532,92,Euskirchen – Rhein-Erft-Kreis II,05334,Städteregion Aachen,86480.505902942808461,0.006049213049339
533,92,Euskirchen – Rhein-Erft-Kreis II,05358,Düren,226053.457258502487093,0.015812182285693
534,92,Euskirchen – Rhein-Erft-Kreis II,05362,Rhein-Erft-Kreis,179193180.908961564302444,12.534359240723495
535,92,Euskirchen – Rhein-Erft-Kreis II,05366,Euskirchen,1249767023.292457818984985,87.419782146262989
536,92,Euskirchen – Rhein-Erft-Kreis II,05382,Rhein-Sieg-Kreis,318468.515368796070106,0.022276510513647
537,92,Euskirchen – Rhein-Erft-Kreis II,07131,Ahrweiler,6636.194108748720282,0.000464194231769
538,92,Euskirchen – Rhein-Erft-Kreis II,07233,Vulkaneifel,13692.493295385414967,0.000957774336027
539,93,Köln I,05315,Köln,128652435.825070306658745,99.978659820842779
540,93,Köln I,05382,Rhein-Sieg-Kreis,27460.253588411298551,0.021339971796903
541,94,Köln II,05315,Köln,102543656.504829317331314,99.968799683946060
542,94,Köln II,05362,Rhein-Erft-Kreis,32004.665442877012538,0.031201032786070
543,95,Köln III,05315,Köln,123111358.137402176856995,99.856603780387715
544,95,Köln III,05316,Leverkusen,516.176304098233231,0.000418674714169
545,95,Köln III,05362,Rhein-Erft-Kreis,176274.029666571557755,0.142977270363160
546,96,Bonn,05314,Bonn,141382728.562135666608810,99.897550585818323
547,96,Bonn,05382,Rhein-Sieg-Kreis,144994.266427446156740,0.102449374208559
548,97,Rhein-Sieg-Kreis I,05315,Köln,25645.338433268589142,0.003884366112098
549,97,Rhein-Sieg-Kreis I,05374,Oberbergischer Kreis,25562.417745696868224,0.003871806546560
550,97,Rhein-Sieg-Kreis I,05378,Rheinisch-Bergischer Kreis,23695.163049518538173,0.003588983183423
551,97,Rhein-Sieg-Kreis I,05382,Rhein-Sieg-Kreis,660142006.358859181404114,99.988278390052088
552,97,Rhein-Sieg-Kreis I,07132,Altenkirchen (Westerwald),2457.618110199995044,0.000372242640844
553,97,Rhein-Sieg-Kreis I,07138,Neuwied,27.037054144502576,0.000004095162057
554,98,Rhein-Sieg-Kreis II,05314,Bonn,202310.817276354151545,0.041160273226800
555,98,Rhein-Sieg-Kreis II,05362,Rhein-Erft-Kreis,10835.139902705655913,0.002204416574704
556,98,Rhein-Sieg-Kreis II,05366,Euskirchen,145034.600185195653467,0.029507387945588
557,98,Rhein-Sieg-Kreis II,05382,Rhein-Sieg-Kreis,491150531.072316765785217,99.924909239084116
558,98,Rhein-Sieg-Kreis II,07131,Ahrweiler,10787.298722021643698,0.002194683253990
559,98,Rhein-Sieg-Kreis II,07138,Neuwied,119.216819472057978,0.000024254742919
560,99,Oberbergischer Kreis,05374,Oberbergischer Kreis,917504112.058864355087280,99.971438654194046
561,99,Oberbergischer Kreis,05378,Rheinisch-Bergischer Kreis,144279.387237852584803,0.015720712006344
562,99,Oberbergischer Kreis,05382,Rhein-Sieg-Kreis,88927.414927259713295,0.009689549604445
563,99,Oberbergischer Kreis,05954,Ennepe-Ruhr-Kreis,11716.619871319735466,0.001276645335215
564,99,Oberbergischer Kreis,05962,Märkischer Kreis,3898.300573749142586,0.000424759640357
565,99,Oberbergischer Kreis,05966,Olpe,12691.343187836358993,0.001382851390273
566,99,Oberbergischer Kreis,07132,Altenkirchen (Westerwald),613.278217219535122,0.000066822921952
567,100,Rheinisch-Bergischer Kreis,05122,Solingen,25871.854721139192407,0.005907151954290
568,100,Rheinisch-Bergischer Kreis,05158,Mettmann,5300.480514795754061,0.001210224167116
569,100,Rheinisch-Bergischer Kreis,05315,Köln,79319.818387131599593,0.018110577121346
570,100,Rheinisch-Bergischer Kreis,05316,Leverkusen,61271.546394628494454,0.013989732816938
571,100,Rheinisch-Bergischer Kreis,05374,Oberbergischer Kreis,187981.294430068228394,0.042920543684685
572,100,Rheinisch-Bergischer Kreis,05378,Rheinisch-Bergischer Kreis,437609081.559819459915161,99.916429232219414
573,100,Rheinisch-Bergischer Kreis,05382,Rhein-Sieg-Kreis,6274.416548542446435,0.001432596633533
574,101,Leverkusen – Köln IV,05158,Mettmann,2131.211542321535944,0.001628730824629
575,101,Leverkusen – Köln IV,05315,Köln,52082698.427265800535679,39.803039104207514
576,101,Leverkusen – Köln IV,05316,Leverkusen,78662371.242675304412842,60.115960446526785
577,101,Leverkusen – Köln IV,05378,Rheinisch-Bergischer Kreis,103858.064779450127389,0.079371206533716
578,102,Wuppertal I,05120,Remscheid,16688.462279157869489,0.012797912535789
579,102,Wuppertal I,05124,Wuppertal,130311423.734174609184265,99.932167234295775
580,102,Wuppertal I,05158,Mettmann,55949.470183256271412,0.042906075697776
581,102,Wuppertal I,05954,Ennepe-Ruhr-Kreis,15815.532445453764012,0.012128487188219
582,103,Solingen – Remscheid – Wuppertal II,05120,Remscheid,74036148.968486025929451,36.853352409858751
583,103,Solingen – Remscheid – Wuppertal II,05122,Solingen,88930934.560483232140541,44.267605989212434
584,103,Solingen – Remscheid – Wuppertal II,05124,Wuppertal,37880626.036569066345692,18.856032901251783
585,103,Solingen – Remscheid – Wuppertal II,05158,Mettmann,16074.342199834482017,0.008001407502966
586,103,Solingen – Remscheid – Wuppertal II,05378,Rheinisch-Bergischer Kreis,30149.056868262297940,0.015007450185772
587,104,Mettmann I,05111,Düsseldorf,86069.255158001818927,0.046674410936856
588,104,Mettmann I,05122,Solingen,7907.184035881246018,0.004287978981189
589,104,Mettmann I,05124,Wuppertal,66580.668985170224914,0.036105964887924
590,104,Mettmann I,05158,Mettmann,184201113.252877712249756,99.890238845547444
591,104,Mettmann I,05316,Leverkusen,31916.435844263112813,0.017307932309862
592,104,Mettmann I,05378,Rheinisch-Bergischer Kreis,9930.396683458518964,0.005385144959357
593,105,Mettmann II,05111,Düsseldorf,41202.368676858619438,0.018453923785637
594,105,Mettmann II,05112,Duisburg,354.365848359411302,0.000158715155654
595,105,Mettmann II,05113,Essen,14398.030994820215710,0.006448662423403
596,105,Mettmann II,05117,Mülheim an der Ruhr,26785.774102067349304,0.011996947012817
597,105,Mettmann II,05124,Wuppertal,68411.465587330545532,0.030640470743649
598,105,Mettmann II,05158,Mettmann,223120389.814467966556549,99.932280615952237
599,105,Mettmann II,05954,Ennepe-Ruhr-Kreis,45.570667454656700,0.000020410419378
600,106,Düsseldorf I,05111,Düsseldorf,129258646.748158320784569,99.846635364839102
601,106,Düsseldorf I,05158,Mettmann,184475.572120829834603,0.142499288416316
602,106,Düsseldorf I,05162,Rhein-Kreis Neuss,14065.923214739432296,0.010865308755926
603,107,Düsseldorf II,05111,Düsseldorf,87938108.415028303861618,99.845259540073897
604,107,Düsseldorf II,05158,Mettmann,136287.091036646772409,0.154740876529818
605,108,Neuss I,05111,Düsseldorf,67252.753056159592234,0.019408124747749
606,108,Neuss I,05162,Rhein-Kreis Neuss,345641897.294327259063721,99.747010432944279
607,108,Neuss I,05315,Köln,5720.577126296926508,0.001650871814922
608,108,Neuss I,05362,Rhein-Erft-Kreis,803681.943453010404482,0.231930422283595
609,109,Mönchengladbach,05116,Mönchengladbach,170535815.946702778339386,99.858873930108075
610,109,Mönchengladbach,05162,Rhein-Kreis Neuss,54957.328233050109702,0.032180787836819
611,109,Mönchengladbach,05166,Viersen,64758.318538811778126,0.037919851211279
612,109,Mönchengladbach,05370,Heinsberg,121294.821342771800118,0.071025339783335
613,110,Krefeld I – Neuss II,05111,Düsseldorf,11227.544370823416102,0.003704691816802
614,110,Krefeld I – Neuss II,05112,Duisburg,77874.331355482005165,0.025695770026195
615,110,Krefeld I – Neuss II,05114,Krefeld,72724869.939871132373810,23.996630219904965
616,110,Krefeld I – Neuss II,05116,Mönchengladbach,34825.314676762376621,0.011491119877987
617,110,Krefeld I – Neuss II,05162,Rhein-Kreis Neuss,230165455.777231156826019,75.946444954094503
618,110,Krefeld I – Neuss II,05166,Viersen,48591.284020597522613,0.016033401991873
619,111,Viersen,05114,Krefeld,41422.524343324708752,0.007350077743219
620,111,Viersen,05116,Mönchengladbach,49596.985229639249155,0.008800566914891
621,111,Viersen,05154,Kleve,67675.598268370566075,0.012008464391706
622,111,Viersen,05162,Rhein-Kreis Neuss,20260.441101634074585,0.003595044473259
623,111,Viersen,05166,Viersen,563383384.724761247634888,99.967632166582689
624,111,Viersen,05170,Wesel,3461.502108163500452,0.000614214367827
625,112,Kleve,05154,Kleve,1233236182.864661216735840,99.980848324211607
626,112,Kleve,05166,Viersen,62512.583619017386809,0.005068016352431
627,112,Kleve,05170,Wesel,140565.101276887144195,0.011395885285977
628,112,Kleve,05554,Borken,933.135721622552410,0.000075651122101
629,113,Wesel I,05154,Kleve,101789.750372657013941,0.011521917663158
630,113,Wesel I,05170,Wesel,883341557.390427947044373,99.988345147097377
631,113,Wesel I,05512,Bottrop,591.378410273852751,0.000066940073298
632,113,Wesel I,05554,Borken,581.953178972376463,0.000065873200272
633,114,Krefeld II – Wesel II,05112,Duisburg,7010.122782459699010,0.004002044379359
634,114,Krefeld II – Wesel II,05114,Krefeld,63761949.800186052918434,36.401381364292220
635,114,Krefeld II – Wesel II,05154,Kleve,113120.384845063017565,0.064579867487186
636,114,Krefeld II – Wesel II,05166,Viersen,63754.213593200132891,0.036396964802037
637,114,Krefeld II – Wesel II,05170,Wesel,111217709.535619705915451,63.493639575892622
638,115,Duisburg I,05112,Duisburg,118217133.672850891947746,99.926745420883918
639,115,Duisburg I,05114,Krefeld,55103.669820704475569,0.046578107714639
640,115,Duisburg I,05117,Mülheim an der Ruhr,10079.620675524663966,0.008520115975486
641,115,Duisburg I,05158,Mettmann,20359.679905349883484,0.017209658934742
642,115,Duisburg I,05170,Wesel,1119.946060335545098,0.000946669584850
643,116,Duisburg II,05112,Duisburg,114740636.063406869769096,99.983401410793178
644,116,Duisburg II,05119,Oberhausen,12001.266067466654931,0.010457737065342
645,116,Duisburg II,05170,Wesel,7046.930453870851125,0.006140597616122
646,117,Oberhausen – Wesel III,05112,Duisburg,15759.006167218492919,0.012611542601517
647,117,Oberhausen – Wesel III,05113,Essen,351.976884353329808,0.000281678389149
648,117,Oberhausen – Wesel III,05117,Mülheim an der Ruhr,40816.860215786640765,0.032664723016757
649,117,Oberhausen – Wesel III,05119,Oberhausen,77425014.862303063273430,61.961323131543367
650,117,Oberhausen – Wesel III,05170,Wesel,47472687.468787968158722,37.991216836155793
651,117,Oberhausen – Wesel III,05512,Bottrop,2377.164024957693982,0.001902385534559
652,118,Mülheim – Essen I,05112,Duisburg,18288.420892174817709,0.015826535060802
653,118,Mülheim – Essen I,05113,Essen,24346826.229501653462648,21.069391458796566
654,118,Mülheim – Essen I,05117,Mülheim an der Ruhr,91162888.195734426379204,78.891045584537707
655,118,Mülheim – Essen I,05119,Oberhausen,24202.975364236885071,0.020944904999519
656,118,Mülheim – Essen I,05512,Bottrop,3225.573401538693815,0.002791364592472
657,119,Essen II,05113,Essen,68094947.830751001834869,99.948241321212635
658,119,Essen II,05512,Bottrop,15695.884413017556653,0.023038068065803
659,119,Essen II,05513,Gelsenkirchen,19566.909591025192640,0.028719872237437
660,120,Essen III,05113,Essen,117911645.974161699414253,99.967401338452419
661,120,Essen III,05117,Mülheim an der Ruhr,21991.523843970604503,0.018644769751040
662,120,Essen III,05158,Mettmann,15754.908881267940160,0.013357266673468
663,120,Essen III,05954,Ennepe-Ruhr-Kreis,704.232914529629056,0.000597060059852
664,121,Recklinghausen I,05562,Recklinghausen,165363034.739324271678925,99.994204280408155
665,121,Recklinghausen I,05913,Dortmund,1461.775878037165967,0.000883928599829
666,121,Recklinghausen I,05916,Herne,7962.786455257826674,0.004815057347632
667,121,Recklinghausen I,05978,Unna,160.340119359328924,0.000096956872344
668,122,Recklinghausen II,05513,Gelsenkirchen,19529.130693790917576,0.005031778193741
669,122,Recklinghausen II,05554,Borken,1823.996212120122664,0.000469961746353
670,122,Recklinghausen II,05558,Coesfeld,75399.860300109212403,0.019427151101499
671,122,Recklinghausen II,05562,Recklinghausen,388017406.426893055438995,99.974625346303341
672,122,Recklinghausen II,05916,Herne,1029.864696958087052,0.000265349789804
673,122,Recklinghausen II,05978,Unna,699.248325840153029,0.000180164828283
674,123,Gelsenkirchen,05513,Gelsenkirchen,105217409.947482690215111,99.880104414351734
675,123,Gelsenkirchen,05562,Recklinghausen,114274.193515428138198,0.108477469516535
676,123,Gelsenkirchen,05911,Bochum,5086.934667291709957,0.004828892537572
677,123,Gelsenkirchen,05916,Herne,6941.375755225728426,0.006589264415055
678,124,Steinfurt I – Borken I,03456,Grafschaft Bentheim,8256.017997109489443,0.000843965437737
679,124,Steinfurt I – Borken I,05554,Borken,424875176.187999129295349,43.432556007124823
680,124,Steinfurt I – Borken I,05558,Coesfeld,4238.586066997382659,0.000433286379302
681,124,Steinfurt I – Borken I,05566,Steinfurt,553353505.364983201026917,56.566159805177918
682,125,Bottrop – Recklinghausen III,05113,Essen,33326.614663927481160,0.010827395201298
683,125,Bottrop – Recklinghausen III,05119,Oberhausen,5864.355554476706857,0.001905254879007
684,125,Bottrop – Recklinghausen III,05170,Wesel,385.244124359288719,0.000125160938952
685,125,Bottrop – Recklinghausen III,05512,Bottrop,100197310.950864300131798,32.552837865844637
686,125,Bottrop – Recklinghausen III,05554,Borken,24749.312202709770645,0.008040738217227
687,125,Bottrop – Recklinghausen III,05562,Recklinghausen,207537368.330930113792419,67.426263621923781
688,126,Borken II,05154,Kleve,667.131518124568061,0.000066978375997
689,126,Borken II,05170,Wesel,8598.819386904315252,0.000863300477314
690,126,Borken II,05554,Borken,995999134.644347786903381,99.995881952362780
691,126,Borken II,05558,Coesfeld,1.257634216965016,0.000000126263406
692,126,Borken II,05562,Recklinghausen,31753.686266911860002,0.003187992592616
693,127,Coesfeld – Steinfurt II,05515,Münster,45231.793626189457427,0.003585631496657
694,127,Coesfeld – Steinfurt II,05554,Borken,40695.842625785044220,0.003226055908991
695,127,Coesfeld – Steinfurt II,05558,Coesfeld,1111640339.915284872055054,88.122364739630896
696,127,Coesfeld – Steinfurt II,05562,Recklinghausen,5584.939178973798334,0.000442731367068
697,127,Coesfeld – Steinfurt II,05566,Steinfurt,149734303.508756756782532,11.869793164252036
698,127,Coesfeld – Steinfurt II,05570,Warendorf,3812.145066509745448,0.000302197775602
699,127,Coesfeld – Steinfurt II,05915,Hamm,3601.991382590325429,0.000285538394936
700,128,Steinfurt III,03404,Osnabrück,4483.856969574970208,0.000410892104583
701,128,Steinfurt III,03454,Emsland,77685.741913128804299,0.007118973287361
702,128,Steinfurt III,03459,Osnabrück,26215.665974259656650,0.002402353651843
703,128,Steinfurt III,05515,Münster,763.507610637518610,0.000069966381874
704,128,Steinfurt III,05566,Steinfurt,1091125156.336448907852173,99.988629185174503
705,128,Steinfurt III,05570,Warendorf,14934.714671185090992,0.001368588780647
706,129,Münster,05515,Münster,303296563.220308840274811,99.973884217528138
707,129,Münster,05558,Coesfeld,31472.501630304690480,0.010374097881678
708,129,Münster,05570,Warendorf,47756.497060611589404,0.015741696698041
709,130,Warendorf,03459,Osnabrück,29162.998117109873419,0.002213002468599
710,130,Warendorf,05515,Münster,14598.875195328862901,0.001107819803585
711,130,Warendorf,05558,Coesfeld,184.825482634271111,0.000014025281204
712,130,Warendorf,05566,Steinfurt,35795.152257066954917,0.002716276289244
713,130,Warendorf,05570,Warendorf,1317606691.680176019668579,99.985154119679379
714,130,Warendorf,05754,Gütersloh,312.244022144109863,0.000023694298818
715,130,Warendorf,05915,Hamm,115585.521714489121223,0.008771081898415
716,131,Gütersloh I,03459,Osnabrück,635.488011140695562,0.000073404301620
717,131,Gütersloh I,05570,Warendorf,1682.774237628890887,0.000194374819875
718,131,Gütersloh I,05711,Bielefeld,28591.079936018784792,0.003302514317320
719,131,Gütersloh I,05754,Gütersloh,865705835.574330806732178,99.996429759556108
720,132,Bielefeld – Gütersloh II,05711,Bielefeld,258796026.487526357173920,87.961588774991455
721,132,Bielefeld – Gütersloh II,05754,Gütersloh,35400709.008533664047718,12.032265913873525
722,132,Bielefeld – Gütersloh II,05758,Herford,17090.131627404411120,0.005808725700789
723,132,Bielefeld – Gütersloh II,05766,Lippe,990.032693389078077,0.000336499944886
724,133,Herford – Minden-Lübbecke II,03459,Osnabrück,35552.304057916473539,0.006899857000743
725,133,Herford – Minden-Lübbecke II,05711,Bielefeld,138262.773995575756999,0.026833517387267
726,133,Herford – Minden-Lübbecke II,05754,Gütersloh,10633.122073410748271,0.002063636203675
727,133,Herford – Minden-Lübbecke II,05758,Herford,450213182.144451558589935,87.375675331355623
728,133,Herford – Minden-Lübbecke II,05766,Lippe,35731.211601306546072,0.006934578701585
729,133,Herford – Minden-Lübbecke II,05770,Minden-Lübbecke,64828100.730676516890526,12.581593135081903
730,134,Minden-Lübbecke I,03251,Diepholz,14243.087236927172853,0.001311166914977
731,134,Minden-Lübbecke I,03256,Nienburg (Weser),47289.319238827964000,0.004353283089987
732,134,Minden-Lübbecke I,03257,Schaumburg,13809.168084881019240,0.001271221892772
733,134,Minden-Lübbecke I,03459,Osnabrück,40152.741115404620359,0.003696315610541
734,134,Minden-Lübbecke I,05766,Lippe,878.753259177794916,0.000080894835557
735,134,Minden-Lübbecke I,05770,Minden-Lübbecke,1086174553.481760263442993,99.989287064297372
736,135,Lippe I,03252,Hameln-Pyrmont,16143.581856452003194,0.001817263792610
737,135,Lippe I,03257,Schaumburg,17723.779806736441969,0.001995144794840
738,135,Lippe I,05711,Bielefeld,26684.263212113219197,0.003003815745417
739,135,Lippe I,05754,Gütersloh,4779.787053960984849,0.000538054938909
740,135,Lippe I,05758,Herford,53309.354000812578306,0.006000970521568
741,135,Lippe I,05766,Lippe,888224937.516966462135315,99.986423892500682
742,135,Lippe I,05770,Minden-Lübbecke,1961.164817703726612,0.000220765989001
743,136,Höxter – Gütersloh III – Lippe II,03252,Hameln-Pyrmont,22466.418001360434573,0.001383446576311
744,136,Höxter – Gütersloh III – Lippe II,03255,Holzminden,26465.370692957581923,0.001629695774100
745,136,Höxter – Gütersloh III – Lippe II,05711,Bielefeld,892.467867176695677,0.000054956763256
746,136,Höxter – Gütersloh III – Lippe II,05754,Gütersloh,67675508.744410261511803,4.167351060009313
747,136,Höxter – Gütersloh III – Lippe II,05762,Höxter,1199630851.832870483398438,73.871375254619124
748,136,Höxter – Gütersloh III – Lippe II,05766,Lippe,356486926.531098723411560,21.951902523105034
749,136,Höxter – Gütersloh III – Lippe II,05774,Paderborn,33004.236274337934447,0.002032348800540
750,136,Höxter – Gütersloh III – Lippe II,05958,Hochsauerlandkreis,2740.508907069393899,0.000168756214925
751,136,Höxter – Gütersloh III – Lippe II,06633,Kassel,35999.908299755566986,0.002216817557735
752,136,Höxter – Gütersloh III – Lippe II,06635,Waldeck-Frankenberg,30614.291712413636560,0.001885179784920
753,137,Paderborn,05754,Gütersloh,37436.633008352619072,0.003004859738836
754,137,Paderborn,05762,Höxter,14623.733324933991753,0.001173777232845
755,137,Paderborn,05766,Lippe,334.432626380348211,0.000026843309711
756,137,Paderborn,05774,Paderborn,1245760047.721011400222778,99.991209434125238
757,137,Paderborn,05958,Hochsauerlandkreis,17576.891895099237445,0.001410813167350
758,137,Paderborn,05974,Soest,39547.765261700536939,0.003174310242304
759,138,Hagen – Ennepe-Ruhr-Kreis I,05124,Wuppertal,32196.016128191466123,0.009939372011326
760,138,Hagen – Ennepe-Ruhr-Kreis I,05374,Oberbergischer Kreis,6138.769588229208239,0.001895126228856
761,138,Hagen – Ennepe-Ruhr-Kreis I,05914,Hagen,160250400.033685147762299,49.471597186332147
762,138,Hagen – Ennepe-Ruhr-Kreis I,05954,Ennepe-Ruhr-Kreis,163589147.077948719263077,50.502316291221405
763,138,Hagen – Ennepe-Ruhr-Kreis I,05962,Märkischer Kreis,46165.683705228489998,0.014252008778865
764,139,Ennepe-Ruhr-Kreis II,05113,Essen,382.736804054159620,0.000154832562719
765,139,Ennepe-Ruhr-Kreis II,05124,Wuppertal,13466.617979255508544,0.005447793237530
766,139,Ennepe-Ruhr-Kreis II,05158,Mettmann,1178.639947783712842,0.000476807669670
767,139,Ennepe-Ruhr-Kreis II,05911,Bochum,132065.245681052445434,0.053425749021934
768,139,Ennepe-Ruhr-Kreis II,05913,Dortmund,200.259479364369241,0.000081013082803
769,139,Ennepe-Ruhr-Kreis II,05914,Hagen,5132.627199425348408,0.002076355903974
770,139,Ennepe-Ruhr-Kreis II,05954,Ennepe-Ruhr-Kreis,247041572.965311229228973,99.938337351096578
771,140,Bochum I,05513,Gelsenkirchen,4468.484429071407249,0.004378512473685
772,140,Bochum I,05911,Bochum,102037592.359146133065224,99.983087783107223
773,140,Bochum I,05916,Herne,7478.198669035217790,0.007327626776551
774,140,Bochum I,05954,Ennepe-Ruhr-Kreis,5313.390650954022931,0.005206406693823
775,141,Herne – Bochum II,05513,Gelsenkirchen,681.675295085519338,0.000724438521371
776,141,Herne – Bochum II,05562,Recklinghausen,9847.650277517086579,0.010465418444026
777,141,Herne – Bochum II,05911,Bochum,42596734.553988061845303,45.268936131329376
778,141,Herne – Bochum II,05913,Dortmund,30183.198621881372674,0.032076667494815
779,141,Herne – Bochum II,05916,Herne,51459604.998193666338921,54.687796996602614
780,142,Dortmund I,05911,Bochum,251.045893716500814,0.000198779917612
781,142,Dortmund I,05913,Dortmund,126264834.285183832049370,99.977390527672867
782,142,Dortmund I,05954,Ennepe-Ruhr-Kreis,18551.261863671512401,0.014689020602018
783,142,Dortmund I,05978,Unna,9752.589345756421608,0.007722169352984
784,143,Dortmund II,05913,Dortmund,153211587.109464496374130,99.982963410100510
785,143,Dortmund II,05978,Unna,26106.070949167111394,0.017036324639253
786,144,Unna I,05913,Dortmund,10544.821198809706402,0.003044074657517
787,144,Unna I,05915,Hamm,1813.699773048886073,0.000523578106389
788,144,Unna I,05962,Märkischer Kreis,24007.999683217847632,0.006930619498946
789,144,Unna I,05974,Soest,7217.270372589087856,0.002083478650176
790,144,Unna I,05978,Unna,346361231.168604433536530,99.987418114385747
791,145,Hamm – Unna II,05558,Coesfeld,251.178570789444109,0.000059306679088
792,145,Hamm – Unna II,05562,Recklinghausen,586.189305683501061,0.000138407273071
793,145,Hamm – Unna II,05570,Warendorf,1203.809087895638186,0.000284235709418
794,145,Hamm – Unna II,05913,Dortmund,1654.156659343439969,0.000390568900239
795,145,Hamm – Unna II,05915,Hamm,227454558.112373948097229,53.705116812526342
796,145,Hamm – Unna II,05974,Soest,25937.765590906157740,0.006124259467367
797,145,Hamm – Unna II,05978,Unna,196040738.117266416549683,46.287886371571965
798,146,Soest,05570,Warendorf,14501.852284441041775,0.001091567336543
799,146,Soest,05774,Paderborn,22566.084596735177911,0.001698569284552
800,146,Soest,05915,Hamm,423.476591870209802,0.000031875460211
801,146,Soest,05958,Hochsauerlandkreis,325357.426378862932324,0.024489943241107
802,146,Soest,05974,Soest,1328170685.873241424560547,99.972590371003932
803,146,Soest,05978,Unna,1296.913029440523133,0.000097619798734
804,147,Hochsauerlandkreis,05774,Paderborn,14204.077456093655201,0.000725341353014
805,147,Hochsauerlandkreis,05958,Hochsauerlandkreis,1957696926.129221916198730,99.971190778096116
806,147,Hochsauerlandkreis,05962,Märkischer Kreis,160961.743539666756988,0.008219626315293
807,147,Hochsauerlandkreis,05970,Siegen-Wittgenstein,25569.361479244904331,0.001305717693274
808,147,Hochsauerlandkreis,05974,Soest,177453.879195228335448,0.009061808993293
809,147,Hochsauerlandkreis,06635,Waldeck-Frankenberg,185970.557301101420308,0.009496719239283
810,148,Siegen-Wittgenstein,05958,Hochsauerlandkreis,145786.496921803976875,0.012862256672966
811,148,Siegen-Wittgenstein,05966,Olpe,279804.342425218608696,0.024686204459759
812,148,Siegen-Wittgenstein,05970,Siegen-Wittgenstein,1132856218.388423919677734,99.948127996336694
813,148,Siegen-Wittgenstein,06532,Lahn-Dill-Kreis,75184.014442859246628,0.006633234983256
814,148,Siegen-Wittgenstein,06534,Marburg-Biedenkopf,60767.689158589768340,0.005361330657393
815,148,Siegen-Wittgenstein,06635,Waldeck-Frankenberg,16089.915324294495804,0.001419559596513
816,148,Siegen-Wittgenstein,07132,Altenkirchen (Westerwald),4524.109502429540953,0.000399147101175
817,148,Siegen-Wittgenstein,07143,Westerwaldkreis,5783.079438076259066,0.000510221822070
818,149,Olpe – Märkischer Kreis I,05374,Oberbergischer Kreis,7941.042505535026066,0.000684352889464
819,149,Olpe – Märkischer Kreis I,05914,Hagen,4541.807447250241239,0.000391409446272
820,149,Olpe – Märkischer Kreis I,05954,Ennepe-Ruhr-Kreis,20954.879235244672600,0.001805875254164
821,149,Olpe – Märkischer Kreis I,05962,Märkischer Kreis,448942319.648850560188293,38.689501213496655
822,149,Olpe – Märkischer Kreis I,05966,Olpe,711143372.598803281784058,61.285784772199627
823,149,Olpe – Märkischer Kreis I,05970,Siegen-Wittgenstein,252687.243379101535538,0.021776390822317
824,149,Olpe – Märkischer Kreis I,07132,Altenkirchen (Westerwald),650.418183585879319,0.000056052535040
825,150,Märkischer Kreis II,05914,Hagen,940.963005427634471,0.000153932835423
826,150,Märkischer Kreis II,05958,Hochsauerlandkreis,352794.022395988868084,0.057713835585915
827,150,Märkischer Kreis II,05962,Märkischer Kreis,610873954.138081312179565,99.933322887400152
828,150,Märkischer Kreis II,05966,Olpe,7631.196952838805373,0.001248393165136
829,150,Märkischer Kreis II,05978,Unna,46218.564289518093574,0.007560929185552
830,151,Nordsachsen,12062,Elbe-Elster,5844.018664556390831,0.000287982676567
831,151,Nordsachsen,14522,Mittelsachsen,16713.507824888347386,0.000823611455491
832,151,Nordsachsen,14627,Meißen,8771.784538420750323,0.000432257686814
833,151,Nordsachsen,14713,Leipzig,13536.793644199340633,0.000667068722664
834,151,Nordsachsen,14729,Leipzig,304065.841895243385807,0.014983815081327
835,151,Nordsachsen,14730,Nordsachsen,2028891677.023696422576904,99.980114566894613
836,151,Nordsachsen,15082,Anhalt-Bitterfeld,17701.969606397069583,0.000872321065412
837,151,Nordsachsen,15088,Saalekreis,8580.146850748502402,0.000422814127956
838,151,Nordsachsen,15091,Wittenberg,28319.753258899589127,0.001395546251875
839,152,Leipzig I,14713,Leipzig,172183060.891351729631424,99.928260549206541
840,152,Leipzig I,14729,Leipzig,87402.256043920730008,0.050724823738942
841,152,Leipzig I,14730,Nordsachsen,36208.440894756575290,0.021013951645888
842,153,Leipzig II,14713,Leipzig,126790718.212583422660828,99.912149398124456
843,153,Leipzig II,14729,Leipzig,111484.864962343039224,0.087851008660363
844,154,Leipzig-Land,14522,Mittelsachsen,70910.157951268396573,0.004290466640685
845,154,Leipzig-Land,14713,Leipzig,141946.587467647797894,0.008588573427063
846,154,Leipzig-Land,14729,Leipzig,1652284312.918376445770264,99.972569943731543
847,154,Leipzig-Land,14730,Nordsachsen,212265.957706212619087,0.012843294061163
848,154,Leipzig-Land,15084,Burgenlandkreis,12071.776929888836094,0.000730410955326
849,154,Leipzig-Land,15088,Saalekreis,12436.611505261111233,0.000752485515871
850,154,Leipzig-Land,16077,Altenburger Land,3716.980539940147537,0.000224898399206
851,155,Meißen,12062,Elbe-Elster,1975.823130387756919,0.000135327743090
852,155,Meißen,12066,Oberspreewald-Lausitz,6354.438962609924602,0.000435227156816
853,155,Meißen,14522,Mittelsachsen,63285.333783425754518,0.004334528359279
854,155,Meißen,14612,Dresden,90106.076109033485409,0.006171530098499
855,155,Meißen,14625,Bautzen,60652.881346869129629,0.004154226873002
856,155,Meißen,14627,Meißen,1459656264.633111953735352,99.974529572740593
857,155,Meißen,14628,Sächsische Schweiz-Osterzgebirge,27439.969946164063003,0.001879413772494
858,155,Meißen,14730,Nordsachsen,122060.791903569624992,0.008360167078722
859,156,Bautzen I,12066,Oberspreewald-Lausitz,14610.943263071121692,0.000655082791863
860,156,Bautzen I,12071,Spree-Neiße,11985.364021682447856,0.000537364739802
861,156,Bautzen I,14625,Bautzen,2230203283.442603111267090,99.991339849465859
862,156,Bautzen I,14626,Görlitz,115927.039195107383421,0.005197597931973
863,156,Bautzen I,14627,Meißen,19269.457422069277527,0.000863947641056
864,156,Bautzen I,14628,Sächsische Schweiz-Osterzgebirge,31360.322357723223831,0.001406042522644
865,157,Görlitz,12071,Spree-Neiße,5028.086143666268981,0.000237404747230
866,157,Görlitz,14625,Bautzen,99126.666490722054732,0.004680337712912
867,157,Görlitz,14626,Görlitz,2117834083.583317756652832,99.995077833194429
868,158,Sächsische Schweiz-Osterzgebirge,14522,Mittelsachsen,157860.399422662856523,0.009526192201290
869,158,Sächsische Schweiz-Osterzgebirge,14612,Dresden,76708.532481566580827,0.004629028094258
870,158,Sächsische Schweiz-Osterzgebirge,14625,Bautzen,37693.608675842166122,0.002274646221089
871,158,Sächsische Schweiz-Osterzgebirge,14627,Meißen,38862.471481629851041,0.002345182034919
872,158,Sächsische Schweiz-Osterzgebirge,14628,Sächsische Schweiz-Osterzgebirge,1656805626.546384334564209,99.981052223245541
873,159,Dresden I,14612,Dresden,81264509.353630810976028,99.972789822606060
874,159,Dresden I,14628,Sächsische Schweiz-Osterzgebirge,22118.794564266434463,0.027210865083553
875,160,Dresden II – Bautzen II,14612,Dresden,247261403.354528158903122,59.095693666635810
876,160,Dresden II – Bautzen II,14625,Bautzen,171057466.217909306287766,40.882885423530247
877,160,Dresden II – Bautzen II,14627,Meißen,65709.747825102866045,0.015704687734124
878,160,Dresden II – Bautzen II,14628,Sächsische Schweiz-Osterzgebirge,23917.885820850468008,0.005716395824204
879,161,Mittelsachsen,14511,Chemnitz,2699.053791476640527,0.000161049993840
880,161,Mittelsachsen,14521,Erzgebirgskreis,96876.125832065663417,0.005780507049441
881,161,Mittelsachsen,14522,Mittelsachsen,1675414048.741392612457275,99.970375944540208
882,161,Mittelsachsen,14627,Meißen,41333.226143336170935,0.002466314616172
883,161,Mittelsachsen,14628,Sächsische Schweiz-Osterzgebirge,253750.635262210707879,0.015141061054362
884,161,Mittelsachsen,14729,Leipzig,44942.794478988085757,0.002681694154014
885,161,Mittelsachsen,14730,Nordsachsen,56870.148747467166686,0.003393388132669
886,162,Chemnitz,14511,Chemnitz,221109036.575764000415802,99.870782135181898
887,162,Chemnitz,14521,Erzgebirgskreis,107597.184353150209063,0.048599619098835
888,162,Chemnitz,14522,Mittelsachsen,151599.360798218403943,0.068474572403665
889,162,Chemnitz,14524,Zwickau,26885.388069974163955,0.012143622785115
890,163,Chemnitzer Umland – Erzgebirgskreis II,14511,Chemnitz,162539.836651042598533,0.018003993578995
891,163,Chemnitzer Umland – Erzgebirgskreis II,14521,Erzgebirgskreis,266299249.598442077636719,29.497076400751617
892,163,Chemnitzer Umland – Erzgebirgskreis II,14522,Mittelsachsen,441071381.975447475910187,48.856000427839682
893,163,Chemnitzer Umland – Erzgebirgskreis II,14524,Zwickau,195244877.362149685621262,21.626621453462786
894,163,Chemnitzer Umland – Erzgebirgskreis II,14729,Leipzig,17968.111753986791882,0.001990267588000
895,163,Chemnitzer Umland – Erzgebirgskreis II,16077,Altenburger Land,2775.491228697158022,0.000307431872023
896,164,Erzgebirgskreis I,14521,Erzgebirgskreis,1562411366.070812940597534,99.968754306033972
897,164,Erzgebirgskreis I,14522,Mittelsachsen,329836.870508156891447,0.021104161032714
898,164,Erzgebirgskreis I,14523,Vogtlandkreis,13562.377436005655909,0.000867770170615
899,164,Erzgebirgskreis I,14524,Zwickau,144939.322629704402061,0.009273744321056
900,165,Zwickau,14521,Erzgebirgskreis,58055.076365410968720,0.007689609846019
901,165,Zwickau,14523,Vogtlandkreis,18455.668002211779822,0.002444521569335
902,165,Zwickau,14524,Zwickau,754882592.971597552299500,99.986994814482344
903,165,Zwickau,16076,Greiz,7556.528477903612838,0.001000890179175
904,165,Zwickau,16077,Altenburger Land,14120.073312693526532,0.001870255997742
905,166,Vogtlandkreis,09475,Hof,4662.101813352101090,0.000329948643819
906,166,Vogtlandkreis,14521,Erzgebirgskreis,5131.300298904347073,0.000363154997989
907,166,Vogtlandkreis,14523,Vogtlandkreis,1412853848.577759265899658,99.991212100370376
908,166,Vogtlandkreis,14524,Zwickau,16130.194902675551930,0.001141574368331
909,166,Vogtlandkreis,16075,Saale-Orla-Kreis,20429.250855982056237,0.001445829345653
910,166,Vogtlandkreis,16076,Greiz,77359.030010401809704,0.005474892668789
911,167,Waldeck,03155,Northeim,18029.278894442850287,0.000832300508506
912,167,Waldeck,03159,Göttingen,4792.868096098318347,0.000221257132742
913,167,Waldeck,05762,Höxter,93886.415630929288454,0.004334156231589
914,167,Waldeck,05958,Hochsauerlandkreis,45643.458449664511136,0.002107076711167
915,167,Waldeck,06611,Kassel,57843.611651133331179,0.002670282470692
916,167,Waldeck,06633,Kassel,1041822153.320128798484802,48.094497459253041
917,167,Waldeck,06634,Schwalm-Eder-Kreis,134758.856964275008067,0.006220984534861
918,167,Waldeck,06635,Waldeck-Frankenberg,1124021121.954962968826294,51.889116411789828
919,168,Kassel,03159,Göttingen,2328.584091298253043,0.000652870419070
920,168,Kassel,06611,Kassel,104477865.226380258798599,29.292696754563980
921,168,Kassel,06633,Kassel,252065136.585584461688995,70.672075777969937
922,168,Kassel,06634,Schwalm-Eder-Kreis,36510.164001982841000,0.010236437739727
923,168,Kassel,06636,Werra-Meißner-Kreis,86806.847494944988284,0.024338233312668
924,169,Werra-Meißner – Hersfeld-Rotenburg,03159,Göttingen,1517.313833939646202,0.000071540873893
925,169,Werra-Meißner – Hersfeld-Rotenburg,06535,Vogelsbergkreis,30796.211745344658993,0.001452031775874
926,169,Werra-Meißner – Hersfeld-Rotenburg,06631,Fulda,110119.847043691523140,0.005192116432501
927,169,Werra-Meißner – Hersfeld-Rotenburg,06632,Hersfeld-Rotenburg,1096740892.758505105972290,51.710990928166225
928,169,Werra-Meißner – Hersfeld-Rotenburg,06633,Kassel,207124.922063162550330,0.009765875455657
929,169,Werra-Meißner – Hersfeld-Rotenburg,06634,Schwalm-Eder-Kreis,234771.107049664482474,0.011069384452608
930,169,Werra-Meißner – Hersfeld-Rotenburg,06636,Werra-Meißner-Kreis,1023507891.078224897384644,48.258077746451555
931,169,Werra-Meißner – Hersfeld-Rotenburg,16061,Eichsfeld,24407.860438174902811,0.001150823004803
932,169,Werra-Meißner – Hersfeld-Rotenburg,16063,Wartburgkreis,47286.468995610608545,0.002229542260530
933,170,Schwalm-Eder,05958,Hochsauerlandkreis,418.120026913584013,0.000018496681094
934,170,Schwalm-Eder,05970,Siegen-Wittgenstein,15507.453915329791926,0.000686014568043
935,170,Schwalm-Eder,06534,Marburg-Biedenkopf,74062.709963407556643,0.003276366208214
936,170,Schwalm-Eder,06535,Vogelsbergkreis,18406.231487918143102,0.000814249909264
937,170,Schwalm-Eder,06632,Hersfeld-Rotenburg,183369.491342808789341,0.008111850151714
938,170,Schwalm-Eder,06633,Kassel,125780.871302951869438,0.005564260294828
939,170,Schwalm-Eder,06634,Schwalm-Eder-Kreis,1537864884.878075599670410,68.031652421346607
940,170,Schwalm-Eder,06635,Waldeck-Frankenberg,722221834.609629392623901,31.949454927026959
941,170,Schwalm-Eder,06636,Werra-Meißner-Kreis,9527.373308766873379,0.000421469373418
942,171,Marburg,05970,Siegen-Wittgenstein,17300.141350369900465,0.001371842978894
943,171,Marburg,06531,Gießen,79974.813503773504635,0.006341733525268
944,171,Marburg,06532,Lahn-Dill-Kreis,104251.492749799013836,0.008266792477102
945,171,Marburg,06534,Marburg-Biedenkopf,1260823613.997366428375244,99.979068809694667
946,171,Marburg,06535,Vogelsbergkreis,4290.657538431865760,0.000340234700962
947,171,Marburg,06634,Schwalm-Eder-Kreis,32017.301612898860185,0.002538864251525
948,171,Marburg,06635,Waldeck-Frankenberg,26126.107487089160713,0.002071712386398
949,172,Lahn-Dill,05970,Siegen-Wittgenstein,7304.810542581819391,0.000634460370933
950,172,Lahn-Dill,06531,Gießen,86942572.762556731700897,7.551409669460281
951,172,Lahn-Dill,06532,Lahn-Dill-Kreis,1064217636.775874376296997,92.432775996945111
952,172,Lahn-Dill,06533,Limburg-Weilburg,61689.631817921217589,0.005358061849487
953,172,Lahn-Dill,06534,Marburg-Biedenkopf,113083.371188886390883,0.009821872478780
954,173,Gießen,06440,Wetteraukreis,19849.390564306573651,0.001478418426031
955,173,Gießen,06531,Gießen,767580632.172259449958801,57.170790528366545
956,173,Gießen,06532,Lahn-Dill-Kreis,87496.787442997432663,0.006516918610429
957,173,Gießen,06534,Marburg-Biedenkopf,86541.809445879975101,0.006445790126015
958,173,Gießen,06535,Vogelsbergkreis,574796808.193108320236206,42.811903453821280
959,173,Gießen,06632,Hersfeld-Rotenburg,12327.728614672774711,0.000918191471723
960,173,Gießen,06634,Schwalm-Eder-Kreis,26135.801450111466693,0.001946641652183
961,174,Fulda,06435,Main-Kinzig-Kreis,84292.678996015223674,0.003958611372869
962,174,Fulda,06531,Gießen,13684.672846511639364,0.000642669116813
963,174,Fulda,06535,Vogelsbergkreis,748766618.302218794822693,35.164098307708656
964,174,Fulda,06631,Fulda,1380226757.902653694152832,64.819168236783426
965,174,Fulda,06632,Hersfeld-Rotenburg,187797.412076573673403,0.008819472581680
966,174,Fulda,09672,Bad Kissingen,49570.965168622577039,0.002327986117156
967,174,Fulda,09673,Rhön-Grabfeld,286.150378804037246,0.000013438392959
968,174,Fulda,16066,Schmalkalden-Meiningen,20681.739652381285850,0.000971270230983
969,175,Main-Kinzig – Wetterau II – Schotten,06435,Main-Kinzig-Kreis,1049924801.598725199699402,68.273264869090127
970,175,Main-Kinzig – Wetterau II – Schotten,06440,Wetteraukreis,354322431.946301817893982,23.040458905718449
971,175,Main-Kinzig – Wetterau II – Schotten,06531,Gießen,48985.437397196757956,0.003185366930141
972,175,Main-Kinzig – Wetterau II – Schotten,06535,Vogelsbergkreis,133462650.727387398481369,8.678650975162226
973,175,Main-Kinzig – Wetterau II – Schotten,06631,Fulda,22016.935300106684736,0.001431691158320
974,175,Main-Kinzig – Wetterau II – Schotten,09671,Aschaffenburg,16685.001575173755555,0.001084972495314
975,175,Main-Kinzig – Wetterau II – Schotten,09672,Bad Kissingen,9923.406825466858209,0.000645287530657
976,175,Main-Kinzig – Wetterau II – Schotten,09677,Main-Spessart,19652.575663435709430,0.001277944383813
977,176,Hochtaunus,06412,Frankfurt am Main,37298.807026679569390,0.004597668612286
978,176,Hochtaunus,06434,Hochtaunuskreis,432212953.569066464900970,53.277090847078753
979,176,Hochtaunus,06436,Main-Taunus-Kreis,24662.267819572978624,0.003040015048759
980,176,Hochtaunus,06439,Rheingau-Taunus-Kreis,73570.643794042654918,0.009068746877497
981,176,Hochtaunus,06440,Wetteraukreis,51517.741293913859408,0.006350377425034
982,176,Hochtaunus,06532,Lahn-Dill-Kreis,397050.343281634792220,0.048942742310705
983,176,Hochtaunus,06533,Limburg-Weilburg,378457739.388136327266693,46.650909457159017
984,177,Wetterau I,06434,Hochtaunuskreis,165904.116328818723559,0.022254506371122
985,177,Wetterau I,06435,Main-Kinzig-Kreis,77561.987375009877724,0.010404224924552
986,177,Wetterau I,06440,Wetteraukreis,745059953.369290590286255,99.942917909651371
987,177,Wetterau I,06531,Gießen,158079.996665592625504,0.021204972913202
988,177,Wetterau I,06532,Lahn-Dill-Kreis,7069.152282796310828,0.000948261550088
989,177,Wetterau I,06535,Vogelsbergkreis,16923.665624741784995,0.002270153585111
990,178,Rheingau-Taunus – Limburg,06414,Wiesbaden,130071.694989260708098,0.011105651333293
991,178,Rheingau-Taunus – Limburg,06434,Hochtaunuskreis,28228.284559860152513,0.002410159151725
992,178,Rheingau-Taunus – Limburg,06436,Main-Taunus-Kreis,56399.026052265449835,0.004815405218833
993,178,Rheingau-Taunus – Limburg,06439,Rheingau-Taunus-Kreis,811071300.482161521911621,69.250078353627742
994,178,Rheingau-Taunus – Limburg,06533,Limburg-Weilburg,359735326.275756895542145,30.714561736255032
995,178,Rheingau-Taunus – Limburg,07141,Rhein-Lahn-Kreis,60477.310203077446204,0.005163613196140
996,178,Rheingau-Taunus – Limburg,07143,Westerwaldkreis,8059.413646787694233,0.000688120793070
997,178,Rheingau-Taunus – Limburg,07339,Mainz-Bingen,130907.780842310865410,0.011177037179149
998,179,Wiesbaden,06414,Wiesbaden,203273884.419984936714172,99.798507861160431
999,179,Wiesbaden,06433,Groß-Gerau,19514.228349203302059,0.009580625060958
1000,179,Wiesbaden,06436,Main-Taunus-Kreis,211582.913841817266075,0.103877874674263
1001,179,Wiesbaden,06439,Rheingau-Taunus-Kreis,135050.037924990465399,0.066303609585482
1002,179,Wiesbaden,07315,Mainz,44260.818018134959857,0.021730108653790
1003,180,Hanau,06412,Frankfurt am Main,38393.222263833224133,0.011099403614116
1004,180,Hanau,06435,Main-Kinzig-Kreis,345518229.080677151679993,99.888627587626786
1005,180,Hanau,06440,Wetteraukreis,346828.711197905882727,0.100267485341432
1006,180,Hanau,09671,Aschaffenburg,19.889479916481893,0.000005750008784
1007,181,Main-Taunus,06412,Frankfurt am Main,19923.729389438951330,0.007393940165670
1008,181,Main-Taunus,06414,Wiesbaden,249775.827308035339229,0.092694870816975
1009,181,Main-Taunus,06433,Groß-Gerau,33082.769685467203090,0.012277421299381
1010,181,Main-Taunus,06434,Hochtaunuskreis,48093249.457261279225349,17.847994314163756
1011,181,Main-Taunus,06436,Main-Taunus-Kreis,221044494.127082020044327,82.032320936503169
1012,181,Main-Taunus,06439,Rheingau-Taunus-Kreis,19720.852501015735470,0.007318650065876
1013,182,Frankfurt am Main I,06412,Frankfurt am Main,86259543.726126044988632,99.929025083594468
1014,182,Frankfurt am Main I,06434,Hochtaunuskreis,474.173419849485072,0.000549315304942
1015,182,Frankfurt am Main I,06436,Main-Taunus-Kreis,60791.749420293293952,0.070425369649343
1016,183,Frankfurt am Main II,06412,Frankfurt am Main,161526196.416345715522766,99.885033899745579
1017,183,Frankfurt am Main II,06413,Offenbach am Main,98305.481729995924979,0.060790426525129
1018,183,Frankfurt am Main II,06433,Groß-Gerau,79.076112009425287,0.000048899313572
1019,183,Frankfurt am Main II,06434,Hochtaunuskreis,46289.179343692921975,0.028624435853232
1020,183,Frankfurt am Main II,06435,Main-Kinzig-Kreis,41240.295281650716788,0.025502292406028
1021,184,Groß-Gerau,06412,Frankfurt am Main,43034.502173756074626,0.009502506756668
1022,184,Groß-Gerau,06414,Wiesbaden,1236.816117313891482,0.000273103043323
1023,184,Groß-Gerau,06431,Bergstraße,16060.135245390854834,0.003546260232456
1024,184,Groß-Gerau,06432,Darmstadt-Dieburg,41659.619393928674981,0.009198917026451
1025,184,Groß-Gerau,06433,Groß-Gerau,452702603.720561027526855,99.961875549224786
1026,184,Groß-Gerau,06436,Main-Taunus-Kreis,13430.763994012833791,0.002965665202423
1027,184,Groß-Gerau,06438,Offenbach,57234.947439142051735,0.012638126323898
1028,185,Offenbach,06412,Frankfurt am Main,33043.674483576418424,0.013642927883445
1029,185,Offenbach,06413,Offenbach am Main,45222725.561099715530872,18.671361256435798
1030,185,Offenbach,06433,Groß-Gerau,1890.321282136180344,0.000780467588178
1031,185,Offenbach,06438,Offenbach,196946028.271334737539291,81.314215281120838
1032,186,Darmstadt,06411,Darmstadt,122811689.827831074595451,27.353772749741985
1033,186,Darmstadt,06431,Bergstraße,71607.700264139013598,0.015949139393024
1034,186,Darmstadt,06432,Darmstadt-Dieburg,325937522.651633858680725,72.595865570495974
1035,186,Darmstadt,06433,Groß-Gerau,84664.383209543870180,0.018857246419763
1036,186,Darmstadt,06438,Offenbach,69838.936260302987648,0.015555183665547
1037,187,Odenwald,06411,Darmstadt,10235.787728996408987,0.000918184452438
1038,187,Odenwald,06431,Bergstraße,43633.121301044964639,0.003914037165550
1039,187,Odenwald,06432,Darmstadt-Dieburg,331465425.795145511627197,29.733559208517025
1040,187,Odenwald,06435,Main-Kinzig-Kreis,5152.807268016086709,0.000462224075486
1041,187,Odenwald,06437,Odenwaldkreis,624168338.335761308670044,55.989991111343983
1042,187,Odenwald,06438,Offenbach,158895151.206912279129028,14.253427412597988
1043,187,Odenwald,08225,Neckar-Odenwald-Kreis,17694.781078808307939,0.001587281145919
1044,187,Odenwald,08226,Rhein-Neckar-Kreis,147982.727636051684385,0.013274546458199
1045,187,Odenwald,09671,Aschaffenburg,9752.858054228474430,0.000874864042643
1046,187,Odenwald,09676,Miltenberg,22196.541894137320924,0.001991104173385
1047,188,Bergstraße,06431,Bergstraße,718223391.854442000389099,99.956453394822447
1048,188,Bergstraße,06432,Darmstadt-Dieburg,47725.242422269599047,0.006642008634140
1049,188,Bergstraße,06433,Groß-Gerau,127562.084524584002793,0.017753046895070
1050,188,Bergstraße,06437,Odenwaldkreis,19333.403824490036641,0.002690664910476
1051,188,Bergstraße,08226,Rhein-Neckar-Kreis,118277.824410740329768,0.016460939559247
1052,189,Eichsfeld – Nordhausen – Kyffhäuserkreis,03153,Goslar,1.305021867734779,0.000000048450734
1053,189,Eichsfeld – Nordhausen – Kyffhäuserkreis,03159,Göttingen,11041.431086717424478,0.000409928331971
1054,189,Eichsfeld – Nordhausen – Kyffhäuserkreis,06636,Werra-Meißner-Kreis,11152.167490790576267,0.000414039573444
1055,189,Eichsfeld – Nordhausen – Kyffhäuserkreis,15084,Burgenlandkreis,6885.216504761986471,0.000255623142950
1056,189,Eichsfeld – Nordhausen – Kyffhäuserkreis,15087,Mansfeld-Südharz,57222.115660192270298,0.002124449832653
1057,189,Eichsfeld – Nordhausen – Kyffhäuserkreis,15088,Saalekreis,17536.601826971425908,0.000651070488862
1058,189,Eichsfeld – Nordhausen – Kyffhäuserkreis,16061,Eichsfeld,941865969.607567071914673,34.968070970971908
1059,189,Eichsfeld – Nordhausen – Kyffhäuserkreis,16062,Nordhausen,713968447.227377295494080,26.507061661951525
1060,189,Eichsfeld – Nordhausen – Kyffhäuserkreis,16064,Unstrut-Hainich-Kreis,182020.994208943069680,0.006757780033562
1061,189,Eichsfeld – Nordhausen – Kyffhäuserkreis,16065,Kyffhäuserkreis,1037095050.119744062423706,38.503581705304576
1062,189,Eichsfeld – Nordhausen – Kyffhäuserkreis,16068,Sömmerda,287469.641146027541254,0.010672706242675
1063,190,Eisenach – Wartburgkreis – Unstrut-Hainich-Kreis,06631,Fulda,2392.630060499831416,0.000101905810931
1064,190,Eisenach – Wartburgkreis – Unstrut-Hainich-Kreis,06632,Hersfeld-Rotenburg,66626.489413450952270,0.002837725123182
1065,190,Eisenach – Wartburgkreis – Unstrut-Hainich-Kreis,06636,Werra-Meißner-Kreis,2607.188509196730593,0.000111044186757
1066,190,Eisenach – Wartburgkreis – Unstrut-Hainich-Kreis,16056,Eisenach,104446208.323567584156990,4.448525383675411
1067,190,Eisenach – Wartburgkreis – Unstrut-Hainich-Kreis,16061,Eichsfeld,67559.985321697386098,0.002877484156182
1068,190,Eisenach – Wartburgkreis – Unstrut-Hainich-Kreis,16063,Wartburgkreis,1264297160.456239223480225,53.848369424524599
1069,190,Eisenach – Wartburgkreis – Unstrut-Hainich-Kreis,16064,Unstrut-Hainich-Kreis,978429297.425310015678406,41.672815467309420
1070,190,Eisenach – Wartburgkreis – Unstrut-Hainich-Kreis,16065,Kyffhäuserkreis,126356.201417765463702,0.005381705840871
1071,190,Eisenach – Wartburgkreis – Unstrut-Hainich-Kreis,16066,Schmalkalden-Meiningen,238655.538127244828502,0.010164708095719
1072,190,Eisenach – Wartburgkreis – Unstrut-Hainich-Kreis,16067,Gotha,150909.431569511478301,0.006427465848193
1073,190,Eisenach – Wartburgkreis – Unstrut-Hainich-Kreis,16068,Sömmerda,56061.167717876436654,0.002387731748565
1074,191,Jena – Sömmerda – Weimarer Land I,15084,Burgenlandkreis,9989.970981688549728,0.000610094094201
1075,191,Jena – Sömmerda – Weimarer Land I,16051,Erfurt,74077.839497321343515,0.004523982349032
1076,191,Jena – Sömmerda – Weimarer Land I,16053,Jena,114787253.062274560332298,7.010132993503659
1077,191,Jena – Sömmerda – Weimarer Land I,16055,Weimar,94623.053315305689466,0.005778692061146
1078,191,Jena – Sömmerda – Weimarer Land I,16064,Unstrut-Hainich-Kreis,82355.474938512837980,0.005029502986267
1079,191,Jena – Sömmerda – Weimarer Land I,16065,Kyffhäuserkreis,144638.009822074847762,0.008833138329553
1080,191,Jena – Sömmerda – Weimarer Land I,16067,Gotha,11006.488327918650612,0.000672173476686
1081,191,Jena – Sömmerda – Weimarer Land I,16068,Sömmerda,806374131.949000477790833,49.245798263129451
1082,191,Jena – Sömmerda – Weimarer Land I,16070,Ilm-Kreis,30825.247114356465318,0.001882518102529
1083,191,Jena – Sömmerda – Weimarer Land I,16071,Weimarer Land,715612728.705984830856323,43.702939710138601
1084,191,Jena – Sömmerda – Weimarer Land I,16073,Saalfeld-Rudolstadt,24423.617151758819091,0.001491566352959
1085,191,Jena – Sömmerda – Weimarer Land I,16074,Saale-Holzland-Kreis,201527.055591442040168,0.012307389747525
1086,192,Gotha – Ilm-Kreis,16051,Erfurt,102019.304898795366171,0.005866830406474
1087,192,Gotha – Ilm-Kreis,16054,Suhl,401694.313351919408888,0.023100259446174
1088,192,Gotha – Ilm-Kreis,16063,Wartburgkreis,106545.228410185780376,0.006127102966656
1089,192,Gotha – Ilm-Kreis,16064,Unstrut-Hainich-Kreis,117123.379734258196549,0.006735421361825
1090,192,Gotha – Ilm-Kreis,16066,Schmalkalden-Meiningen,58183.827146175928647,0.003345980906308
1091,192,Gotha – Ilm-Kreis,16067,Gotha,935000858.975796103477478,53.769151583219873
1092,192,Gotha – Ilm-Kreis,16068,Sömmerda,57995.438588277356757,0.003335147233987
1093,192,Gotha – Ilm-Kreis,16069,Hildburghausen,114945.321852512613987,0.006610167654006
1094,192,Gotha – Ilm-Kreis,16070,Ilm-Kreis,802690766.925072312355042,46.160387027369012
1095,192,Gotha – Ilm-Kreis,16071,Weimarer Land,81289.726215157832485,0.004674733257260
1096,192,Gotha – Ilm-Kreis,16073,Saalfeld-Rudolstadt,185468.196578853036044,0.010665730924182
1097,193,Erfurt – Weimar – Weimarer Land II,16051,Erfurt,270087193.914876878261566,60.940003137767071
1098,193,Erfurt – Weimar – Weimarer Land II,16055,Weimar,84298016.824207618832588,19.020233189559573
1099,193,Erfurt – Weimar – Weimarer Land II,16067,Gotha,116489.227846746434807,0.026283563495180
1100,193,Erfurt – Weimar – Weimarer Land II,16068,Sömmerda,92133.632563555234810,0.020788189829120
1101,193,Erfurt – Weimar – Weimarer Land II,16070,Ilm-Kreis,14077.419518595135742,0.003176300131820
1102,193,Erfurt – Weimar – Weimarer Land II,16071,Weimarer Land,88593892.986689701676369,19.989515379605301
1103,194,Gera – Greiz – Altenburger Land,14522,Mittelsachsen,90.149779987014867,0.000005746207956
1104,194,Gera – Greiz – Altenburger Land,14523,Vogtlandkreis,140695.348447868542280,0.008968016679940
1105,194,Gera – Greiz – Altenburger Land,14524,Zwickau,50701.336994098368450,0.003231737515664
1106,194,Gera – Greiz – Altenburger Land,14729,Leipzig,223.023299970161247,0.000014215655999
1107,194,Gera – Greiz – Altenburger Land,15084,Burgenlandkreis,18031.744299659796525,0.001149355578786
1108,194,Gera – Greiz – Altenburger Land,16052,Gera,152279807.801844388246536,9.706417955182097
1109,194,Gera – Greiz – Altenburger Land,16074,Saale-Holzland-Kreis,227128.321293504239293,0.014477312834558
1110,194,Gera – Greiz – Altenburger Land,16075,Saale-Orla-Kreis,112925.268062046365230,0.007197932971767
1111,194,Gera – Greiz – Altenburger Land,16076,Greiz,846214262.626822471618652,53.938269500447099
1112,194,Gera – Greiz – Altenburger Land,16077,Altenburger Land,569813034.197077393531799,36.320268235591477
1113,195,Saalfeld-Rudolstadt – Saale-Holzland-Kreis – Saale-Orla-Kreis,09475,Hof,4257.351212269037205,0.000143064264262
1114,195,Saalfeld-Rudolstadt – Saale-Holzland-Kreis – Saale-Orla-Kreis,09476,Kronach,873.007890281167420,0.000029336605154
1115,195,Saalfeld-Rudolstadt – Saale-Holzland-Kreis – Saale-Orla-Kreis,14523,Vogtlandkreis,11187.471925389972967,0.000375944421814
1116,195,Saalfeld-Rudolstadt – Saale-Holzland-Kreis – Saale-Orla-Kreis,15084,Burgenlandkreis,67015.440669624164002,0.002251990553644
1117,195,Saalfeld-Rudolstadt – Saale-Holzland-Kreis – Saale-Orla-Kreis,16052,Gera,14942.421749423736401,0.000502125962197
1118,195,Saalfeld-Rudolstadt – Saale-Holzland-Kreis – Saale-Orla-Kreis,16053,Jena,124534.764654951999546,0.004184873080008
1119,195,Saalfeld-Rudolstadt – Saale-Holzland-Kreis – Saale-Orla-Kreis,16070,Ilm-Kreis,218177.279533936205553,0.007331641299687
1120,195,Saalfeld-Rudolstadt – Saale-Holzland-Kreis – Saale-Orla-Kreis,16071,Weimarer Land,93434.351915041872417,0.003139773099991
1121,195,Saalfeld-Rudolstadt – Saale-Holzland-Kreis – Saale-Orla-Kreis,16072,Sonneberg,322635.923585261567496,0.010841875318885
1122,195,Saalfeld-Rudolstadt – Saale-Holzland-Kreis – Saale-Orla-Kreis,16073,Saalfeld-Rudolstadt,1007939855.899526596069336,33.870866347309573
1123,195,Saalfeld-Rudolstadt – Saale-Holzland-Kreis – Saale-Orla-Kreis,16074,Saale-Holzland-Kreis,815137506.150494456291199,27.391925583558624
1124,195,Saalfeld-Rudolstadt – Saale-Holzland-Kreis – Saale-Orla-Kreis,16075,Saale-Orla-Kreis,1151708036.085567951202393,38.702060180528463
1125,195,Saalfeld-Rudolstadt – Saale-Holzland-Kreis – Saale-Orla-Kreis,16076,Greiz,188884.164726298826281,0.006347273858774
1126,196,Suhl – Schmalkalden-Meiningen – Hildburghausen – Sonneberg,06631,Fulda,5524.343271862447182,0.000197922119350
1127,196,Suhl – Schmalkalden-Meiningen – Hildburghausen – Sonneberg,09473,Coburg,17275.150713377937791,0.000618921430662
1128,196,Suhl – Schmalkalden-Meiningen – Hildburghausen – Sonneberg,09476,Kronach,11311.254877355118879,0.000405251344398
1129,196,Suhl – Schmalkalden-Meiningen – Hildburghausen – Sonneberg,09673,Rhön-Grabfeld,33568.490318461692368,0.001202667252967
1130,196,Suhl – Schmalkalden-Meiningen – Hildburghausen – Sonneberg,16054,Suhl,142629097.101860821247101,5.110010690899836
1131,196,Suhl – Schmalkalden-Meiningen – Hildburghausen – Sonneberg,16063,Wartburgkreis,265056.293006226420403,0.009496242481187
1132,196,Suhl – Schmalkalden-Meiningen – Hildburghausen – Sonneberg,16066,Schmalkalden-Meiningen,1250038657.248457431793213,44.785468269604259
1133,196,Suhl – Schmalkalden-Meiningen – Hildburghausen – Sonneberg,16067,Gotha,108403.241477494681021,0.003883791835845
1134,196,Suhl – Schmalkalden-Meiningen – Hildburghausen – Sonneberg,16069,Hildburghausen,937243469.483089685440063,33.578871677314694
1135,196,Suhl – Schmalkalden-Meiningen – Hildburghausen – Sonneberg,16070,Ilm-Kreis,115206.120937621963094,0.004127520412107
1136,196,Suhl – Schmalkalden-Meiningen – Hildburghausen – Sonneberg,16072,Sonneberg,460207355.089422225952148,16.487971615344421
1137,196,Suhl – Schmalkalden-Meiningen – Hildburghausen – Sonneberg,16073,Saalfeld-Rudolstadt,495306.649493853852618,0.017745483394456
1138,197,Neuwied,05374,Oberbergischer Kreis,11360.880997039877911,0.000895810499361
1139,197,Neuwied,05382,Rhein-Sieg-Kreis,15356.591038389989990,0.001210874006177
1140,197,Neuwied,05966,Olpe,1352.943225222235469,0.000106680172648
1141,197,Neuwied,05970,Siegen-Wittgenstein,41198.788139879128721,0.003248542695436
1142,197,Neuwied,07131,Ahrweiler,94806.676390874228673,0.007475548431726
1143,197,Neuwied,07132,Altenkirchen (Westerwald),640737568.662529468536377,50.522441128675574
1144,197,Neuwied,07137,Mayen-Koblenz,84873.647381518021575,0.006692324694117
1145,197,Neuwied,07138,Neuwied,627198956.378015279769897,49.454915552586584
1146,197,Neuwied,07143,Westerwaldkreis,38217.718823050519859,0.003013484059223
1147,198,Ahrweiler,05366,Euskirchen,13737.528575370126418,0.001027912704757
1148,198,Ahrweiler,05382,Rhein-Sieg-Kreis,8364.916607136721723,0.000625906181562
1149,198,Ahrweiler,07131,Ahrweiler,786664041.782657265663147,58.862258847158188
1150,198,Ahrweiler,07135,Cochem-Zell,13197.788051548575822,0.000987526536410
1151,198,Ahrweiler,07137,Mayen-Koblenz,549541185.566463470458984,41.119504380402830
1152,198,Ahrweiler,07138,Neuwied,91179.227869325346546,0.006822499856694
1153,198,Ahrweiler,07233,Vulkaneifel,117246.957685656147078,0.008773021780296
1154,199,Koblenz,06439,Rheingau-Taunus-Kreis,1992.596099729849357,0.000313900130715
1155,199,Koblenz,07111,Koblenz,105889634.669876426458359,16.681137822518341
1156,199,Koblenz,07135,Cochem-Zell,90.605249509145096,0.000014273339021
1157,199,Koblenz,07137,Mayen-Koblenz,266380641.196352452039719,41.963806966568576
1158,199,Koblenz,07138,Neuwied,3302.105104784272953,0.000520191334393
1159,199,Koblenz,07140,Rhein-Hunsrück-Kreis,207483.313523349002935,0.032685519782423
1160,199,Koblenz,07141,Rhein-Lahn-Kreis,262297878.159877002239227,41.320636054510409
1161,199,Koblenz,07143,Westerwaldkreis,5619.881941822558474,0.000885318242055
1162,200,Mosel/Rhein-Hunsrück,07133,Bad Kreuznach,114105.575773735690746,0.004986920261813
1163,200,Mosel/Rhein-Hunsrück,07134,Birkenfeld,85543.830926487265970,0.003738645204914
1164,200,Mosel/Rhein-Hunsrück,07135,Cochem-Zell,692688372.523791909217834,30.273557244134253
1165,200,Mosel/Rhein-Hunsrück,07137,Mayen-Koblenz,39750.049748386394640,0.001737253654382
1166,200,Mosel/Rhein-Hunsrück,07140,Rhein-Hunsrück-Kreis,990393666.711446642875671,43.284600337920608
1167,200,Mosel/Rhein-Hunsrück,07141,Rhein-Lahn-Kreis,9622.319344982648545,0.000420538076091
1168,200,Mosel/Rhein-Hunsrück,07231,Bernkastel-Wittlich,604419635.284270644187927,26.415821535431693
1169,200,Mosel/Rhein-Hunsrück,07233,Vulkaneifel,42132.391994618577883,0.001841372587552
1170,200,Mosel/Rhein-Hunsrück,07235,Trier-Saarburg,191101.982496852928307,0.008352005080592
1171,200,Mosel/Rhein-Hunsrück,07339,Mainz-Bingen,113126.390188101693639,0.004944125504379
1172,201,Kreuznach,07133,Bad Kreuznach,863363886.442794084548950,52.630645446320699
1173,201,Kreuznach,07134,Birkenfeld,776104784.696140885353088,47.311332329212668
1174,201,Kreuznach,07140,Rhein-Hunsrück-Kreis,142785.737365765322465,0.008704215726525
1175,201,Kreuznach,07231,Bernkastel-Wittlich,11865.725125499142450,0.000723334369030
1176,201,Kreuznach,07331,Alzey-Worms,26957.700582909390505,0.001643340894501
1177,201,Kreuznach,07333,Donnersbergkreis,7842.667366504540041,0.000478088847590
1178,201,Kreuznach,07336,Kusel,738039.528465223964304,0.044990875062038
1179,201,Kreuznach,07339,Mainz-Bingen,15096.421263050038760,0.000920277541695
1180,201,Kreuznach,10046,St. Wendel,9221.679040733040893,0.000562153371983
1181,202,Bitburg,05366,Euskirchen,19718.918863756043720,0.000635371869519
1182,202,Bitburg,07131,Ahrweiler,10439.419449904269641,0.000336373078991
1183,202,Bitburg,07135,Cochem-Zell,104689.695792891958263,0.003373252265752
1184,202,Bitburg,07231,Bernkastel-Wittlich,563757235.584863424301147,18.165067324607389
1185,202,Bitburg,07232,Eifelkreis Bitburg-Prüm,1627880605.311645507812500,52.452649696337886
1186,202,Bitburg,07233,Vulkaneifel,911354539.361624002456665,29.365151379238359
1187,202,Bitburg,07235,Trier-Saarburg,395816.738641887903214,0.012753783458189
1188,203,Trier,07211,Trier,115582396.095982164144516,9.469304184729781
1189,203,Trier,07231,Bernkastel-Wittlich,157876.458962388453074,0.012934324464786
1190,203,Trier,07232,Eifelkreis Bitburg-Prüm,129083.117821817082586,0.010575376087143
1191,203,Trier,07235,Trier-Saarburg,1104503955.280595541000366,90.488554304617892
1192,203,Trier,10042,Merzig-Wadern,223816.835093326808419,0.018336613227868
1193,204,Montabaur,05970,Siegen-Wittgenstein,864.977090851388652,0.000057350494718
1194,204,Montabaur,06439,Rheingau-Taunus-Kreis,27640.030240593485360,0.001832614325946
1195,204,Montabaur,06532,Lahn-Dill-Kreis,13.018187007265908,0.000000863143629
1196,204,Montabaur,06533,Limburg-Weilburg,13362.542318561050706,0.000885975386817
1197,204,Montabaur,07132,Altenkirchen (Westerwald),65387.348885701001564,0.004335371244551
1198,204,Montabaur,07137,Mayen-Koblenz,187.477086486612194,0.000012430275636
1199,204,Montabaur,07138,Neuwied,18157.471109922036703,0.001203893099586
1200,204,Montabaur,07141,Rhein-Lahn-Kreis,518602744.628727078437805,34.384869010953977
1201,204,Montabaur,07143,Westerwaldkreis,989501161.268105983734131,65.606802449047393
1202,205,Mainz,06414,Wiesbaden,2014.248689137024485,0.000431690111362
1203,205,Mainz,06439,Rheingau-Taunus-Kreis,41276.631538741065015,0.008846332511829
1204,205,Mainz,07133,Bad Kreuznach,75164.204068419450778,0.016109055351383
1205,205,Mainz,07140,Rhein-Hunsrück-Kreis,37655.833855906064855,0.008070329745461
1206,205,Mainz,07141,Rhein-Lahn-Kreis,2.485434095628710,0.000000532673710
1207,205,Mainz,07315,Mainz,97545677.674191832542419,20.905812020724163
1208,205,Mainz,07331,Alzey-Worms,18204.718157098930533,0.003901602046928
1209,205,Mainz,07339,Mainz-Bingen,368875979.656230568885803,79.056828283165842
1210,206,Worms,07133,Bad Kreuznach,753.698771915822022,0.000080838164478
1211,206,Worms,07315,Mainz,8159.548820654265910,0.000875154603149
1212,206,Worms,07319,Worms,108655800.461742460727692,11.653907099890343
1213,206,Worms,07331,Alzey-Worms,587544760.644312739372253,63.017271314355781
1214,206,Worms,07332,Bad Dürkheim,141.370937218640165,0.000015162777891
1215,206,Worms,07333,Donnersbergkreis,77623.633085632958682,0.008325543642325
1216,206,Worms,07338,Rhein-Pfalz-Kreis,10154.977709478938777,0.001089174865261
1217,206,Worms,07339,Mainz-Bingen,236057734.345573008060455,25.318435781461325
1218,207,Ludwigshafen/Frankenthal,07311,Frankenthal (Pfalz),43744938.605862252414227,13.904939888987164
1219,207,Ludwigshafen/Frankenthal,07314,Ludwigshafen am Rhein,77934294.111176580190659,24.772504190035232
1220,207,Ludwigshafen/Frankenthal,07319,Worms,2822.100348301962185,0.000897044022793
1221,207,Ludwigshafen/Frankenthal,07332,Bad Dürkheim,28367.608748862567154,0.009017040759874
1222,207,Ludwigshafen/Frankenthal,07338,Rhein-Pfalz-Kreis,192872334.938452363014221,61.307166246848510
1223,207,Ludwigshafen/Frankenthal,08222,Mannheim,17226.323015476711589,0.005475627436505
1224,208,Neustadt – Speyer,07316,Neustadt an der Weinstraße,117091135.498962327837944,13.538227915749660
1225,208,Neustadt – Speyer,07318,Speyer,42868260.081766225397587,4.956483450822180
1226,208,Neustadt – Speyer,07332,Bad Dürkheim,593456130.972092747688293,68.616162315467278
1227,208,Neustadt – Speyer,07333,Donnersbergkreis,87970.233801630049129,0.010171231749809
1228,208,Neustadt – Speyer,07334,Germersheim,5054.573241800929281,0.000584416269197
1229,208,Neustadt – Speyer,07337,Südliche Weinstraße,155795.754348173621111,0.018013305803926
1230,208,Neustadt – Speyer,07338,Rhein-Pfalz-Kreis,111218051.039399623870850,12.859174325200851
1231,208,Neustadt – Speyer,08226,Rhein-Neckar-Kreis,10231.812782616445475,0.001183015373897
1232,209,Kaiserslautern,07133,Bad Kreuznach,83976.844890479740570,0.004953882711088
1233,209,Kaiserslautern,07134,Birkenfeld,71928.604669613734586,0.004243144304483
1234,209,Kaiserslautern,07312,Kaiserslautern,139980148.148501545190811,8.257576677390174
1235,209,Kaiserslautern,07331,Alzey-Worms,115240.138990410952829,0.006798137426008
1236,209,Kaiserslautern,07332,Bad Dürkheim,74626.259703551913844,0.004402281822099
1237,209,Kaiserslautern,07333,Donnersbergkreis,644010439.288806676864624,37.990855516350436
1238,209,Kaiserslautern,07335,Kaiserslautern,338170566.629179358482361,19.949038638067940
1239,209,Kaiserslautern,07336,Kusel,572651304.104756474494934,33.781304817851236
1240,209,Kaiserslautern,10045,Saarpfalz-Kreis,5661.558244127744729,0.000333981296153
1241,209,Kaiserslautern,10046,St. Wendel,8354.869384140645707,0.000492862562882
1242,210,Pirmasens,07312,Kaiserslautern,261998.677536527306074,0.018870387071490
1243,210,Pirmasens,07317,Pirmasens,61558634.477034591138363,4.433744746715692
1244,210,Pirmasens,07320,Zweibrücken,70768694.834203258156776,5.097096964847904
1245,210,Pirmasens,07332,Bad Dürkheim,2185.584080024420018,0.000157416128796
1246,210,Pirmasens,07335,Kaiserslautern,302055410.649746239185333,21.755462926731852
1247,210,Pirmasens,07336,Kusel,85179.306476740952348,0.006135017545931
1248,210,Pirmasens,07337,Südliche Weinstraße,245341.731432609289186,0.017670674831088
1249,210,Pirmasens,07340,Südwestpfalz,953427925.067222714424133,68.670400018634012
1250,210,Pirmasens,10045,Saarpfalz-Kreis,6413.738345975446464,0.000461947847607
1251,211,Südpfalz,07313,Landau in der Pfalz,82928942.712786167860031,6.998558328414843
1252,211,Südpfalz,07316,Neustadt an der Weinstraße,27420.387503638361522,0.002314067622887
1253,211,Südpfalz,07332,Bad Dürkheim,1275.004953554917392,0.000107600510082
1254,211,Südpfalz,07334,Germersheim,462943785.076577067375183,39.068857948143460
1255,211,Südpfalz,07337,Südliche Weinstraße,638846845.613307833671570,53.913709323816292
1256,211,Südpfalz,07338,Rhein-Pfalz-Kreis,23823.308467626044148,0.002010502104964
1257,211,Südpfalz,07340,Südwestpfalz,153620.563491746084765,0.012964381781213
1258,211,Südpfalz,08215,Karlsruhe,15652.571735219649781,0.001320955419123
1259,211,Südpfalz,08216,Rastatt,1859.268822737518349,0.000156907840357
1260,212,Altötting,09171,Altötting,569948717.940016388893127,41.428057623131046
1261,212,Altötting,09177,Erding,9727.823449807621728,0.000707089634104
1262,212,Altötting,09183,Mühldorf a. Inn,805578989.356969237327576,58.555395846291837
1263,212,Altötting,09187,Rosenheim,193361.640122860990232,0.014054943746634
1264,212,Altötting,09189,Traunstein,11544.227037703167298,0.000839119183672
1265,212,Altötting,09274,Landshut,265.374511670717311,0.000019289368000
1266,212,Altötting,09277,Rottal-Inn,9772.821671687552225,0.000710360435266
1267,213,Erding – Ebersberg,09175,Ebersberg,549967995.162386417388916,38.697082313564991
1268,213,Erding – Ebersberg,09177,Erding,871152140.725405812263489,61.296377959840520
1269,213,Erding – Ebersberg,09178,Freising,3731.470888832706805,0.000262555343958
1270,213,Erding – Ebersberg,09183,Mühldorf a. Inn,35297.055243109127332,0.002483586434454
1271,213,Erding – Ebersberg,09184,München,10205.843315745292784,0.000718107894173
1272,213,Erding – Ebersberg,09187,Rosenheim,43458.996095426213287,0.003057880392973
1273,213,Erding – Ebersberg,09274,Landshut,250.033156871895301,0.000017592939476
1274,214,Freising,09161,Ingolstadt,281.378210862037918,0.000015625063289
1275,214,Freising,09174,Dachau,118.234878196892737,0.000006565637933
1276,214,Freising,09176,Eichstätt,285648.705556207045447,0.015862205851582
1277,214,Freising,09177,Erding,4047.799079012550465,0.000224776170829
1278,214,Freising,09178,Freising,798562171.977523326873779,44.344529874654789
1279,214,Freising,09184,München,5102.031454474396924,0.000283318186352
1280,214,Freising,09185,Neuburg-Schrobenhausen,241278877.893727838993073,13.398328626543995
1281,214,Freising,09186,Pfaffenhofen a.d. Ilm,760505841.617886662483215,42.231244099580358
1282,214,Freising,09273,Kelheim,146239.561954374657944,0.008120751084268
1283,214,Freising,09274,Landshut,9279.633768399267865,0.000515302391359
1284,214,Freising,09771,Aichach-Friedberg,15647.230336400562010,0.000868897998749
1285,215,Fürstenfeldbruck,09162,München,792.474208566517973,0.000079846155974
1286,215,Fürstenfeldbruck,09174,Dachau,579482029.241075634956360,58.386016845719432
1287,215,Fürstenfeldbruck,09179,Fürstenfeldbruck,412986480.480442225933075,41.610670201394917
1288,215,Fürstenfeldbruck,09181,Landsberg am Lech,11796.094931048388389,0.001188521753228
1289,215,Fürstenfeldbruck,09184,München,359.050158877227091,0.000036176287731
1290,215,Fürstenfeldbruck,09186,Pfaffenhofen a.d. Ilm,12.973124735639544,0.000001307114011
1291,215,Fürstenfeldbruck,09771,Aichach-Friedberg,19920.166506367466354,0.002007066860613
1292,216,Ingolstadt,09161,Ingolstadt,133458565.013473361730576,7.227779619497049
1293,216,Ingolstadt,09176,Eichstätt,1213921421.154036283493042,65.742925578453949
1294,216,Ingolstadt,09185,Neuburg-Schrobenhausen,498611189.891389489173889,27.003525745884723
1295,216,Ingolstadt,09186,Pfaffenhofen a.d. Ilm,226901.169796439266065,0.012288395656953
1296,216,Ingolstadt,09273,Kelheim,99537.137064573806128,0.005390680550070
1297,216,Ingolstadt,09373,Neumarkt i.d. OPf.,20581.215916805565939,0.001114626797710
1298,216,Ingolstadt,09576,Roth,25242.110676153854001,0.001367049114306
1299,216,Ingolstadt,09577,Weißenburg-Gunzenhausen,23417.724932753819303,0.001268244979158
1300,216,Ingolstadt,09771,Aichach-Friedberg,41283.173725336520874,0.002235792672055
1301,216,Ingolstadt,09779,Donau-Ries,38853.646725684702687,0.002104215611180
1302,217,München-Nord,09162,München,88024442.201900914311409,99.991174377060176
1303,217,München-Nord,09174,Dachau,5507.834534481518858,0.006256612704391
1304,217,München-Nord,09184,München,2260.842110708770633,0.002568198696589
1305,218,München-Ost,09162,München,79583986.369076013565063,99.975100928818350
1306,218,München-Ost,09184,München,19820.300641975714825,0.024898684365113
1307,219,München-Süd,09162,München,52834411.441492103040218,99.915430318579467
1308,219,München-Süd,09184,München,44720.239146293752128,0.084570676881672
1309,220,München-West/Mitte,09162,München,90929252.351503357291222,99.997251235330850
1310,220,München-West/Mitte,09179,Fürstenfeldbruck,2499.710985641350817,0.002748996840759
1311,221,München-Land,09162,München,57171.893316117122595,0.008609354602312
1312,221,München-Land,09173,Bad Tölz-Wolfratshausen,848.330505226991022,0.000127747704612
1313,221,München-Land,09174,Dachau,722.923338069790589,0.000108862992053
1314,221,München-Land,09175,Ebersberg,11402.910971398923721,0.001717132289262
1315,221,München-Land,09178,Freising,42830.042644266715797,0.006449655650160
1316,221,München-Land,09179,Fürstenfeldbruck,3777.351274293774622,0.000568820703524
1317,221,München-Land,09182,Miesbach,23604.967114376944664,0.003554605602090
1318,221,München-Land,09184,München,663898375.851114034652710,99.974589016973624
1319,221,München-Land,09187,Rosenheim,17483.462940802164667,0.002632785507058
1320,221,München-Land,09188,Starnberg,10904.376257537931451,0.001642059348972
1321,222,Rosenheim,09163,Rosenheim,36746504.434702128171921,2.486090517571663
1322,222,Rosenheim,09175,Ebersberg,49339.149279637400468,0.003338047878462
1323,222,Rosenheim,09182,Miesbach,19375.185752636720281,0.001310831229169
1324,222,Rosenheim,09183,Mühldorf a. Inn,27418.717822880622407,0.001855017652211
1325,222,Rosenheim,09184,München,15846.324723844078108,0.001072085583115
1326,222,Rosenheim,09187,Rosenheim,1441150618.620103836059570,97.501271004174072
1327,222,Rosenheim,09189,Traunstein,74828.076883651243406,0.005062505270920
1328,223,Bad Tölz-Wolfratshausen – Miesbach,09173,Bad Tölz-Wolfratshausen,1111694928.866591215133667,56.179208188702745
1329,223,Bad Tölz-Wolfratshausen – Miesbach,09180,Garmisch-Partenkirchen,24969.830658442624554,0.001261843765382
1330,223,Bad Tölz-Wolfratshausen – Miesbach,09182,Miesbach,866966494.514980912208557,43.811921709172275
1331,223,Bad Tölz-Wolfratshausen – Miesbach,09184,München,95239.098358284783899,0.004812882559273
1332,223,Bad Tölz-Wolfratshausen – Miesbach,09187,Rosenheim,22382.325731563709269,0.001131084890621
1333,223,Bad Tölz-Wolfratshausen – Miesbach,09188,Starnberg,3857.820172285420540,0.000194953918549
1334,223,Bad Tölz-Wolfratshausen – Miesbach,09190,Weilheim-Schongau,28799.947274524562090,0.001455397692071
1335,224,Starnberg – Landsberg am Lech,09173,Bad Tölz-Wolfratshausen,1341.915489483924375,0.000102295217866
1336,224,Starnberg – Landsberg am Lech,09179,Fürstenfeldbruck,21595885.023217979818583,1.646270410296334
1337,224,Starnberg – Landsberg am Lech,09181,Landsberg am Lech,803291422.872813105583191,61.235503842449013
1338,224,Starnberg – Landsberg am Lech,09184,München,16473.000760983755754,0.001255749125004
1339,224,Starnberg – Landsberg am Lech,09188,Starnberg,486782288.206302046775818,37.107776618962802
1340,224,Starnberg – Landsberg am Lech,09190,Weilheim-Schongau,91053.060012398826075,0.006941042624750
1341,224,Starnberg – Landsberg am Lech,09772,Augsburg,6826.072740326171697,0.000520356612329
1342,224,Starnberg – Landsberg am Lech,09777,Ostallgäu,21378.264855727422400,0.001629681062741
1343,225,Traunstein,09171,Altötting,7116.686264643531104,0.000299610161667
1344,225,Traunstein,09172,Berchtesgadener Land,840896112.849181056022644,35.401451033143438
1345,225,Traunstein,09187,Rosenheim,37537.189805741712917,0.001580303400770
1346,225,Traunstein,09189,Traunstein,1534374444.988979816436768,64.596661764479350
1347,226,Weilheim,09173,Bad Tölz-Wolfratshausen,46512.498123257966654,0.002350400593236
1348,226,Weilheim,09180,Garmisch-Partenkirchen,1011728632.524864315986633,51.125346391380987
1349,226,Weilheim,09181,Landsberg am Lech,53912.590888401537086,0.002724347018971
1350,226,Weilheim,09190,Weilheim-Schongau,967013935.096627473831177,48.865793462549334
1351,226,Weilheim,09777,Ostallgäu,74909.471211424839566,0.003785375386799
1352,227,Deggendorf,09271,Deggendorf,862120096.950825095176697,44.336507242098214
1353,227,Deggendorf,09272,Freyung-Grafenau,985388342.898969411849976,50.675860075340871
1354,227,Deggendorf,09275,Passau,96723650.143599525094032,4.974235991297721
1355,227,Deggendorf,09276,Regen,159696.124142233864404,0.008212740185050
1356,227,Deggendorf,09278,Straubing-Bogen,87005.357108895128476,0.004474450438174
1357,227,Deggendorf,09279,Dingolfing-Landau,13757.749023207497885,0.000707523860492
1358,228,Landshut,09176,Eichstätt,23926.946308427770418,0.001037158930540
1359,228,Landshut,09177,Erding,23775.994892926973989,0.001030615654743
1360,228,Landshut,09178,Freising,48684.336982032815285,0.002110315049294
1361,228,Landshut,09183,Mühldorf a. Inn,150.989194894489145,0.000006544913416
1362,228,Landshut,09186,Pfaffenhofen a.d. Ilm,208108.452737921819789,0.009020856129974
1363,228,Landshut,09261,Landshut,66209288.172127008438110,2.869967342561037
1364,228,Landshut,09273,Kelheim,1064600934.201537132263184,46.147149416184810
1365,228,Landshut,09274,Landshut,1175740666.945215463638306,50.964712211998076
1366,228,Landshut,09278,Straubing-Bogen,3592.783197721426859,0.000155736011231
1367,228,Landshut,09279,Dingolfing-Landau,18812.812985368836962,0.000815477108731
1368,228,Landshut,09373,Neumarkt i.d. OPf.,901.697203199244541,0.000039085777804
1369,228,Landshut,09375,Regensburg,91247.364519144655787,0.003955290314916
1370,229,Passau,09262,Passau,70233936.802240148186684,4.661273533238116
1371,229,Passau,09271,Deggendorf,26696.998661321482359,0.001771821699634
1372,229,Passau,09272,Freyung-Grafenau,217264.477564811910270,0.014419370536458
1373,229,Passau,09275,Passau,1436123717.284831047058105,95.312405634960896
1374,229,Passau,09277,Rottal-Inn,152629.612441830104217,0.010129695205136
1375,230,Rottal-Inn,09171,Altötting,1276.372772655586687,0.000054704542687
1376,230,Rottal-Inn,09183,Mühldorf a. Inn,9470.541540297481333,0.000405901516434
1377,230,Rottal-Inn,09271,Deggendorf,13408.110708993306616,0.000574663280462
1378,230,Rottal-Inn,09274,Landshut,172435004.213128507137299,7.390456965803306
1379,230,Rottal-Inn,09275,Passau,83378.622099335567327,0.003573555852566
1380,230,Rottal-Inn,09277,Rottal-Inn,1282429407.205658197402954,54.964126274034463
1381,230,Rottal-Inn,09278,Straubing-Bogen,39136.778408400023181,0.001677377965845
1382,230,Rottal-Inn,09279,Dingolfing-Landau,878200584.795355439186096,37.639130516976699
1383,231,Straubing,09263,Straubing,67701427.207408770918846,3.014328800256183
1384,231,Straubing,09271,Deggendorf,196432.680998636467848,0.008745940995184
1385,231,Straubing,09272,Freyung-Grafenau,37386.013003895764996,0.001664569572206
1386,231,Straubing,09274,Landshut,23577.134812557102123,0.001049745026427
1387,231,Straubing,09276,Regen,975992849.048782825469971,43.454968012991671
1388,231,Straubing,09278,Straubing-Bogen,1201831933.529402732849121,53.510195571014620
1389,231,Straubing,09279,Dingolfing-Landau,31682.316086746406654,0.001410618974789
1390,231,Straubing,09372,Cham,120733.944498430952081,0.005375541123457
1391,231,Straubing,09375,Regensburg,50786.588400242057105,0.002261214901905
1392,232,Amberg,09176,Eichstätt,26768.426675917267858,0.001009965193002
1393,232,Amberg,09273,Kelheim,875.852490027109297,0.000033045667564
1394,232,Amberg,09361,Amberg,50422570.103057578206062,1.902429356881572
1395,232,Amberg,09371,Amberg-Sulzbach,1255274231.675639629364014,47.361142924602447
1396,232,Amberg,09373,Neumarkt i.d. OPf.,1344554439.451813697814941,50.729659997705397
1397,232,Amberg,09374,Neustadt a.d. Waldnaab,14844.036594506244001,0.000560061316476
1398,232,Amberg,09375,Regensburg,23419.751909651309688,0.000883620637995
1399,232,Amberg,09376,Schwandorf,82668.890460217036889,0.003119073934369
1400,232,Amberg,09574,Nürnberger Land,22600.101324398794532,0.000852695452456
1401,232,Amberg,09576,Roth,8196.831709072428566,0.000309264149862
1402,233,Regensburg,09273,Kelheim,235866.443445096956566,0.016962342173077
1403,233,Regensburg,09278,Straubing-Bogen,32699.792569223718601,0.002351606538201
1404,233,Regensburg,09362,Regensburg,79741703.427083611488342,5.734626932249708
1405,233,Regensburg,09372,Cham,29896.340892530250130,0.002149996228947
1406,233,Regensburg,09373,Neumarkt i.d. OPf.,19634.680777517383831,0.001412028641899
1407,233,Regensburg,09375,Regensburg,1310305518.456016063690186,94.230659650809272
1408,233,Regensburg,09376,Schwandorf,164604.001110888057156,0.011837501550111
1409,234,Schwandorf,09276,Regen,51392.320811445519212,0.001673626542404
1410,234,Schwandorf,09278,Straubing-Bogen,55091.834879141053534,0.001794103781803
1411,234,Schwandorf,09371,Amberg-Sulzbach,76386.873996247479226,0.002487591488238
1412,234,Schwandorf,09372,Cham,1528306933.678254365921021,49.770374420876188
1413,234,Schwandorf,09373,Neumarkt i.d. OPf.,2831.903725017764373,0.000092222907331
1414,234,Schwandorf,09374,Neustadt a.d. Waldnaab,12225.695622692341203,0.000398138250432
1415,234,Schwandorf,09375,Regensburg,83237914.826884120702744,2.710700380699301
1416,234,Schwandorf,09376,Schwandorf,1458973374.804870128631592,47.512479027602616
1417,235,Weiden,09363,Weiden i.d. OPf.,70602848.643112555146217,2.731838620665051
1418,235,Weiden,09371,Amberg-Sulzbach,30112.402749304972531,0.001165140307686
1419,235,Weiden,09374,Neustadt a.d. Waldnaab,1428724102.372304201126099,55.281674268767880
1420,235,Weiden,09376,Schwandorf,11992.783426152524044,0.000464037210431
1421,235,Weiden,09377,Tirschenreuth,1085052397.429535627365112,41.983972342628292
1422,235,Weiden,09472,Bayreuth,4433.423868714498894,0.000171542632898
1423,235,Weiden,09479,Wunsiedel i. Fichtelgebirge,18454.372777973032498,0.000714055725001
1424,236,Bamberg,09461,Bamberg,54953909.988450475037098,5.482435956319867
1425,236,Bamberg,09471,Bamberg,611943520.012534499168396,61.050090122045262
1426,236,Bamberg,09474,Forchheim,335418728.215212881565094,33.462799942290609
1427,236,Bamberg,09572,Erlangen-Höchstadt,41739.583105119090760,0.004164118463370
1428,236,Bamberg,09575,Neustadt a.d. Aisch-Bad Windsheim,330.272517109992009,0.000032949392019
1429,236,Bamberg,09674,Haßberge,1519.663921280631257,0.000151608140809
1430,236,Bamberg,09675,Kitzingen,3263.301636234796661,0.000325560860557
1431,237,Bayreuth,09374,Neustadt a.d. Waldnaab,70196.455422185681527,0.004259610882512
1432,237,Bayreuth,09377,Tirschenreuth,2836.793346992683837,0.000172140256080
1433,237,Bayreuth,09462,Bayreuth,67011659.174958214163780,4.066353364426570
1434,237,Bayreuth,09471,Bamberg,21041.712308665551973,0.001276838071062
1435,237,Bayreuth,09472,Bayreuth,1273443373.456502199172974,77.274176013786160
1436,237,Bayreuth,09474,Forchheim,307304853.760448694229126,18.647652384353826
1437,237,Bayreuth,09475,Hof,2201.665700247689529,0.000133599896462
1438,237,Bayreuth,09477,Kulmbach,68072.231854708763422,0.004130710273920
1439,237,Bayreuth,09478,Lichtenfels,6167.308445910657611,0.000374240180847
1440,237,Bayreuth,09479,Wunsiedel i. Fichtelgebirge,24242.380067305977718,0.001471058692802
1441,238,Coburg,09463,Coburg,48004022.767621539533138,3.674540138045437
1442,238,Coburg,09473,Coburg,590741868.909306883811951,45.219225043684311
1443,238,Coburg,09475,Hof,16121609.199249895289540,1.234052828849232
1444,238,Coburg,09476,Kronach,651315865.838031411170959,49.855952763648844
1445,238,Coburg,09477,Kulmbach,55563.551474901381880,0.004253195635191
1446,238,Coburg,09478,Lichtenfels,71725.472866736454307,0.005490334221466
1447,238,Coburg,09674,Haßberge,28790.612925484023435,0.002203820777807
1448,238,Coburg,16069,Hildburghausen,4094.389459083292422,0.000313411200578
1449,238,Coburg,16072,Sonneberg,51142.818119352130452,0.003914803950120
1450,238,Coburg,16073,Saalfeld-Rudolstadt,699.621057159922429,0.000053553546302
1451,239,Hof,09377,Tirschenreuth,26288.571569909290702,0.001704621408256
1452,239,Hof,09464,Hof,58200192.048129402101040,3.773856371999314
1453,239,Hof,09472,Bayreuth,26715.325343769909523,0.001732293266236
1454,239,Hof,09475,Hof,877520028.564986944198608,56.900749547671545
1455,239,Hof,09476,Kronach,473.922064575420791,0.000030730376315
1456,239,Hof,09477,Kulmbach,44174.335891356640786,0.002864382283216
1457,239,Hof,09479,Wunsiedel i. Fichtelgebirge,606370132.903133392333984,39.318663896403940
1458,239,Hof,14523,Vogtlandkreis,1423.939182834679741,0.000092332031379
1459,239,Hof,16075,Saale-Orla-Kreis,4712.129823551581467,0.000305547121659
1460,240,Kulmbach,09461,Bamberg,3792.761699818569468,0.000218946602060
1461,240,Kulmbach,09471,Bamberg,554535220.668477177619934,32.011924791824619
1462,240,Kulmbach,09472,Bayreuth,132075.740561900340253,0.007624400608126
1463,240,Kulmbach,09473,Coburg,31499.706578542183706,0.001818398904837
1464,240,Kulmbach,09474,Forchheim,13619.168639225899824,0.000786200381791
1465,240,Kulmbach,09475,Hof,159205.930481440125732,0.009190558296443
1466,240,Kulmbach,09476,Kronach,74799.034291180738364,0.004317960286353
1467,240,Kulmbach,09477,Kulmbach,657818834.986772894859314,37.974228303943185
1468,240,Kulmbach,09478,Lichtenfels,519474299.387115776538849,29.987945911208090
1469,240,Kulmbach,09674,Haßberge,33683.605347066026297,0.001944469892801
1470,241,Ansbach,08127,Schwäbisch Hall,69458.897076293666032,0.002283544927014
1471,241,Ansbach,08128,Main-Tauber-Kreis,3506.797088498892663,0.000115290179352
1472,241,Ansbach,08136,Ostalbkreis,16675.937744774211751,0.000548241544902
1473,241,Ansbach,09176,Eichstätt,13809.997242924564489,0.000454020297954
1474,241,Ansbach,09561,Ansbach,99800731.917953208088875,3.281069303953458
1475,241,Ansbach,09571,Ansbach,1971547696.118658542633057,64.817005874597385
1476,241,Ansbach,09573,Fürth,34524.577227857516846,0.001135037072348
1477,241,Ansbach,09575,Neustadt a.d. Aisch-Bad Windsheim,197622.653136269742390,0.006497082822041
1478,241,Ansbach,09576,Roth,121505.043386988676502,0.003994624693337
1479,241,Ansbach,09577,Weißenburg-Gunzenhausen,969855872.241698980331421,31.885180303961320
1480,241,Ansbach,09779,Donau-Ries,52217.460230371820217,0.001716711917836
1481,242,Erlangen,09471,Bamberg,18247.059098547942995,0.002529344708878
1482,242,Erlangen,09474,Forchheim,58128.130993976381433,0.008057522024374
1483,242,Erlangen,09562,Erlangen,78006196.873527511954308,10.812951295667828
1484,242,Erlangen,09564,Nürnberg,54374.516833237619721,0.007537208911704
1485,242,Erlangen,09572,Erlangen-Höchstadt,564160611.265660166740417,78.202007751258236
1486,242,Erlangen,09573,Fürth,29675.925084593382053,0.004113574888337
1487,242,Erlangen,09574,Nürnberger Land,43019.163430674532719,0.005963168794275
1488,242,Erlangen,09575,Neustadt a.d. Aisch-Bad Windsheim,79044230.842831537127495,10.956840001991136
1489,243,Fürth,08128,Main-Tauber-Kreis,1071.429327484661599,0.000068751032552
1490,243,Fürth,09471,Bamberg,5987.678397053015942,0.000384214863105
1491,243,Fürth,09563,Fürth,63332890.023058131337166,4.063918610299547
1492,243,Fürth,09564,Nürnberg,77618.736324145866092,0.004980606868576
1493,243,Fürth,09571,Ansbach,78391.311343131441390,0.005030181141855
1494,243,Fürth,09572,Erlangen-Höchstadt,22990.471011692181492,0.001475243005174
1495,243,Fürth,09573,Fürth,306844180.576426863670349,19.689450070139767
1496,243,Fürth,09575,Neustadt a.d. Aisch-Bad Windsheim,1187938693.958067893981934,76.227157240313431
1497,243,Fürth,09576,Roth,37459.373987858394685,0.002403677568227
1498,243,Fürth,09675,Kitzingen,70848.447797883738531,0.004546173803403
1499,243,Fürth,09679,Würzburg,9120.320427440427011,0.000585228937184
1500,244,Nürnberg-Nord,09563,Fürth,236.305985868066273,0.000280624053638
1501,244,Nürnberg-Nord,09564,Nürnberg,84158065.163969978690147,99.941511451404779
1502,244,Nürnberg-Nord,09572,Erlangen-Höchstadt,46894.424021255137632,0.055689251008753
1503,244,Nürnberg-Nord,09574,Nürnberger Land,2120.635877265750878,0.002518351086127
1504,245,Nürnberg-Süd,09563,Fürth,690.042716281174307,0.000478859047784
1505,245,Nürnberg-Süd,09564,Nürnberg,103281393.290532290935516,71.672707323800552
1506,245,Nürnberg-Süd,09565,Schwabach,40692307.410886548459530,28.238656997842291
1507,245,Nürnberg-Süd,09573,Fürth,24528.282080463555758,0.017021540150639
1508,245,Nürnberg-Süd,09574,Nürnberger Land,49791.526618534015142,0.034553111657747
1509,245,Nürnberg-Süd,09576,Roth,52716.188640331572969,0.036582697417881
1510,246,Roth,09176,Eichstätt,5527.036439371199776,0.000326547624662
1511,246,Roth,09371,Amberg-Sulzbach,3378.679719974704767,0.000199618701478
1512,246,Roth,09373,Neumarkt i.d. OPf.,25586.294018603555742,0.001511685987116
1513,246,Roth,09472,Bayreuth,17042.318650724246254,0.001006891981837
1514,246,Roth,09474,Forchheim,88.656308358324168,0.000005237980104
1515,246,Roth,09564,Nürnberg,70003.720964816195192,0.004135950440949
1516,246,Roth,09565,Schwabach,121995.738170749187702,0.007207735819282
1517,246,Roth,09571,Ansbach,17193.820298117938364,0.001015842981823
1518,246,Roth,09572,Erlangen-Höchstadt,4780.951717334790374,0.000282467547309
1519,246,Roth,09573,Fürth,61787.564237476617564,0.003650524572566
1520,246,Roth,09574,Nürnberger Land,797453291.255523800849915,47.115028260595487
1521,246,Roth,09576,Roth,894743098.377551913261414,52.863091579520926
1522,246,Roth,09577,Weißenburg-Gunzenhausen,42950.768972985082655,0.002537611564422
1523,247,Aschaffenburg,06432,Darmstadt-Dieburg,18505.642270384742005,0.002432960176803
1524,247,Aschaffenburg,06435,Main-Kinzig-Kreis,117491.960788695767405,0.015446816571767
1525,247,Aschaffenburg,06438,Offenbach,27.267329662047814,0.000003584870291
1526,247,Aschaffenburg,09661,Aschaffenburg,61894103.319067351520061,8.137295985408370
1527,247,Aschaffenburg,09671,Aschaffenburg,698277709.850595593452454,91.803453000618134
1528,247,Aschaffenburg,09676,Miltenberg,207604.363972824241500,0.027294008102851
1529,247,Aschaffenburg,09677,Main-Spessart,107046.714169050203054,0.014073566797932
1530,248,Bad Kissingen,06435,Main-Kinzig-Kreis,7901.939060090729981,0.000253758533319
1531,248,Bad Kissingen,06631,Fulda,9580.507845589505450,0.000307663169870
1532,248,Bad Kissingen,09471,Bamberg,9083.101781185107029,0.000291689744561
1533,248,Bad Kissingen,09473,Coburg,33302.478545535966987,0.001069457515089
1534,248,Bad Kissingen,09672,Bad Kissingen,1136540690.975877523422241,36.498243862148932
1535,248,Bad Kissingen,09673,Rhön-Grabfeld,1020971264.178441286087036,32.786910730169474
1536,248,Bad Kissingen,09674,Haßberge,955925662.083090543746948,30.698071970337686
1537,248,Bad Kissingen,09677,Main-Spessart,92752.433458167157369,0.002978600732946
1538,248,Bad Kissingen,09678,Schweinfurt,327861.547599208774045,0.010528765764667
1539,248,Bad Kissingen,16066,Schmalkalden-Meiningen,30814.267645457992330,0.000989552476112
1540,248,Bad Kissingen,16069,Hildburghausen,11020.562879799588700,0.000353908306741
1541,249,Main-Spessart,06435,Main-Kinzig-Kreis,38896.588861108131823,0.001910996537584
1542,249,Main-Spessart,06437,Odenwaldkreis,39589.785867887519998,0.001945053433538
1543,249,Main-Spessart,08128,Main-Tauber-Kreis,34891.619965886296995,0.001714231681950
1544,249,Main-Spessart,08225,Neckar-Odenwald-Kreis,4512.751474781261095,0.000221712306806
1545,249,Main-Spessart,09661,Aschaffenburg,456.902515714427864,0.000022447704313
1546,249,Main-Spessart,09671,Aschaffenburg,135643.467744313500589,0.006664188423588
1547,249,Main-Spessart,09672,Bad Kissingen,26738.857152473003225,0.001313684951135
1548,249,Main-Spessart,09676,Miltenberg,714434514.822333693504333,35.100298615672244
1549,249,Main-Spessart,09677,Main-Spessart,1320544794.200918674468994,64.878607696256722
1550,249,Main-Spessart,09678,Schweinfurt,42309.927730877687281,0.002078694501666
1551,249,Main-Spessart,09679,Würzburg,106302.875663539627567,0.005222679758722
1552,250,Schweinfurt,09471,Bamberg,11783.814364182260761,0.000755416514253
1553,250,Schweinfurt,09575,Neustadt a.d. Aisch-Bad Windsheim,103068.467329306484316,0.006607336123346
1554,250,Schweinfurt,09662,Schweinfurt,35679386.156615465879440,2.287272752957618
1555,250,Schweinfurt,09672,Bad Kissingen,253522.110539367393358,0.016252359644407
1556,250,Schweinfurt,09673,Rhön-Grabfeld,6067.471353748665024,0.000388963023239
1557,250,Schweinfurt,09674,Haßberge,67261.851569418417057,0.004311907153697
1558,250,Schweinfurt,09675,Kitzingen,683117396.832352995872498,43.792115760833298
1559,250,Schweinfurt,09677,Main-Spessart,42957.193687704573676,0.002753825927221
1560,250,Schweinfurt,09678,Schweinfurt,840382605.224423646926880,53.873803393138310
1561,250,Schweinfurt,09679,Würzburg,245503.938620660977904,0.015738344462709
1562,251,Würzburg,08128,Main-Tauber-Kreis,90278.154527159247664,0.008563706983730
1563,251,Würzburg,09575,Neustadt a.d. Aisch-Bad Windsheim,10549.528851619044872,0.001000719103917
1564,251,Würzburg,09663,Würzburg,87676899.641167297959328,8.316954214465975
1565,251,Würzburg,09675,Kitzingen,282358.462212803715374,0.026784277408325
1566,251,Würzburg,09677,Main-Spessart,103901.184143195278011,0.009855975688972
1567,251,Würzburg,09678,Schweinfurt,10610.359693960799632,0.001006489464555
1568,251,Würzburg,09679,Würzburg,966020212.377893447875977,91.635834632355511
1569,252,Augsburg-Stadt,09761,Augsburg,146378724.722100019454956,88.139616308715816
1570,252,Augsburg-Stadt,09771,Aichach-Friedberg,1545.021265767867590,0.000930309932759
1571,252,Augsburg-Stadt,09772,Augsburg,19695702.325192991644144,11.859453272112692
1572,253,Augsburg-Land,09174,Dachau,21584.247478365083225,0.001415291238955
1573,253,Augsburg-Land,09179,Fürstenfeldbruck,1080.471192558150506,0.000070847103394
1574,253,Augsburg-Land,09181,Landsberg am Lech,264.431498644657836,0.000017338921994
1575,253,Augsburg-Land,09761,Augsburg,30325.078234440432425,0.001988432424566
1576,253,Augsburg-Land,09771,Aichach-Friedberg,514538064.069366514682770,33.738550066030413
1577,253,Augsburg-Land,09772,Augsburg,1010406157.632036209106445,66.252899672157469
1578,253,Augsburg-Land,09773,Dillingen a.d. Donau,15552.039691813952231,0.001019755983885
1579,253,Augsburg-Land,09774,Günzburg,45643.419153195027320,0.002992864648547
1580,253,Augsburg-Land,09777,Ostallgäu,6413.401674111782995,0.000420530352535
1581,253,Augsburg-Land,09778,Unterallgäu,7365.185523080958774,0.000482939354478
1582,253,Augsburg-Land,09779,Donau-Ries,2171.285016938052649,0.000142372378969
1583,254,Donau-Ries,08135,Heidenheim,56686.741184125297877,0.002390980411310
1584,254,Donau-Ries,08136,Ostalbkreis,69170.234722794295521,0.002917519561245
1585,254,Donau-Ries,09174,Dachau,537.828409692115088,0.000022684972982
1586,254,Donau-Ries,09176,Eichstätt,3183.193466122428163,0.000134263375596
1587,254,Donau-Ries,09185,Neuburg-Schrobenhausen,52341.472378018319432,0.002207702057673
1588,254,Donau-Ries,09186,Pfaffenhofen a.d. Ilm,1539.114101641694560,0.000064918031817
1589,254,Donau-Ries,09571,Ansbach,32669.026829836820980,0.001377941324109
1590,254,Donau-Ries,09577,Weißenburg-Gunzenhausen,21445.479334854459012,0.000904545223975
1591,254,Donau-Ries,09771,Aichach-Friedberg,265026540.363340228796005,11.178509352437551
1592,254,Donau-Ries,09772,Augsburg,40946023.782867878675461,1.727055370282577
1593,254,Donau-Ries,09773,Dillingen a.d. Donau,791131212.679098010063171,33.368988810759340
1594,254,Donau-Ries,09774,Günzburg,16641.624733443961304,0.000701924258105
1595,254,Donau-Ries,09779,Donau-Ries,1273499623.442726135253906,53.714723934680251
1596,255,Neu-Ulm,08135,Heidenheim,10331.161597173329938,0.000613393706769
1597,255,Neu-Ulm,08421,Ulm,8943.368954927125742,0.000530996072674
1598,255,Neu-Ulm,08425,Alb-Donau-Kreis,103900.041266368891229,0.006168873736643
1599,255,Neu-Ulm,08426,Biberach,53.511164596739746,0.000003177126918
1600,255,Neu-Ulm,09772,Augsburg,61112.155450669866696,0.003628421761477
1601,255,Neu-Ulm,09773,Dillingen a.d. Donau,113722.499298624825315,0.006752064105443
1602,255,Neu-Ulm,09774,Günzburg,762787443.023320913314819,45.289100625512567
1603,255,Neu-Ulm,09775,Neu-Ulm,515309473.606221675872803,30.595551640089820
1604,255,Neu-Ulm,09778,Unterallgäu,405867752.338151812553406,24.097650852035844
1605,256,Oberallgäu,08435,Bodenseekreis,22234.637908392505778,0.001161868170820
1606,256,Oberallgäu,08436,Ravensburg,40723.350067118408333,0.002127993468888
1607,256,Oberallgäu,09763,Kempten (Allgäu),63213005.546041101217270,3.303187550362069
1608,256,Oberallgäu,09776,Lindau (Bodensee),322929996.332089722156525,16.874665811384322
1609,256,Oberallgäu,09777,Ostallgäu,103444.020754992656293,0.005405454123968
1610,256,Oberallgäu,09778,Unterallgäu,29023.032838225466548,0.001516594882918
1611,256,Oberallgäu,09780,Oberallgäu,1527356813.519993305206299,79.811835678423762
1612,257,Ostallgäu,08426,Biberach,45362.278017302509397,0.001950000731443
1613,257,Ostallgäu,08436,Ravensburg,11972.230411448603263,0.000514653564145
1614,257,Ostallgäu,09180,Garmisch-Partenkirchen,615.978840849107542,0.000026479251984
1615,257,Ostallgäu,09181,Landsberg am Lech,33806.957724478386808,0.001453268997325
1616,257,Ostallgäu,09190,Weilheim-Schongau,27529.202055716763425,0.001183405386392
1617,257,Ostallgäu,09762,Kaufbeuren,40414109.523592010140419,1.737292450382694
1618,257,Ostallgäu,09764,Memmingen,69763358.956662073731422,2.998936714366947
1619,257,Ostallgäu,09772,Augsburg,36256.223289393252344,0.001558556250343
1620,257,Ostallgäu,09774,Günzburg,48829.450491373121622,0.002099045028952
1621,257,Ostallgäu,09777,Ostallgäu,1392504318.289812803268433,59.859966427763922
1622,257,Ostallgäu,09778,Unterallgäu,823291226.955690860748291,35.391046590336998
1623,257,Ostallgäu,09780,Oberallgäu,92408.703514177366742,0.003972398374165
1624,258,Stuttgart I,08111,Stuttgart,115393572.930136054754257,99.937815067995302
1625,258,Stuttgart I,08115,Böblingen,19761.442684915451537,0.017114604863804
1626,258,Stuttgart I,08116,Esslingen,27037.591313976230595,0.023416189758299
1627,258,Stuttgart I,08118,Ludwigsburg,25003.682805824915704,0.021654701945837
1628,259,Stuttgart II,08111,Stuttgart,94056604.805470079183578,99.901324580142202
1629,259,Stuttgart II,08116,Esslingen,16903.981210660986108,0.017954402214661
1630,259,Stuttgart II,08118,Ludwigsburg,61445.956139990317752,0.065264235522579
1631,259,Stuttgart II,08119,Rems-Murr-Kreis,14551.894399580285608,0.015456155670036
1632,260,Böblingen,08111,Stuttgart,9321.808201360725434,0.001658136540020
1633,260,Böblingen,08115,Böblingen,561937270.971271157264709,99.955792059784571
1634,260,Böblingen,08116,Esslingen,107370.835648939231760,0.019098816675499
1635,260,Böblingen,08118,Ludwigsburg,16136.227768881666634,0.002870265972406
1636,260,Böblingen,08235,Calw,29655.629706335919764,0.005275058461961
1637,260,Böblingen,08236,Enzkreis,74353.122781359124929,0.013225720491690
1638,260,Böblingen,08416,Tübingen,11694.090226821075703,0.002080111271175
1639,261,Esslingen,08111,Stuttgart,61694.997914749386837,0.029587816066462
1640,261,Esslingen,08116,Esslingen,208360659.854432642459869,99.926040807690242
1641,261,Esslingen,08117,Göppingen,53091.678785922798852,0.025461818294381
1642,261,Esslingen,08119,Rems-Murr-Kreis,39428.430441934040573,0.018909169092075
1643,262,Nürtingen,08111,Stuttgart,43503.421150271373335,0.009391975915577
1644,262,Nürtingen,08115,Böblingen,32408835.271223582327366,6.996760077048465
1645,262,Nürtingen,08116,Esslingen,430628260.246897220611572,92.968556078275029
1646,262,Nürtingen,08117,Göppingen,114500.779665186419152,0.024719632077110
1647,262,Nürtingen,08415,Reutlingen,2072.668484622657161,0.000447469462719
1648,262,Nürtingen,08416,Tübingen,578.176260754951841,0.000124822769621
1649,263,Göppingen,08116,Esslingen,24667.870377623716195,0.003842009163327
1650,263,Göppingen,08117,Göppingen,641946557.602471709251404,99.982873224107976
1651,263,Göppingen,08119,Rems-Murr-Kreis,47199.426744134558248,0.007351288428174
1652,263,Göppingen,08135,Heidenheim,6036.299044788271203,0.000940150725929
1653,263,Göppingen,08136,Ostalbkreis,32060.124933697836241,0.004993349319867
1654,264,Waiblingen,08111,Stuttgart,2748.873087811574351,0.000536661006027
1655,264,Waiblingen,08116,Esslingen,28463.284660769382754,0.005556871668103
1656,264,Waiblingen,08117,Göppingen,44962.895047662044817,0.008778081679048
1657,264,Waiblingen,08118,Ludwigsburg,55971.647887555103807,0.010927314541181
1658,264,Waiblingen,08119,Rems-Murr-Kreis,511953666.634263277053833,99.948437413563710
1659,264,Waiblingen,08136,Ostalbkreis,131967.103942625457421,0.025763866319726
1660,265,Ludwigsburg,08111,Stuttgart,262447.555181518313475,0.072697864630114
1661,265,Ludwigsburg,08115,Böblingen,22112677.531296871602535,6.125202563490245
1662,265,Ludwigsburg,08118,Ludwigsburg,338529385.850990712642670,93.772500372082064
1663,265,Ludwigsburg,08119,Rems-Murr-Kreis,157.978567562013382,0.000043759998111
1664,265,Ludwigsburg,08236,Enzkreis,106699.843007725517964,0.029555812541920
1665,266,Neckar-Zaber,08118,Ludwigsburg,347210088.682344794273376,54.033675548478641
1666,266,Neckar-Zaber,08119,Rems-Murr-Kreis,57667.095134679533658,0.008974293115029
1667,266,Neckar-Zaber,08121,Heilbronn,76296.234907450911123,0.011873404998699
1668,266,Neckar-Zaber,08125,Heilbronn,295236866.185534954071045,45.945476693834273
1669,267,Heilbronn,08118,Ludwigsburg,427.923222364143612,0.000047375840024
1670,267,Heilbronn,08119,Rems-Murr-Kreis,296.948340074260841,0.000032875469990
1671,267,Heilbronn,08121,Heilbronn,100489136.762741476297379,11.125260370661842
1672,267,Heilbronn,08125,Heilbronn,802160555.510324835777283,88.808057533597633
1673,267,Heilbronn,08126,Hohenlohekreis,154201.967382583039580,0.017071865597273
1674,267,Heilbronn,08127,Schwäbisch Hall,1753.222265478735153,0.000194101121966
1675,267,Heilbronn,08215,Karlsruhe,1427.936415033890626,0.000158088375737
1676,267,Heilbronn,08225,Neckar-Odenwald-Kreis,394551.553500824142247,0.043681226685323
1677,267,Heilbronn,08226,Rhein-Neckar-Kreis,49647.090121956338407,0.005496482724860
1678,268,Schwäbisch Hall – Hohenlohe,08119,Rems-Murr-Kreis,51193.454400117312616,0.002265501149203
1679,268,Schwäbisch Hall – Hohenlohe,08125,Heilbronn,296645.711419806757476,0.013127678294089
1680,268,Schwäbisch Hall – Hohenlohe,08126,Hohenlohekreis,776385564.005626678466797,34.357954705156082
1681,268,Schwäbisch Hall – Hohenlohe,08127,Schwäbisch Hall,1482496247.331411600112915,65.605984033993920
1682,268,Schwäbisch Hall – Hohenlohe,08128,Main-Tauber-Kreis,98056.710885335400235,0.004339374902533
1683,268,Schwäbisch Hall – Hohenlohe,08136,Ostalbkreis,294286.512768244952895,0.013023274961301
1684,268,Schwäbisch Hall – Hohenlohe,09571,Ansbach,74692.816128931910498,0.003305435485068
1685,269,Backnang – Schwäbisch Gmünd,08117,Göppingen,19532.879274199985957,0.002331240659359
1686,269,Backnang – Schwäbisch Gmünd,08118,Ludwigsburg,156366.656851594714681,0.018662292594109
1687,269,Backnang – Schwäbisch Gmünd,08119,Rems-Murr-Kreis,344526538.253444015979767,41.119092732306193
1688,269,Backnang – Schwäbisch Gmünd,08127,Schwäbisch Hall,157122.631449366133893,0.018752517834077
1689,269,Backnang – Schwäbisch Gmünd,08136,Ostalbkreis,493015293.327860116958618,58.841161170233214
1690,270,Aalen – Heidenheim,08117,Göppingen,845.235527075951268,0.000051443095934
1691,270,Aalen – Heidenheim,08127,Schwäbisch Hall,141101.369808938557981,0.008587773550626
1692,270,Aalen – Heidenheim,08135,Heidenheim,626876517.615288853645325,38.153233981887205
1693,270,Aalen – Heidenheim,08136,Ostalbkreis,1015875228.733828902244568,61.828644412664261
1694,270,Aalen – Heidenheim,08425,Alb-Donau-Kreis,20200.139868114616547,0.001229429785928
1695,270,Aalen – Heidenheim,09571,Ansbach,6453.347358336222896,0.000392766461672
1696,270,Aalen – Heidenheim,09773,Dillingen a.d. Donau,69954.006902741108206,0.004257571496670
1697,270,Aalen – Heidenheim,09779,Donau-Ries,59191.057636462224764,0.003602512150607
1698,271,Karlsruhe-Stadt,07334,Germersheim,46190.163475180466776,0.026566919957854
1699,271,Karlsruhe-Stadt,08212,Karlsruhe,173702494.533681452274323,99.907424472213918
1700,271,Karlsruhe-Stadt,08215,Karlsruhe,114765.162085453222971,0.066008791605871
1701,272,Karlsruhe-Land,08125,Heilbronn,7768.660426459364317,0.001082981029537
1702,272,Karlsruhe-Land,08212,Karlsruhe,256221.993250992847607,0.035718327589115
1703,272,Karlsruhe-Land,08215,Karlsruhe,716722322.291170597076416,99.913837891930839
1704,272,Karlsruhe-Land,08216,Rastatt,157100.415145756240236,0.021900399810976
1705,272,Karlsruhe-Land,08236,Enzkreis,196984.624467652378371,0.027460411409188
1706,273,Rastatt,08211,Baden-Baden,139863212.030946046113968,15.930700213299476
1707,273,Rastatt,08215,Karlsruhe,84984.519359112236998,0.009679907110826
1708,273,Rastatt,08216,Rastatt,737913810.543174028396606,84.049862206909438
1709,273,Rastatt,08237,Freudenstadt,40150.611538485245546,0.004573235138192
1710,273,Rastatt,08317,Ortenaukreis,45517.034300161285501,0.005184481448016
1711,274,Heidelberg,06431,Bergstraße,76142.274430089993984,0.024953719388612
1712,274,Heidelberg,08221,Heidelberg,109018666.542080789804459,35.728131755632049
1713,274,Heidelberg,08222,Mannheim,89130.737706491127028,0.029210362236682
1714,274,Heidelberg,08226,Rhein-Neckar-Kreis,195950029.618721842765808,64.217704158354977
1715,275,Mannheim,07311,Frankenthal (Pfalz),15804.794102128727900,0.010900899518369
1716,275,Mannheim,07314,Ludwigshafen am Rhein,1284.354649663769578,0.000885846464779
1717,275,Mannheim,08222,Mannheim,144864222.360773324966431,99.915906626634396
1718,275,Mannheim,08226,Rhein-Neckar-Kreis,104834.485899919585790,0.072306553914612
1719,276,Odenwald – Tauber,06437,Odenwaldkreis,11614.748675946377261,0.000478249090320
1720,276,Odenwald – Tauber,08125,Heilbronn,21786.302741369676369,0.000897073174650
1721,276,Odenwald – Tauber,08126,Hohenlohekreis,18900.078782675631373,0.000778229967516
1722,276,Odenwald – Tauber,08127,Schwäbisch Hall,96082.372825554673909,0.003956289428351
1723,276,Odenwald – Tauber,08128,Main-Tauber-Kreis,1303658757.750629663467407,53.679475327173485
1724,276,Odenwald – Tauber,08225,Neckar-Odenwald-Kreis,1124447928.011653661727905,46.300287133835091
1725,276,Odenwald – Tauber,08226,Rhein-Neckar-Kreis,50661.959110662952298,0.002086057695650
1726,276,Odenwald – Tauber,09571,Ansbach,16525.141330681537511,0.000680439502335
1727,276,Odenwald – Tauber,09575,Neustadt a.d. Aisch-Bad Windsheim,14748.542156839514064,0.000607286224338
1728,276,Odenwald – Tauber,09676,Miltenberg,36557.359746633854229,0.001505286470772
1729,276,Odenwald – Tauber,09677,Main-Spessart,88610.410590224026237,0.003648623783432
1730,276,Odenwald – Tauber,09679,Würzburg,136001.908005087287165,0.005600016892307
1731,277,Rhein-Neckar,06431,Bergstraße,147825.811555872147437,0.020425333504611
1732,277,Rhein-Neckar,06437,Odenwaldkreis,24638.826726536346541,0.003404386877738
1733,277,Rhein-Neckar,08125,Heilbronn,21557.130458390609419,0.002978583877746
1734,277,Rhein-Neckar,08215,Karlsruhe,17442.285048627090873,0.002410028975664
1735,277,Rhein-Neckar,08221,Heidelberg,61522.707194159709616,0.008500692804059
1736,277,Rhein-Neckar,08225,Neckar-Odenwald-Kreis,52701.604115795606049,0.007281866603426
1737,277,Rhein-Neckar,08226,Rhein-Neckar-Kreis,723411877.336376309394836,99.954999064608614
1738,278,Bruchsal – Schwetzingen,07334,Germersheim,5017.722997799427503,0.000990635589312
1739,278,Bruchsal – Schwetzingen,07338,Rhein-Pfalz-Kreis,0.526638982710210,0.000000103972921
1740,278,Bruchsal – Schwetzingen,08215,Karlsruhe,366318062.425284802913666,72.321192263028948
1741,278,Bruchsal – Schwetzingen,08221,Heidelberg,1138.132388008612224,0.000224698423848
1742,278,Bruchsal – Schwetzingen,08222,Mannheim,32411.569422705470060,0.006398929193518
1743,278,Bruchsal – Schwetzingen,08226,Rhein-Neckar-Kreis,140158887.683952420949936,27.671193160536173
1744,279,Pforzheim,08115,Böblingen,146738.566391010914231,0.021865860219295
1745,279,Pforzheim,08118,Ludwigsburg,39147.281804554302653,0.005833428886192
1746,279,Pforzheim,08215,Karlsruhe,329697.118708271882497,0.049128946054778
1747,279,Pforzheim,08231,Pforzheim,98162609.254837200045586,14.627442161374796
1748,279,Pforzheim,08235,Calw,321839.065965345711447,0.047957999063141
1749,279,Pforzheim,08236,Enzkreis,572085235.486928701400757,85.247771600459672
1750,280,Calw,08115,Böblingen,8546.486849561701092,0.000512667190846
1751,280,Calw,08215,Karlsruhe,43711.554454352743051,0.002622069187503
1752,280,Calw,08216,Rastatt,124649.047462846734561,0.007477163205104
1753,280,Calw,08231,Pforzheim,20699.651870565892750,0.001241683578618
1754,280,Calw,08235,Calw,796575948.146136999130249,47.783183993637287
1755,280,Calw,08236,Enzkreis,70528.890299672610126,0.004230726461048
1756,280,Calw,08237,Freudenstadt,870143142.040623664855957,52.196165291826006
1757,280,Calw,08317,Ortenaukreis,7857.465350468538418,0.000471335738217
1758,280,Calw,08325,Rottweil,19963.137348629545158,0.001197503222687
1759,280,Calw,08416,Tübingen,19276.348313923972455,0.001156305686047
1760,280,Calw,08417,Zollernalbkreis,29028.356350272282725,0.001741286936602
1761,281,Freiburg,08311,Freiburg im Breisgau,153630072.521803081035614,33.944482913529228
1762,281,Freiburg,08315,Breisgau-Hochschwarzwald,298810887.575059175491333,66.022106877731332
1763,281,Freiburg,08316,Emmendingen,151211.628710059972946,0.033410129038031
1764,282,Lörrach – Müllheim,08311,Freiburg im Breisgau,1210.043001305973576,0.000104804515717
1765,282,Lörrach – Müllheim,08315,Breisgau-Hochschwarzwald,347855283.140974581241608,30.128519771432327
1766,282,Lörrach – Müllheim,08336,Lörrach,806504488.485643148422241,69.853147572409014
1767,282,Lörrach – Müllheim,08337,Waldshut,174280.647780718194554,0.015094834538740
1768,283,Emmendingen – Lahr,08315,Breisgau-Hochschwarzwald,295048.667708451219369,0.024517247594133
1769,283,Emmendingen – Lahr,08316,Emmendingen,679574964.094131469726562,56.469692891253310
1770,283,Emmendingen – Lahr,08317,Ortenaukreis,523521758.392245233058929,43.502357326695254
1771,283,Emmendingen – Lahr,08326,Schwarzwald-Baar-Kreis,41292.316781284447643,0.003431210051294
1772,284,Offenburg,08216,Rastatt,56267.480919225679827,0.005145010446334
1773,284,Offenburg,08237,Freudenstadt,751.680317123087889,0.000068732472482
1774,284,Offenburg,08317,Ortenaukreis,1093547999.983680248260498,99.992318681565891
1775,285,Rottweil – Tuttlingen,08237,Freudenstadt,35533.335115208166826,0.002364974817839
1776,285,Rottweil – Tuttlingen,08317,Ortenaukreis,341574.815289091377053,0.022734028031633
1777,285,Rottweil – Tuttlingen,08325,Rottweil,768685708.648520827293396,51.161039004415720
1778,285,Rottweil – Tuttlingen,08326,Schwarzwald-Baar-Kreis,196123.497039328707615,0.013053295734290
1779,285,Rottweil – Tuttlingen,08327,Tuttlingen,733084245.699997782707214,48.791529835673671
1780,285,Rottweil – Tuttlingen,08335,Konstanz,127900.902137289915117,0.008512637830161
1781,285,Rottweil – Tuttlingen,08417,Zollernalbkreis,7867.720373929703783,0.000523648019467
1782,285,Rottweil – Tuttlingen,08437,Sigmaringen,3644.167058682770858,0.000242543045786
1783,286,Schwarzwald-Baar,08237,Freudenstadt,155.110009567706328,0.000012246679639
1784,286,Schwarzwald-Baar,08315,Breisgau-Hochschwarzwald,411132.768225677253213,0.032460905106729
1785,286,Schwarzwald-Baar,08316,Emmendingen,126994.816372670349665,0.010026850209752
1786,286,Schwarzwald-Baar,08317,Ortenaukreis,241073074.456184387207031,19.033876155096632
1787,286,Schwarzwald-Baar,08325,Rottweil,199722.615429692814359,0.015769058971170
1788,286,Schwarzwald-Baar,08326,Schwarzwald-Baar-Kreis,1024493518.917097568511963,80.888679935557761
1789,286,Schwarzwald-Baar,08327,Tuttlingen,83646.105913807798061,0.006604261485489
1790,286,Schwarzwald-Baar,08335,Konstanz,43980.003768134381971,0.003472432360651
1791,286,Schwarzwald-Baar,08337,Waldshut,115231.088280993673834,0.009098047421949
1792,287,Konstanz,08326,Schwarzwald-Baar-Kreis,11807.352642286414266,0.001445240377719
1793,287,Konstanz,08327,Tuttlingen,285077.138934548944235,0.034893934689246
1794,287,Konstanz,08335,Konstanz,816593738.050780296325684,99.952485385834649
1795,287,Konstanz,08435,Bodenseekreis,4905.482360057055303,0.000600439522197
1796,287,Konstanz,08437,Sigmaringen,19422.470005571067304,0.002377343909130
1797,288,Waldshut,08311,Freiburg im Breisgau,117608.923463768893271,0.006323301784082
1798,288,Waldshut,08315,Breisgau-Hochschwarzwald,729379086.119067907333374,39.215426352829816
1799,288,Waldshut,08316,Emmendingen,107538.425906691161799,0.005781856515358
1800,288,Waldshut,08326,Schwarzwald-Baar-Kreis,403765.684183952631429,0.021708661179423
1801,288,Waldshut,08336,Lörrach,153504.952674268832197,0.008253269501355
1802,288,Waldshut,08337,Waldshut,1129767494.909538984298706,60.742506654781678
1803,289,Reutlingen,08116,Esslingen,54671.839770353646600,0.005008859558804
1804,289,Reutlingen,08415,Reutlingen,1091156168.657278060913086,99.968247428369281
1805,289,Reutlingen,08416,Tübingen,45587.675979413354071,0.004176597450393
1806,289,Reutlingen,08417,Zollernalbkreis,20723.613714093247836,0.001898631380996
1807,289,Reutlingen,08425,Alb-Donau-Kreis,171759.297151631937595,0.015736038899827
1808,289,Reutlingen,08426,Biberach,25930.876227458338690,0.002375704161514
1809,289,Reutlingen,08437,Sigmaringen,27907.192870267535909,0.002556767987958
1810,290,Tübingen,08115,Böblingen,80046.805439069707063,0.010145075932835
1811,290,Tübingen,08237,Freudenstadt,1503.236113371374813,0.000190519089819
1812,290,Tübingen,08415,Reutlingen,107785.113730706550996,0.013660609654930
1813,290,Tübingen,08416,Tübingen,519401984.248372375965118,65.828642891634672
1814,290,Tübingen,08417,Zollernalbkreis,269426068.653008997440338,34.146870818604413
1815,290,Tübingen,08437,Sigmaringen,3865.475976222882309,0.000489907711872
1816,291,Ulm,08117,Göppingen,1368.774203932998716,0.000092771115749
1817,291,Ulm,08135,Heidenheim,67604.446535567883984,0.004582012078179
1818,291,Ulm,08415,Reutlingen,23310.928184757900453,0.001579939781623
1819,291,Ulm,08421,Ulm,119130101.837809920310974,8.074255370294253
1820,291,Ulm,08425,Alb-Donau-Kreis,1356026219.823860406875610,91.907098363594443
1821,291,Ulm,08426,Biberach,94396.731112564943032,0.006397907005582
1822,291,Ulm,09774,Günzburg,25849.371438559592207,0.001751987305783
1823,291,Ulm,09775,Neu-Ulm,62582.165995979681611,0.004241618046845
1824,292,Biberach,08415,Reutlingen,49381.916744218440726,0.002826220252107
1825,292,Biberach,08425,Alb-Donau-Kreis,120308.581886468004086,0.006885487098262
1826,292,Biberach,08426,Biberach,1408470591.102452993392944,80.609428947214937
1827,292,Biberach,08436,Ravensburg,338526147.505355179309845,19.374490036563607
1828,292,Biberach,08437,Sigmaringen,88209.389122572232736,0.005048389742655
1829,292,Biberach,09764,Memmingen,1576.367371478629138,0.000090218478418
1830,292,Biberach,09775,Neu-Ulm,10367.883736704243347,0.000593373544813
1831,292,Biberach,09778,Unterallgäu,11134.640761290771479,0.000637256495783
1832,293,Bodensee,08335,Konstanz,47321.395289673666412,0.005498762026558
1833,293,Bodensee,08435,Bodenseekreis,664328321.954187512397766,77.195174139884017
1834,293,Bodensee,08436,Ravensburg,337530.588671721110586,0.039221167770487
1835,293,Bodensee,08437,Sigmaringen,195801289.403274267911911,22.752175592691227
1836,293,Bodensee,09776,Lindau (Bodensee),2004.317055556608011,0.000232902315048
1837,294,Ravensburg,08426,Biberach,95667.391699204221368,0.007401647697202
1838,294,Ravensburg,08435,Bodenseekreis,328764.209168444212992,0.025436011252037
1839,294,Ravensburg,08436,Ravensburg,1291694036.481520175933838,99.936498955394100
1840,294,Ravensburg,08437,Sigmaringen,298407.453784713288769,0.023087353004021
1841,294,Ravensburg,09776,Lindau (Bodensee),50701.053473314881558,0.003922667159845
1842,294,Ravensburg,09778,Unterallgäu,26598.733920298716839,0.002057905563984
1843,294,Ravensburg,09780,Oberallgäu,20621.049831869477202,0.001595420793763
1844,295,Zollernalb – Sigmaringen,08237,Freudenstadt,9605.298602912433125,0.000580409740672
1845,295,Zollernalb – Sigmaringen,08327,Tuttlingen,17097.671975467685115,0.001033143868569
1846,295,Zollernalb – Sigmaringen,08415,Reutlingen,45625.130326033067831,0.002756943969720
1847,295,Zollernalb – Sigmaringen,08416,Tübingen,11057.567584038279165,0.000668164541180
1848,295,Zollernalb – Sigmaringen,08417,Zollernalbkreis,647124203.201899766921997,39.103124899115258
1849,295,Zollernalb – Sigmaringen,08426,Biberach,147336.566922404221259,0.008902958891148
1850,295,Zollernalb – Sigmaringen,08436,Ravensburg,100768.860483575816033,0.006089058820446
1851,295,Zollernalb – Sigmaringen,08437,Sigmaringen,1007461157.325058937072754,60.876844461955571
1852,296,Saarbrücken,10041,Regionalverband Saarbrücken,326002100.275833129882812,99.974593443684270
1853,296,Saarbrücken,10044,Saarlouis,11392.725397319609328,0.003493790649965
1854,296,Saarbrücken,10045,Saarpfalz-Kreis,68706.020838812619331,0.021069976220036
1855,297,Saarlouis,07235,Trier-Saarburg,125764.968941278202692,0.014082289701917
1856,297,Saarlouis,10041,Regionalverband Saarbrücken,68026.368991234645364,0.007617121393727
1857,297,Saarlouis,10042,Merzig-Wadern,556637339.081062316894531,62.328391871217207
1858,297,Saarlouis,10044,Saarlouis,336216504.466069400310516,37.647194272894893
1859,297,Saarlouis,10046,St. Wendel,16780.256498652383016,0.001878936839692
1860,298,St. Wendel,07134,Birkenfeld,9575.191689880068225,0.001193236314703
1861,298,St. Wendel,07336,Kusel,54818.687691657287360,0.006831367036460
1862,298,St. Wendel,10041,Regionalverband Saarbrücken,40516975.404977753758430,5.049123608275368
1863,298,St. Wendel,10042,Merzig-Wadern,46688.794054236728698,0.005818240131325
1864,298,St. Wendel,10043,Neunkirchen,162953376.977021843194962,20.306840145866225
1865,298,St. Wendel,10044,Saarlouis,122707347.940596774220467,15.291481192833800
1866,298,St. Wendel,10046,St. Wendel,476166820.856244146823883,59.338712049254219
1867,299,Homburg,07320,Zweibrücken,4.666859336975222,0.000000850442506
1868,299,Homburg,07336,Kusel,19617.344715352381172,0.003574871789894
1869,299,Homburg,07340,Südwestpfalz,1158.553664376067672,0.000211123415118
1870,299,Homburg,10041,Regionalverband Saarbrücken,44757267.910263590514660,8.156123918234455
1871,299,Homburg,10043,Neunkirchen,85128181.300569668412209,15.512921767554028
1872,299,Homburg,10045,Saarpfalz-Kreis,418850365.206090092658997,76.327167437207166
