OID_,WKR_NR,WKR_NAME,AGS,GEN,AREA,PERCENTAGE
1,1,Flensburg - Schleswig,01001,Flensburg,56863126.441118136048317,2.673790870656946
2,1,Flensburg - Schleswig,01051,Dithmarschen,643945.288507997523993,0.030279288906109
3,1,Flensburg - Schleswig,01054,Nordfriesland,3166738.453742253594100,0.148904868537999
4,1,Flensburg - Schleswig,01058,Rendsburg-Eckernförde,2011851.778268984518945,0.094600336888278
5,1,Flensburg - Schleswig,01059,Schleswig-Flensburg,2049740223.639987707138062,96.381909335605584
6,2,Nordfriesland - Dithmarschen Nord,01051,Dithmarschen,685127319.616189122200012,24.859797152719405
7,2,Nordfriesland - Dithmarschen Nord,01054,Nordfriesland,2014719678.617936134338379,73.103963447395486
8,2,Nordfriesland - Dithmarschen Nord,01058,Rendsburg-Eckernförde,1202208.583489408949390,0.043622054857698
9,2,Nordfriesland - Dithmarschen Nord,01059,Schleswig-Flensburg,11415024.856287794187665,0.414193383179548
10,3,Steinburg - Dithmarschen Süd,01004,Neumünster,390646.021139010321349,0.019459534984782
11,3,Steinburg - Dithmarschen Süd,01051,Dithmarschen,736693288.351702451705933,36.697439733125812
12,3,Steinburg - Dithmarschen Süd,01056,Pinneberg,1519611.286673214053735,0.075697504636210
13,3,Steinburg - Dithmarschen Süd,01058,Rendsburg-Eckernförde,9527303.148233177140355,0.474590495976654
14,3,Steinburg - Dithmarschen Süd,01060,Segeberg,209393063.442607700824738,10.430649291528770
15,3,Steinburg - Dithmarschen Süd,01061,Steinburg,1046986926.766337275505066,52.154322910073084
16,4,Rendsburg-Eckernförde,01002,Kiel,2152159.588101949077100,0.099592425124578
17,4,Rendsburg-Eckernförde,01004,Neumünster,1243003.464287982555106,0.057520701592519
18,4,Rendsburg-Eckernförde,01051,Dithmarschen,1790515.366185522172600,0.082857130357375
19,4,Rendsburg-Eckernförde,01057,Plön,1495613.229414169909433,0.069210364040486
20,4,Rendsburg-Eckernförde,01058,Rendsburg-Eckernförde,2141855392.663942337036133,99.115592542875959
21,4,Rendsburg-Eckernförde,01059,Schleswig-Flensburg,7073376.644723776727915,0.327324580278393
22,4,Rendsburg-Eckernförde,01060,Segeberg,55955.446091109544795,0.002589370512275
23,4,Rendsburg-Eckernförde,01061,Steinburg,594414.067296536872163,0.027506853496137
24,5,Kiel,01002,Kiel,113882162.329365640878677,80.632190803561812
25,5,Kiel,01057,Plön,1660208.084024519659579,1.175480095096176
26,5,Kiel,01058,Rendsburg-Eckernförde,24739098.793743301182985,17.516068306431386
27,6,Plön - Neumünster,01002,Kiel,1290808.036194095155224,0.099213725761992
28,6,Plön - Neumünster,01004,Neumünster,70188030.897804513573647,5.394772773340468
29,6,Plön - Neumünster,01055,Ostholstein,3203997.596892356406897,0.246264765950342
30,6,Plön - Neumünster,01057,Plön,1071150294.690041899681091,82.330453953940633
31,6,Plön - Neumünster,01058,Rendsburg-Eckernförde,2543549.347525806631893,0.195501577578939
32,6,Plön - Neumünster,01060,Segeberg,145614873.777128547430038,11.192209645973046
33,7,Pinneberg,01056,Pinneberg,654286499.613449215888977,98.505374188849387
34,7,Pinneberg,01060,Segeberg,5469689.975268677808344,0.823483073591091
35,7,Pinneberg,01061,Steinburg,3044899.953240055125207,0.458421516321558
36,7,Pinneberg,02000,Hamburg,808000.403709008125588,0.121647599574682
37,8,Segeberg - Stormarn-Nord,01053,Herzogtum Lauenburg,1360202.038342487066984,0.102034704186504
38,8,Segeberg - Stormarn-Nord,01055,Ostholstein,4107485.103680002503097,0.308120423062426
39,8,Segeberg - Stormarn-Nord,01056,Pinneberg,363984.699170380481519,0.027304084291419
40,8,Segeberg - Stormarn-Nord,01057,Plön,3394890.411811875645071,0.254665578458429
41,8,Segeberg - Stormarn-Nord,01060,Segeberg,979876360.485747814178467,73.504811611182959
42,8,Segeberg - Stormarn-Nord,01062,Stormarn,343023499.477574110031128,25.731693021769281
43,8,Segeberg - Stormarn-Nord,02000,Hamburg,951425.221386293182150,0.071370567226930
44,9,Ostholstein,01003,Lübeck,2178997.040858632419258,0.142424008745100
45,9,Ostholstein,01053,Herzogtum Lauenburg,391324.177509449829813,0.025577803473204
46,9,Ostholstein,01055,Ostholstein,1371845503.729035615921021,89.666820264721025
47,9,Ostholstein,01057,Plön,4421144.205038015730679,0.288975647563779
48,9,Ostholstein,01060,Segeberg,2964696.850589562207460,0.193779065440379
49,9,Ostholstein,01062,Stormarn,136486510.381653636693954,8.921056607091527
50,10,Herzogtum Lauenburg - Stormarn-Süd,01003,Lübeck,745747.418419770430773,0.055258602884295
51,10,Herzogtum Lauenburg - Stormarn-Süd,01053,Herzogtum Lauenburg,1064096170.520077824592590,78.847698651193483
52,10,Herzogtum Lauenburg - Stormarn-Süd,01062,Stormarn,277546731.599087417125702,20.565736125196974
53,10,Herzogtum Lauenburg - Stormarn-Süd,02000,Hamburg,1176022.830793514149264,0.087141271943503
54,10,Herzogtum Lauenburg - Stormarn-Süd,13074,Nordwestmecklenburg,3967287.971575425006449,0.293969224879737
55,10,Herzogtum Lauenburg - Stormarn-Süd,13076,Ludwigslust-Parchim,2026985.683216350618750,0.150196157779999
56,11,Lübeck,01003,Lübeck,206939237.121338725090027,51.095687024304873
57,11,Lübeck,01053,Herzogtum Lauenburg,188055248.987343013286591,46.433012314145536
58,11,Lübeck,01055,Ostholstein,3753467.801755539607257,0.926774538855833
59,11,Lübeck,01062,Stormarn,3054802.506916669663042,0.754266010572729
60,11,Lübeck,13074,Nordwestmecklenburg,2269016.217812542337924,0.560246302881855
61,12,Wismar - Nordwestmecklenburg - Parchim,01003,Lübeck,1717754.505036647664383,0.039355502328837
62,12,Wismar - Nordwestmecklenburg - Parchim,01053,Herzogtum Lauenburg,137180.032740105030825,0.003142934035186
63,12,Wismar - Nordwestmecklenburg - Parchim,12070,Prignitz,1213120.968053593067452,0.027793834883510
64,12,Wismar - Nordwestmecklenburg - Parchim,13004,Schwerin,1368002.126453090924770,0.031342319706115
65,12,Wismar - Nordwestmecklenburg - Parchim,13071,Mecklenburgische Seenplatte,3539602.897421516478062,0.081095901459830
66,12,Wismar - Nordwestmecklenburg - Parchim,13072,Rostock,14927795.302829114720225,0.342010969019325
67,12,Wismar - Nordwestmecklenburg - Parchim,13074,Nordwestmecklenburg,2105987606.166092634201050,48.250317432410618
68,12,Wismar - Nordwestmecklenburg - Parchim,13076,Ludwigslust-Parchim,2224937955.575304031372070,50.975590886483332
69,13,Schwerin - Ludwigslust,01053,Herzogtum Lauenburg,3011722.404364831745625,0.113553478669932
70,13,Schwerin - Ludwigslust,03355,Lüneburg,597980.907299575163051,0.022546172284557
71,13,Schwerin - Ludwigslust,12070,Prignitz,1765011.755520295817405,0.066547708527912
72,13,Schwerin - Ludwigslust,13004,Schwerin,128711317.252451956272125,4.852910014888171
73,13,Schwerin - Ludwigslust,13074,Nordwestmecklenburg,6514166.732189220376313,0.245609054806641
74,13,Schwerin - Ludwigslust,13076,Ludwigslust-Parchim,2511650035.391047954559326,94.698833566721561
75,14,Rostock,13003,Rostock,165008936.450968444347382,26.509639366071188
76,14,Rostock,13072,Rostock,447024793.756627500057220,71.817116848709901
77,14,Rostock,13073,Vorpommern-Rügen,7528731.862564876675606,1.209534288585332
78,15,Stralsund - Nordvorpommern - Rügen,13071,Mecklenburgische Seenplatte,96021.715356718807016,0.003019656996022
79,15,Stralsund - Nordvorpommern - Rügen,13072,Rostock,592278.665435849688947,0.018625770316995
80,15,Stralsund - Nordvorpommern - Rügen,13073,Vorpommern-Rügen,3102165070.027037143707275,97.555791642788208
81,15,Stralsund - Nordvorpommern - Rügen,13075,Vorpommern-Greifswald,2203345.064599212724715,0.069290017515842
82,16,Greifswald - Demmin - Ostvorpommern,13071,Mecklenburgische Seenplatte,1580849025.141704797744751,40.608126904755707
83,16,Greifswald - Demmin - Ostvorpommern,13072,Rostock,2750377.448147336021066,0.070650438260753
84,16,Greifswald - Demmin - Ostvorpommern,13073,Vorpommern-Rügen,5705807.093429339118302,0.146568163600104
85,16,Greifswald - Demmin - Ostvorpommern,13075,Vorpommern-Greifswald,2273585903.653241157531738,58.402835081698299
86,17,Bad Doberan - Güstrow - Müritz,12068,Ostprignitz-Ruppin,201472.074412537622266,0.004287450243697
87,17,Bad Doberan - Güstrow - Müritz,13003,Rostock,4191896.650634269695729,0.089206151119053
88,17,Bad Doberan - Güstrow - Müritz,13071,Mecklenburgische Seenplatte,1719613240.830932378768921,36.594432404405318
89,17,Bad Doberan - Güstrow - Müritz,13072,Rostock,2963526065.191031932830811,63.065665985988332
90,17,Bad Doberan - Güstrow - Müritz,13073,Vorpommern-Rügen,2518305.175313247833401,0.053591090323970
91,17,Bad Doberan - Güstrow - Müritz,13074,Nordwestmecklenburg,1231600.844167612027377,0.026209227034866
92,17,Bad Doberan - Güstrow - Müritz,13076,Ludwigslust-Parchim,1637161.401544721098617,0.034839806313064
93,18,Neubrandenburg - Mecklenburg-Strelitz - Uecker-Randow,12065,Oberhavel,678595.571049758116715,0.018376683786670
94,18,Neubrandenburg - Mecklenburg-Strelitz - Uecker-Randow,12068,Ostprignitz-Ruppin,369444.260718081146479,0.010004722467483
95,18,Neubrandenburg - Mecklenburg-Strelitz - Uecker-Randow,12073,Uckermark,5506856.603154451586306,0.149128238927577
96,18,Neubrandenburg - Mecklenburg-Strelitz - Uecker-Randow,13071,Mecklenburgische Seenplatte,2178824702.711102008819580,59.003586667044225
97,18,Neubrandenburg - Mecklenburg-Strelitz - Uecker-Randow,13075,Vorpommern-Greifswald,1499244819.657662153244019,40.600247253354773
98,19,Hamburg-Mitte,01062,Stormarn,606335.050364821450785,0.542102841865505
99,19,Hamburg-Mitte,02000,Hamburg,111242377.306589439511299,99.457896813803728
100,20,Hamburg-Altona,01056,Pinneberg,1753737.505530941765755,2.260335157185652
101,20,Hamburg-Altona,02000,Hamburg,75833761.004798516631126,97.739664892931813
102,21,Hamburg-Eimsbüttel,01056,Pinneberg,442350.048636879771948,0.895752121581448
103,21,Hamburg-Eimsbüttel,01060,Segeberg,265417.524104757932946,0.537466450053218
104,21,Hamburg-Eimsbüttel,02000,Hamburg,48675319.285652831196785,98.566781337848283
105,22,Hamburg-Nord,01060,Segeberg,1031078.415945234941319,0.896124613496830
106,22,Hamburg-Nord,01062,Stormarn,1968657.628152042627335,1.710987766646294
107,22,Hamburg-Nord,02000,Hamburg,112059977.799159884452820,97.392887622108120
108,23,Hamburg-Wandsbek,01062,Stormarn,1719696.984438021434471,2.225103758575572
109,23,Hamburg-Wandsbek,02000,Hamburg,75566451.043850913643837,97.774896252921579
110,24,Hamburg-Bergedorf - Harburg,01053,Herzogtum Lauenburg,1303601.060132699320093,0.412651221234335
111,24,Hamburg-Bergedorf - Harburg,01062,Stormarn,1172448.455754301976413,0.371135235999328
112,24,Hamburg-Bergedorf - Harburg,02000,Hamburg,312514859.189771652221680,98.925693022532727
113,24,Hamburg-Bergedorf - Harburg,03353,Harburg,750812.477024072315544,0.237667561830934
114,24,Hamburg-Bergedorf - Harburg,03359,Stade,166967.319009935454233,0.052853031654223
115,25,Aurich - Emden,03402,Emden,107361875.222331181168556,7.720298785322075
116,25,Aurich - Emden,03452,Aurich,1263924428.663536787033081,90.887703024400693
117,25,Aurich - Emden,03457,Leer,446795.369082987017464,0.032128665208909
118,25,Aurich - Emden,03462,Wittmund,7018447.712811509147286,0.504690452172680
119,26,Unterems,03402,Emden,43762.015657119496609,0.001697098606853
120,26,Unterems,03451,Ammerland,535999.375275583355688,0.020786149344248
121,26,Unterems,03452,Aurich,6151545.360993618145585,0.238558002993540
122,26,Unterems,03453,Cloppenburg,3991426.926163562107831,0.154788232992306
123,26,Unterems,03454,Emsland,1503379597.167018413543701,58.301323227740376
124,26,Unterems,03455,Friesland,283861.081981647119392,0.011008182313751
125,26,Unterems,03456,Grafschaft Bentheim,97256.784881594256149,0.003771635096125
126,26,Unterems,03457,Leer,1059092104.031797289848328,41.071776683321396
127,26,Unterems,03462,Wittmund,597631.021830984391272,0.023176235356892
128,27,Friesland - Wilhelmshaven,03405,Wilhelmshaven,103798433.903185367584229,7.496582573827687
129,27,Friesland - Wilhelmshaven,03451,Ammerland,105143.528338229152723,0.007593728659011
130,27,Friesland - Wilhelmshaven,03452,Aurich,2245468.978521249257028,0.162173387222333
131,27,Friesland - Wilhelmshaven,03455,Friesland,612867025.607938051223755,44.262789827169847
132,27,Friesland - Wilhelmshaven,03457,Leer,3986.029878889195061,0.000287881049889
133,27,Friesland - Wilhelmshaven,03461,Wesermarsch,486517.498699883872177,0.035137510899419
134,27,Friesland - Wilhelmshaven,03462,Wittmund,646963820.706028580665588,46.725345670682188
135,28,Oldenburg - Ammerland,03403,Oldenburg (Oldb),101057034.439788147807121,12.129017810088385
136,28,Oldenburg - Ammerland,03451,Ammerland,723367217.577865004539490,86.819625312313846
137,28,Oldenburg - Ammerland,03453,Cloppenburg,244923.535787298053037,0.029396092455533
138,28,Oldenburg - Ammerland,03455,Friesland,3213251.435223652515560,0.385659287373419
139,28,Oldenburg - Ammerland,03457,Leer,1347003.655872514937073,0.161669411960296
140,28,Oldenburg - Ammerland,03458,Oldenburg,468480.328468271996826,0.056227716152242
141,28,Oldenburg - Ammerland,03461,Wesermarsch,3486078.641647153068334,0.418404420496823
142,29,Delmenhorst - Wesermarsch - Oldenburg-Land,03251,Diepholz,1965491.067706862231717,0.100516674859811
143,29,Delmenhorst - Wesermarsch - Oldenburg-Land,03352,Cuxhaven,897133.965887233032845,0.045880098178207
144,29,Delmenhorst - Wesermarsch - Oldenburg-Land,03356,Osterholz,863028.098940034746192,0.044135898779355
145,29,Delmenhorst - Wesermarsch - Oldenburg-Land,03401,Delmenhorst,61840834.034077681601048,3.162586241063480
146,29,Delmenhorst - Wesermarsch - Oldenburg-Land,03403,Oldenburg (Oldb),2574171.433403908275068,0.131645041412858
147,29,Delmenhorst - Wesermarsch - Oldenburg-Land,03451,Ammerland,969117.404397242818959,0.049561384754820
148,29,Delmenhorst - Wesermarsch - Oldenburg-Land,03453,Cloppenburg,64219.453535811437177,0.003284230611267
149,29,Delmenhorst - Wesermarsch - Oldenburg-Land,03455,Friesland,249028.328885550901759,0.012735493931639
150,29,Delmenhorst - Wesermarsch - Oldenburg-Land,03458,Oldenburg,1054945345.764822959899902,53.950689503173088
151,29,Delmenhorst - Wesermarsch - Oldenburg-Land,03460,Vechta,168100.172422021743841,0.008596767827053
152,29,Delmenhorst - Wesermarsch - Oldenburg-Land,03461,Wesermarsch,821292246.818617820739746,42.001496264577511
153,29,Delmenhorst - Wesermarsch - Oldenburg-Land,04011,Bremen,3915166.865829953923821,0.200224545071922
154,29,Delmenhorst - Wesermarsch - Oldenburg-Land,04012,Bremerhaven,133345.250097644864582,0.006819375253535
155,30,Cuxhaven - Stade II,01051,Dithmarschen,2024254.449844245798886,0.077106528236439
156,30,Cuxhaven - Stade II,01056,Pinneberg,370914.631997236283496,0.014128628714440
157,30,Cuxhaven - Stade II,01061,Steinburg,4175760.248976359143853,0.159060228604694
158,30,Cuxhaven - Stade II,03352,Cuxhaven,2042165272.120009422302246,77.788775136600066
159,30,Cuxhaven - Stade II,03356,Osterholz,903895.474957778933458,0.034430573670214
160,30,Cuxhaven - Stade II,03357,Rotenburg (Wümme),2889368.241650100331753,0.110059856322611
161,30,Cuxhaven - Stade II,03359,Stade,513735263.323122978210449,19.568855383040706
162,30,Cuxhaven - Stade II,03461,Wesermarsch,294587.403990429476835,0.011221223688373
163,30,Cuxhaven - Stade II,04012,Bremerhaven,16661765.300207881256938,0.634668668599566
164,31,Stade I - Rotenburg II,01056,Pinneberg,3640343.641937571112067,0.184668398440385
165,31,Stade I - Rotenburg II,02000,Hamburg,1033935.715536968316883,0.052449788113108
166,31,Stade I - Rotenburg II,03352,Cuxhaven,3439094.351374721154571,0.174459366593126
167,31,Stade I - Rotenburg II,03353,Harburg,2946292.635514358989894,0.149460379528221
168,31,Stade I - Rotenburg II,03356,Osterholz,170151.802345446689287,0.008631509528082
169,31,Stade I - Rotenburg II,03357,Rotenburg (Wümme),1208347476.864968776702881,61.297398064696260
170,31,Stade I - Rotenburg II,03359,Stade,751614254.808762192726135,38.128103918953464
171,31,Stade I - Rotenburg II,03361,Verden,95185.572450023028068,0.004828601073942
172,32,Mittelems,03453,Cloppenburg,1660201.815623550210148,0.070535557841082
173,32,Mittelems,03454,Emsland,1372459151.604648828506470,58.310484280594935
174,32,Mittelems,03456,Grafschaft Bentheim,972214739.037821531295776,41.305646285899691
175,32,Mittelems,03459,Osnabrück,1484513.349664225941524,0.063071234024504
176,32,Mittelems,05566,Steinfurt,1076784.508923160843551,0.045748411606817
177,33,Cloppenburg - Vechta,03251,Diepholz,2755831.900842907372862,0.123309172504988
178,33,Cloppenburg - Vechta,03451,Ammerland,4512389.738822732120752,0.201906017759661
179,33,Cloppenburg - Vechta,03453,Cloppenburg,1410550370.616817951202393,63.114807156475571
180,33,Cloppenburg - Vechta,03454,Emsland,2013684.844636863796040,0.090101944099732
181,33,Cloppenburg - Vechta,03457,Leer,1711588.144262805581093,0.076584684890918
182,33,Cloppenburg - Vechta,03458,Oldenburg,6168802.169137663207948,0.276021875859220
183,33,Cloppenburg - Vechta,03459,Osnabrück,932154.753017922746949,0.041709086539739
184,33,Cloppenburg - Vechta,03460,Vechta,806251289.075175046920776,36.075560071908285
185,34,Diepholz - Nienburg I,03251,Diepholz,1977378272.436188697814941,79.453862942306543
186,34,Diepholz - Nienburg I,03256,Nienburg (Weser),495077431.966067850589752,19.892913244565065
187,34,Diepholz - Nienburg I,03358,Heidekreis,48774.597939263796434,0.001959832508404
188,34,Diepholz - Nienburg I,03361,Verden,7538133.493834298104048,0.302892892982998
189,34,Diepholz - Nienburg I,03401,Delmenhorst,546749.054962457972579,0.021969152327795
190,34,Diepholz - Nienburg I,03458,Oldenburg,2658058.961712020449340,0.106804578254135
191,34,Diepholz - Nienburg I,03459,Osnabrück,128575.060943950767978,0.005166328270338
192,34,Diepholz - Nienburg I,03460,Vechta,1383002.969134642975405,0.055571020421422
193,34,Diepholz - Nienburg I,04011,Bremen,2931883.853514266200364,0.117807250695075
194,34,Diepholz - Nienburg I,05770,Minden-Lübbecke,1021684.225095534231514,0.041052720929843
195,35,Osterholz - Verden,03251,Diepholz,400677.152366287016775,0.027799596961578
196,35,Osterholz - Verden,03256,Nienburg (Weser),781369.642973941983655,0.054212627359472
197,35,Osterholz - Verden,03352,Cuxhaven,5083793.715992630459368,0.352721425481240
198,35,Osterholz - Verden,03356,Osterholz,644003095.492912888526917,44.681925063562183
199,35,Osterholz - Verden,03357,Rotenburg (Wümme),11099770.407851165160537,0.770119139267101
200,35,Osterholz - Verden,03358,Heidekreis,1739581.299416556721553,0.120694825547403
201,35,Osterholz - Verden,03361,Verden,776516508.812723994255066,53.875909448591898
202,35,Osterholz - Verden,03461,Wesermarsch,4226.838725949375657,0.000293264570513
203,35,Osterholz - Verden,04011,Bremen,1676593.488288272405043,0.116324634353527
204,36,Rotenburg I - Soltau-Fallingbostel,03241,Region Hannover,497282.496755916741677,0.018199132846402
205,36,Rotenburg I - Soltau-Fallingbostel,03256,Nienburg (Weser),366020.397533466632012,0.013395311282138
206,36,Rotenburg I - Soltau-Fallingbostel,03351,Celle,3200050.751699877437204,0.117112806353207
207,36,Rotenburg I - Soltau-Fallingbostel,03353,Harburg,6752587.386984485201538,0.247125599059621
208,36,Rotenburg I - Soltau-Fallingbostel,03355,Lüneburg,2805345.716129201464355,0.102667718451751
209,36,Rotenburg I - Soltau-Fallingbostel,03357,Rotenburg (Wümme),849615629.588618040084839,31.093528954131322
210,36,Rotenburg I - Soltau-Fallingbostel,03358,Heidekreis,1863880924.919339179992676,68.212769972339188
211,36,Rotenburg I - Soltau-Fallingbostel,03360,Uelzen,2602268.429237919859588,0.095235664143925
212,36,Rotenburg I - Soltau-Fallingbostel,03361,Verden,2731491.154508661478758,0.099964850389808
213,37,Harburg,01053,Herzogtum Lauenburg,2267966.576577788218856,0.181783283996359
214,37,Harburg,02000,Hamburg,6882795.772538517601788,0.551673570294081
215,37,Harburg,03353,Harburg,1233001294.405736446380615,98.828186792350280
216,37,Harburg,03355,Lüneburg,3041401.471096784807742,0.243776056083501
217,37,Harburg,03357,Rotenburg (Wümme),238341.216669388202718,0.019103654139042
218,37,Harburg,03358,Heidekreis,58907.896662475875928,0.004721617601958
219,37,Harburg,03359,Stade,2130375.481622168794274,0.170755008117873
220,38,Lüchow-Dannenberg - Lüneburg,01053,Herzogtum Lauenburg,1575593.161211667349562,0.061572101117691
221,38,Lüchow-Dannenberg - Lüneburg,03353,Harburg,4827236.413353846408427,0.188642027573573
222,38,Lüchow-Dannenberg - Lüneburg,03354,Lüchow-Dannenberg,1214514726.425351142883301,47.461632472991525
223,38,Lüchow-Dannenberg - Lüneburg,03355,Lüneburg,1313272719.462742328643799,51.320964490402851
224,38,Lüchow-Dannenberg - Lüneburg,03358,Heidekreis,837511.325952819664963,0.032728837188607
225,38,Lüchow-Dannenberg - Lüneburg,03360,Uelzen,2594322.476039633154869,0.101382698122255
226,38,Lüchow-Dannenberg - Lüneburg,12070,Prignitz,7576453.583923422731459,0.296077805912842
227,38,Lüchow-Dannenberg - Lüneburg,13076,Ludwigslust-Parchim,12698536.776081632822752,0.496242056434379
228,38,Lüchow-Dannenberg - Lüneburg,15081,Altmarkkreis Salzwedel,375791.048270038911141,0.014685418160493
229,38,Lüchow-Dannenberg - Lüneburg,15090,Stendal,667169.510631876997650,0.026072103879707
230,39,Osnabrück-Land,03251,Diepholz,139282.852563850407023,0.007272561902410
231,39,Osnabrück-Land,03404,Osnabrück,529777.464355685980991,0.027661979440451
232,39,Osnabrück-Land,03453,Cloppenburg,3644691.200872647110373,0.190305137248424
233,39,Osnabrück-Land,03454,Emsland,712320.633446383057162,0.037193350119879
234,39,Osnabrück-Land,03459,Osnabrück,1897787053.572361469268799,99.091694136364012
235,39,Osnabrück-Land,03460,Vechta,5421060.234217704273760,0.283057069871314
236,39,Osnabrück-Land,05566,Steinfurt,1285580.489732723915949,0.067125733857481
237,39,Osnabrück-Land,05570,Warendorf,68082.802443129650783,0.003554898439707
238,39,Osnabrück-Land,05754,Gütersloh,172400.393984691734659,0.009001772394623
239,39,Osnabrück-Land,05758,Herford,1985820.919918005820364,0.103688324164556
240,39,Osnabrück-Land,05770,Minden-Lübbecke,3436700.983030570205301,0.179445065771507
241,40,Stadt Osnabrück,03404,Osnabrück,118719521.355695307254791,36.519000508249214
242,40,Stadt Osnabrück,03459,Osnabrück,205116206.884651690721512,63.095258285518675
243,40,Stadt Osnabrück,05566,Steinfurt,1254004.983512581558898,0.385741183145750
244,41,Nienburg II - Schaumburg,03241,Region Hannover,7039022.263355492614210,0.446370722819968
245,41,Nienburg II - Schaumburg,03251,Diepholz,2063022.348280690843239,0.130823961388754
246,41,Nienburg II - Schaumburg,03252,Hameln-Pyrmont,2281783.223141338676214,0.144696406478838
247,41,Nienburg II - Schaumburg,03256,Nienburg (Weser),893620117.543840885162354,56.667793177906589
248,41,Nienburg II - Schaumburg,03257,Schaumburg,664978757.403677463531494,42.168789570031358
249,41,Nienburg II - Schaumburg,03358,Heidekreis,3782489.677645507268608,0.239861814368639
250,41,Nienburg II - Schaumburg,05766,Lippe,434882.153270136215724,0.027577503498925
251,41,Nienburg II - Schaumburg,05770,Minden-Lübbecke,2745254.628272376488894,0.174086861342396
252,42,Stadt Hannover I,03241,Region Hannover,108731361.962233617901802,99.999999946662825
253,43,Stadt Hannover II,03241,Region Hannover,94606463.206110715866089,99.999999923766509
254,44,Hannover-Land I,03241,Region Hannover,1123869039.323601722717285,98.856943026442721
255,44,Hannover-Land I,03256,Nienburg (Weser),3315410.926565857138485,0.291627740963505
256,44,Hannover-Land I,03257,Schaumburg,845681.621287475689314,0.074387225672166
257,44,Hannover-Land I,03351,Celle,5338275.314347035251558,0.469561452575899
258,44,Hannover-Land I,03358,Heidekreis,3495635.574708783999085,0.307480529099878
259,45,Celle - Uelzen,03151,Gifhorn,3644145.705373027361929,0.121049836842381
260,45,Celle - Uelzen,03241,Region Hannover,796139.353945425478742,0.026445852249211
261,45,Celle - Uelzen,03351,Celle,1535755612.110418319702148,51.014141943236794
262,45,Celle - Uelzen,03354,Lüchow-Dannenberg,4567092.627090444788337,0.151707934328259
263,45,Celle - Uelzen,03355,Lüneburg,7081293.382953448221087,0.235223692448872
264,45,Celle - Uelzen,03358,Heidekreis,6524604.830786044709384,0.216731825256919
265,45,Celle - Uelzen,03360,Uelzen,1451658087.303318262100220,48.220622561797718
266,45,Celle - Uelzen,15081,Altmarkkreis Salzwedel,423760.732302708260249,0.014076321764472
267,46,Gifhorn - Peine,03101,Braunschweig,2687369.832943655084819,0.146722306868186
268,46,Gifhorn - Peine,03102,Salzgitter,187743.991037539293757,0.010250257008911
269,46,Gifhorn - Peine,03103,Wolfsburg,767743.120884992182255,0.041916464342773
270,46,Gifhorn - Peine,03151,Gifhorn,1285169092.800009727478027,70.166365529513214
271,46,Gifhorn - Peine,03154,Helmstedt,667464.378524259547703,0.036441546737967
272,46,Gifhorn - Peine,03157,Peine,528747153.766652643680573,28.868003651605090
273,46,Gifhorn - Peine,03241,Region Hannover,3244908.013562985695899,0.177162213956804
274,46,Gifhorn - Peine,03254,Hildesheim,275555.361697282642126,0.015044493631841
275,46,Gifhorn - Peine,03351,Celle,2807648.439794687554240,0.153289156896693
276,46,Gifhorn - Peine,03360,Uelzen,3822520.272896507754922,0.208698105342445
277,46,Gifhorn - Peine,15081,Altmarkkreis Salzwedel,3225567.807237106375396,0.176106296884039
278,47,Hameln-Pyrmont - Holzminden,03155,Northeim,133544801.906672954559326,8.223910732374502
279,47,Hameln-Pyrmont - Holzminden,03159,Göttingen,155162.080331037519500,0.009555138646158
280,47,Hameln-Pyrmont - Holzminden,03241,Region Hannover,3715027.803962253965437,0.228777583192089
281,47,Hameln-Pyrmont - Holzminden,03252,Hameln-Pyrmont,789860567.667858362197876,48.640925792548863
282,47,Hameln-Pyrmont - Holzminden,03254,Hildesheim,5673227.580755923874676,0.349366778208163
283,47,Hameln-Pyrmont - Holzminden,03255,Holzminden,685161634.099893808364868,42.193391548277205
284,47,Hameln-Pyrmont - Holzminden,03257,Schaumburg,3564756.145714178681374,0.219523604861268
285,47,Hameln-Pyrmont - Holzminden,05762,Höxter,776052.630837006028742,0.047790610106173
286,47,Hameln-Pyrmont - Holzminden,05766,Lippe,696887.141394958831370,0.042915467764720
287,47,Hameln-Pyrmont - Holzminden,06633,Kassel,711944.541880229953676,0.043842727498416
288,48,Hannover-Land II,03151,Gifhorn,1209851.915340771200135,0.126458700645436
289,48,Hannover-Land II,03157,Peine,1740665.843818146502599,0.181941556711207
290,48,Hannover-Land II,03241,Region Hannover,948379778.712596654891968,99.128556985936058
291,48,Hannover-Land II,03252,Hameln-Pyrmont,194495.527771767287049,0.020329472897878
292,48,Hannover-Land II,03254,Hildesheim,2410923.073727251496166,0.251999600441824
293,48,Hannover-Land II,03257,Schaumburg,228802.393927192344563,0.023915367718741
294,48,Hannover-Land II,03351,Celle,2552505.066070638131350,0.266798332881318
295,49,Hildesheim,03102,Salzgitter,71598.677079183893511,0.005932103369243
296,49,Hildesheim,03153,Goslar,944309.189036809490062,0.078238033863357
297,49,Hildesheim,03155,Northeim,498692.334828511578962,0.041317725415239
298,49,Hildesheim,03157,Peine,3178998.300557418726385,0.263386801249132
299,49,Hildesheim,03158,Wolfenbüttel,2147489.908696236554533,0.177924127127439
300,49,Hildesheim,03241,Region Hannover,4746186.124902094714344,0.393231660851086
301,49,Hildesheim,03252,Hameln-Pyrmont,575536.851430384325795,0.047684457796868
302,49,Hildesheim,03254,Hildesheim,1194608043.562254905700684,98.975828733590305
303,49,Hildesheim,03255,Holzminden,198623.344074526976328,0.016456368422727
304,50,Salzgitter - Wolfenbüttel,03101,Braunschweig,2284385.187791820615530,0.184607950713646
305,50,Salzgitter - Wolfenbüttel,03102,Salzgitter,224827512.327979862689972,18.168978916833069
306,50,Salzgitter - Wolfenbüttel,03153,Goslar,284213719.973723292350769,22.968154709394209
307,50,Salzgitter - Wolfenbüttel,03154,Helmstedt,4996229.549470771104097,0.403760146647745
308,50,Salzgitter - Wolfenbüttel,03155,Northeim,110143.024271340997075,0.008900984871028
309,50,Salzgitter - Wolfenbüttel,03157,Peine,1699614.606129909167066,0.137350903480476
310,50,Salzgitter - Wolfenbüttel,03158,Wolfenbüttel,716567118.757946968078613,57.907916777624280
311,50,Salzgitter - Wolfenbüttel,03159,Göttingen,80405.877525287913159,0.006497837735336
312,50,Salzgitter - Wolfenbüttel,03254,Hildesheim,2271611.161117538809776,0.183575643684471
313,50,Salzgitter - Wolfenbüttel,15085,Harz,374397.687515546043869,0.030256188935888
314,51,Braunschweig,03101,Braunschweig,187008024.414774358272552,97.517069499154616
315,51,Braunschweig,03102,Salzgitter,22534.179577635710302,0.011750657025844
316,51,Braunschweig,03151,Gifhorn,2468299.792716966941953,1.287117829218205
317,51,Braunschweig,03154,Helmstedt,981222.851859444752336,0.511667760452404
318,51,Braunschweig,03157,Peine,407366.442255452508107,0.212425011094390
319,51,Braunschweig,03158,Wolfenbüttel,882080.841925845830701,0.459969239475907
320,52,Helmstedt - Wolfsburg,03101,Braunschweig,174721.323204181011533,0.015128922103505
321,52,Helmstedt - Wolfsburg,03103,Wolfsburg,204055585.689793378114700,17.668942771674725
322,52,Helmstedt - Wolfsburg,03151,Gifhorn,274860951.771969437599182,23.799899476458641
323,52,Helmstedt - Wolfsburg,03154,Helmstedt,664380157.499860167503357,57.527927705673363
324,52,Helmstedt - Wolfsburg,03158,Wolfenbüttel,772982.116080345353112,0.066931648679857
325,52,Helmstedt - Wolfsburg,15081,Altmarkkreis Salzwedel,2949353.055794171057642,0.255381151072787
326,52,Helmstedt - Wolfsburg,15083,Börde,7689075.052247799001634,0.665788327263975
327,53,Goslar - Northeim - Osterode,03153,Goslar,682213668.834830880165100,29.646713632035681
328,53,Goslar - Northeim - Osterode,03155,Northeim,1125243951.032707214355469,48.899320999274366
329,53,Goslar - Northeim - Osterode,03158,Wolfenbüttel,924512.221420592744835,0.040176194541199
330,53,Goslar - Northeim - Osterode,03159,Göttingen,481746816.598735213279724,20.935097854665454
331,53,Goslar - Northeim - Osterode,03254,Hildesheim,1700116.295649781590328,0.073881341375600
332,53,Goslar - Northeim - Osterode,03255,Holzminden,3722999.716957224532962,0.161789057450714
333,53,Goslar - Northeim - Osterode,05762,Höxter,4231.790976623044116,0.000183899415925
334,53,Goslar - Northeim - Osterode,15085,Harz,4377884.486097091808915,0.190248148934224
335,53,Goslar - Northeim - Osterode,16062,Nordhausen,1210144.552008387167007,0.052588815829556
336,54,Göttingen,03153,Goslar,20939.502548008702433,0.001653782813496
337,54,Göttingen,03155,Northeim,5247962.934632594697177,0.414479326204707
338,54,Göttingen,03159,Göttingen,1254497359.185553073883057,99.079057271812573
339,54,Göttingen,06633,Kassel,1957809.508216764545068,0.154626009350743
340,54,Göttingen,06636,Werra-Meißner-Kreis,2614840.992048687301576,0.206517756702232
341,54,Göttingen,16061,Eichsfeld,1740139.066609520232305,0.137434596397601
342,54,Göttingen,16062,Nordhausen,78898.108970632849378,0.006231300687962
343,55,Bremen I,03251,Diepholz,277771.419859821093269,0.175359320131673
344,55,Bremen I,03356,Osterholz,1382733.398262410424650,0.872930659191004
345,55,Bremen I,03361,Verden,1545954.991904781199992,0.975973757384399
346,55,Bremen I,04011,Bremen,155194827.195918917655945,97.975736304199373
347,56,Bremen II - Bremerhaven,03352,Cuxhaven,3053358.194389048498124,1.278368427588611
348,56,Bremen II - Bremerhaven,03356,Osterholz,5471635.591303516179323,2.290843635720949
349,56,Bremen II - Bremerhaven,03401,Delmenhorst,11804.366846903521946,0.004942207538076
350,56,Bremen II - Bremerhaven,03461,Wesermarsch,188799.352695188077632,0.079045796879717
351,56,Bremen II - Bremerhaven,04011,Bremen,162189184.753249853849411,67.904752696850665
352,56,Bremen II - Bremerhaven,04012,Bremerhaven,67531111.222211644053459,28.273669504315780
353,57,Prignitz - Ostprignitz-Ruppin - Havelland I,12063,Havelland,479570278.261639118194580,9.308833728689983
354,57,Prignitz - Ostprignitz-Ruppin - Havelland I,12065,Oberhavel,7565911.848774964921176,0.146860259275174
355,57,Prignitz - Ostprignitz-Ruppin - Havelland I,12068,Ostprignitz-Ruppin,2518768636.230950832366943,48.891266824757807
356,57,Prignitz - Ostprignitz-Ruppin - Havelland I,12070,Prignitz,2120786578.465550422668457,41.166124190462185
357,57,Prignitz - Ostprignitz-Ruppin - Havelland I,13071,Mecklenburgische Seenplatte,10308809.614241451025009,0.200102047582148
358,57,Prignitz - Ostprignitz-Ruppin - Havelland I,13076,Ludwigslust-Parchim,13812302.991799358278513,0.268107590877014
359,57,Prignitz - Ostprignitz-Ruppin - Havelland I,15090,Stendal,963658.333329263725318,0.018705361034352
360,58,Uckermark - Barnim I,12060,Barnim,768286169.202445149421692,19.795951557616505
361,58,Uckermark - Barnim I,12064,Märkisch-Oderland,20739645.302127424627542,0.534385532605988
362,58,Uckermark - Barnim I,12065,Oberhavel,2650869.084502871148288,0.068303293858430
363,58,Uckermark - Barnim I,12073,Uckermark,3068255834.393082618713379,79.057838470621732
364,58,Uckermark - Barnim I,13071,Mecklenburgische Seenplatte,4321269.518408983945847,0.111343462218813
365,58,Uckermark - Barnim I,13075,Vorpommern-Greifswald,11849833.533513821661472,0.305327285585232
366,59,Oberhavel - Havelland II,11000,Berlin,2333462.380565301515162,0.094233667004839
367,59,Oberhavel - Havelland II,12051,Brandenburg an der Havel,116199.313862748691463,0.004692549380668
368,59,Oberhavel - Havelland II,12054,Potsdam,326286.205241972755175,0.013176619374338
369,59,Oberhavel - Havelland II,12060,Barnim,8744353.379237649962306,0.353128677528580
370,59,Oberhavel - Havelland II,12063,Havelland,656925855.041903614997864,26.529046616080791
371,59,Oberhavel - Havelland II,12065,Oberhavel,1791758374.991419315338135,72.357696214998995
372,59,Oberhavel - Havelland II,12068,Ostprignitz-Ruppin,6036002.001686822623014,0.243755634290406
373,59,Oberhavel - Havelland II,12069,Potsdam-Mittelmark,389162.879243125324138,0.015715807325060
374,59,Oberhavel - Havelland II,12073,Uckermark,6575687.394164910539985,0.265550086168321
375,59,Oberhavel - Havelland II,13071,Mecklenburgische Seenplatte,3045890.907519703730941,0.123004112645152
376,60,Märkisch-Oderland - Barnim II,11000,Berlin,1954983.639276533620432,0.068601546586972
377,60,Märkisch-Oderland - Barnim II,12053,Frankfurt (Oder),130290.997809299908113,0.004571989134081
378,60,Märkisch-Oderland - Barnim II,12060,Barnim,701868352.083208680152893,24.628980767929086
379,60,Märkisch-Oderland - Barnim II,12064,Märkisch-Oderland,2128869305.625391483306885,74.703298745498003
380,60,Märkisch-Oderland - Barnim II,12065,Oberhavel,4692437.337446159683168,0.164660436099807
381,60,Märkisch-Oderland - Barnim II,12067,Oder-Spree,1141147.218760749325156,0.040043539248942
382,61,Brandenburg an der Havel - Potsdam-Mittelmark I - Havelland III - Teltow-Fläming I,12051,Brandenburg an der Havel,229564173.378414630889893,6.732832849382079
383,61,Brandenburg an der Havel - Potsdam-Mittelmark I - Havelland III - Teltow-Fläming I,12063,Havelland,582055753.680554032325745,17.070974276514708
384,61,Brandenburg an der Havel - Potsdam-Mittelmark I - Havelland III - Teltow-Fläming I,12069,Potsdam-Mittelmark,2211301562.592216968536377,64.854735742971627
385,61,Brandenburg an der Havel - Potsdam-Mittelmark I - Havelland III - Teltow-Fläming I,12072,Teltow-Fläming,383403580.224404036998749,11.244752094876697
386,61,Brandenburg an der Havel - Potsdam-Mittelmark I - Havelland III - Teltow-Fläming I,15086,Jerichower Land,1907125.452818576246500,0.055933627219189
387,61,Brandenburg an der Havel - Potsdam-Mittelmark I - Havelland III - Teltow-Fläming I,15090,Stendal,827397.498705227742903,0.024266543758970
388,61,Brandenburg an der Havel - Potsdam-Mittelmark I - Havelland III - Teltow-Fläming I,15091,Wittenberg,562752.425247608101927,0.016504831564161
389,62,Potsdam - Potsdam-Mittelmark II - Teltow-Fläming II,11000,Berlin,4973257.432548983022571,0.683133701791574
390,62,Potsdam - Potsdam-Mittelmark II - Teltow-Fläming II,12054,Potsdam,186438875.718050837516785,25.609508668014609
391,62,Potsdam - Potsdam-Mittelmark II - Teltow-Fläming II,12063,Havelland,3419097.900310932192951,0.469652141902107
392,62,Potsdam - Potsdam-Mittelmark II - Teltow-Fläming II,12069,Potsdam-Mittelmark,370761559.066977262496948,50.928334147710508
393,62,Potsdam - Potsdam-Mittelmark II - Teltow-Fläming II,12072,Teltow-Fläming,162413663.196060389280319,22.309371365839077
394,63,Dahme-Spreewald - Teltow-Fläming III - Oberspreewald-Lausitz I,11000,Berlin,4395379.363880119286478,0.110407958356452
395,63,Dahme-Spreewald - Teltow-Fläming III - Oberspreewald-Lausitz I,12061,Dahme-Spreewald,2268397109.610204219818115,56.980085876512511
396,63,Dahme-Spreewald - Teltow-Fläming III - Oberspreewald-Lausitz I,12062,Elbe-Elster,440120.468387583503500,0.011055428513152
397,63,Dahme-Spreewald - Teltow-Fläming III - Oberspreewald-Lausitz I,12066,Oberspreewald-Lausitz,139222549.767749994993210,3.497144661358083
398,63,Dahme-Spreewald - Teltow-Fläming III - Oberspreewald-Lausitz I,12067,Oder-Spree,14095093.299965577200055,0.354056008653399
399,63,Dahme-Spreewald - Teltow-Fläming III - Oberspreewald-Lausitz I,12069,Potsdam-Mittelmark,766793.752185536082834,0.019261166249949
400,63,Dahme-Spreewald - Teltow-Fläming III - Oberspreewald-Lausitz I,12071,Spree-Neiße,2520266.935094722546637,0.063306828326064
401,63,Dahme-Spreewald - Teltow-Fläming III - Oberspreewald-Lausitz I,12072,Teltow-Fläming,1551144393.361420631408691,38.963345688529991
402,63,Dahme-Spreewald - Teltow-Fläming III - Oberspreewald-Lausitz I,15091,Wittenberg,53201.943085181010247,0.001336384741873
403,64,Frankfurt (Oder) - Oder-Spree,11000,Berlin,1040534.917143558035605,0.043137919590433
404,64,Frankfurt (Oder) - Oder-Spree,12053,Frankfurt (Oder),147996498.833860278129578,6.135556780628311
405,64,Frankfurt (Oder) - Oder-Spree,12061,Dahme-Spreewald,2578765.488291030284017,0.106909029618979
406,64,Frankfurt (Oder) - Oder-Spree,12064,Märkisch-Oderland,11109976.886450836434960,0.460591260978476
407,64,Frankfurt (Oder) - Oder-Spree,12067,Oder-Spree,2240396966.280776500701904,92.881135067893467
408,64,Frankfurt (Oder) - Oder-Spree,12071,Spree-Neiße,587658.094941104296595,0.024362803427902
409,65,Cottbus - Spree-Neiße,12052,Cottbus,165441607.474204450845718,9.064213045830495
410,65,Cottbus - Spree-Neiße,12061,Dahme-Spreewald,3196485.238249246496707,0.175128999528495
411,65,Cottbus - Spree-Neiße,12066,Oberspreewald-Lausitz,815541.943587961257435,0.044681903405977
412,65,Cottbus - Spree-Neiße,12067,Oder-Spree,4091906.259315752889961,0.224187316989097
413,65,Cottbus - Spree-Neiße,12071,Spree-Neiße,1644237605.193320989608765,90.084472575994340
414,65,Cottbus - Spree-Neiße,14625,Bautzen,254172.480190127214883,0.013925599164585
415,65,Cottbus - Spree-Neiße,14626,Görlitz,616912.624597553629428,0.033799402371538
416,66,Elbe-Elster - Oberspreewald-Lausitz II,12061,Dahme-Spreewald,5403633.285694624297321,0.180620040068333
417,66,Elbe-Elster - Oberspreewald-Lausitz II,12062,Elbe-Elster,1886749511.134747505187988,63.065858521940420
418,66,Elbe-Elster - Oberspreewald-Lausitz II,12066,Oberspreewald-Lausitz,1081004033.494807243347168,36.133279503026507
419,66,Elbe-Elster - Oberspreewald-Lausitz II,12071,Spree-Neiße,7236196.224184725433588,0.241874676324663
420,66,Elbe-Elster - Oberspreewald-Lausitz II,12072,Teltow-Fläming,4269127.723998084664345,0.142698436366272
421,66,Elbe-Elster - Oberspreewald-Lausitz II,14625,Bautzen,3496765.905146893579513,0.116881728367698
422,66,Elbe-Elster - Oberspreewald-Lausitz II,14627,Meißen,1587377.012155668577179,0.053059133434931
423,66,Elbe-Elster - Oberspreewald-Lausitz II,14730,Nordsachsen,653351.149724306887947,0.021838697151101
424,66,Elbe-Elster - Oberspreewald-Lausitz II,15091,Wittenberg,1313040.127710879547521,0.043889240431308
425,67,Altmark,03151,Gifhorn,282626.433174999314360,0.005962120106107
426,67,Altmark,03354,Lüchow-Dannenberg,6930223.481769106350839,0.146195896457036
427,67,Altmark,03360,Uelzen,751769.584406220819801,0.015858886601640
428,67,Altmark,12063,Havelland,3441597.465134867001325,0.072601904972221
429,67,Altmark,12068,Ostprignitz-Ruppin,2271732.757493162527680,0.047923130886935
430,67,Altmark,12070,Prignitz,7864368.513865617103875,0.165902067657359
431,67,Altmark,15081,Altmarkkreis Salzwedel,2288507267.431307792663574,48.276996029160571
432,67,Altmark,15083,Börde,2856901.604750232771039,0.060267506855260
433,67,Altmark,15086,Jerichower Land,2410434.362126889172941,0.050849097918561
434,67,Altmark,15090,Stendal,2425051070.222172737121582,51.157443349102913
435,68,Börde - Jerichower Land,03151,Gifhorn,820816.976233959314413,0.020688716944172
436,68,Börde - Jerichower Land,03154,Helmstedt,2709078.058741987217218,0.068282395174299
437,68,Börde - Jerichower Land,12063,Havelland,2668951.270024154800922,0.067270998239661
438,68,Börde - Jerichower Land,12069,Potsdam-Mittelmark,4748480.720029204152524,0.119685601511659
439,68,Börde - Jerichower Land,15003,Magdeburg,3315015.750502162147313,0.083555073193397
440,68,Börde - Jerichower Land,15081,Altmarkkreis Salzwedel,7719614.944430088624358,0.194573130341535
441,68,Börde - Jerichower Land,15082,Anhalt-Bitterfeld,361471.807153105328325,0.009110907934435
442,68,Börde - Jerichower Land,15083,Börde,2354268647.086812496185303,59.339413121781078
443,68,Börde - Jerichower Land,15085,Harz,435376.140042101382278,0.010973668901080
444,68,Börde - Jerichower Land,15086,Jerichower Land,1578056478.312544345855713,39.774961711342058
445,68,Börde - Jerichower Land,15089,Salzlandkreis,2549893.027804642915726,0.064270131609865
446,68,Börde - Jerichower Land,15090,Stendal,9808143.274374675005674,0.247214550657131
447,69,Harz,03153,Goslar,1061045.145846084225923,0.045370838083257
448,69,Harz,03154,Helmstedt,1708029.326645279070362,0.073036215588058
449,69,Harz,03158,Wolfenbüttel,2404439.197571339085698,0.102815061113214
450,69,Harz,15083,Börde,5988672.207179581746459,0.256078714566833
451,69,Harz,15085,Harz,2093258500.958032131195068,89.508813913507197
452,69,Harz,15087,Mansfeld-Südharz,4261225.362193611450493,0.182212195872388
453,69,Harz,15089,Salzlandkreis,229810556.625343918800354,9.826818015511705
454,69,Harz,16062,Nordhausen,113540.444106357055716,0.004855047992650
455,70,Magdeburg,15003,Magdeburg,197672598.764605730772018,29.705519580557986
456,70,Magdeburg,15082,Anhalt-Bitterfeld,3369873.747375610750169,0.506412376891352
457,70,Magdeburg,15083,Börde,2665020.583478342276067,0.400489605640177
458,70,Magdeburg,15086,Jerichower Land,4276267.957008351571858,0.642622003871633
459,70,Magdeburg,15089,Salzlandkreis,457456876.019107222557068,68.744956421747887
460,71,Dessau - Wittenberg,12062,Elbe-Elster,2926354.592895891051739,0.133609378198643
461,71,Dessau - Wittenberg,12069,Potsdam-Mittelmark,5264359.766381004825234,0.240356324796605
462,71,Dessau - Wittenberg,12072,Teltow-Fläming,5431018.279097596183419,0.247965498445496
463,71,Dessau - Wittenberg,14730,Nordsachsen,1018643.473885323968716,0.046508485841847
464,71,Dessau - Wittenberg,15001,Dessau-Roßlau,240186924.710904836654663,10.966280620938408
465,71,Dessau - Wittenberg,15082,Anhalt-Bitterfeld,4008261.277232737280428,0.183006289876443
466,71,Dessau - Wittenberg,15091,Wittenberg,1931395866.604570388793945,88.182273405595708
467,72,Anhalt,12069,Potsdam-Mittelmark,1465379.868247210048139,0.066465920690571
468,72,Anhalt,14730,Nordsachsen,934652.824871843913570,0.042393485728350
469,72,Anhalt,15001,Dessau-Roßlau,6168164.287463447079062,0.279772315165855
470,72,Anhalt,15082,Anhalt-Bitterfeld,1444756143.678350448608398,65.530480760460804
471,72,Anhalt,15083,Börde,3063632.337655248586088,0.138958606155295
472,72,Anhalt,15086,Jerichower Land,3031153.246953629422933,0.137485436833502
473,72,Anhalt,15087,Mansfeld-Südharz,83981.273190321386210,0.003809177923290
474,72,Anhalt,15088,Saalekreis,719765.688655668520369,0.032646749293209
475,72,Anhalt,15089,Salzlandkreis,739092192.023450016975403,33.523350554017277
476,72,Anhalt,15091,Wittenberg,5393533.063002323731780,0.244637004080233
477,73,Halle,14730,Nordsachsen,2137173.315497087780386,0.515254620166106
478,73,Halle,15002,Halle (Saale),131742941.205443218350410,31.762121788699094
479,73,Halle,15082,Anhalt-Bitterfeld,3455827.421958040911704,0.833171101636390
480,73,Halle,15088,Saalekreis,277444097.342606008052826,66.889452510473063
481,74,Burgenland - Saalekreis,14729,Leipzig,4265080.935492390766740,0.248416993253788
482,74,Burgenland - Saalekreis,14730,Nordsachsen,1373519.303432828746736,0.079999779768641
483,74,Burgenland - Saalekreis,15002,Halle (Saale),1951721.798791072797030,0.113676825424083
484,74,Burgenland - Saalekreis,15084,Burgenlandkreis,1402852027.247590303421021,81.708246070738255
485,74,Burgenland - Saalekreis,15088,Saalekreis,302880989.175890684127808,17.641115322966648
486,74,Burgenland - Saalekreis,16052,Gera,3128.291965291058659,0.000182205424889
487,74,Burgenland - Saalekreis,16065,Kyffhäuserkreis,708043.133604685775936,0.041239533083740
488,74,Burgenland - Saalekreis,16068,Sömmerda,405079.168561736587435,0.023593584882870
489,74,Burgenland - Saalekreis,16071,Weimarer Land,230307.968961001490243,0.013414144781071
490,74,Burgenland - Saalekreis,16074,Saale-Holzland-Kreis,378551.002689116576221,0.022048468318311
491,74,Burgenland - Saalekreis,16076,Greiz,135951.890235510247294,0.007918433509299
492,74,Burgenland - Saalekreis,16077,Altenburger Land,1719455.837091861525550,0.100148638570612
493,75,Mansfeld,15002,Halle (Saale),2072651.097644611261785,0.089455662472701
494,75,Mansfeld,15082,Anhalt-Bitterfeld,1528136.438632252858952,0.065954398992609
495,75,Mansfeld,15084,Burgenlandkreis,656335.083400779287331,0.028327435213970
496,75,Mansfeld,15085,Harz,6695969.261305311694741,0.288998166091538
497,75,Mansfeld,15087,Mansfeld-Südharz,1442228695.751689434051514,62.246619106429122
498,75,Mansfeld,15088,Saalekreis,856390370.405699729919434,36.961825367975734
499,75,Mansfeld,15089,Salzlandkreis,6201708.597656925208867,0.267665866047836
500,75,Mansfeld,16062,Nordhausen,837619.917208528029732,0.036151692235789
501,75,Mansfeld,16065,Kyffhäuserkreis,347597.417997031356208,0.015002311453221
502,76,Berlin-Mitte,11000,Berlin,45546150.616904146969318,100.000000111437970
503,77,Berlin-Pankow,11000,Berlin,92907913.101071834564209,97.121103726733551
504,77,Berlin-Pankow,12060,Barnim,2592660.064785423688591,2.710232085465710
505,77,Berlin-Pankow,12065,Oberhavel,161347.513860980106983,0.168664305404165
506,78,Berlin-Reinickendorf,11000,Berlin,82560114.128314986824989,98.017352225352468
507,78,Berlin-Reinickendorf,12065,Oberhavel,1669986.392301891930401,1.982647991152201
508,79,Berlin-Spandau - Charlottenburg Nord,11000,Berlin,82526289.341901674866676,98.525745645914782
509,79,Berlin-Spandau - Charlottenburg Nord,12054,Potsdam,9858.620043418266505,0.011769920816304
510,79,Berlin-Spandau - Charlottenburg Nord,12063,Havelland,497950.440604561124928,0.594488602922876
511,79,Berlin-Spandau - Charlottenburg Nord,12065,Oberhavel,727043.172393997549079,0.867995777443970
512,80,Berlin-Steglitz - Zehlendorf,11000,Berlin,106074618.674341797828674,99.390374014761335
513,80,Berlin-Steglitz - Zehlendorf,12054,Potsdam,377199.124825905601028,0.353430090657076
514,80,Berlin-Steglitz - Zehlendorf,12069,Potsdam-Mittelmark,273425.381343721528538,0.256195603213182
515,81,Berlin-Charlottenburg - Wilmersdorf,11000,Berlin,64654617.832656607031822,100.000000023911426
516,82,Berlin-Tempelhof - Schöneberg,11000,Berlin,51842409.690497763454914,99.271225743338960
517,82,Berlin-Tempelhof - Schöneberg,12061,Dahme-Spreewald,380587.519263195164967,0.728773792835463
518,83,Berlin-Neukölln,11000,Berlin,51639798.660084716975689,99.999999689672364
519,84,Berlin-Friedrichshain - Kreuzberg - Prenzlauer Berg Ost,11000,Berlin,28066118.358964003622532,100.000001186250302
520,85,Berlin-Treptow - Köpenick,11000,Berlin,164248726.968894362449646,97.983893968285258
521,85,Berlin-Treptow - Köpenick,12061,Dahme-Spreewald,291352.781095819897018,0.173808835764458
522,85,Berlin-Treptow - Köpenick,12064,Märkisch-Oderland,519885.780638869153336,0.310142027556690
523,85,Berlin-Treptow - Köpenick,12067,Oder-Spree,2568325.220158900599927,1.532154986478411
524,86,Berlin-Marzahn - Hellersdorf,11000,Berlin,54677652.882622301578522,97.093033782975624
525,86,Berlin-Marzahn - Hellersdorf,12060,Barnim,888621.677056812797673,1.577956806155863
526,86,Berlin-Marzahn - Hellersdorf,12064,Märkisch-Oderland,748427.723155015031807,1.329009465062472
527,87,Berlin-Lichtenberg,11000,Berlin,53602786.572882957756519,98.045060334895226
528,87,Berlin-Lichtenberg,12060,Barnim,1068796.450795854208991,1.954939644070922
529,88,Aachen,05334,Städteregion Aachen,161585007.828961223363876,99.063385455112339
530,89,Kreis Aachen,05334,Städteregion Aachen,531526276.620146036148071,97.435883517420450
531,89,Kreis Aachen,05358,Düren,7429980.728409850038588,1.362014953227586
532,89,Kreis Aachen,05366,Euskirchen,552489.796185435145162,0.101278777350378
533,89,Kreis Aachen,05370,Heinsberg,1281273.061555944383144,0.234874508130840
534,90,Heinsberg,05116,Mönchengladbach,1971266.701887296745554,0.314123817627334
535,90,Heinsberg,05162,Rhein-Kreis Neuss,563794.115563051542267,0.089841298372734
536,90,Heinsberg,05166,Viersen,1288850.890821472741663,0.205380003522414
537,90,Heinsberg,05334,Städteregion Aachen,547452.999455577228218,0.087237321056495
538,90,Heinsberg,05358,Düren,421207.446023264899850,0.067119934015632
539,90,Heinsberg,05370,Heinsberg,619475240.898745775222778,98.714155426266402
540,91,Düren,05162,Rhein-Kreis Neuss,229334.593799089459935,0.024346708477005
541,91,Düren,05334,Städteregion Aachen,3958055.476354059297591,0.420196627217201
542,91,Düren,05358,Düren,928565107.933517813682556,98.578690681883074
543,91,Düren,05362,Rhein-Erft-Kreis,5242579.212806404568255,0.556564736472431
544,91,Düren,05366,Euskirchen,1303609.534825764596462,0.138394303216424
545,91,Düren,05370,Heinsberg,2654490.093580492772162,0.281807011288141
546,92,Erftkreis I,05162,Rhein-Kreis Neuss,4213451.796251047402620,0.802437904944096
547,92,Erftkreis I,05315,Köln,4453023.254426179453731,0.848063493719908
548,92,Erftkreis I,05358,Düren,854979.481589477858506,0.162828003535554
549,92,Erftkreis I,05362,Rhein-Erft-Kreis,515559896.906713843345642,98.186670585650191
550,93,Euskirchen - Erftkreis II,05315,Köln,566040.460609300062060,0.039638538710111
551,93,Euskirchen - Erftkreis II,05334,Städteregion Aachen,851433.632151955389418,0.059623979796103
552,93,Euskirchen - Erftkreis II,05358,Düren,3201008.088147984351963,0.224159387611360
553,93,Euskirchen - Erftkreis II,05362,Rhein-Erft-Kreis,178751031.498595684766769,12.517532181184428
554,93,Euskirchen - Erftkreis II,05366,Euskirchen,1237038033.935796260833740,86.626987656080161
555,93,Euskirchen - Erftkreis II,05382,Rhein-Sieg-Kreis,4251784.666665877215564,0.297742905012969
556,93,Euskirchen - Erftkreis II,07131,Ahrweiler,2058286.844759600702673,0.144137192392030
557,93,Euskirchen - Erftkreis II,07233,Vulkaneifel,1076992.553547966293991,0.075419363093514
558,94,Köln I,05315,Köln,127281406.135470747947693,99.001673927735084
559,94,Köln I,05378,Rheinisch-Bergischer Kreis,1270777.130134313832968,0.988432379026962
560,94,Köln I,05382,Rhein-Sieg-Kreis,12719.480733698035692,0.009893431588801
561,95,Köln II,05315,Köln,92122824.069617196917534,99.632151342749069
562,95,Köln II,05362,Rhein-Erft-Kreis,340123.803234357736073,0.367848756064060
563,96,Köln III,05158,Mettmann,550311.444599896902218,0.436223491461817
564,96,Köln III,05162,Rhein-Kreis Neuss,1055094.708994075655937,0.836357488648840
565,96,Köln III,05315,Köln,123154392.996520757675171,97.622609576768127
566,96,Köln III,05316,Leverkusen,1108415.913897119229659,0.878624394779909
567,96,Köln III,05362,Rhein-Erft-Kreis,285340.433434357342776,0.226185010959495
568,97,Bonn,05314,Bonn,138138381.937290191650391,97.746568994108728
569,97,Bonn,05382,Rhein-Sieg-Kreis,3173835.843027189373970,2.245802794673433
570,97,Bonn,07131,Ahrweiler,10780.305907058598677,0.007628132748799
571,98,Rhein-Sieg-Kreis I,05314,Bonn,18752.563684736240248,0.002835847760980
572,98,Rhein-Sieg-Kreis I,05315,Köln,1885845.536800455534831,0.285186118175521
573,98,Rhein-Sieg-Kreis I,05362,Rhein-Erft-Kreis,1.820302060211059,0.000000275274336
574,98,Rhein-Sieg-Kreis I,05374,Oberbergischer Kreis,3932586.801723969168961,0.594703618343380
575,98,Rhein-Sieg-Kreis I,05378,Rheinisch-Bergischer Kreis,2589753.606298555154353,0.391634290083159
576,98,Rhein-Sieg-Kreis I,05382,Rhein-Sieg-Kreis,651882681.515147805213928,98.580656697137286
577,98,Rhein-Sieg-Kreis I,07132,Altenkirchen (Westerwald),853145.657789637334645,0.129016557101555
578,98,Rhein-Sieg-Kreis I,07138,Neuwied,105581.969595179165481,0.015966584468663
579,99,Rhein-Sieg-Kreis II,05314,Bonn,3307437.284875979181379,0.671963489787126
580,99,Rhein-Sieg-Kreis II,05362,Rhein-Erft-Kreis,1672100.150239586830139,0.339716268352675
581,99,Rhein-Sieg-Kreis II,05366,Euskirchen,979812.823749782517552,0.199066040464550
582,99,Rhein-Sieg-Kreis II,05382,Rhein-Sieg-Kreis,485342688.422919571399689,98.605820327008871
583,99,Rhein-Sieg-Kreis II,07131,Ahrweiler,315196.547659304866102,0.064037668409468
584,99,Rhein-Sieg-Kreis II,07138,Neuwied,587673.849400562583469,0.119396177973075
585,100,Oberbergischer Kreis,05120,Remscheid,354025.916072252497543,0.038599326714635
586,100,Oberbergischer Kreis,05124,Wuppertal,115874.649709570803680,0.012633774136385
587,100,Oberbergischer Kreis,05374,Oberbergischer Kreis,906824752.243120789527893,98.870798141248201
588,100,Oberbergischer Kreis,05378,Rheinisch-Bergischer Kreis,1354421.005715091479942,0.147672067312981
589,100,Oberbergischer Kreis,05382,Rhein-Sieg-Kreis,266716.078165691404138,0.029079964414420
590,100,Oberbergischer Kreis,05954,Ennepe-Ruhr-Kreis,1506800.458145784679800,0.164285947828353
591,100,Oberbergischer Kreis,05962,Märkischer Kreis,4008704.887592035811394,0.437067747399430
592,100,Oberbergischer Kreis,05966,Olpe,2025203.501577377784997,0.220807257525899
593,100,Oberbergischer Kreis,07132,Altenkirchen (Westerwald),725084.885274496511556,0.079055761490755
594,101,Rheinisch-Bergischer Kreis,05120,Remscheid,1214282.686092974385247,0.276984129765797
595,101,Rheinisch-Bergischer Kreis,05122,Solingen,1939288.580843637697399,0.442361705459247
596,101,Rheinisch-Bergischer Kreis,05158,Mettmann,243875.537199027166935,0.055629265092780
597,101,Rheinisch-Bergischer Kreis,05315,Köln,251027.392583555716556,0.057260640111614
598,101,Rheinisch-Bergischer Kreis,05316,Leverkusen,750668.219214419601485,0.171231283969758
599,101,Rheinisch-Bergischer Kreis,05374,Oberbergischer Kreis,3634161.796346100512892,0.828971008248370
600,101,Rheinisch-Bergischer Kreis,05378,Rheinisch-Bergischer Kreis,430040791.769879698753357,98.094517723407876
601,101,Rheinisch-Bergischer Kreis,05382,Rhein-Sieg-Kreis,320221.933285628794692,0.073044270941906
602,102,Leverkusen - Köln IV,05158,Mettmann,1071061.380434233695269,0.784301815767953
603,102,Leverkusen - Köln IV,05315,Köln,56485789.936224371194839,41.362622554934134
604,102,Leverkusen - Köln IV,05316,Leverkusen,76888804.855885118246078,56.303056353548840
605,102,Leverkusen - Köln IV,05378,Rheinisch-Bergischer Kreis,2116743.659172389190644,1.550019378657024
606,103,Wuppertal I,05120,Remscheid,31612.890810423330549,0.023604504453973
607,103,Wuppertal I,05124,Wuppertal,129681141.749664008617401,96.829458159421492
608,103,Wuppertal I,05158,Mettmann,1609319.895797012140974,1.201636347527030
609,103,Wuppertal I,05374,Oberbergischer Kreis,272874.502841397828888,0.203748130986227
610,103,Wuppertal I,05954,Ennepe-Ruhr-Kreis,2332415.790784516371787,1.741552813130815
611,104,Solingen - Remscheid - Wuppertal II,05120,Remscheid,72452915.899646311998367,36.626550424529299
612,104,Solingen - Remscheid - Wuppertal II,05122,Solingen,86194178.320681586861610,43.573062303469349
613,104,Solingen - Remscheid - Wuppertal II,05124,Wuppertal,37409887.860916048288345,18.911525189844248
614,104,Solingen - Remscheid - Wuppertal II,05158,Mettmann,706680.070018416969106,0.357242395245901
615,104,Solingen - Remscheid - Wuppertal II,05374,Oberbergischer Kreis,533454.018390941550024,0.269672797307789
616,104,Solingen - Remscheid - Wuppertal II,05378,Rheinisch-Bergischer Kreis,518170.830900363158435,0.261946808224802
617,105,Mettmann I,05111,Düsseldorf,2108462.721915293950588,1.144986757189117
618,105,Mettmann I,05122,Solingen,831246.630034393281676,0.451402993021803
619,105,Mettmann I,05124,Wuppertal,800457.301550737349316,0.434683051516502
620,105,Mettmann I,05158,Mettmann,180170203.886824399232864,97.840239405837963
621,105,Mettmann I,05162,Rhein-Kreis Neuss,198453.165333400480449,0.107768680881679
622,105,Mettmann I,05316,Leverkusen,8186.438849803205812,0.004445591555467
623,105,Mettmann I,05378,Rheinisch-Bergischer Kreis,30335.506912868328072,0.016473496698249
624,106,Mettmann II,05111,Düsseldorf,364893.512259712209925,0.163609635200150
625,106,Mettmann II,05112,Duisburg,181900.622938802494900,0.081559944372251
626,106,Mettmann II,05113,Essen,2194094.565411503426731,0.983780197182867
627,106,Mettmann II,05117,Mülheim an der Ruhr,608514.466093050432391,0.272843518633561
628,106,Mettmann II,05124,Wuppertal,134321.593095117044868,0.060226630804424
629,106,Mettmann II,05158,Mettmann,218538265.855495214462280,97.987398384991138
630,106,Mettmann II,05954,Ennepe-Ruhr-Kreis,1004918.517746289842762,0.450581735685464
631,107,Düsseldorf I,05111,Düsseldorf,119425281.874278306961060,96.817611889985074
632,107,Düsseldorf I,05112,Duisburg,1077701.392107306513935,0.873688330283226
633,107,Düsseldorf I,05158,Mettmann,2581779.880370675120503,2.093038915380082
634,107,Düsseldorf I,05162,Rhein-Kreis Neuss,266018.959738381730858,0.215660536823697
635,108,Düsseldorf II,05111,Düsseldorf,92410683.337023749947548,98.434565460095286
636,108,Düsseldorf II,05158,Mettmann,1450403.187694233143702,1.544949159199855
637,108,Düsseldorf II,05162,Rhein-Kreis Neuss,19231.739031553257519,0.020485379030353
638,109,Neuss I,05111,Düsseldorf,2270409.155568724963814,0.654817496059594
639,109,Neuss I,05158,Mettmann,423685.089059051533695,0.122196657133343
640,109,Neuss I,05162,Rhein-Kreis Neuss,342561330.920005917549133,98.799439920198211
641,109,Neuss I,05315,Köln,446524.631480905460194,0.128783898002744
642,109,Neuss I,05362,Rhein-Erft-Kreis,1022010.830489504383877,0.294762101062478
643,110,Mönchengladbach,05116,Mönchengladbach,166751438.838467687368393,97.613848872764592
644,110,Mönchengladbach,05162,Rhein-Kreis Neuss,1597050.501532535301521,0.934889961877839
645,110,Mönchengladbach,05166,Viersen,2380550.350371877197176,1.393539292697251
646,110,Mönchengladbach,05370,Heinsberg,98604.956724154981202,0.057721896799350
647,111,Krefeld I - Neuss II,05111,Düsseldorf,738631.200989444856532,0.238605971498464
648,111,Krefeld I - Neuss II,05112,Duisburg,1336359.427368581993505,0.431694923002538
649,111,Krefeld I - Neuss II,05114,Krefeld,79165366.427009239792824,25.573424382892156
650,111,Krefeld I - Neuss II,05116,Mönchengladbach,1629509.525625044479966,0.526393554600627
651,111,Krefeld I - Neuss II,05162,Rhein-Kreis Neuss,225303527.346563965082169,72.781608673644101
652,111,Krefeld I - Neuss II,05166,Viersen,1232762.542246594326571,0.398229188836917
653,111,Krefeld I - Neuss II,05170,Wesel,2292.625577720279125,0.000740605260814
654,111,Krefeld I - Neuss II,05362,Rhein-Erft-Kreis,1403.390731024233901,0.000453348583595
655,111,Krefeld I - Neuss II,05370,Heinsberg,151218.941275940043852,0.048849469591565
656,112,Viersen,05114,Krefeld,1018310.158608410973102,0.180898466821556
657,112,Viersen,05116,Mönchengladbach,274685.052291499101557,0.048796630769388
658,112,Viersen,05154,Kleve,2856511.448004320263863,0.507447104434629
659,112,Viersen,05162,Rhein-Kreis Neuss,573013.282171833910979,0.101793371436977
660,112,Viersen,05166,Viersen,556478920.584575295448303,98.856112453823926
661,112,Viersen,05170,Wesel,270628.865544384869281,0.048076066452620
662,112,Viersen,05370,Heinsberg,22790.128914541914128,0.004048569430890
663,113,Kleve,05154,Kleve,1218447793.570508956909180,98.776020354608647
664,113,Kleve,05166,Viersen,134074.012947541050380,0.010868990449827
665,113,Kleve,05170,Wesel,6440077.800681760534644,0.522078384713816
666,113,Kleve,05554,Borken,892404.102373032947071,0.072344606183108
667,114,Wesel I,05112,Duisburg,381741.458149283018429,0.043167044599080
668,114,Wesel I,05154,Kleve,4577456.573056701570749,0.517615437939196
669,114,Wesel I,05170,Wesel,873481484.523277163505554,98.772646758585509
670,114,Wesel I,05512,Bottrop,130766.755331515305443,0.014787008953230
671,114,Wesel I,05554,Borken,4835729.698962994851172,0.546820773924424
672,114,Wesel I,05562,Recklinghausen,928225.316573272342794,0.104963039206614
673,115,Krefeld II - Wesel II,05112,Duisburg,1627909.481400571530685,0.961035604041239
674,115,Krefeld II - Wesel II,05114,Krefeld,56264731.305129699409008,33.215857917064369
675,115,Krefeld II - Wesel II,05154,Kleve,46786.255748371069785,0.027620244287342
676,115,Krefeld II - Wesel II,05166,Viersen,740987.612594514270313,0.437441691932512
677,115,Krefeld II - Wesel II,05170,Wesel,110710758.218706548213959,65.358044543754119
678,116,Duisburg I,05111,Düsseldorf,84145.285749728936935,0.062899798278384
679,116,Duisburg I,05112,Duisburg,132229499.737617313861847,98.843432354432608
680,116,Duisburg I,05114,Krefeld,134937.852932930807583,0.100867964901134
681,116,Duisburg I,05117,Mülheim an der Ruhr,714224.323617571615614,0.533892843559630
682,116,Duisburg I,05119,Oberhausen,11089.994891249074499,0.008289928964560
683,116,Duisburg I,05158,Mettmann,31365.198395065599470,0.023445932049942
684,116,Duisburg I,05170,Wesel,571455.268047524499707,0.427170943268498
685,117,Duisburg II,05112,Duisburg,95771731.519411519169807,96.502042382193082
686,117,Duisburg II,05119,Oberhausen,1218151.778870630310848,1.227440840084331
687,117,Duisburg II,05170,Wesel,2253333.860140876844525,2.270516740406551
688,118,Oberhausen - Wesel III,05112,Duisburg,404531.806798712175805,0.324916272843453
689,118,Oberhausen - Wesel III,05113,Essen,52451.796950939286035,0.042128806889395
690,118,Oberhausen - Wesel III,05117,Mülheim an der Ruhr,2519.291920236601072,0.002023472387513
691,118,Oberhausen - Wesel III,05119,Oberhausen,75087252.597536593675613,60.309399266065746
692,118,Oberhausen - Wesel III,05170,Wesel,47337141.894871644675732,38.020762404960898
693,118,Oberhausen - Wesel III,05512,Bottrop,1619502.435710293939337,1.300769646362350
694,119,Mülheim - Essen I,05112,Duisburg,65680.729540583604830,0.055858950587324
695,119,Mülheim - Essen I,05113,Essen,26132079.738694552332163,22.224335220969333
696,119,Mülheim - Essen I,05117,Mülheim an der Ruhr,89580945.915599822998047,76.185171304672821
697,119,Mülheim - Essen I,05119,Oberhausen,1088880.925159645034000,0.926051616956993
698,119,Mülheim - Essen I,05158,Mettmann,119092.820415370893897,0.101283892816337
699,119,Mülheim - Essen I,05512,Bottrop,596498.611607487895526,0.507299274905314
700,120,Essen II,05113,Essen,76049239.070855498313904,97.017353657200445
701,120,Essen II,05512,Bottrop,54021.047490960809228,0.068915601699577
702,120,Essen II,05513,Gelsenkirchen,1130220.377004175214097,1.441842040315828
703,120,Essen II,05562,Recklinghausen,112992.503973826926085,0.144146527336425
704,120,Essen II,05911,Bochum,972904.757535257027484,1.241151733926338
705,120,Essen II,05954,Ennepe-Ruhr-Kreis,67875.896842203917913,0.086590477027710
706,121,Essen III,05113,Essen,105667601.252204194664955,99.297511944816137
707,121,Essen III,05117,Mülheim an der Ruhr,356358.121034815674648,0.334875348363685
708,121,Essen III,05158,Mettmann,94887.883213089182391,0.089167640838951
709,121,Essen III,05954,Ennepe-Ruhr-Kreis,296307.624447242764290,0.278444949343226
710,122,Recklinghausen I,05562,Recklinghausen,164032281.580215692520142,99.009919400998470
711,122,Recklinghausen I,05911,Bochum,6811.913480876182803,0.004111672398938
712,122,Recklinghausen I,05913,Dortmund,703268.361337496316992,0.424492929699614
713,122,Recklinghausen I,05916,Herne,4888.367330084987771,0.002950619540810
714,122,Recklinghausen I,05978,Unna,925323.531297784764320,0.558525476638197
715,123,Recklinghausen II,05513,Gelsenkirchen,79794.173929712400422,0.020541462500554
716,123,Recklinghausen II,05554,Borken,858642.013316285214387,0.221040733293047
717,123,Recklinghausen II,05558,Coesfeld,4066068.882271563634276,1.046730573881531
718,123,Recklinghausen II,05562,Recklinghausen,383355012.682120144367218,98.687312990364944
719,123,Recklinghausen II,05978,Unna,94682.266969997144770,0.024374113304874
720,124,Gelsenkirchen,05113,Essen,3407.910340628563972,0.003263720989077
721,124,Gelsenkirchen,05513,Gelsenkirchen,101921512.644182130694389,97.609193554655405
722,124,Gelsenkirchen,05562,Recklinghausen,2011144.000135159818456,1.926052105023210
723,124,Gelsenkirchen,05911,Bochum,110572.406276923051337,0.105894066189610
724,124,Gelsenkirchen,05916,Herne,371306.874325441953260,0.355596808013769
725,125,Steinfurt I - Borken I,03454,Emsland,1097395.852846369380131,0.112154803429042
726,125,Steinfurt I - Borken I,03456,Grafschaft Bentheim,2594446.485854028724134,0.265154670371132
727,125,Steinfurt I - Borken I,05554,Borken,419687496.617874145507812,42.892424427080272
728,125,Steinfurt I - Borken I,05558,Coesfeld,65965.107431568612810,0.006741690920349
729,125,Steinfurt I - Borken I,05566,Steinfurt,553253248.427033424377441,56.542959555451624
730,126,Bottrop - Recklinghausen III,05113,Essen,95141.089937371551059,0.030820368772401
731,126,Bottrop - Recklinghausen III,05119,Oberhausen,61708.143723177388893,0.019989972230301
732,126,Bottrop - Recklinghausen III,05170,Wesel,1041038.830525229335763,0.337238102740855
733,126,Bottrop - Recklinghausen III,05512,Bottrop,97818412.101352199912071,31.687670760119353
734,126,Bottrop - Recklinghausen III,05513,Gelsenkirchen,1289108.896830578567460,0.417598869366060
735,126,Bottrop - Recklinghausen III,05554,Borken,1712471.876778841251507,0.554744693270087
736,126,Bottrop - Recklinghausen III,05562,Recklinghausen,206677613.895884901285172,66.951937185753366
737,127,Borken II,05154,Kleve,117926.505891993176192,0.011833230777777
738,127,Borken II,05170,Wesel,84919.908563937715371,0.008521213005201
739,127,Borken II,05554,Borken,987353730.363648772239685,99.075135503400261
740,127,Borken II,05558,Coesfeld,2698107.582462733145803,0.270739215455025
741,127,Borken II,05562,Recklinghausen,261680.150835692329565,0.026258062946749
742,128,Coesfeld - Steinfurt II,05515,Münster,2985557.872285913676023,0.236546192452898
743,128,Coesfeld - Steinfurt II,05554,Borken,2686641.734967634081841,0.212863022616626
744,128,Coesfeld - Steinfurt II,05558,Coesfeld,1100437038.329812526702881,87.187789547605504
745,128,Coesfeld - Steinfurt II,05562,Recklinghausen,220907.606484102579998,0.017502542383373
746,128,Coesfeld - Steinfurt II,05566,Steinfurt,152877479.867135077714920,12.112505374641175
747,128,Coesfeld - Steinfurt II,05570,Warendorf,1534783.477974969893694,0.121601122297665
748,128,Coesfeld - Steinfurt II,05915,Hamm,171047.202569348184625,0.013552095195703
749,128,Coesfeld - Steinfurt II,05978,Unna,1232360.677306567784399,0.097640119004743
750,129,Steinfurt III,03404,Osnabrück,858138.157846712623723,0.078664594717470
751,129,Steinfurt III,03454,Emsland,1292334.872851182939485,0.118466936917459
752,129,Steinfurt III,03459,Osnabrück,7561033.541928577236831,0.693111748711273
753,129,Steinfurt III,05515,Münster,145102.615005659987219,0.013301399427928
754,129,Steinfurt III,05566,Steinfurt,1080796717.004729986190796,99.075463476052320
755,129,Steinfurt III,05570,Warendorf,228996.195522408816032,0.020991833014178
756,130,Münster,05515,Münster,298048095.784237265586853,98.257275621040435
757,130,Münster,05558,Coesfeld,751837.076001392095350,0.247857523143729
758,130,Münster,05566,Steinfurt,2108707.670960455667228,0.695175959049766
759,130,Münster,05570,Warendorf,2425737.858374343719333,0.799691045525833
760,131,Warendorf,03459,Osnabrück,2419566.828675088472664,0.183472097705112
761,131,Warendorf,05515,Münster,2178401.040688960347325,0.165184860298757
762,131,Warendorf,05558,Coesfeld,139508.026726839918410,0.010578682930733
763,131,Warendorf,05566,Steinfurt,1827081.020896389614791,0.138544793889664
764,131,Warendorf,05570,Warendorf,1306025671.973854541778564,99.033953868917223
765,131,Warendorf,05754,Gütersloh,5569017.890332419425249,0.422290214259584
766,131,Warendorf,05915,Hamm,175303.056739081104752,0.013292965985837
767,131,Warendorf,05974,Soest,431005.459997446916532,0.032682492969781
768,132,Gütersloh,03459,Osnabrück,2537095.874361569527537,0.292965559341448
769,132,Gütersloh,05570,Warendorf,634937.378702436108142,0.073317995657204
770,132,Gütersloh,05711,Bielefeld,3277872.474855979904532,0.378505106074388
771,132,Gütersloh,05754,Gütersloh,859225367.998782753944397,99.217157333271160
772,132,Gütersloh,05774,Paderborn,186319.145332416868769,0.021514793027704
773,132,Gütersloh,05974,Soest,143230.113415590778459,0.016539181950267
774,133,Bielefeld,03459,Osnabrück,370058.984963278577197,0.125839879664588
775,133,Bielefeld,05711,Bielefeld,254602628.271354079246521,86.578533168528011
776,133,Bielefeld,05754,Gütersloh,35137691.552362255752087,11.948697522043544
777,133,Bielefeld,05758,Herford,2997982.474355971440673,1.019474649012875
778,133,Bielefeld,05766,Lippe,962950.348125287564471,0.327454705479138
779,134,Herford - Minden-Lübbecke II,03459,Osnabrück,1037750.313952660653740,0.201533874737187
780,134,Herford - Minden-Lübbecke II,05711,Bielefeld,102745.520836321506067,0.019953453781348
781,134,Herford - Minden-Lübbecke II,05754,Gütersloh,26776.305724223559082,0.005200029883100
782,134,Herford - Minden-Lübbecke II,05758,Herford,442751076.927922487258911,85.983438287272890
783,134,Herford - Minden-Lübbecke II,05766,Lippe,615192.637372366269119,0.119472048577090
784,134,Herford - Minden-Lübbecke II,05770,Minden-Lübbecke,70392455.134480342268944,13.670402258401609
785,135,Minden-Lübbecke I,03251,Diepholz,4507262.762998761609197,0.414427939339236
786,135,Minden-Lübbecke I,03256,Nienburg (Weser),6677265.444485875777900,0.613952525975714
787,135,Minden-Lübbecke I,03257,Schaumburg,3153592.573971237055957,0.289962431894449
788,135,Minden-Lübbecke I,03459,Osnabrück,268319.617950326472055,0.024671103549655
789,135,Minden-Lübbecke I,05758,Herford,66877.649021157325478,0.006149179164618
790,135,Minden-Lübbecke I,05766,Lippe,154310.776967981102644,0.014188366793626
791,135,Minden-Lübbecke I,05770,Minden-Lübbecke,1072758978.446384429931641,98.636648498702357
792,136,Lippe I,03252,Hameln-Pyrmont,2139352.256928325630724,0.281846557653207
793,136,Lippe I,03257,Schaumburg,2951620.786849847063422,0.388857961832675
794,136,Lippe I,05711,Bielefeld,396928.238530671340413,0.052292864488734
795,136,Lippe I,05758,Herford,2514234.656164266169071,0.331235017831865
796,136,Lippe I,05766,Lippe,750301235.026911377906799,98.847592588100838
797,136,Lippe I,05770,Minden-Lübbecke,745196.090404118061997,0.098175021049872
798,137,Höxter - Lippe II,03155,Northeim,175195.203228459489765,0.010383213186524
799,137,Höxter - Lippe II,03252,Hameln-Pyrmont,2152267.220719784032553,0.127557427231386
800,137,Höxter - Lippe II,03255,Holzminden,4859666.055337725207210,0.288015583406631
801,137,Höxter - Lippe II,05762,Höxter,1190124072.419493913650513,70.534533678025440
802,137,Höxter - Lippe II,05766,Lippe,486854241.616352200508118,28.854165458367426
803,137,Höxter - Lippe II,05774,Paderborn,1709942.858518288005143,0.101342393567807
804,137,Höxter - Lippe II,05958,Hochsauerlandkreis,133861.070817713800352,0.007933482253303
805,137,Höxter - Lippe II,06633,Kassel,1228727.897330065723509,0.072822448737772
806,137,Höxter - Lippe II,06635,Waldeck-Frankenberg,54774.576343726075720,0.003246299515614
807,138,Paderborn,05711,Bielefeld,610282.184117115801200,0.046453552518129
808,138,Paderborn,05754,Gütersloh,68059837.346864044666290,5.180589096078137
809,138,Paderborn,05762,Höxter,3065650.113523793872446,0.233351623653915
810,138,Paderborn,05766,Lippe,4828025.671684881672263,0.367500395612810
811,138,Paderborn,05774,Paderborn,1235087699.576049804687500,94.012594189937957
812,138,Paderborn,05958,Hochsauerlandkreis,930001.661857709055766,0.070790008565552
813,138,Paderborn,05974,Soest,1165572.485123064136133,0.088721224476971
814,139,Hagen - Ennepe-Ruhr-Kreis I,05124,Wuppertal,149006.787972165184328,0.046036794348445
815,139,Hagen - Ennepe-Ruhr-Kreis I,05374,Oberbergischer Kreis,183892.730420476698782,0.056815074854999
816,139,Hagen - Ennepe-Ruhr-Kreis I,05913,Dortmund,576077.026455984567292,0.177983432545181
817,139,Hagen - Ennepe-Ruhr-Kreis I,05914,Hagen,159153234.453983426094055,49.171617106575042
818,139,Hagen - Ennepe-Ruhr-Kreis I,05954,Ennepe-Ruhr-Kreis,161849733.613809585571289,50.004721282371797
819,139,Hagen - Ennepe-Ruhr-Kreis I,05962,Märkischer Kreis,896731.400576632935554,0.277052070150330
820,139,Hagen - Ennepe-Ruhr-Kreis I,05978,Unna,860228.734574800706469,0.265774290454748
821,140,Ennepe-Ruhr-Kreis II,05113,Essen,106867.120582244402613,0.043505905804997
822,140,Ennepe-Ruhr-Kreis II,05124,Wuppertal,82014.599001972572296,0.033388374266793
823,140,Ennepe-Ruhr-Kreis II,05158,Mettmann,168082.787132757832296,0.068426976085797
824,140,Ennepe-Ruhr-Kreis II,05911,Bochum,1665556.731966365128756,0.678052837009319
825,140,Ennepe-Ruhr-Kreis II,05913,Dortmund,1268393.551158384652808,0.516366587400420
826,140,Ennepe-Ruhr-Kreis II,05914,Hagen,301919.469712480786256,0.122912266545977
827,140,Ennepe-Ruhr-Kreis II,05954,Ennepe-Ruhr-Kreis,242045358.190125763416290,98.537347095941428
828,141,Bochum I,05113,Essen,100996.660281402000692,0.103024468393059
829,141,Bochum I,05513,Gelsenkirchen,539537.307391353533603,0.550370122312374
830,141,Bochum I,05911,Bochum,95966694.483438968658447,97.893511082920440
831,141,Bochum I,05916,Herne,952128.187914831563830,0.971244990959716
832,141,Bochum I,05954,Ennepe-Ruhr-Kreis,472365.112328713759780,0.481849245801790
833,142,Herne - Bochum II,05513,Gelsenkirchen,301482.625543613161426,0.303967836045888
834,142,Herne - Bochum II,05562,Recklinghausen,1899698.037656400119886,1.915357810772084
835,142,Herne - Bochum II,05911,Bochum,45919825.518531940877438,46.298356229664925
836,142,Herne - Bochum II,05913,Dortmund,795032.240112823434174,0.801585926147674
837,142,Herne - Bochum II,05916,Herne,50154693.809864982962608,50.568133793578419
838,142,Herne - Bochum II,05954,Ennepe-Ruhr-Kreis,111677.967666435986757,0.112598562203573
839,143,Dortmund I,05562,Recklinghausen,1126127.871124585624784,0.832820823531503
840,143,Dortmund I,05911,Bochum,129364.328870083380025,0.095670580284629
841,143,Dortmund I,05913,Dortmund,133713233.026589006185532,98.886785152610514
842,143,Dortmund I,05954,Ennepe-Ruhr-Kreis,24256.090950300949771,0.017938440348440
843,143,Dortmund I,05978,Unna,225524.543870847439393,0.166785265837992
844,144,Dortmund II,05913,Dortmund,141219370.676746487617493,97.433573269349779
845,144,Dortmund II,05954,Ennepe-Ruhr-Kreis,42972.787241166297463,0.029648851954131
846,144,Dortmund II,05978,Unna,3676783.497079936787486,2.536777727740315
847,145,Unna I,05913,Dortmund,1100516.263934055808932,0.316637691370561
848,145,Unna I,05914,Hagen,102079.582313059596345,0.029370073245565
849,145,Unna I,05915,Hamm,3271825.990050197113305,0.941361306512933
850,145,Unna I,05962,Märkischer Kreis,421342.507516977202613,0.121227575846578
851,145,Unna I,05974,Soest,1295993.842134207719937,0.372879994282781
852,145,Unna I,05978,Unna,341371495.985288023948669,98.218523370203670
853,146,Hamm - Unna II,05558,Coesfeld,3593363.425787781365216,0.853154188291245
854,146,Hamm - Unna II,05562,Recklinghausen,454173.061378402402624,0.107832023541869
855,146,Hamm - Unna II,05570,Warendorf,2342427.507015082053840,0.556150770622488
856,146,Hamm - Unna II,05913,Dortmund,144574.382400956004858,0.034325567789725
857,146,Hamm - Unna II,05915,Hamm,222179166.312212467193604,52.750880951810522
858,146,Hamm - Unna II,05974,Soest,1306548.985491212690249,0.310207348129595
859,146,Hamm - Unna II,05978,Unna,191165444.424638271331787,45.387449094905300
860,147,Soest,05570,Warendorf,4432388.748277822509408,0.333639371237550
861,147,Soest,05754,Gütersloh,660500.861482775886543,0.049717907124594
862,147,Soest,05774,Paderborn,4689404.279419477097690,0.352985711344045
863,147,Soest,05915,Hamm,1778640.474546461366117,0.133883673857784
864,147,Soest,05958,Hochsauerlandkreis,440590.254191602405626,0.033164567399237
865,147,Soest,05962,Märkischer Kreis,4031.600966857296498,0.000303470856925
866,147,Soest,05974,Soest,1316328005.070663213729858,99.084009299679479
867,147,Soest,05978,Unna,163351.718198322952958,0.012295980259276
868,148,Hochsauerlandkreis,05762,Höxter,712672.505400194437243,0.036398412776605
869,148,Hochsauerlandkreis,05774,Paderborn,4156456.279260013252497,0.212283215914812
870,148,Hochsauerlandkreis,05958,Hochsauerlandkreis,1939064207.538495540618896,99.034070897255177
871,148,Hochsauerlandkreis,05962,Märkischer Kreis,529585.919054067810066,0.027047608454578
872,148,Hochsauerlandkreis,05966,Olpe,787993.342451404547319,0.040245283389538
873,148,Hochsauerlandkreis,05970,Siegen-Wittgenstein,99646.164707603442366,0.005089241141127
874,148,Hochsauerlandkreis,05974,Soest,7335354.602069409564137,0.374639490994486
875,148,Hochsauerlandkreis,06635,Waldeck-Frankenberg,5290959.426979807205498,0.270225838303302
876,149,Siegen-Wittgenstein,05958,Hochsauerlandkreis,3689270.453171913977712,0.325824581461141
877,149,Siegen-Wittgenstein,05966,Olpe,3877486.271288801450282,0.342447201282785
878,149,Siegen-Wittgenstein,05970,Siegen-Wittgenstein,1122271119.081291675567627,99.115400267335502
879,149,Siegen-Wittgenstein,06532,Lahn-Dill-Kreis,1072061.197471722494811,0.094681020380773
880,149,Siegen-Wittgenstein,06534,Marburg-Biedenkopf,478384.423278323374689,0.042249384118255
881,149,Siegen-Wittgenstein,06635,Waldeck-Frankenberg,751344.429699529195204,0.066356339945078
882,149,Siegen-Wittgenstein,07132,Altenkirchen (Westerwald),142126.754599146457622,0.012552180958130
883,149,Siegen-Wittgenstein,07143,Westerwaldkreis,5537.237892790542901,0.000489031162602
884,150,Olpe - Märkischer Kreis I,05374,Oberbergischer Kreis,795074.755561197758652,0.068532291648867
885,150,Olpe - Märkischer Kreis I,05914,Hagen,294260.761871399648953,0.025364111000046
886,150,Olpe - Märkischer Kreis I,05954,Ennepe-Ruhr-Kreis,949139.205066459253430,0.081812036367669
887,150,Olpe - Märkischer Kreis I,05958,Hochsauerlandkreis,5075894.669129732996225,0.437521995775340
888,150,Olpe - Märkischer Kreis I,05962,Märkischer Kreis,448638061.685853123664856,38.670822175123774
889,150,Olpe - Märkischer Kreis I,05966,Olpe,702910817.591091632843018,60.588125603728962
890,150,Olpe - Märkischer Kreis I,05970,Siegen-Wittgenstein,1481856.930446960497648,0.127730192197592
891,150,Olpe - Märkischer Kreis I,07132,Altenkirchen (Westerwald),1063.068914300436745,0.000091632325600
892,151,Märkischer Kreis II,05914,Hagen,409521.566637061536312,0.066793829463527
893,151,Märkischer Kreis II,05958,Hochsauerlandkreis,2957845.783862654585391,0.482430872906453
894,151,Märkischer Kreis II,05962,Märkischer Kreis,605552849.436640381813049,98.766944287137790
895,151,Märkischer Kreis II,05966,Olpe,1006515.981497833970934,0.164164875057882
896,151,Märkischer Kreis II,05974,Soest,415132.070782251656055,0.067708914498378
897,151,Märkischer Kreis II,05978,Unna,2771007.592117057181895,0.451957170583006
898,152,Nordsachsen,12062,Elbe-Elster,5428133.664699384011328,0.267390435709387
899,152,Nordsachsen,14522,Mittelsachsen,377099.748809494543821,0.018575973321330
900,152,Nordsachsen,14627,Meißen,2891338.595550222322345,0.142427643570262
901,152,Nordsachsen,14713,Leipzig,2946167.140104038175195,0.145128503446447
902,152,Nordsachsen,14729,Leipzig,3204770.136050205677748,0.157867314248304
903,152,Nordsachsen,14730,Nordsachsen,2004570900.643248558044434,98.745373574554648
904,152,Nordsachsen,15082,Anhalt-Bitterfeld,3960255.281814093235880,0.195082592053915
905,152,Nordsachsen,15088,Saalekreis,1011235.961650884593837,0.049813589917522
906,152,Nordsachsen,15091,Wittenberg,5650422.184254689142108,0.278340391581629
907,153,Leipzig I,14713,Leipzig,164052194.555187225341797,96.397971086806450
908,153,Leipzig I,14729,Leipzig,1271362.008308064891025,0.747059302986141
909,153,Leipzig I,14730,Nordsachsen,4858650.226171112619340,2.854969574124110
910,154,Leipzig II,14713,Leipzig,126766035.025145873427391,99.069488733055096
911,154,Leipzig II,14729,Leipzig,1190651.500215559266508,0.930511357890163
912,155,Leipzig-Land,14522,Mittelsachsen,3053284.518780052661896,0.184945088694046
913,155,Leipzig-Land,14713,Leipzig,5364865.454819500446320,0.324963334163713
914,155,Leipzig-Land,14729,Leipzig,1632292552.622613430023193,98.872047155316650
915,155,Leipzig-Land,14730,Nordsachsen,8874936.839438162744045,0.537577147110994
916,155,Leipzig-Land,15084,Burgenlandkreis,365834.625000970263500,0.022159519282268
917,155,Leipzig-Land,15088,Saalekreis,398650.214049809786957,0.024147241680838
918,155,Leipzig-Land,16077,Altenburger Land,563960.807309811585583,0.034160518250541
919,156,Meißen,12062,Elbe-Elster,7404599.205701344646513,0.508233154844750
920,156,Meißen,12066,Oberspreewald-Lausitz,1316788.231149419676512,0.090381048101052
921,156,Meißen,14522,Mittelsachsen,1334609.069378827465698,0.091604225829340
922,156,Meißen,14612,Dresden,1353246.331428416073322,0.092883440845034
923,156,Meißen,14625,Bautzen,2965996.482472695875913,0.203578574298101
924,156,Meißen,14627,Meißen,1441538150.920576333999634,98.943570329548734
925,156,Meißen,14628,Sächsische Schweiz-Osterzgebirge,193019.929814006609377,0.013248404829494
926,156,Meißen,14730,Nordsachsen,823176.637602437171154,0.056500783891321
927,157,Bautzen I,12066,Oberspreewald-Lausitz,3372666.896914021577686,0.151307838476538
928,157,Bautzen I,12071,Spree-Neiße,3116354.816944031976163,0.139808918487977
929,157,Bautzen I,14625,Bautzen,2209719788.188806056976318,99.134582515578202
930,157,Bautzen I,14626,Görlitz,10643381.123222053050995,0.477493639620994
931,157,Bautzen I,14627,Meißen,1691579.474204906262457,0.075889271510156
932,157,Bautzen I,14628,Sächsische Schweiz-Osterzgebirge,282504.840106308576651,0.012674004881643
933,158,Görlitz,12071,Spree-Neiße,2602469.936533080413938,0.122811989632358
934,158,Görlitz,14625,Bautzen,3546062.944682456552982,0.167340663376957
935,158,Görlitz,14626,Görlitz,2098107906.810728788375854,99.010867669069327
936,159,Sächsische Schweiz - Osterzgebirge,14522,Mittelsachsen,1045748.004572472767904,0.063026966916739
937,159,Sächsische Schweiz - Osterzgebirge,14612,Dresden,5490096.146139772608876,0.330886701824436
938,159,Sächsische Schweiz - Osterzgebirge,14625,Bautzen,5336458.498866044916213,0.321626999802967
939,159,Sächsische Schweiz - Osterzgebirge,14627,Meißen,1870093.435194730293006,0.112710056873995
940,159,Sächsische Schweiz - Osterzgebirge,14628,Sächsische Schweiz-Osterzgebirge,1640051977.593096733093262,98.845516588628286
941,160,Dresden I,14612,Dresden,78883684.979606896638870,99.862292206233832
942,160,Dresden I,14628,Sächsische Schweiz-Osterzgebirge,108778.656079561245861,0.137707638049957
943,161,Dresden II - Bautzen II,14612,Dresden,242965699.955751001834869,57.673539932330044
944,161,Dresden II - Bautzen II,14625,Bautzen,173671799.652580231428146,41.225026718614508
945,161,Dresden II - Bautzen II,14627,Meißen,3744396.252660380676389,0.888819231848795
946,161,Dresden II - Bautzen II,14628,Sächsische Schweiz-Osterzgebirge,895696.045029058586806,0.212614215214829
947,162,Mittelsachsen,14511,Chemnitz,292187.310418972338084,0.017397221061205
948,162,Mittelsachsen,14521,Erzgebirgskreis,947704.157254301710054,0.056427565936161
949,162,Mittelsachsen,14522,Mittelsachsen,1658862942.456995010375977,98.770905823333138
950,162,Mittelsachsen,14627,Meißen,6513921.823544469662011,0.387847568661053
951,162,Mittelsachsen,14628,Sächsische Schweiz-Osterzgebirge,6821708.974092942662537,0.406173624950808
952,162,Mittelsachsen,14729,Leipzig,869387.487372688832693,0.051764487252990
953,162,Mittelsachsen,14730,Nordsachsen,4162016.954520286526531,0.247812024808491
954,163,Chemnitz,14511,Chemnitz,215760399.655387818813324,97.435431616125129
955,163,Chemnitz,14521,Erzgebirgskreis,208282.065315087238559,0.094058283931097
956,163,Chemnitz,14522,Mittelsachsen,4335050.606294179335237,1.957669375736488
957,163,Chemnitz,14524,Zwickau,1135630.884528505848721,0.512840565587420
958,164,Chemnitzer Umland - Erzgebirgskreis II,14511,Chemnitz,4192882.078258305788040,0.463782461598816
959,164,Chemnitzer Umland - Erzgebirgskreis II,14521,Erzgebirgskreis,264467695.763979166746140,29.253262234776521
960,164,Chemnitzer Umland - Erzgebirgskreis II,14522,Mittelsachsen,438682220.544094085693359,48.523453869250623
961,164,Chemnitzer Umland - Erzgebirgskreis II,14524,Zwickau,191951722.987234115600586,21.232136018510051
962,164,Chemnitzer Umland - Erzgebirgskreis II,14729,Leipzig,4640653.651982511393726,0.513311305677839
963,164,Chemnitzer Umland - Erzgebirgskreis II,16077,Altenburger Land,127058.402686132278177,0.014054165527371
964,165,Erzgebirgskreis I,14511,Chemnitz,1028806.780838882201351,0.065561201371221
965,165,Erzgebirgskreis I,14521,Erzgebirgskreis,1551361621.073661327362061,98.861257072840829
966,165,Erzgebirgskreis I,14522,Mittelsachsen,7262228.128274182789028,0.462788941120028
967,165,Erzgebirgskreis I,14523,Vogtlandkreis,897254.817892733379267,0.057177989971254
968,165,Erzgebirgskreis I,14524,Zwickau,1217831.845272880746052,0.077606913495572
969,166,Zwickau,14521,Erzgebirgskreis,3286848.694649737328291,0.434628049906738
970,166,Zwickau,14523,Vogtlandkreis,697575.813767543411814,0.092242157691473
971,166,Zwickau,14524,Zwickau,747674465.876531720161438,98.866825113654357
972,166,Zwickau,16076,Greiz,488379.251136421109550,0.064579584050173
973,166,Zwickau,16077,Altenburger Land,4096763.405127476900816,0.541725054943421
974,167,Vogtlandkreis,09475,Hof,648810.838469407521188,0.045648294437842
975,167,Vogtlandkreis,14521,Erzgebirgskreis,2659213.692084691952914,0.187093929990116
976,167,Vogtlandkreis,14523,Vogtlandkreis,1400445675.425987243652344,98.530962717668700
977,167,Vogtlandkreis,14524,Zwickau,3809908.873613743111491,0.268053231746789
978,167,Vogtlandkreis,16075,Saale-Orla-Kreis,1507956.652361855842173,0.106095097654203
979,167,Vogtlandkreis,16076,Greiz,5395637.178037323057652,0.379620098770021
980,168,Waldeck,03155,Northeim,3928995.707596029620618,0.181085885460696
981,168,Waldeck,03159,Göttingen,2487949.688543657772243,0.114668634394424
982,168,Waldeck,05762,Höxter,5097638.648737328127027,0.234948184514580
983,168,Waldeck,05958,Hochsauerlandkreis,4638274.002700443379581,0.213776246475527
984,168,Waldeck,06611,Kassel,2544031.137642959132791,0.117253406591663
985,168,Waldeck,06633,Kassel,1033620728.517733931541443,47.639177740076093
986,168,Waldeck,06634,Schwalm-Eder-Kreis,3934126.707042346708477,0.181322371231408
987,168,Waldeck,06635,Waldeck-Frankenberg,1113434588.344980716705322,51.317767525987591
988,169,Kassel,03159,Göttingen,3181403.378704188391566,0.892937671411256
989,169,Kassel,06611,Kassel,101991677.968344390392303,28.626426952961420
990,169,Kassel,06633,Kassel,249026336.461688667535782,69.895253927449858
991,169,Kassel,06634,Schwalm-Eder-Kreis,137578.504353508003987,0.038614729001672
992,169,Kassel,06636,Werra-Meißner-Kreis,1948047.882908968022093,0.546766672848278
993,170,Werra-Meißner - Hersfeld-Rotenburg,03159,Göttingen,3798189.544805906713009,0.179185252547825
994,170,Werra-Meißner - Hersfeld-Rotenburg,06535,Vogelsbergkreis,173983.505361886258470,0.008207931168169
995,170,Werra-Meißner - Hersfeld-Rotenburg,06631,Fulda,1284518.331734201870859,0.060599066728742
996,170,Werra-Meißner - Hersfeld-Rotenburg,06632,Hersfeld-Rotenburg,1083612877.190704822540283,51.121052483812832
997,170,Werra-Meißner - Hersfeld-Rotenburg,06633,Kassel,1958565.569456016877666,0.092398249759382
998,170,Werra-Meißner - Hersfeld-Rotenburg,06634,Schwalm-Eder-Kreis,3713946.745745461899787,0.175210972947792
999,170,Werra-Meißner - Hersfeld-Rotenburg,06636,Werra-Meißner-Kreis,1011626926.090161919593811,47.725007953732565
1000,170,Werra-Meißner - Hersfeld-Rotenburg,16056,Eisenach,141968.418359641189454,0.006697571723974
1001,170,Werra-Meißner - Hersfeld-Rotenburg,16061,Eichsfeld,3291226.521763280965388,0.155268516364786
1002,170,Werra-Meißner - Hersfeld-Rotenburg,16063,Wartburgkreis,9297348.331432355567813,0.438616264180660
1003,170,Werra-Meißner - Hersfeld-Rotenburg,16064,Unstrut-Hainich-Kreis,800308.032371878158301,0.037755724195680
1004,171,Schwalm-Eder,05958,Hochsauerlandkreis,1657297.196767707355320,0.073328563996287
1005,171,Schwalm-Eder,05970,Siegen-Wittgenstein,1271719.053186972858384,0.056268321794543
1006,171,Schwalm-Eder,06534,Marburg-Biedenkopf,1031859.589606286492199,0.045655530039633
1007,171,Schwalm-Eder,06535,Vogelsbergkreis,206134.505968069541268,0.009120601508410
1008,171,Schwalm-Eder,06632,Hersfeld-Rotenburg,3130118.412497352343053,0.138494826862934
1009,171,Schwalm-Eder,06633,Kassel,5771088.928635661490262,0.255346877227018
1010,171,Schwalm-Eder,06634,Schwalm-Eder-Kreis,1522503814.692845582962036,67.364512911768387
1011,171,Schwalm-Eder,06635,Waldeck-Frankenberg,721562521.586246132850647,31.926164869315020
1012,171,Schwalm-Eder,06636,Werra-Meißner-Kreis,2963158.016095321625471,0.131107518095207
1013,172,Marburg,05970,Siegen-Wittgenstein,972708.977462721755728,0.077122781042463
1014,172,Marburg,06531,Gießen,394928.184895950194914,0.031312510357082
1015,172,Marburg,06532,Lahn-Dill-Kreis,449851.419081002881285,0.035667186485647
1016,172,Marburg,06534,Marburg-Biedenkopf,1249644026.957919120788574,99.080017667248654
1017,172,Marburg,06535,Vogelsbergkreis,485446.657077310374007,0.038489411642141
1018,172,Marburg,06634,Schwalm-Eder-Kreis,3892747.252623702865094,0.308642668026835
1019,172,Marburg,06635,Waldeck-Frankenberg,5407569.169830068014562,0.428747737215947
1020,173,Lahn-Dill,05970,Siegen-Wittgenstein,2021513.680229180026799,0.175198214662661
1021,173,Lahn-Dill,06434,Hochtaunuskreis,101987.464517554748454,0.008838931873774
1022,173,Lahn-Dill,06440,Wetteraukreis,150496.535016871435801,0.013043060012774
1023,173,Lahn-Dill,06531,Gießen,90821914.949148207902908,7.871248909644205
1024,173,Lahn-Dill,06532,Lahn-Dill-Kreis,1055794295.649855732917786,91.502361551125162
1025,173,Lahn-Dill,06533,Limburg-Weilburg,245206.031489596061874,0.021251233351348
1026,173,Lahn-Dill,06534,Marburg-Biedenkopf,4551360.827560926787555,0.394452087597964
1027,173,Lahn-Dill,07143,Westerwaldkreis,156992.055265546950977,0.013606006265378
1028,174,Gießen,06440,Wetteraukreis,2155520.765833194833249,0.135932445632612
1029,174,Gießen,06531,Gießen,758125981.324520587921143,47.809290623665810
1030,174,Gießen,06532,Lahn-Dill-Kreis,1805271.167090140981600,0.113844843743710
1031,174,Gießen,06534,Marburg-Biedenkopf,5452437.576360706239939,0.343844135562003
1032,174,Gießen,06535,Vogelsbergkreis,812365973.872079491615295,51.229798073629709
1033,174,Gießen,06632,Hersfeld-Rotenburg,1677358.734394290251657,0.105778370862182
1034,174,Gießen,06634,Schwalm-Eder-Kreis,4146864.815742843784392,0.261511503413360
1035,175,Fulda,06435,Main-Kinzig-Kreis,409453183.747996389865875,16.784323716230944
1036,175,Fulda,06440,Wetteraukreis,797508.595079582650214,0.032691508962672
1037,175,Fulda,06531,Gießen,10259.638787973057333,0.000420563584468
1038,175,Fulda,06535,Vogelsbergkreis,639747009.795469164848328,26.224538812003967
1039,175,Fulda,06631,Fulda,1375264081.356062412261963,56.374888395035164
1040,175,Fulda,06632,Hersfeld-Rotenburg,5682375.515151917003095,0.232932198134266
1041,175,Fulda,09672,Bad Kissingen,1893541.702868386637419,0.077620148462899
1042,175,Fulda,09673,Rhön-Grabfeld,279569.127670880116057,0.011460110523357
1043,175,Fulda,16063,Wartburgkreis,3951959.465473799500614,0.161998903940040
1044,175,Fulda,16066,Schmalkalden-Meiningen,2418167.515711329411715,0.099125633881389
1045,176,Hochtaunus,06412,Frankfurt am Main,169880.736856129718944,0.020921315453165
1046,176,Hochtaunus,06434,Hochtaunuskreis,425316513.891733825206757,52.378987278030067
1047,176,Hochtaunus,06436,Main-Taunus-Kreis,146236.869751484278822,0.018009503252539
1048,176,Hochtaunus,06439,Rheingau-Taunus-Kreis,865622.589759303722531,0.106603983470342
1049,176,Hochtaunus,06440,Wetteraukreis,5744078.480964094400406,0.707400262748820
1050,176,Hochtaunus,06532,Lahn-Dill-Kreis,4177310.918096106965095,0.514448201019134
1051,176,Hochtaunus,06533,Limburg-Weilburg,375213783.490391373634338,46.208687765619125
1052,176,Hochtaunus,07143,Westerwaldkreis,364925.961156301957089,0.044941712001558
1053,177,Wetterau,06412,Frankfurt am Main,238791.396322581800632,0.019306117557519
1054,177,Wetterau,06434,Hochtaunuskreis,507864.924338766781148,0.041060524305404
1055,177,Wetterau,06435,Main-Kinzig-Kreis,141158336.457543104887009,11.412552880220336
1056,177,Wetterau,06440,Wetteraukreis,1084423532.747931718826294,87.674884974034271
1057,177,Wetterau,06531,Gießen,5470845.867503453046083,0.442314066099790
1058,177,Wetterau,06532,Lahn-Dill-Kreis,614014.031156237935647,0.049642605428943
1059,177,Wetterau,06535,Vogelsbergkreis,4117945.340599957853556,0.332933003723725
1060,177,Wetterau,09677,Main-Spessart,337737.917696364165749,0.027305874680130
1061,178,Rheingau-Taunus - Limburg,06414,Wiesbaden,2398077.913235629908741,0.204608986981107
1062,178,Rheingau-Taunus - Limburg,06434,Hochtaunuskreis,2313925.096551821567118,0.197428893924811
1063,178,Rheingau-Taunus - Limburg,06436,Main-Taunus-Kreis,1066386.737286092014983,0.090986330695068
1064,178,Rheingau-Taunus - Limburg,06439,Rheingau-Taunus-Kreis,802307697.311090230941772,68.454558664640473
1065,178,Rheingau-Taunus - Limburg,06533,Limburg-Weilburg,358296798.396175026893616,30.570626814831119
1066,178,Rheingau-Taunus - Limburg,07141,Rhein-Lahn-Kreis,3999375.078035869169980,0.341234986051932
1067,178,Rheingau-Taunus - Limburg,07143,Westerwaldkreis,1647349.465203442843631,0.140555276965276
1068,179,Wiesbaden,06414,Wiesbaden,199348518.298393040895462,97.732652405499124
1069,179,Wiesbaden,06433,Groß-Gerau,5023.000615907791143,0.002462577486993
1070,179,Wiesbaden,06436,Main-Taunus-Kreis,3308728.744986167643219,1.622138148294545
1071,179,Wiesbaden,06439,Rheingau-Taunus-Kreis,1311032.014835650101304,0.642746870115295
1072,180,Hanau,06412,Frankfurt am Main,53356.173107036971487,0.006352127344290
1073,180,Hanau,06435,Main-Kinzig-Kreis,832771131.073330521583557,99.142572736884603
1074,180,Hanau,06438,Offenbach,263764.553137682261877,0.031401540494278
1075,180,Hanau,06440,Wetteraukreis,4844649.969538808800280,0.576762382925895
1076,180,Hanau,09671,Aschaffenburg,586653.678125333855860,0.069841944304599
1077,180,Hanau,09677,Main-Spessart,1453735.675002557458356,0.173069273803217
1078,181,Main-Taunus,06412,Frankfurt am Main,1263831.546201467048377,0.470223850851040
1079,181,Main-Taunus,06414,Wiesbaden,400853.344289060041774,0.149142347130550
1080,181,Main-Taunus,06433,Groß-Gerau,254274.756729389802786,0.094606006348606
1081,181,Main-Taunus,06434,Hochtaunuskreis,51100972.428301341831684,19.012736396467687
1082,181,Main-Taunus,06436,Main-Taunus-Kreis,215300441.417294800281525,80.105139769181321
1083,181,Main-Taunus,06439,Rheingau-Taunus-Kreis,451944.816595149342902,0.168151548891359
1084,182,Frankfurt am Main I,06412,Frankfurt am Main,109742262.772003576159477,98.639926728432485
1085,182,Frankfurt am Main I,06433,Groß-Gerau,294046.082468235399574,0.264298213803996
1086,182,Frankfurt am Main I,06434,Hochtaunuskreis,632957.114111763541587,0.568922507894126
1087,182,Frankfurt am Main I,06436,Main-Taunus-Kreis,586152.214538736618124,0.526852736888886
1088,183,Frankfurt am Main II,06412,Frankfurt am Main,133016002.061075016856194,96.231917405798811
1089,183,Frankfurt am Main II,06413,Offenbach am Main,1319917.967832430033013,0.954909446192490
1090,183,Frankfurt am Main II,06433,Groß-Gerau,461147.426806376490276,0.333622274017467
1091,183,Frankfurt am Main II,06434,Hochtaunuskreis,572878.000445403275080,0.414455009684838
1092,183,Frankfurt am Main II,06435,Main-Kinzig-Kreis,927178.894346902030520,0.670777962039659
1093,183,Frankfurt am Main II,06438,Offenbach,242492.953592844773084,0.175434244903258
1094,183,Frankfurt am Main II,06440,Wetteraukreis,1684794.199578348081559,1.218883245229015
1095,184,Groß-Gerau,06412,Frankfurt am Main,1581966.453540325630456,0.349700913474242
1096,184,Groß-Gerau,06414,Wiesbaden,107218.157189618214034,0.023701063588501
1097,184,Groß-Gerau,06431,Bergstraße,75385.759396555862622,0.016664366595719
1098,184,Groß-Gerau,06432,Darmstadt-Dieburg,3087604.248913577292114,0.682529028270892
1099,184,Groß-Gerau,06433,Groß-Gerau,445638619.072535574436188,98.510453126427734
1100,184,Groß-Gerau,06436,Main-Taunus-Kreis,1003415.173117455793545,0.221809509201545
1101,184,Groß-Gerau,06438,Offenbach,770680.433656810550019,0.170362431544217
1102,184,Groß-Gerau,07331,Alzey-Worms,51945.477986045196303,0.011482785277730
1103,184,Groß-Gerau,07339,Mainz-Bingen,60151.815530970554391,0.013296833691536
1104,185,Offenbach,06412,Frankfurt am Main,1891343.012845587218180,0.783240397343285
1105,185,Offenbach,06413,Offenbach am Main,44001113.151266202330589,18.221681162050654
1106,185,Offenbach,06432,Darmstadt-Dieburg,9305.496913425971798,0.003853579731676
1107,185,Offenbach,06433,Groß-Gerau,106053.384333051915746,0.043918683348530
1108,185,Offenbach,06435,Main-Kinzig-Kreis,2360447.270735696889460,0.977505214909337
1109,185,Offenbach,06438,Offenbach,193108431.299402087926865,79.969801053549261
1110,186,Darmstadt,06411,Darmstadt,122802443.646021798253059,27.267260723494712
1111,186,Darmstadt,06431,Bergstraße,285651.175189298985060,0.063426466433444
1112,186,Darmstadt,06432,Darmstadt-Dieburg,322595793.959368646144867,71.629711600432330
1113,186,Darmstadt,06433,Groß-Gerau,1789082.258817445952445,0.397250827903492
1114,186,Darmstadt,06438,Offenbach,2892927.019951542373747,0.642350371580873
1115,187,Odenwald,06411,Darmstadt,19481.774071146694041,0.001748145720763
1116,187,Odenwald,06431,Bergstraße,414222.871750205871649,0.037169199172918
1117,187,Odenwald,06432,Darmstadt-Dieburg,329416182.958276748657227,29.559294163124267
1118,187,Odenwald,06435,Main-Kinzig-Kreis,1549923.289910619147122,0.139078287063232
1119,187,Odenwald,06437,Odenwaldkreis,616638782.462635755538940,55.332458167401242
1120,187,Odenwald,06438,Offenbach,158553857.725585669279099,14.227413113466724
1121,187,Odenwald,08225,Neckar-Odenwald-Kreis,688816.376754788216203,0.061809124621698
1122,187,Odenwald,08226,Rhein-Neckar-Kreis,553854.261456663720310,0.049698654422121
1123,187,Odenwald,09671,Aschaffenburg,2777792.655895960517228,0.249257912900396
1124,187,Odenwald,09676,Miltenberg,3812149.389861646573991,0.342073192023379
1125,188,Bergstraße,06431,Bergstraße,708297542.367145538330078,98.459848383736926
1126,188,Bergstraße,06432,Darmstadt-Dieburg,2232038.556920684874058,0.310273811153717
1127,188,Bergstraße,06433,Groß-Gerau,1170488.072922331048176,0.162708567094205
1128,188,Bergstraße,06437,Odenwaldkreis,4157917.596061605028808,0.577988644055031
1129,188,Bergstraße,07319,Worms,411829.892072255839594,0.057248128516457
1130,188,Bergstraße,08222,Mannheim,22841.961217762152955,0.003175241905784
1131,188,Bergstraße,08226,Rhein-Neckar-Kreis,3084381.003117968328297,0.428757221025705
1132,189,Eichsfeld - Nordhausen - Unstrut-Hainich-Kreis I,03153,Goslar,205576.624321493174648,0.010727152409007
1133,189,Eichsfeld - Nordhausen - Unstrut-Hainich-Kreis I,03159,Göttingen,7772620.011229412630200,0.405581518584364
1134,189,Eichsfeld - Nordhausen - Unstrut-Hainich-Kreis I,06636,Werra-Meißner-Kreis,414126.425538614741527,0.021609447562496
1135,189,Eichsfeld - Nordhausen - Unstrut-Hainich-Kreis I,15085,Harz,2273370.054232905153185,0.118626264704552
1136,189,Eichsfeld - Nordhausen - Unstrut-Hainich-Kreis I,15087,Mansfeld-Südharz,3165223.899632987100631,0.165163910498387
1137,189,Eichsfeld - Nordhausen - Unstrut-Hainich-Kreis I,16061,Eichsfeld,936658525.310953736305237,48.875589767898518
1138,189,Eichsfeld - Nordhausen - Unstrut-Hainich-Kreis I,16062,Nordhausen,706785654.541947126388550,36.880639818827973
1139,189,Eichsfeld - Nordhausen - Unstrut-Hainich-Kreis I,16064,Unstrut-Hainich-Kreis,258187626.972810149192810,13.472436536976989
1140,189,Eichsfeld - Nordhausen - Unstrut-Hainich-Kreis I,16065,Kyffhäuserkreis,951031.466896360274404,0.049625581336547
1141,190,Eisenach - Wartburgkreis - Unstrut-Hainich-Kreis II,06631,Fulda,920944.926976532209665,0.043342565557526
1142,190,Eisenach - Wartburgkreis - Unstrut-Hainich-Kreis II,06632,Hersfeld-Rotenburg,3088283.868160552345216,0.145344354580943
1143,190,Eisenach - Wartburgkreis - Unstrut-Hainich-Kreis II,06636,Werra-Meißner-Kreis,4060415.786009445786476,0.191095940963266
1144,190,Eisenach - Wartburgkreis - Unstrut-Hainich-Kreis II,16056,Eisenach,104304239.977762505412102,4.908885674636284
1145,190,Eisenach - Wartburgkreis - Unstrut-Hainich-Kreis II,16063,Wartburgkreis,1246337083.442376852035522,58.656544124981160
1146,190,Eisenach - Wartburgkreis - Unstrut-Hainich-Kreis II,16064,Unstrut-Hainich-Kreis,716388243.535050988197327,33.715484499161384
1147,190,Eisenach - Wartburgkreis - Unstrut-Hainich-Kreis II,16065,Kyffhäuserkreis,5602629.841356233693659,0.263677386215430
1148,190,Eisenach - Wartburgkreis - Unstrut-Hainich-Kreis II,16066,Schmalkalden-Meiningen,40607501.993916057050228,1.911116795090950
1149,190,Eisenach - Wartburgkreis - Unstrut-Hainich-Kreis II,16067,Gotha,2150584.209957431070507,0.101213258661486
1150,190,Eisenach - Wartburgkreis - Unstrut-Hainich-Kreis II,16068,Sömmerda,1344903.944017038447782,0.063295410675104
1151,191,Kyffhäuserkreis - Sömmerda - Weimarer Land I,15084,Burgenlandkreis,6459353.250075678341091,0.252238432065431
1152,191,Kyffhäuserkreis - Sömmerda - Weimarer Land I,15087,Mansfeld-Südharz,6165990.885575080290437,0.240782600500905
1153,191,Kyffhäuserkreis - Sömmerda - Weimarer Land I,15088,Saalekreis,1586845.302311065606773,0.061966477987661
1154,191,Kyffhäuserkreis - Sömmerda - Weimarer Land I,16051,Erfurt,1078316.480417331913486,0.042108373355737
1155,191,Kyffhäuserkreis - Sömmerda - Weimarer Land I,16053,Jena,1779788.245353767182678,0.069500920453802
1156,191,Kyffhäuserkreis - Sömmerda - Weimarer Land I,16055,Weimar,1556682.142392141278833,0.060788603381716
1157,191,Kyffhäuserkreis - Sömmerda - Weimarer Land I,16061,Eichsfeld,280656.512601836409885,0.010959666695239
1158,191,Kyffhäuserkreis - Sömmerda - Weimarer Land I,16062,Nordhausen,4953914.500860301777720,0.193450888642538
1159,191,Kyffhäuserkreis - Sömmerda - Weimarer Land I,16064,Unstrut-Hainich-Kreis,753131.843668120913208,0.029409878672167
1160,191,Kyffhäuserkreis - Sömmerda - Weimarer Land I,16065,Kyffhäuserkreis,1029798677.713500738143921,40.213747995043327
1161,191,Kyffhäuserkreis - Sömmerda - Weimarer Land I,16067,Gotha,173656.583807298273314,0.006781308084812
1162,191,Kyffhäuserkreis - Sömmerda - Weimarer Land I,16068,Sömmerda,800532519.931688427925110,31.260880126441705
1163,191,Kyffhäuserkreis - Sömmerda - Weimarer Land I,16070,Ilm-Kreis,315761.253713235259056,0.012330510572821
1164,191,Kyffhäuserkreis - Sömmerda - Weimarer Land I,16071,Weimarer Land,702555254.849590659141541,27.434857494519864
1165,191,Kyffhäuserkreis - Sömmerda - Weimarer Land I,16073,Saalfeld-Rudolstadt,654811.114010314107873,0.025570443711999
1166,191,Kyffhäuserkreis - Sömmerda - Weimarer Land I,16074,Saale-Holzland-Kreis,2167121.018270093481988,0.084626306470866
1167,192,Gotha - Ilm-Kreis,16051,Erfurt,4146579.875296704005450,0.233144838428493
1168,192,Gotha - Ilm-Kreis,16054,Suhl,38268314.444316536188126,2.151667218857696
1169,192,Gotha - Ilm-Kreis,16063,Wartburgkreis,2248336.859209805727005,0.126414575273505
1170,192,Gotha - Ilm-Kreis,16064,Unstrut-Hainich-Kreis,2681486.593381759244949,0.150768772666516
1171,192,Gotha - Ilm-Kreis,16066,Schmalkalden-Meiningen,270202.835771652869880,0.015192375013491
1172,192,Gotha - Ilm-Kreis,16067,Gotha,928089453.721395850181580,52.182587154330548
1173,192,Gotha - Ilm-Kreis,16068,Sömmerda,749466.754324440495111,0.042139380067289
1174,192,Gotha - Ilm-Kreis,16069,Hildburghausen,586139.314007558743469,0.032956161407864
1175,192,Gotha - Ilm-Kreis,16070,Ilm-Kreis,795626616.773989558219910,44.734756014776515
1176,192,Gotha - Ilm-Kreis,16071,Weimarer Land,2380708.169591423124075,0.133857260257182
1177,192,Gotha - Ilm-Kreis,16073,Saalfeld-Rudolstadt,3495124.925592605490237,0.196516252085071
1178,193,Erfurt - Weimar - Weimarer Land II,16051,Erfurt,265038394.668128669261932,59.240356807857161
1179,193,Erfurt - Weimar - Weimarer Land II,16055,Weimar,82835957.644846305251122,18.515172843338014
1180,193,Erfurt - Weimar - Weimarer Land II,16067,Gotha,352709.141291508043651,0.078836182982716
1181,193,Erfurt - Weimar - Weimarer Land II,16068,Sömmerda,3852145.038721002172679,0.861016558960054
1182,193,Erfurt - Weimar - Weimarer Land II,16070,Ilm-Kreis,508908.193581799219828,0.113749190972794
1183,193,Erfurt - Weimar - Weimarer Land II,16071,Weimarer Land,94806886.112037762999535,21.190868470780007
1184,194,Gera - Jena - Saale-Holzland-Kreis,15084,Burgenlandkreis,7183579.223694057203829,0.663089430162238
1185,194,Gera - Jena - Saale-Holzland-Kreis,16052,Gera,148457104.997666865587234,13.703522170639721
1186,194,Gera - Jena - Saale-Holzland-Kreis,16053,Jena,113131999.561810225248337,10.442793318840712
1187,194,Gera - Jena - Saale-Holzland-Kreis,16071,Weimarer Land,2292995.197609092574567,0.211657842365311
1188,194,Gera - Jena - Saale-Holzland-Kreis,16073,Saalfeld-Rudolstadt,38281.266641396308842,0.003533601077219
1189,194,Gera - Jena - Saale-Holzland-Kreis,16074,Saale-Holzland-Kreis,805801181.071626663208008,74.380504389576018
1190,194,Gera - Jena - Saale-Holzland-Kreis,16075,Saale-Orla-Kreis,613683.127100784797221,0.056646802711836
1191,194,Gera - Jena - Saale-Holzland-Kreis,16076,Greiz,5831157.609046284109354,0.538252430406184
1192,195,Greiz - Altenburger Land,14522,Mittelsachsen,1050985.544729144079611,0.074188188205258
1193,195,Greiz - Altenburger Land,14523,Vogtlandkreis,2537717.366576572414488,0.179135340678595
1194,195,Greiz - Altenburger Land,14524,Zwickau,4576566.319086648523808,0.323055978378605
1195,195,Greiz - Altenburger Land,14729,Leipzig,5148190.504631964489818,0.363406450250073
1196,195,Greiz - Altenburger Land,15084,Burgenlandkreis,1737514.300811504246667,0.122649677347514
1197,195,Greiz - Altenburger Land,16052,Gera,3834952.510121272411197,0.270706081549795
1198,195,Greiz - Altenburger Land,16074,Saale-Holzland-Kreis,2188482.040256808046252,0.154483111875950
1199,195,Greiz - Altenburger Land,16075,Saale-Orla-Kreis,1054949.729457515059039,0.074468016680715
1200,195,Greiz - Altenburger Land,16076,Greiz,831189744.360363721847534,58.672986986494422
1201,195,Greiz - Altenburger Land,16077,Altenburger Land,563328978.269244074821472,39.764920146532425
1202,196,Sonneberg - Saalfeld-Rudolstadt - Saale-Orla-Kreis,09473,Coburg,692589.259493796969764,0.026419446647050
1203,196,Sonneberg - Saalfeld-Rudolstadt - Saale-Orla-Kreis,09475,Hof,319143.125384678889532,0.012174004517535
1204,196,Sonneberg - Saalfeld-Rudolstadt - Saale-Orla-Kreis,09476,Kronach,4167118.462818249594420,0.158958520351342
1205,196,Sonneberg - Saalfeld-Rudolstadt - Saale-Orla-Kreis,14523,Vogtlandkreis,3314320.395319462753832,0.126427763144019
1206,196,Sonneberg - Saalfeld-Rudolstadt - Saale-Orla-Kreis,16069,Hildburghausen,600219.466664012987167,0.022895916964755
1207,196,Sonneberg - Saalfeld-Rudolstadt - Saale-Orla-Kreis,16070,Ilm-Kreis,3694346.918662854004651,0.140924220200360
1208,196,Sonneberg - Saalfeld-Rudolstadt - Saale-Orla-Kreis,16071,Weimarer Land,2137207.573923018295318,0.081525724950167
1209,196,Sonneberg - Saalfeld-Rudolstadt - Saale-Orla-Kreis,16072,Sonneberg,453088775.229941427707672,17.283483044934592
1210,196,Sonneberg - Saalfeld-Rudolstadt - Saale-Orla-Kreis,16073,Saalfeld-Rudolstadt,1000857598.998255848884583,38.178622575457652
1211,196,Sonneberg - Saalfeld-Rudolstadt - Saale-Orla-Kreis,16074,Saale-Holzland-Kreis,5070569.081980261020362,0.193421465168939
1212,196,Sonneberg - Saalfeld-Rudolstadt - Saale-Orla-Kreis,16075,Saale-Orla-Kreis,1144124037.327632904052734,43.643651049220480
1213,196,Sonneberg - Saalfeld-Rudolstadt - Saale-Orla-Kreis,16076,Greiz,3447191.616193985566497,0.131496256602016
1214,197,Suhl - Schmalkalden-Meiningen - Hildburghausen,06631,Fulda,330535.033013251959346,0.014675218940171
1215,197,Suhl - Schmalkalden-Meiningen - Hildburghausen,09473,Coburg,3468883.531259074341506,0.154012798084062
1216,197,Suhl - Schmalkalden-Meiningen - Hildburghausen,09673,Rhön-Grabfeld,996927.320608121925034,0.044261954819099
1217,197,Suhl - Schmalkalden-Meiningen - Hildburghausen,09674,Haßberge,245668.001236445445102,0.010907260485742
1218,197,Suhl - Schmalkalden-Meiningen - Hildburghausen,16054,Suhl,104762477.084710881114006,4.651283931743158
1219,197,Suhl - Schmalkalden-Meiningen - Hildburghausen,16063,Wartburgkreis,2881320.397267514374107,0.127925948669365
1220,197,Suhl - Schmalkalden-Meiningen - Hildburghausen,16066,Schmalkalden-Meiningen,1201186649.566716909408569,53.330737470405332
1221,197,Suhl - Schmalkalden-Meiningen - Hildburghausen,16067,Gotha,4621263.512460764497519,0.205176598702215
1222,197,Suhl - Schmalkalden-Meiningen - Hildburghausen,16069,Hildburghausen,928275811.292686581611633,41.213939240862437
1223,197,Suhl - Schmalkalden-Meiningen - Hildburghausen,16070,Ilm-Kreis,2923420.237195459660143,0.129795113225558
1224,197,Suhl - Schmalkalden-Meiningen - Hildburghausen,16072,Sonneberg,2226300.983818915672600,0.098844149942042
1225,197,Suhl - Schmalkalden-Meiningen - Hildburghausen,16073,Saalfeld-Rudolstadt,415337.523931888630614,0.018440311885259
1226,198,Neuwied,05374,Oberbergischer Kreis,1566299.734538418706506,0.123369447096083
1227,198,Neuwied,05382,Rhein-Sieg-Kreis,4063755.427805392071605,0.320081303218633
1228,198,Neuwied,05966,Olpe,836835.965995026985183,0.065913303921581
1229,198,Neuwied,05970,Siegen-Wittgenstein,4147115.938033794052899,0.326647185744021
1230,198,Neuwied,07131,Ahrweiler,1513.190627610467345,0.000119186313426
1231,198,Neuwied,07132,Altenkirchen (Westerwald),634472993.659277915954590,49.974203978403111
1232,198,Neuwied,07137,Mayen-Koblenz,299343.735066489083692,0.023577780339542
1233,198,Neuwied,07138,Neuwied,620025194.039483904838562,48.836224438762663
1234,198,Neuwied,07143,Westerwaldkreis,4187948.243393716402352,0.329863338326334
1235,199,Ahrweiler,05314,Bonn,120467.562653029992362,0.009006863974544
1236,199,Ahrweiler,05366,Euskirchen,2692854.235154169145972,0.201333630939017
1237,199,Ahrweiler,05382,Rhein-Sieg-Kreis,2587980.346393716521561,0.193492641798501
1238,199,Ahrweiler,07131,Ahrweiler,782333025.456159353256226,58.491821266210245
1239,199,Ahrweiler,07135,Cochem-Zell,677261.608837061328813,0.050636063780466
1240,199,Ahrweiler,07137,Mayen-Koblenz,544538318.708680868148804,40.712889490941819
1241,199,Ahrweiler,07138,Neuwied,3484016.460446842946112,0.260485575147704
1242,199,Ahrweiler,07233,Vulkaneifel,1074480.077426989329979,0.080334454251523
1243,200,Koblenz,06439,Rheingau-Taunus-Kreis,755234.422364580212161,0.118621833370346
1244,200,Koblenz,07111,Koblenz,105889606.792524039745331,16.631682720799855
1245,200,Koblenz,07135,Cochem-Zell,283940.479054957220796,0.044597464305320
1246,200,Koblenz,07137,Mayen-Koblenz,262344964.665127426385880,41.205537992590784
1247,200,Koblenz,07138,Neuwied,1302410.879251010483131,0.204564783758835
1248,200,Koblenz,07140,Rhein-Hunsrück-Kreis,1743315.348347883438691,0.273815992279893
1249,200,Koblenz,07141,Rhein-Lahn-Kreis,260383228.776258826255798,40.897415506598399
1250,200,Koblenz,07143,Westerwaldkreis,3971341.676449866499752,0.623763717132500
1251,201,Mosel/Rhein-Hunsrück,07133,Bad Kreuznach,480668.489433956216089,0.020935530900848
1252,201,Mosel/Rhein-Hunsrück,07134,Birkenfeld,919551.400858174776658,0.040051089661098
1253,201,Mosel/Rhein-Hunsrück,07135,Cochem-Zell,687505152.873165369033813,29.944308164277274
1254,201,Mosel/Rhein-Hunsrück,07137,Mayen-Koblenz,6744244.834420953877270,0.293745792032621
1255,201,Mosel/Rhein-Hunsrück,07140,Rhein-Hunsrück-Kreis,983517401.873709440231323,42.837130810667425
1256,201,Mosel/Rhein-Hunsrück,07141,Rhein-Lahn-Kreis,2997712.500734322238714,0.130565460542017
1257,201,Mosel/Rhein-Hunsrück,07231,Bernkastel-Wittlich,601714751.866300463676453,26.207704599124916
1258,201,Mosel/Rhein-Hunsrück,07233,Vulkaneifel,1326071.079312564106658,0.057757066809937
1259,201,Mosel/Rhein-Hunsrück,07235,Trier-Saarburg,9951735.716908760368824,0.433448156470090
1260,201,Mosel/Rhein-Hunsrück,07339,Mainz-Bingen,788734.421347568975762,0.034353352078747
1261,202,Kreuznach,07133,Bad Kreuznach,857632545.867016434669495,51.601654357016812
1262,202,Kreuznach,07134,Birkenfeld,769592945.184344053268433,46.304526739775625
1263,202,Kreuznach,07140,Rhein-Hunsrück-Kreis,4798856.567750005982816,0.288735471981882
1264,202,Kreuznach,07231,Bernkastel-Wittlich,1459962.646394561976194,0.087842384499584
1265,202,Kreuznach,07235,Trier-Saarburg,383013.914565004932228,0.023045011209703
1266,202,Kreuznach,07331,Alzey-Worms,545390.784979580203071,0.032814830677359
1267,202,Kreuznach,07333,Donnersbergkreis,709232.787710385280661,0.042672803575915
1268,202,Kreuznach,07336,Kusel,22941176.390740249305964,1.380314518569929
1269,202,Kreuznach,07339,Mainz-Bingen,3870950.979523449670523,0.232905660403071
1270,202,Kreuznach,10046,St. Wendel,91215.375142636141391,0.005488206205372
1271,203,Bitburg,05366,Euskirchen,5421793.317619470879436,0.174611578626056
1272,203,Bitburg,07131,Ahrweiler,2067908.822897230042145,0.066598042910897
1273,203,Bitburg,07135,Cochem-Zell,4339995.637688526883721,0.139771740664530
1274,203,Bitburg,07137,Mayen-Koblenz,1739292.351142985513434,0.056014784285183
1275,203,Bitburg,07231,Bernkastel-Wittlich,559720271.186100006103516,18.026072632315088
1276,203,Bitburg,07232,Eifelkreis Bitburg-Prüm,1618827402.104286432266235,52.135150059289991
1277,203,Bitburg,07233,Vulkaneifel,908050067.144659876823425,29.244208771359443
1278,203,Bitburg,07235,Trier-Saarburg,957293.965379583882168,0.030830133262534
1279,204,Trier,07134,Birkenfeld,408591.776594966009725,0.033742490310727
1280,204,Trier,07211,Trier,115582395.824365317821503,9.545071865360438
1281,204,Trier,07231,Bernkastel-Wittlich,5451627.092398007400334,0.450208459592386
1282,204,Trier,07232,Eifelkreis Bitburg-Prüm,1892823.448522910010070,0.156313906765220
1283,204,Trier,07235,Trier-Saarburg,1085683632.386816263198853,89.658362073795743
1284,204,Trier,10042,Merzig-Wadern,276780.023843183298595,0.022857159168892
1285,204,Trier,10046,St. Wendel,348379.644153300032485,0.028770027789742
1286,205,Montabaur,05970,Siegen-Wittgenstein,950971.757167004863732,0.063077221031529
1287,205,Montabaur,06439,Rheingau-Taunus-Kreis,1775397.790058977436274,0.117760762060961
1288,205,Montabaur,06532,Lahn-Dill-Kreis,975896.880178932799026,0.064730485160156
1289,205,Montabaur,06533,Limburg-Weilburg,4512329.763147645629942,0.299299342690390
1290,205,Montabaur,07111,Koblenz,27.743293554727579,0.000001840191201
1291,205,Montabaur,07132,Altenkirchen (Westerwald),4616787.486165773123503,0.306227942655223
1292,205,Montabaur,07137,Mayen-Koblenz,380473.437979296664707,0.025236508827077
1293,205,Montabaur,07138,Neuwied,1806864.321329238126054,0.119847912739276
1294,205,Montabaur,07141,Rhein-Lahn-Kreis,513387534.784593641757965,34.052598052869925
1295,205,Montabaur,07143,Westerwaldkreis,979224746.730330228805542,64.951219974248488
1296,206,Mainz,06414,Wiesbaden,1402315.284898542566225,0.268115910971856
1297,206,Mainz,06433,Groß-Gerau,1003496.693483255920000,0.191863722108666
1298,206,Mainz,06439,Rheingau-Taunus-Kreis,3903621.725566287524998,0.746353624117743
1299,206,Mainz,07133,Bad Kreuznach,526882.719805833301507,0.100737431815336
1300,206,Mainz,07140,Rhein-Hunsrück-Kreis,722018.112125732121058,0.138046376557021
1301,206,Mainz,07141,Rhein-Lahn-Kreis,202873.985952104616445,0.038788526476038
1302,206,Mainz,07315,Mainz,96480163.517923951148987,18.446541381165453
1303,206,Mainz,07331,Alzey-Worms,348017.033931784913875,0.066539176382931
1304,206,Mainz,07339,Mainz-Bingen,418436372.937297642230988,80.003013959845433
1305,207,Worms,06431,Bergstraße,1124670.971393883461133,0.128278040204545
1306,207,Worms,06433,Groß-Gerau,2247165.459232710301876,0.256307834431305
1307,207,Worms,07133,Bad Kreuznach,480607.960855380224530,0.054817318925572
1308,207,Worms,07315,Mainz,1117934.550907529890537,0.127509695648704
1309,207,Worms,07319,Worms,106733654.276823669672012,12.173857370508530
1310,207,Worms,07331,Alzey-Worms,582588988.075614571571350,66.449099813136186
1311,207,Worms,07332,Bad Dürkheim,36247.487208614038536,0.004134326162698
1312,207,Worms,07333,Donnersbergkreis,299859.907871440518647,0.034201506303653
1313,207,Worms,07338,Rhein-Pfalz-Kreis,78977.651735069288407,0.009008055371053
1314,207,Worms,07339,Mainz-Bingen,182036634.745858818292618,20.762786045494256
1315,208,Ludwigshafen/Frankenthal,06431,Bergstraße,172199.943935624818550,0.054689854374314
1316,208,Ludwigshafen/Frankenthal,07311,Frankenthal (Pfalz),43760743.354671135544777,13.898196635147642
1317,208,Ludwigshafen/Frankenthal,07314,Ludwigshafen am Rhein,77840310.196037143468857,24.721699274560741
1318,208,Ludwigshafen/Frankenthal,07319,Worms,1282331.190564588177949,0.407262072616215
1319,208,Ludwigshafen/Frankenthal,07332,Bad Dürkheim,1051512.830571906641126,0.333955297907642
1320,208,Ludwigshafen/Frankenthal,07338,Rhein-Pfalz-Kreis,188632656.558253020048141,59.908802997447964
1321,208,Ludwigshafen/Frankenthal,08222,Mannheim,2114143.426423584111035,0.671441543330259
1322,208,Ludwigshafen/Frankenthal,08226,Rhein-Neckar-Kreis,12444.537884788847805,0.003952323962017
1323,209,Neustadt - Speyer,07312,Kaiserslautern,198358.421850366488798,0.022919221625376
1324,209,Neustadt - Speyer,07316,Neustadt an der Weinstraße,113966221.649203166365623,13.168168346061726
1325,209,Neustadt - Speyer,07318,Speyer,42679194.990519970655441,4.931345589743790
1326,209,Neustadt - Speyer,07319,Worms,230807.496168915589806,0.026668533194340
1327,209,Neustadt - Speyer,07331,Alzey-Worms,1062935.006198431365192,0.122816277489892
1328,209,Neustadt - Speyer,07332,Bad Dürkheim,588345599.898356080055237,67.980089126525840
1329,209,Neustadt - Speyer,07333,Donnersbergkreis,1410184.446240648161620,0.162939035078773
1330,209,Neustadt - Speyer,07334,Germersheim,70252.002332886113436,0.008117231404011
1331,209,Neustadt - Speyer,07335,Kaiserslautern,2517240.765916673932225,0.290853286995778
1332,209,Neustadt - Speyer,07337,Südliche Weinstraße,242798.807568397955038,0.028054063090071
1333,209,Neustadt - Speyer,07338,Rhein-Pfalz-Kreis,113616776.816376596689224,13.127791922945011
1334,209,Neustadt - Speyer,07340,Südwestpfalz,30793.508462109035463,0.003558020065306
1335,209,Neustadt - Speyer,08215,Karlsruhe,209.500971300935362,0.000024206681759
1336,209,Neustadt - Speyer,08226,Rhein-Neckar-Kreis,1096159.157762704417109,0.126655144959765
1337,210,Kaiserslautern,07133,Bad Kreuznach,4517181.701120938174427,0.269776040345622
1338,210,Kaiserslautern,07134,Birkenfeld,2111648.057928352151066,0.126112272953304
1339,210,Kaiserslautern,07312,Kaiserslautern,137645394.607001602649689,8.220486131800465
1340,210,Kaiserslautern,07331,Alzey-Worms,3107886.842736351303756,0.185609847411631
1341,210,Kaiserslautern,07332,Bad Dürkheim,1971173.909347913227975,0.117722847403840
1342,210,Kaiserslautern,07333,Donnersbergkreis,641764598.852486848831177,38.327595338805494
1343,210,Kaiserslautern,07335,Kaiserslautern,335232482.933046877384186,20.020822234905129
1344,210,Kaiserslautern,07336,Kusel,547182692.798066735267639,32.678955591289629
1345,210,Kaiserslautern,10043,Neunkirchen,3052.256148805665816,0.000182287459843
1346,210,Kaiserslautern,10045,Saarpfalz-Kreis,78959.657356507974328,0.004715644647059
1347,210,Kaiserslautern,10046,St. Wendel,804085.838494581286795,0.048021777284989
1348,211,Pirmasens,07312,Kaiserslautern,2398393.822002685628831,0.172874538348387
1349,211,Pirmasens,07313,Landau in der Pfalz,570738.872535188798793,0.041138456162555
1350,211,Pirmasens,07317,Pirmasens,61558634.586286701261997,4.437103046978015
1351,211,Pirmasens,07320,Zweibrücken,69495055.288840308785439,5.009154664400418
1352,211,Pirmasens,07332,Bad Dürkheim,689296.394547263509594,0.049683998891001
1353,211,Pirmasens,07335,Kaiserslautern,302411040.076830267906189,21.797574887465267
1354,211,Pirmasens,07336,Kusel,722407.288926798617467,0.052070608849571
1355,211,Pirmasens,07337,Südliche Weinstraße,3661627.514671157114208,0.263927533666662
1356,211,Pirmasens,07340,Südwestpfalz,944456005.480022072792053,68.075724028252452
1357,211,Pirmasens,10045,Saarpfalz-Kreis,1022890.238576214294881,0.073729208336302
1358,212,Südpfalz,07313,Landau in der Pfalz,82358203.430474326014519,6.946023289087733
1359,212,Südpfalz,07316,Neustadt an der Weinstraße,3152333.947624225635082,0.265865258142308
1360,212,Südpfalz,07332,Bad Dürkheim,1468896.448900724295527,0.123885521032958
1361,212,Südpfalz,07334,Germersheim,460628621.543766558170319,38.849039920648437
1362,212,Südpfalz,07337,Südliche Weinstraße,633777167.207987070083618,53.452246165556929
1363,212,Südpfalz,07338,Rhein-Pfalz-Kreis,1320054.412781530758366,0.111332305855652
1364,212,Südpfalz,07340,Südwestpfalz,1666306.892631512833759,0.140534955849986
1365,212,Südpfalz,08212,Karlsruhe,433391.293813373893499,0.036551866052504
1366,212,Südpfalz,08215,Karlsruhe,755667.532181735150516,0.063732379516666
1367,213,Altötting,09171,Altötting,565336527.962498903274536,41.059752864381281
1368,213,Altötting,09175,Ebersberg,63949.322976138872036,0.004644567027551
1369,213,Altötting,09177,Erding,2163722.913317786063999,0.157148748919547
1370,213,Altötting,09183,Mühldorf a. Inn,795867299.483971238136292,57.802942165134709
1371,213,Altötting,09187,Rosenheim,917421.284847398987040,0.066631270694853
1372,213,Altötting,09189,Traunstein,1607945.050261280499399,0.116783231080396
1373,213,Altötting,09274,Landshut,2511414.580395954661071,0.182401201604121
1374,213,Altötting,09277,Rottal-Inn,7638348.148515512235463,0.554764590217591
1375,214,Erding - Ebersberg,09175,Ebersberg,542252534.865582585334778,38.163574138398914
1376,214,Erding - Ebersberg,09177,Erding,866646552.449268102645874,60.994329817903328
1377,214,Erding - Ebersberg,09178,Freising,1575542.496112748747692,0.110886218122525
1378,214,Erding - Ebersberg,09183,Mühldorf a. Inn,2984471.284892736934125,0.210046212459220
1379,214,Erding - Ebersberg,09184,München,364201.226237358117942,0.025632375332742
1380,214,Erding - Ebersberg,09187,Rosenheim,2817976.673637405503541,0.198328370620340
1381,214,Erding - Ebersberg,09274,Landshut,4222848.797463930211961,0.297202858069096
1382,215,Freising,09161,Ingolstadt,623357.337685378617607,0.039906355254303
1383,215,Freising,09174,Dachau,959753.959163934341632,0.061441937289669
1384,215,Freising,09176,Eichstätt,2522364.550731280818582,0.161477806960777
1385,215,Freising,09177,Erding,1459385.995580579619855,0.093427593567829
1386,215,Freising,09178,Freising,793188914.829306125640869,50.778705415559919
1387,215,Freising,09184,München,443981.358578648651019,0.028422987507480
1388,215,Freising,09185,Neuburg-Schrobenhausen,2573693.988734192680568,0.164763836761202
1389,215,Freising,09186,Pfaffenhofen a.d. Ilm,752089742.435425877571106,48.147601111409031
1390,215,Freising,09273,Kelheim,5169449.919015903957188,0.330940044282752
1391,215,Freising,09274,Landshut,3004329.491625921335071,0.192332443601259
1392,215,Freising,09771,Aichach-Friedberg,15315.632976240456628,0.000980482707982
1393,216,Fürstenfeldbruck,09162,München,1656311.783442052546889,0.163297187107104
1394,216,Fürstenfeldbruck,09174,Dachau,575298565.991886377334595,56.719174802944053
1395,216,Fürstenfeldbruck,09178,Freising,2281506.714272176381201,0.224935686946800
1396,216,Fürstenfeldbruck,09179,Fürstenfeldbruck,428400977.147762119770050,42.236416610394691
1397,216,Fürstenfeldbruck,09181,Landsberg am Lech,718124.069495238480158,0.070800462639214
1398,216,Fürstenfeldbruck,09184,München,326707.191314496216364,0.032210339793906
1399,216,Fürstenfeldbruck,09186,Pfaffenhofen a.d. Ilm,2239953.887470806948841,0.220838958419692
1400,216,Fürstenfeldbruck,09188,Starnberg,515243.559688764798921,0.050798300666180
1401,216,Fürstenfeldbruck,09771,Aichach-Friedberg,2855515.188814103137702,0.281527670536716
1402,217,Ingolstadt,09161,Ingolstadt,132835489.048867657780647,6.365028822068447
1403,217,Ingolstadt,09176,Eichstätt,1205718421.809656143188477,57.773962071943473
1404,217,Ingolstadt,09185,Neuburg-Schrobenhausen,730070154.716811895370483,34.982500611677395
1405,217,Ingolstadt,09186,Pfaffenhofen a.d. Ilm,4570071.202512766234577,0.218982405463931
1406,217,Ingolstadt,09273,Kelheim,3804768.874965440481901,0.182311697904427
1407,217,Ingolstadt,09373,Neumarkt i.d. OPf.,3552347.560139957349747,0.170216519457216
1408,217,Ingolstadt,09576,Roth,2863690.402782698627561,0.137218390068087
1409,217,Ingolstadt,09577,Weißenburg-Gunzenhausen,1905713.860766770550981,0.091315383691880
1410,217,Ingolstadt,09771,Aichach-Friedberg,569076.789091008133255,0.027268241269484
1411,217,Ingolstadt,09779,Donau-Ries,1068436.241186474217102,0.051195862780259
1412,218,München-Nord,09162,München,87026266.289827197790146,97.825318316963603
1413,218,München-Nord,09174,Dachau,29216.205123883919441,0.032841631476401
1414,218,München-Nord,09184,München,1905399.622903343988582,2.141839844200355
1415,219,München-Ost,09162,München,75481077.353662580251694,97.206047565902765
1416,219,München-Ost,09184,München,2169520.873318004887551,2.793952558716835
1417,220,München-Süd,09162,München,47174509.199933379888535,99.608759463410408
1418,220,München-Süd,09184,München,185290.624712417309638,0.391240302884387
1419,221,München-West/Mitte,09162,München,95676828.493891954421997,99.363244533813926
1420,221,München-West/Mitte,09174,Dachau,329547.974800876458175,0.342245416379506
1421,221,München-West/Mitte,09179,Fürstenfeldbruck,266744.815565313794650,0.277022459401813
1422,221,München-West/Mitte,09184,München,16839.056568510422949,0.017487863277601
1423,222,München-Land,09162,München,4415063.961901521310210,0.646540271184449
1424,222,München-Land,09173,Bad Tölz-Wolfratshausen,145533.078700108511839,0.021311808159751
1425,222,München-Land,09174,Dachau,224157.207835489651188,0.032825495438460
1426,222,München-Land,09175,Ebersberg,4648183.176640005782247,0.680678159472349
1427,222,München-Land,09177,Erding,757897.621428783750162,0.110986236647311
1428,222,München-Land,09178,Freising,1086272.124547516927123,0.159073272787328
1429,222,München-Land,09179,Fürstenfeldbruck,526652.358867622562684,0.077122769196656
1430,222,München-Land,09182,Miesbach,2678801.774232970550656,0.392282703151606
1431,222,München-Land,09184,München,652884181.818725705146790,95.608108876256352
1432,222,München-Land,09187,Rosenheim,193688.857889220234938,0.028363721972256
1433,222,München-Land,09188,Starnberg,15314890.367115253582597,2.242706664401359
1434,223,Rosenheim,09163,Rosenheim,36746504.337347500026226,2.484640916520151
1435,223,Rosenheim,09175,Ebersberg,3064069.463296774309129,0.207179226891236
1436,223,Rosenheim,09182,Miesbach,727068.451843107119203,0.049161248318368
1437,223,Rosenheim,09183,Mühldorf a. Inn,3308705.460548859555274,0.223720463109138
1438,223,Rosenheim,09184,München,386517.443068149150349,0.026134650664439
1439,223,Rosenheim,09187,Rosenheim,1426250172.255071163177490,96.436915540213334
1440,223,Rosenheim,09189,Traunstein,6883862.336055191233754,0.465457227355122
1441,224,Starnberg,09173,Bad Tölz-Wolfratshausen,1104728994.177263975143433,45.127517275392329
1442,224,Starnberg,09179,Fürstenfeldbruck,2217682.107016742695123,0.090590984868881
1443,224,Starnberg,09180,Garmisch-Partenkirchen,530671.063414486125112,0.021677594874409
1444,224,Starnberg,09181,Landsberg am Lech,45257.776183159934590,0.001848753031120
1445,224,Starnberg,09182,Miesbach,860423185.106217384338379,35.147771403380482
1446,224,Starnberg,09184,München,5425763.040207390673459,0.221639168175807
1447,224,Starnberg,09187,Rosenheim,6022527.650443601422012,0.246016644823673
1448,224,Starnberg,09188,Starnberg,466226078.963803410530090,19.045055885716589
1449,224,Starnberg,09190,Weilheim-Schongau,1219792.129886748502031,0.049827777404219
1450,225,Traunstein,09171,Altötting,3018589.601771968882531,0.126937146470652
1451,225,Traunstein,09172,Berchtesgadener Land,835316078.901025414466858,35.126550291734546
1452,225,Traunstein,09183,Mühldorf a. Inn,1545793.001880731433630,0.065003388528821
1453,225,Traunstein,09187,Rosenheim,2479994.380654893349856,0.104288244337285
1454,225,Traunstein,09189,Traunstein,1522814720.320099592208862,64.037110274104649
1455,226,Weilheim,09173,Bad Tölz-Wolfratshausen,5734604.978163627907634,0.206195995633247
1456,226,Weilheim,09179,Fürstenfeldbruck,1994024.995992604875937,0.071698045625096
1457,226,Weilheim,09180,Garmisch-Partenkirchen,1004501205.535493373870850,36.118290096507167
1458,226,Weilheim,09181,Landsberg am Lech,797066758.649623155593872,28.659685281156712
1459,226,Weilheim,09188,Starnberg,4740837.903315993957222,0.170463666692368
1460,226,Weilheim,09190,Weilheim-Schongau,960738784.162448763847351,34.544749097485081
1461,226,Weilheim,09771,Aichach-Friedberg,1652155.180770859820768,0.059405623183616
1462,226,Weilheim,09772,Augsburg,780598.302535513881594,0.028067538181588
1463,226,Weilheim,09777,Ostallgäu,2351869.757962046656758,0.084564870324861
1464,227,Deggendorf,09271,Deggendorf,852499988.818549036979675,46.110812812667909
1465,227,Deggendorf,09272,Freyung-Grafenau,976876418.448220014572144,52.838200894994799
1466,227,Deggendorf,09275,Passau,3610081.557064866181463,0.195265451143265
1467,227,Deggendorf,09276,Regen,6568493.540027053095400,0.355282791856871
1468,227,Deggendorf,09278,Straubing-Bogen,1358892.649992377962917,0.073501050367340
1469,227,Deggendorf,09279,Dingolfing-Landau,376378.570495017571375,0.020357914414576
1470,228,Landshut,09176,Eichstätt,860392.702583806356415,0.034698200373036
1471,228,Landshut,09177,Erding,162133.281399791769218,0.006538564388393
1472,228,Landshut,09178,Freising,525181.809514581924304,0.021179705039439
1473,228,Landshut,09183,Mühldorf a. Inn,1642001.426988983526826,0.066219174518074
1474,228,Landshut,09186,Pfaffenhofen a.d. Ilm,1694043.479698940180242,0.068317943565430
1475,228,Landshut,09261,Landshut,66209288.326446875929832,2.670109992806891
1476,228,Landshut,09273,Kelheim,1053885057.397624850273132,42.501423805566461
1477,228,Landshut,09274,Landshut,1336904797.325699090957642,53.915137120495736
1478,228,Landshut,09277,Rottal-Inn,1220242.825520651880652,0.049210354686325
1479,228,Landshut,09278,Straubing-Bogen,2369301.672495812643319,0.095549978433738
1480,228,Landshut,09279,Dingolfing-Landau,5085467.261598630808294,0.205088399173487
1481,228,Landshut,09373,Neumarkt i.d. OPf.,445126.711371596029494,0.017951216666738
1482,228,Landshut,09375,Regensburg,8643440.561192138120532,0.348575518602166
1483,229,Passau,09262,Passau,69802078.841599866747856,4.352417366949603
1484,229,Passau,09271,Deggendorf,1969437.206087316852063,0.122801682143922
1485,229,Passau,09272,Freyung-Grafenau,6455984.977868746966124,0.402554502742051
1486,229,Passau,09275,Passau,1518364461.999683618545532,94.675630918717289
1487,229,Passau,09277,Rottal-Inn,1038550.009293776354752,0.064757428029522
1488,230,Rottal-Inn,09171,Altötting,712321.401650576270185,0.032955702692080
1489,230,Rottal-Inn,09183,Mühldorf a. Inn,303056.309002901485655,0.014020965248715
1490,230,Rottal-Inn,09271,Deggendorf,4938124.654949402436614,0.228463398134392
1491,230,Rottal-Inn,09274,Landshut,1277069.346516848541796,0.059083887699367
1492,230,Rottal-Inn,09275,Passau,6663342.751263743266463,0.308280984029449
1493,230,Rottal-Inn,09277,Rottal-Inn,1271849867.254158258438110,58.842407369855678
1494,230,Rottal-Inn,09278,Straubing-Bogen,4672949.676856048405170,0.216195020799142
1495,230,Rottal-Inn,09279,Dingolfing-Landau,870891565.577092766761780,40.291985395488602
1496,231,Straubing,09263,Straubing,67701427.374897345900536,3.013996136763053
1497,231,Straubing,09271,Deggendorf,2949084.159242837224156,0.131290116140783
1498,231,Straubing,09272,Freyung-Grafenau,1740091.831520228879526,0.077467052928925
1499,231,Straubing,09274,Landshut,264936.927052949671634,0.011794712542790
1500,231,Straubing,09276,Regen,968465397.139587044715881,43.115057964785450
1501,231,Straubing,09278,Straubing-Bogen,1188822174.200197219848633,52.925109252071820
1502,231,Straubing,09279,Dingolfing-Landau,1911426.353574402630329,0.085094685130914
1503,231,Straubing,09372,Cham,6341851.612743574194610,0.282332544554607
1504,231,Straubing,09375,Regensburg,3233473.449588723946363,0.143950827379451
1505,232,Amberg,09176,Eichstätt,517058.078937449899968,0.019501163998924
1506,232,Amberg,09273,Kelheim,873060.072189695783891,0.032927998501970
1507,232,Amberg,09361,Amberg,50422569.827852018177509,1.901718285653351
1508,232,Amberg,09371,Amberg-Sulzbach,1245408650.509649038314819,46.971354531732260
1509,232,Amberg,09373,Neumarkt i.d. OPf.,1330257538.590800523757935,50.171482619851851
1510,232,Amberg,09374,Neustadt a.d. Waldnaab,8293498.592800845392048,0.312794408928712
1511,232,Amberg,09375,Regensburg,1837732.182659313548356,0.069311201468482
1512,232,Amberg,09376,Schwandorf,6886495.133522083051503,0.259728406628093
1513,232,Amberg,09472,Bayreuth,618292.463165025459602,0.023319281169067
1514,232,Amberg,09574,Nürnberger Land,4475678.097880891524255,0.168802956860338
1515,232,Amberg,09576,Roth,1831049.611584306694567,0.069059164183356
1516,233,Regensburg,09273,Kelheim,1351116.460696249036118,0.091625925011912
1517,233,Regensburg,09274,Landshut,23646.989754734953749,0.001603619949170
1518,233,Regensburg,09278,Straubing-Bogen,3903459.485581614077091,0.264712995894248
1519,233,Regensburg,09362,Regensburg,79741703.568519085645676,5.407681398334931
1520,233,Regensburg,09372,Cham,4066760.902860715053976,0.275787276941970
1521,233,Regensburg,09373,Neumarkt i.d. OPf.,2921628.435834928415716,0.198130150702577
1522,233,Regensburg,09375,Regensburg,1377859148.129978418350220,93.439479612643467
1523,233,Regensburg,09376,Schwandorf,4733158.802255940623581,0.320979031860430
1524,234,Schwandorf,09276,Regen,1146245.713533503003418,0.038363854337727
1525,234,Schwandorf,09278,Straubing-Bogen,922682.058560449047945,0.030881371835649
1526,234,Schwandorf,09371,Amberg-Sulzbach,4086412.151660602539778,0.136768686416241
1527,234,Schwandorf,09372,Cham,1517711727.561717271804810,50.796501095169056
1528,234,Schwandorf,09374,Neustadt a.d. Waldnaab,5473283.066804742440581,0.183186058490684
1529,234,Schwandorf,09375,Regensburg,2135092.864731089677662,0.071459714695517
1530,234,Schwandorf,09376,Schwandorf,1446074770.001601457595825,48.398873978586721
1531,235,Weiden,09363,Weiden i.d. OPf.,70602848.802106350660324,2.731010370897651
1532,235,Weiden,09371,Amberg-Sulzbach,899077.447860564338043,0.034777489520708
1533,235,Weiden,09374,Neustadt a.d. Waldnaab,1414167217.566062688827515,54.701834315234755
1534,235,Weiden,09376,Schwandorf,1453601.178433327702805,0.056227191406645
1535,235,Weiden,09377,Tirschenreuth,1081127246.890164375305176,41.819413431784611
1536,235,Weiden,09472,Bayreuth,3865181.916265449486673,0.149510282911022
1537,235,Weiden,09479,Wunsiedel i. Fichtelgebirge,2841376.871483046561480,0.109908167096756
1538,236,Bamberg,09461,Bamberg,54515476.138421773910522,5.430745468932865
1539,236,Bamberg,09471,Bamberg,609677878.378111600875854,60.735145504433738
1540,236,Bamberg,09474,Forchheim,333167346.909499704837799,33.189603903137261
1541,236,Bamberg,09572,Erlangen-Höchstadt,3149360.368827600963414,0.313734296470594
1542,236,Bamberg,09574,Nürnberger Land,133620.284560865198728,0.013311041310433
1543,236,Bamberg,09674,Haßberge,2320645.768790907226503,0.231179059352967
1544,236,Bamberg,09675,Kitzingen,274312.619792870071251,0.027326589118082
1545,236,Bamberg,09678,Schweinfurt,591799.929212111048400,0.058954172498153
1546,237,Bayreuth,09371,Amberg-Sulzbach,567199.208331220434047,0.034415983375068
1547,237,Bayreuth,09374,Neustadt a.d. Waldnaab,846872.425801428034902,0.051385733440878
1548,237,Bayreuth,09377,Tirschenreuth,2101451.407664272934198,0.127509904187758
1549,237,Bayreuth,09462,Bayreuth,67011659.033707998692989,4.066070807865151
1550,237,Bayreuth,09471,Bamberg,1569795.454379403498024,0.095250581218423
1551,237,Bayreuth,09472,Bayreuth,1262099100.227191448211670,76.580469459579888
1552,237,Bayreuth,09474,Forchheim,302535366.280980348587036,18.356958161013573
1553,237,Bayreuth,09475,Hof,1353750.518940896959975,0.082141608573354
1554,237,Bayreuth,09477,Kulmbach,5308566.545353337191045,0.322108238669530
1555,237,Bayreuth,09478,Lichtenfels,80319.507661948751775,0.004873552007451
1556,237,Bayreuth,09479,Wunsiedel i. Fichtelgebirge,2957322.389045991934836,0.179441643572760
1557,237,Bayreuth,09574,Nürnberger Land,1637757.122446225257590,0.099374295786381
1558,238,Coburg,09463,Coburg,48004022.970484040677547,3.722558563133155
1559,238,Coburg,09471,Bamberg,551.876385514434560,0.000042796249930
1560,238,Coburg,09473,Coburg,579742778.075122952461243,44.957199613563816
1561,238,Coburg,09475,Hof,1839270.532200083835050,0.142629551564246
1562,238,Coburg,09476,Kronach,643269306.805523276329041,49.883478889300349
1563,238,Coburg,09477,Kulmbach,1274604.794709756970406,0.098841528262637
1564,238,Coburg,09478,Lichtenfels,1885102.753619785420597,0.146183693858075
1565,238,Coburg,09674,Haßberge,498888.659941061516292,0.038687221157600
1566,238,Coburg,16069,Hildburghausen,3111951.598271422088146,0.241321900819105
1567,238,Coburg,16072,Sonneberg,5266057.676694754511118,0.408365942795804
1568,238,Coburg,16073,Saalfeld-Rudolstadt,3184599.482175628654659,0.246955512037219
1569,238,Coburg,16075,Saale-Orla-Kreis,1466660.075206531910226,0.113734801467006
1570,239,Hof,09377,Tirschenreuth,987917.303076306357980,0.063423841136437
1571,239,Hof,09464,Hof,58200191.990173690021038,3.736425831798392
1572,239,Hof,09472,Bayreuth,296650.315038778062444,0.019044815183929
1573,239,Hof,09475,Hof,884648877.572123527526855,56.794055229061982
1574,239,Hof,09476,Kronach,584834.663916679914109,0.037546119194218
1575,239,Hof,09477,Kulmbach,898487.622057263157330,0.057682496325316
1576,239,Hof,09479,Wunsiedel i. Fichtelgebirge,600450519.227398872375488,38.548649996494873
1577,239,Hof,14523,Vogtlandkreis,3048902.816996408160776,0.195738172925472
1578,239,Hof,16075,Saale-Orla-Kreis,3078815.685565661173314,0.197658565470641
1579,240,Kulmbach,09461,Bamberg,442226.751327451202087,0.025511409678111
1580,240,Kulmbach,09471,Bamberg,545696882.222384095191956,31.480449069745546
1581,240,Kulmbach,09472,Bayreuth,4666426.727020187303424,0.269199282061855
1582,240,Kulmbach,09473,Coburg,4179400.668685985729098,0.241103466372769
1583,240,Kulmbach,09474,Forchheim,521866.621583607106004,0.030105716446567
1584,240,Kulmbach,09475,Hof,4695607.002567009069026,0.270882649162015
1585,240,Kulmbach,09476,Kronach,3382063.325129182543606,0.195106249872241
1586,240,Kulmbach,09477,Kulmbach,650504986.043535947799683,37.526674148036889
1587,240,Kulmbach,09478,Lichtenfels,517586769.657935321331024,29.858818095190486
1588,240,Kulmbach,09674,Haßberge,1770713.922753626713529,0.102149877117345
1589,241,Ansbach,08127,Schwäbisch Hall,1434044.948460299521685,0.047176983542719
1590,241,Ansbach,08128,Main-Tauber-Kreis,554973.400573927909136,0.018257427016938
1591,241,Ansbach,08136,Ostalbkreis,222009.752400077617494,0.007303641665170
1592,241,Ansbach,09176,Eichstätt,2079658.570560845546424,0.068416278208827
1593,241,Ansbach,09561,Ansbach,99800732.275361508131027,3.283228680635996
1594,241,Ansbach,09571,Ansbach,1955586378.837627649307251,64.334570900196653
1595,241,Ansbach,09573,Fürth,2479581.743328738957644,0.081572887393414
1596,241,Ansbach,09575,Neustadt a.d. Aisch-Bad Windsheim,6436795.280389565043151,0.211756671460564
1597,241,Ansbach,09576,Roth,7091946.028565832413733,0.233309716989504
1598,241,Ansbach,09577,Weißenburg-Gunzenhausen,962378136.654409527778625,31.660163486203636
1599,241,Ansbach,09779,Donau-Ries,1648841.544313874328509,0.054243327926482
1600,242,Erlangen,09471,Bamberg,3338911.578512816689909,0.520715267028288
1601,242,Erlangen,09474,Forchheim,6003002.605418448336422,0.936189842452869
1602,242,Erlangen,09562,Erlangen,77144508.412174642086029,12.030963490055571
1603,242,Erlangen,09563,Fürth,60858.345443050144240,0.009491077811768
1604,242,Erlangen,09564,Nürnberg,242551.503295440168586,0.037826779127482
1605,242,Erlangen,09572,Erlangen-Höchstadt,551778826.730076909065247,86.051892164596438
1606,242,Erlangen,09573,Fürth,148627.049989171704510,0.023178922892355
1607,242,Erlangen,09574,Nürnberger Land,1630256.516126707196236,0.254244365913287
1608,242,Erlangen,09575,Neustadt a.d. Aisch-Bad Windsheim,868836.033436914673075,0.135498103653410
1609,243,Fürth,08128,Main-Tauber-Kreis,238092.680682360805804,0.014525919483859
1610,243,Fürth,09471,Bamberg,1400258.554379860637709,0.085429098278929
1611,243,Fürth,09562,Erlangen,460941.035607961763162,0.028121790014119
1612,243,Fürth,09563,Fürth,62895064.765179656445980,3.837197532039906
1613,243,Fürth,09564,Nürnberg,2282464.518858103547245,0.139252058192963
1614,243,Fürth,09571,Ansbach,2262963.824094602838159,0.138062330221477
1615,243,Fürth,09572,Erlangen-Höchstadt,5543288.991045719943941,0.338193384731207
1616,243,Fürth,09573,Fürth,303228646.057520091533661,18.499833280080964
1617,243,Fürth,09575,Neustadt a.d. Aisch-Bad Windsheim,1255588437.569085121154785,76.602844307193905
1618,243,Fürth,09576,Roth,359679.831939267867710,0.021943892872911
1619,243,Fürth,09675,Kitzingen,4577121.016020284034312,0.279247943095283
1620,243,Fürth,09679,Würzburg,251575.489204033830902,0.015348499121506
1621,244,Nürnberg-Nord,09562,Erlangen,400747.483405438542832,0.472264319837183
1622,244,Nürnberg-Nord,09563,Fürth,329754.025561453541741,0.388601468615584
1623,244,Nürnberg-Nord,09564,Nürnberg,80596973.454625606536865,94.980196821287592
1624,244,Nürnberg-Nord,09572,Erlangen-Höchstadt,2873782.226177908014506,3.386633390366230
1625,244,Nürnberg-Nord,09574,Nürnberger Land,655350.768380243214779,0.772303751613953
1626,245,Nürnberg-Süd,09563,Fürth,48139.201051418524003,0.033855709913758
1627,245,Nürnberg-Süd,09564,Nürnberg,99669252.795655146241188,70.096163548009599
1628,245,Nürnberg-Süd,09565,Schwabach,38835633.430383794009686,27.312624867449596
1629,245,Nürnberg-Süd,09573,Fürth,85200.787595618763589,0.059920669355937
1630,245,Nürnberg-Süd,09574,Nürnberger Land,1757926.506194134941325,1.236328159660256
1631,245,Nürnberg-Süd,09576,Roth,1793159.864094936987385,1.261107348311582
1632,246,Roth,09176,Eichstätt,1288344.573887650854886,0.076050679887571
1633,246,Roth,09371,Amberg-Sulzbach,4422770.696419065818191,0.261075123275853
1634,246,Roth,09373,Neumarkt i.d. OPf.,7447333.900527048856020,0.439614384198297
1635,246,Roth,09472,Bayreuth,2077988.612834323896095,0.122663183443082
1636,246,Roth,09474,Forchheim,567835.267966082552448,0.033519183507445
1637,246,Roth,09564,Nürnberg,4850212.763087157160044,0.286306928835886
1638,246,Roth,09565,Schwabach,1978669.849182758480310,0.116800419975618
1639,246,Roth,09571,Ansbach,744498.766931033344008,0.043947588671647
1640,246,Roth,09572,Erlangen-Höchstadt,931758.817646041279659,0.055001505815633
1641,246,Roth,09573,Fürth,1052641.165685045765713,0.062137162643085
1642,246,Roth,09574,Nürnberger Land,787280233.912138700485229,46.472968695318251
1643,246,Roth,09576,Roth,881048691.755485892295837,52.008098904682129
1644,246,Roth,09577,Weißenburg-Gunzenhausen,369580.013000344799366,0.021816222019486
1645,247,Aschaffenburg,06432,Darmstadt-Dieburg,7991.644605069080171,0.001049448305526
1646,247,Aschaffenburg,06435,Main-Kinzig-Kreis,4396161.556062133982778,0.577295978965793
1647,247,Aschaffenburg,06438,Offenbach,136126.556637439643964,0.017875893043304
1648,247,Aschaffenburg,09661,Aschaffenburg,60747558.413958452641964,7.977259424419605
1649,247,Aschaffenburg,09671,Aschaffenburg,690430216.750529170036316,90.666046459764743
1650,247,Aschaffenburg,09676,Miltenberg,1252695.456518893828616,0.164501700106959
1651,247,Aschaffenburg,09677,Main-Spessart,4538374.119366244412959,0.595971075389551
1652,248,Bad Kissingen,06435,Main-Kinzig-Kreis,823258.879744204459712,0.026438540876871
1653,248,Bad Kissingen,06631,Fulda,2576312.681623441632837,0.082736973533607
1654,248,Bad Kissingen,09471,Bamberg,2653994.828882982488722,0.085231696246301
1655,248,Bad Kissingen,09473,Coburg,2740294.782015848439187,0.088003175418544
1656,248,Bad Kissingen,09672,Bad Kissingen,1125331319.722142696380615,36.139443896119019
1657,248,Bad Kissingen,09673,Rhön-Grabfeld,1018843312.066541790962219,32.719635604255878
1658,248,Bad Kissingen,09674,Haßberge,944966323.324383974075317,30.347113625110524
1659,248,Bad Kissingen,09677,Main-Spessart,222281.107302013901062,0.007138444887939
1660,248,Bad Kissingen,09678,Schweinfurt,4998005.161064649932086,0.160508397789380
1661,248,Bad Kissingen,16066,Schmalkalden-Meiningen,5904470.948937132954597,0.189619086268802
1662,248,Bad Kissingen,16069,Hildburghausen,4799407.697228414006531,0.154130541084926
1663,249,Main-Spessart,06432,Darmstadt-Dieburg,161922.200493453012314,0.007957114365798
1664,249,Main-Spessart,06435,Main-Kinzig-Kreis,2375947.485246704425663,0.116757836847722
1665,249,Main-Spessart,06437,Odenwaldkreis,827688.088488146313466,0.040673908576084
1666,249,Main-Spessart,08128,Main-Tauber-Kreis,3028116.822095076087862,0.148806474918072
1667,249,Main-Spessart,08225,Neckar-Odenwald-Kreis,665671.815319448127411,0.032712171329462
1668,249,Main-Spessart,09661,Aschaffenburg,1147001.775830353610218,0.056365490835982
1669,249,Main-Spessart,09671,Aschaffenburg,4645148.297045784071088,0.228269972450014
1670,249,Main-Spessart,09672,Bad Kissingen,5267162.160944281145930,0.258836722636641
1671,249,Main-Spessart,09676,Miltenberg,705016440.991755008697510,34.645628787426517
1672,249,Main-Spessart,09677,Main-Spessart,1308499256.209903955459595,64.301733780137766
1673,249,Main-Spessart,09678,Schweinfurt,2209517.145985305774957,0.108579185375560
1674,249,Main-Spessart,09679,Würzburg,1092324.297289363807067,0.053678552610969
1675,250,Schweinfurt,09471,Bamberg,2206610.852138308808208,0.141490400081596
1676,250,Schweinfurt,09575,Neustadt a.d. Aisch-Bad Windsheim,2154746.255097077693790,0.138164783071091
1677,250,Schweinfurt,09662,Schweinfurt,35679386.188970103859901,2.287802863677168
1678,250,Schweinfurt,09672,Bad Kissingen,4388423.180447898805141,0.281390690581994
1679,250,Schweinfurt,09673,Rhön-Grabfeld,891377.877570717129856,0.057156164350024
1680,250,Schweinfurt,09674,Haßberge,6254678.862026753835380,0.401057129630483
1681,250,Schweinfurt,09675,Kitzingen,675285450.798434257507324,43.300071922587627
1682,250,Schweinfurt,09677,Main-Spessart,490391.640835295082070,0.031444470324805
1683,250,Schweinfurt,09678,Schweinfurt,830520862.087114691734314,53.253943231061427
1684,250,Schweinfurt,09679,Würzburg,1676176.459447145927697,0.107478342918828
1685,251,Würzburg,08128,Main-Tauber-Kreis,2782224.840159346815199,0.263297278659292
1686,251,Würzburg,09575,Neustadt a.d. Aisch-Bad Windsheim,916541.918971877894364,0.086737415883556
1687,251,Würzburg,09663,Würzburg,87676899.611577421426773,8.297348487367438
1688,251,Würzburg,09675,Kitzingen,3336982.634730454999954,0.315797067862970
1689,251,Würzburg,09677,Main-Spessart,3986397.136279456783086,0.377254743213874
1690,251,Würzburg,09678,Schweinfurt,2443202.380338467657566,0.231213713813359
1691,251,Würzburg,09679,Würzburg,955543507.778052806854248,90.428351298921555
1692,252,Augsburg-Stadt,09761,Augsburg,143411429.609216034412384,86.675775724366204
1693,252,Augsburg-Stadt,09771,Aichach-Friedberg,2798806.485975031275302,1.691557806342960
1694,252,Augsburg-Stadt,09772,Augsburg,19247100.052061825990677,11.632666461821122
1695,253,Augsburg-Land,09174,Dachau,2416055.208134892862290,0.154155694783239
1696,253,Augsburg-Land,09179,Fürstenfeldbruck,1183641.383429023437202,0.075521891727612
1697,253,Augsburg-Land,09181,Landsberg am Lech,1539028.472427225671709,0.098197260832195
1698,253,Augsburg-Land,09761,Augsburg,2997620.105953041464090,0.191262272721873
1699,253,Augsburg-Land,09771,Aichach-Friedberg,512111425.452691256999969,32.675119480418331
1700,253,Augsburg-Land,09772,Augsburg,1040719319.300808787345886,66.402791294245390
1701,253,Augsburg-Land,09773,Dillingen a.d. Donau,2801691.187528386712074,0.178761085478227
1702,253,Augsburg-Land,09774,Günzburg,1130963.479200932430103,0.072160793480078
1703,253,Augsburg-Land,09777,Ostallgäu,306339.090201742015779,0.019545875909752
1704,253,Augsburg-Land,09778,Unterallgäu,591043.455409594462253,0.037711354529058
1705,253,Augsburg-Land,09779,Donau-Ries,1485361.087964571313933,0.094773029088159
1706,254,Donau-Ries,08135,Heidenheim,4521938.660991145297885,0.193986911331668
1707,254,Donau-Ries,08136,Ostalbkreis,1053049.887992355739698,0.045174848790413
1708,254,Donau-Ries,09174,Dachau,253204.056756520061754,0.010862215653337
1709,254,Donau-Ries,09176,Eichstätt,1294044.935643378179520,0.055513309447418
1710,254,Donau-Ries,09185,Neuburg-Schrobenhausen,7298560.709869859740138,0.313101383149675
1711,254,Donau-Ries,09186,Pfaffenhofen a.d. Ilm,348592.354569571791217,0.014954283825239
1712,254,Donau-Ries,09571,Ansbach,2536617.459455770906061,0.108818500886510
1713,254,Donau-Ries,09577,Weißenburg-Gunzenhausen,5290255.732378083281219,0.226946990354295
1714,254,Donau-Ries,09771,Aichach-Friedberg,259640705.461843788623810,11.138341822946929
1715,254,Donau-Ries,09772,Augsburg,2878627.538350952323526,0.123490411282268
1716,254,Donau-Ries,09773,Dillingen a.d. Donau,781229868.283558011054993,33.514025852609784
1717,254,Donau-Ries,09774,Günzburg,674540.652877281885594,0.028937158955321
1718,254,Donau-Ries,09779,Donau-Ries,1264033480.498070716857910,54.225846276272293
1719,255,Neu-Ulm,08135,Heidenheim,467953.272724915936124,0.027762019250771
1720,255,Neu-Ulm,08421,Ulm,492692.274221174186096,0.029229697063525
1721,255,Neu-Ulm,08425,Alb-Donau-Kreis,1753241.122140599647537,0.104013619780201
1722,255,Neu-Ulm,08426,Biberach,68171.909299114355235,0.004044399235212
1723,255,Neu-Ulm,09764,Memmingen,64471.136775387050875,0.003824845437783
1724,255,Neu-Ulm,09772,Augsburg,3672233.208805232308805,0.217860660408502
1725,255,Neu-Ulm,09773,Dillingen a.d. Donau,3544765.170611507259309,0.210298430723505
1726,255,Neu-Ulm,09774,Günzburg,758718336.739389657974243,45.012086244888287
1727,255,Neu-Ulm,09775,Neu-Ulm,510682313.481142580509186,30.296982720806408
1728,255,Neu-Ulm,09778,Unterallgäu,406123849.208853423595428,24.093897354920571
1729,256,Oberallgäu,08435,Bodenseekreis,629321.290275362320244,0.032893433288362
1730,256,Oberallgäu,08436,Ravensburg,4053307.006502600852400,0.211858689155909
1731,256,Oberallgäu,09763,Kempten (Allgäu),63213005.556546904146671,3.304024213643449
1732,256,Oberallgäu,09776,Lindau (Bodensee),317625432.031465053558350,16.601680446314933
1733,256,Oberallgäu,09777,Ostallgäu,4755760.495784859173000,0.248574604134366
1734,256,Oberallgäu,09778,Unterallgäu,1372113.983545686816797,0.071717802145293
1735,256,Oberallgäu,09780,Oberallgäu,1516783493.588222026824951,79.279403748445148
1736,257,Ostallgäu,08426,Biberach,107884.498435249406612,0.004635917413856
1737,257,Ostallgäu,08436,Ravensburg,350578.377438371360768,0.015064744504175
1738,257,Ostallgäu,09180,Garmisch-Partenkirchen,1100216.338636335683987,0.047277525105748
1739,257,Ostallgäu,09181,Landsberg am Lech,4022034.663418252952397,0.172831322439392
1740,257,Ostallgäu,09190,Weilheim-Schongau,5202740.644556397572160,0.223567577397168
1741,257,Ostallgäu,09762,Kaufbeuren,40414109.612734436988831,1.736639436031898
1742,257,Ostallgäu,09764,Memmingen,69131223.180687129497528,2.970645885487337
1743,257,Ostallgäu,09772,Augsburg,3854199.707432876341045,0.165619266894883
1744,257,Ostallgäu,09774,Günzburg,1561143.239769843406975,0.067084068941720
1745,257,Ostallgäu,09777,Ostallgäu,1381299698.159105539321899,59.355991058286129
1746,257,Ostallgäu,09778,Unterallgäu,817975510.361290335655212,35.149321427933394
1747,257,Ostallgäu,09780,Oberallgäu,1657518.932699610246345,0.071225440126698
1748,258,Stuttgart I,08111,Stuttgart,113626970.066991716623306,99.114366510693230
1749,258,Stuttgart I,08115,Böblingen,281230.069611631217413,0.245310951941086
1750,258,Stuttgart I,08116,Esslingen,557194.935475343838334,0.486029179692509
1751,258,Stuttgart I,08118,Ludwigsburg,176885.563403939333512,0.154293479367901
1752,259,Stuttgart II,08111,Stuttgart,89267286.794701308012009,97.202988678085660
1753,259,Stuttgart II,08116,Esslingen,30707.447028216814942,0.033437284059964
1754,259,Stuttgart II,08118,Ludwigsburg,1182075.348823989043012,1.287159729774633
1755,259,Stuttgart II,08119,Rems-Murr-Kreis,1355878.749819632852450,1.476413941768843
1756,260,Böblingen,08111,Stuttgart,1199297.651116800261661,0.204585828499963
1757,260,Böblingen,08115,Böblingen,577727452.093178391456604,98.553390247693216
1758,260,Böblingen,08116,Esslingen,416853.030457012704574,0.071110138937863
1759,260,Böblingen,08118,Ludwigsburg,2326132.876647604629397,0.396810434279426
1760,260,Böblingen,08235,Calw,1392334.112638896564022,0.237515538963770
1761,260,Böblingen,08236,Enzkreis,1251146.651060804491863,0.213430647465931
1762,260,Böblingen,08416,Tübingen,1894371.817800230579451,0.323157164087447
1763,261,Esslingen,08111,Stuttgart,863809.601720462203957,0.413871157631304
1764,261,Esslingen,08116,Esslingen,205451348.050919204950333,98.436492353627131
1765,261,Esslingen,08117,Göppingen,587726.568473331048153,0.281593391391183
1766,261,Esslingen,08119,Rems-Murr-Kreis,1811732.742564418353140,0.868043057162410
1767,262,Nürtingen,08111,Stuttgart,2960708.313212771434337,0.636271542683621
1768,262,Nürtingen,08115,Böblingen,31123860.639237593859434,6.688678764747530
1769,262,Nürtingen,08116,Esslingen,427202667.801505744457245,91.808064734909422
1770,262,Nürtingen,08117,Göppingen,2840624.234960780944675,0.610464852649295
1771,262,Nürtingen,08415,Reutlingen,1176876.751716221449897,0.252916906073197
1772,262,Nürtingen,08416,Tübingen,16766.670937065213366,0.003603244377430
1773,263,Göppingen,08116,Esslingen,421227.401785506168380,0.065544481983027
1774,263,Göppingen,08117,Göppingen,633860854.014960289001465,98.631003466591523
1775,263,Göppingen,08119,Rems-Murr-Kreis,1121114.074253425700590,0.174449337648361
1776,263,Göppingen,08135,Heidenheim,1215035.059572282712907,0.189063777031853
1777,263,Göppingen,08136,Ostalbkreis,4760809.819865635596216,0.740798941712005
1778,263,Göppingen,08425,Alb-Donau-Kreis,1279790.619653972331434,0.199139972509839
1779,264,Waiblingen,08111,Stuttgart,235895.807666252861964,0.045975393318874
1780,264,Waiblingen,08116,Esslingen,322310.593992957845330,0.062817378893953
1781,264,Waiblingen,08117,Göppingen,462421.742202016292140,0.090124626152812
1782,264,Waiblingen,08118,Ludwigsburg,971434.188896947540343,0.189329642437422
1783,264,Waiblingen,08119,Rems-Murr-Kreis,508333352.204135537147522,99.072662782341808
1784,264,Waiblingen,08136,Ostalbkreis,2766025.704794514458627,0.539090206672784
1785,265,Ludwigsburg,08111,Stuttgart,1675926.276501904940233,0.494364460044730
1786,265,Ludwigsburg,08115,Böblingen,96493.211781182195409,0.028463551893079
1787,265,Ludwigsburg,08118,Ludwigsburg,336394657.599292576313019,99.229641302074896
1788,265,Ludwigsburg,08119,Rems-Murr-Kreis,191707.011718208697857,0.056549703088776
1789,265,Ludwigsburg,08236,Enzkreis,647437.469412742182612,0.190980999263897
1790,266,Neckar-Zaber,08118,Ludwigsburg,341500488.653020203113556,53.102472280971277
1791,266,Neckar-Zaber,08119,Rems-Murr-Kreis,2311467.865977150388062,0.359427474805524
1792,266,Neckar-Zaber,08121,Heilbronn,2751819.029915502294898,0.427900979980179
1793,266,Neckar-Zaber,08125,Heilbronn,296389980.373445630073547,46.087901013606128
1794,266,Neckar-Zaber,08215,Karlsruhe,97893.138062770347460,0.015222138249288
1795,266,Neckar-Zaber,08236,Enzkreis,45506.327624870391446,0.007076120186064
1796,267,Heilbronn,08119,Rems-Murr-Kreis,241155.027640851796605,0.026660107561303
1797,267,Heilbronn,08121,Heilbronn,97813613.940127313137054,10.813465073128132
1798,267,Heilbronn,08125,Heilbronn,793878291.535965085029602,87.764625311702460
1799,267,Heilbronn,08126,Hohenlohekreis,5747837.577544186264277,0.635433436994083
1800,267,Heilbronn,08127,Schwäbisch Hall,135288.301278452941915,0.014956356909304
1801,267,Heilbronn,08215,Karlsruhe,281320.504028825846035,0.031100470804939
1802,267,Heilbronn,08225,Neckar-Odenwald-Kreis,4147967.181866014841944,0.458564983326814
1803,267,Heilbronn,08226,Rhein-Neckar-Kreis,2308369.694686702918261,0.255194282920998
1804,268,Schwäbisch Hall - Hohenlohe,08119,Rems-Murr-Kreis,486613.925943099660799,0.021539167694551
1805,268,Schwäbisch Hall - Hohenlohe,08125,Heilbronn,2357421.778980831149966,0.104347410374345
1806,268,Schwäbisch Hall - Hohenlohe,08126,Hohenlohekreis,769375978.197290897369385,34.055166387672855
1807,268,Schwäbisch Hall - Hohenlohe,08127,Schwäbisch Hall,1470997896.045195341110229,65.111310367543027
1808,268,Schwäbisch Hall - Hohenlohe,08128,Main-Tauber-Kreis,5942090.054897800087929,0.263016875031923
1809,268,Schwäbisch Hall - Hohenlohe,08136,Ostalbkreis,2229658.890305743552744,0.098692195557014
1810,268,Schwäbisch Hall - Hohenlohe,08225,Neckar-Odenwald-Kreis,1560111.684180491603911,0.069055786109422
1811,268,Schwäbisch Hall - Hohenlohe,09571,Ansbach,6255101.465856026858091,0.276871811998371
1812,269,Backnang - Schwäbisch Gmünd,08117,Göppingen,867407.275191674358211,0.103507566204621
1813,269,Backnang - Schwäbisch Gmünd,08118,Ludwigsburg,1067616.255445450311527,0.127398470594140
1814,269,Backnang - Schwäbisch Gmünd,08119,Rems-Murr-Kreis,340837678.426308929920197,40.672103605477382
1815,269,Backnang - Schwäbisch Gmünd,08125,Heilbronn,745546.941232852870598,0.088965992775723
1816,269,Backnang - Schwäbisch Gmünd,08127,Schwäbisch Hall,5975150.086999084800482,0.713013668320848
1817,269,Backnang - Schwäbisch Gmünd,08135,Heidenheim,118050.058352992607979,0.014086893873160
1818,269,Backnang - Schwäbisch Gmünd,08136,Ostalbkreis,488401951.205911815166473,58.280923788356745
1819,270,Aalen - Heidenheim,08117,Göppingen,572921.693020647740923,0.034846835779419
1820,270,Aalen - Heidenheim,08127,Schwäbisch Hall,3926737.544145962689072,0.238836092290894
1821,270,Aalen - Heidenheim,08135,Heidenheim,617078186.485282897949219,37.532567695494158
1822,270,Aalen - Heidenheim,08136,Ostalbkreis,1010001177.316774725914001,61.431336239714476
1823,270,Aalen - Heidenheim,08425,Alb-Donau-Kreis,457552.739181714423466,0.027829745944205
1824,270,Aalen - Heidenheim,09571,Ansbach,2735957.432281478773803,0.166409232716483
1825,270,Aalen - Heidenheim,09773,Dillingen a.d. Donau,3754116.606451204977930,0.228336763078513
1826,270,Aalen - Heidenheim,09774,Günzburg,171376.767567058879649,0.010423655010043
1827,270,Aalen - Heidenheim,09779,Donau-Ries,5415937.540822114795446,0.329413754751680
1828,271,Karlsruhe-Stadt,07334,Germersheim,28993.767091535293730,0.016737547416249
1829,271,Karlsruhe-Stadt,08212,Karlsruhe,169699532.960117667913437,97.964295928435646
1830,271,Karlsruhe-Stadt,08215,Karlsruhe,3497372.926063715945929,2.018966524684107
1831,272,Karlsruhe-Land,07334,Germersheim,98051.352011052818852,0.013649009525072
1832,272,Karlsruhe-Land,08125,Heilbronn,1732619.553896466968581,0.241185259656527
1833,272,Karlsruhe-Land,08212,Karlsruhe,3819282.848408444784582,0.531654351599311
1834,272,Karlsruhe-Land,08215,Karlsruhe,709884744.447591066360474,98.817848402298964
1835,272,Karlsruhe-Land,08216,Rastatt,642582.876409560791217,0.089449248999379
1836,272,Karlsruhe-Land,08235,Calw,107707.457084524459788,0.014993165086620
1837,272,Karlsruhe-Land,08236,Enzkreis,2092061.982277941890061,0.291220603668315
1838,273,Rastatt,07334,Germersheim,156056.753235715674236,0.017764322838193
1839,273,Rastatt,08211,Baden-Baden,139863212.267639338970184,15.920972366740695
1840,273,Rastatt,08215,Karlsruhe,3031547.787144029513001,0.345088517309432
1841,273,Rastatt,08216,Rastatt,730527518.218902230262756,83.157738494168996
1842,273,Rastatt,08235,Calw,2819413.051237437874079,0.320940700212740
1843,273,Rastatt,08237,Freudenstadt,284021.876395098050125,0.032330906550203
1844,273,Rastatt,08317,Ortenaukreis,772569.411554035497829,0.087943470290127
1845,274,Heidelberg,06431,Bergstraße,2711313.407815843820572,0.888187794898804
1846,274,Heidelberg,08221,Heidelberg,106767277.400785446166992,34.975444892718748
1847,274,Heidelberg,08222,Mannheim,824827.794352157623507,0.270201879917324
1848,274,Heidelberg,08226,Rhein-Neckar-Kreis,194960110.815163135528564,63.866165534009546
1849,275,Mannheim,06431,Bergstraße,2223014.345867098774761,1.534460416850682
1850,275,Mannheim,07314,Ludwigshafen am Rhein,95268.433675644919276,0.065760097645083
1851,275,Mannheim,08221,Heidelberg,54177.018843683996238,0.037396290794597
1852,275,Mannheim,08222,Mannheim,141455708.736832559108734,97.641378787217874
1853,275,Mannheim,08226,Rhein-Neckar-Kreis,1044538.348385255085304,0.721004231241063
1854,276,Odenwald - Tauber,06437,Odenwaldkreis,537520.933312032604590,0.022138685293648
1855,276,Odenwald - Tauber,08125,Heilbronn,928573.992441657232121,0.038244849858895
1856,276,Odenwald - Tauber,08126,Hohenlohekreis,1434850.280955214286223,0.059096672975765
1857,276,Odenwald - Tauber,08127,Schwäbisch Hall,492648.723034914932214,0.020290549378950
1858,276,Odenwald - Tauber,08128,Main-Tauber-Kreis,1291341064.508603096008301,53.186009441094839
1859,276,Odenwald - Tauber,08225,Neckar-Odenwald-Kreis,1114679210.898851871490479,45.909899920373448
1860,276,Odenwald - Tauber,08226,Rhein-Neckar-Kreis,1516792.951216140063480,0.062471616864648
1861,276,Odenwald - Tauber,09571,Ansbach,1652103.325576942181215,0.068044597579057
1862,276,Odenwald - Tauber,09575,Neustadt a.d. Aisch-Bad Windsheim,1343887.048589839134365,0.055350202373734
1863,276,Odenwald - Tauber,09676,Miltenberg,4619587.197191461920738,0.190265310255027
1864,276,Odenwald - Tauber,09677,Main-Spessart,1471541.223249198636040,0.060607849888577
1865,276,Odenwald - Tauber,09679,Würzburg,7953556.987852619960904,0.327580349353474
1866,277,Rhein-Neckar,06431,Bergstraße,3274659.533939964137971,0.451842620674021
1867,277,Rhein-Neckar,06437,Odenwaldkreis,2101606.234386825002730,0.289982900123874
1868,277,Rhein-Neckar,08125,Heilbronn,1260112.774386343779042,0.173872322426902
1869,277,Rhein-Neckar,08215,Karlsruhe,30569.062454217357299,0.004217966829133
1870,277,Rhein-Neckar,08221,Heidelberg,1365235.951544069219381,0.188377382073019
1871,277,Rhein-Neckar,08225,Neckar-Odenwald-Kreis,3175610.364033006131649,0.438175662004734
1872,277,Rhein-Neckar,08226,Rhein-Neckar-Kreis,713526744.613118767738342,98.453531081776731
1873,278,Bruchsal - Schwetzingen,07318,Speyer,189065.227909289271338,0.037337298369569
1874,278,Bruchsal - Schwetzingen,07334,Germersheim,137045.280069149826886,0.027064207250939
1875,278,Bruchsal - Schwetzingen,07338,Rhein-Pfalz-Kreis,475899.418269349727780,0.093982371958698
1876,278,Bruchsal - Schwetzingen,08125,Heilbronn,267015.071254050591961,0.052731120866749
1877,278,Bruchsal - Schwetzingen,08215,Karlsruhe,361922770.757517337799072,71.473843328810588
1878,278,Bruchsal - Schwetzingen,08221,Heidelberg,894637.052667987532914,0.176676224059363
1879,278,Bruchsal - Schwetzingen,08222,Mannheim,585468.511563924956135,0.115620480529278
1880,278,Bruchsal - Schwetzingen,08226,Rhein-Neckar-Kreis,141899035.992210596799850,28.022744868439194
1881,279,Pforzheim,08115,Böblingen,694524.856114799855277,0.103531366346361
1882,279,Pforzheim,08118,Ludwigsburg,2474683.171827496495098,0.368895839793095
1883,279,Pforzheim,08125,Heilbronn,185617.846022215060657,0.027669663724421
1884,279,Pforzheim,08212,Karlsruhe,6509.278062254965334,0.000970324453877
1885,279,Pforzheim,08215,Karlsruhe,3456198.787264584563673,0.515208317830159
1886,279,Pforzheim,08231,Pforzheim,98125376.149707362055779,14.627344401840430
1887,279,Pforzheim,08235,Calw,586775.725613794871606,0.087469429030244
1888,279,Pforzheim,08236,Enzkreis,565305521.580351948738098,84.268910661826865
1889,280,Calw,08115,Böblingen,2991361.207697869278491,0.179456208907241
1890,280,Calw,08215,Karlsruhe,689771.203530346741900,0.041380400628450
1891,280,Calw,08216,Rastatt,2281716.713994324207306,0.136883580037074
1892,280,Calw,08231,Pforzheim,57932.713133763762016,0.003475469643700
1893,280,Calw,08235,Calw,791956608.710815072059631,47.510655099941566
1894,280,Calw,08236,Enzkreis,3192127.544226990547031,0.191500480102908
1895,280,Calw,08237,Freudenstadt,861460174.264080047607422,51.680277393507332
1896,280,Calw,08317,Ortenaukreis,660609.735873796627857,0.039630960802076
1897,280,Calw,08325,Rottweil,1388196.042621567146853,0.083279945727658
1898,280,Calw,08416,Tübingen,1836007.083946466678753,0.110144796276689
1899,280,Calw,08417,Zollernalbkreis,388649.342610241612419,0.023315652232049
1900,281,Freiburg,08311,Freiburg im Breisgau,153033047.265198647975922,33.798783350510000
1901,281,Freiburg,08315,Breisgau-Hochschwarzwald,297195395.158416986465454,65.638389571641568
1902,281,Freiburg,08316,Emmendingen,2541885.463958182372153,0.561399237834237
1903,282,Lörrach - Müllheim,08311,Freiburg im Breisgau,236148.485040257772198,0.020452655769492
1904,282,Lörrach - Müllheim,08315,Breisgau-Hochschwarzwald,350564860.261143088340759,30.362178315812482
1905,282,Lörrach - Müllheim,08336,Lörrach,801061178.184448957443237,69.379350559531645
1906,282,Lörrach - Müllheim,08337,Waldshut,1896537.206263454165310,0.164257766155595
1907,283,Emmendingen - Lahr,08315,Breisgau-Hochschwarzwald,359309.950114707695320,0.030094253038671
1908,283,Emmendingen - Lahr,08316,Emmendingen,673377447.422240614891052,56.399193194593821
1909,283,Emmendingen - Lahr,08317,Ortenaukreis,518439752.807274997234344,43.422279570346696
1910,283,Emmendingen - Lahr,08326,Schwarzwald-Baar-Kreis,1601401.283943806774914,0.134126470586390
1911,284,Offenburg,08216,Rastatt,4248532.432057570666075,0.384636227577030
1912,284,Offenburg,08237,Freudenstadt,2353722.542888927273452,0.213091690869207
1913,284,Offenburg,08317,Ortenaukreis,1097175267.952053070068359,99.331560439921986
1914,285,Rottweil - Tuttlingen,08237,Freudenstadt,4457807.991238044574857,0.296781639227282
1915,285,Rottweil - Tuttlingen,08317,Ortenaukreis,489590.679580943658948,0.032594836906844
1916,285,Rottweil - Tuttlingen,08325,Rottweil,760623313.766252636909485,50.639021316694723
1917,285,Rottweil - Tuttlingen,08326,Schwarzwald-Baar-Kreis,1371048.516785502200946,0.091278499897598
1918,285,Rottweil - Tuttlingen,08327,Tuttlingen,726425468.090257167816162,48.362276172508992
1919,285,Rottweil - Tuttlingen,08335,Konstanz,1071042.387755690608174,0.071305385100662
1920,285,Rottweil - Tuttlingen,08417,Zollernalbkreis,4913160.974799593910575,0.327097077925865
1921,285,Rottweil - Tuttlingen,08437,Sigmaringen,2698358.727209886536002,0.179645091905850
1922,286,Schwarzwald-Baar,08237,Freudenstadt,1068988.656344908522442,0.084438590966883
1923,286,Schwarzwald-Baar,08315,Breisgau-Hochschwarzwald,511848.416017408133484,0.040430512317051
1924,286,Schwarzwald-Baar,08316,Emmendingen,823231.412723336368799,0.065026415497909
1925,286,Schwarzwald-Baar,08317,Ortenaukreis,239089529.362078875303268,18.885497852986898
1926,286,Schwarzwald-Baar,08325,Rottweil,5835307.442062462680042,0.460926442335739
1927,286,Schwarzwald-Baar,08326,Schwarzwald-Baar-Kreis,1015296809.717196106910706,80.197513338280615
1928,286,Schwarzwald-Baar,08327,Tuttlingen,2628073.209351391065866,0.207589479493827
1929,286,Schwarzwald-Baar,08335,Konstanz,268069.747837732778862,0.021174622998958
1930,286,Schwarzwald-Baar,08337,Waldshut,129288.486803488500300,0.010212398035405
1931,287,Konstanz,08326,Schwarzwald-Baar-Kreis,220582.332727312867064,0.025539230590055
1932,287,Konstanz,08327,Tuttlingen,3809568.486117498017848,0.441075433433902
1933,287,Konstanz,08335,Konstanz,807987370.644451379776001,93.549540063348815
1934,287,Konstanz,08435,Bodenseekreis,418175.658581267693080,0.048416772275492
1935,287,Konstanz,08437,Sigmaringen,2044545.214278541272506,0.236719373821307
1936,288,Waldshut,08311,Freiburg im Breisgau,479695.835163667448796,0.025776707833339
1937,288,Waldshut,08315,Breisgau-Hochschwarzwald,725587258.576148033142090,38.989812712319001
1938,288,Waldshut,08316,Emmendingen,2818677.979951319750398,0.151463142765628
1939,288,Waldshut,08326,Schwarzwald-Baar-Kreis,5650049.019901642575860,0.303608353781845
1940,288,Waldshut,08336,Lörrach,1307620.275657929480076,0.070265662805024
1941,288,Waldshut,08337,Waldshut,1120899329.076377391815186,60.232114598888622
1942,289,Reutlingen,08115,Böblingen,112959.749325493277865,0.010330414138081
1943,289,Reutlingen,08116,Esslingen,4845726.900618253275752,0.443152237698248
1944,289,Reutlingen,08117,Göppingen,49241.183955410204362,0.004503213099766
1945,289,Reutlingen,08415,Reutlingen,1081591732.132292747497559,98.913910379306813
1946,289,Reutlingen,08416,Tübingen,1481938.701072741532698,0.135526509227796
1947,289,Reutlingen,08417,Zollernalbkreis,577947.055459975381382,0.052854512057938
1948,289,Reutlingen,08425,Alb-Donau-Kreis,4052512.325464499648660,0.370611043948885
1949,289,Reutlingen,08426,Biberach,514225.939002709463239,0.047027077717165
1950,289,Reutlingen,08437,Sigmaringen,241487.840140514832456,0.022084586880357
1951,290,Tübingen,08115,Böblingen,3685994.780774856917560,0.468431729114834
1952,290,Tübingen,08235,Calw,64603.824297187711636,0.008210125874514
1953,290,Tübingen,08237,Freudenstadt,403020.786852480319794,0.051217577691426
1954,290,Tübingen,08415,Reutlingen,3866859.851776510942727,0.491416823501748
1955,290,Tübingen,08416,Tübingen,513823803.927736520767212,65.298891411787011
1956,290,Tübingen,08417,Zollernalbkreis,264930470.400537908077240,33.668479128676914
1957,290,Tübingen,08437,Sigmaringen,105073.590447313137702,0.013353194072400
1958,291,Ulm,08117,Göppingen,2939662.995645262766629,0.199255429401333
1959,291,Ulm,08135,Heidenheim,3616012.787046179175377,0.245099585112628
1960,291,Ulm,08415,Reutlingen,1469642.124667858704925,0.099614878661526
1961,291,Ulm,08421,Ulm,118646353.154209971427917,8.042054507494690
1962,291,Ulm,08425,Alb-Donau-Kreis,1341521088.749714374542236,90.930613810408630
1963,291,Ulm,08426,Biberach,2531288.799477897118777,0.171575121851014
1964,291,Ulm,09774,Günzburg,668045.642554107820615,0.045281286175999
1965,291,Ulm,09775,Neu-Ulm,3931817.921655416488647,0.266505401968820
1966,292,Biberach,08415,Reutlingen,1556440.461040213005617,0.088970556104542
1967,292,Biberach,08425,Alb-Donau-Kreis,7378201.928360354155302,0.421758971865267
1968,292,Biberach,08426,Biberach,1398863140.681420326232910,79.962989048352810
1969,292,Biberach,08436,Ravensburg,337301188.826341450214386,19.281093685103887
1970,292,Biberach,08437,Sigmaringen,723661.273832178674638,0.041366533173482
1971,292,Biberach,09764,Memmingen,569240.977315466618165,0.032539430564149
1972,292,Biberach,09775,Neu-Ulm,768292.064333330024965,0.043917755883035
1973,292,Biberach,09778,Unterallgäu,2228090.627391094341874,0.127363986694240
1974,293,Bodensee,08335,Konstanz,905127.467413657694124,0.105080596297334
1975,293,Bodensee,08435,Bodenseekreis,656166292.317710041999817,76.177497368383541
1976,293,Bodensee,08436,Ravensburg,6457739.470267156139016,0.749710000744434
1977,293,Bodensee,08437,Sigmaringen,197300505.700474351644516,22.905563619688802
1978,293,Bodensee,09776,Lindau (Bodensee),343613.316263454034925,0.039891720744971
1979,294,Ravensburg,08426,Biberach,2312499.738624213263392,0.179025109355133
1980,294,Ravensburg,08435,Bodenseekreis,904225.103180270991288,0.070001736767682
1981,294,Ravensburg,08436,Ravensburg,1281324807.079663515090942,99.195390112067045
1982,294,Ravensburg,08437,Sigmaringen,2755842.474864532705396,0.213347051326226
1983,294,Ravensburg,09776,Lindau (Bodensee),1149340.269050121307373,0.088977639182511
1984,294,Ravensburg,09778,Unterallgäu,942493.366084603010677,0.072964323027412
1985,294,Ravensburg,09780,Oberallgäu,2328890.667252303566784,0.180294033948319
1986,295,Zollernalb - Sigmaringen,08237,Freudenstadt,203105.337235625513131,0.012284037737567
1987,295,Zollernalb - Sigmaringen,08325,Rottweil,1058577.051056270953268,0.064023922858371
1988,295,Zollernalb - Sigmaringen,08327,Tuttlingen,606956.662384830066003,0.036709417129462
1989,295,Zollernalb - Sigmaringen,08335,Konstanz,42107.687345179539989,0.002546719980036
1990,295,Zollernalb - Sigmaringen,08415,Reutlingen,1722792.538342084037140,0.104196417696502
1991,295,Zollernalb - Sigmaringen,08416,Tübingen,437290.304657493892591,0.026447806235898
1992,295,Zollernalb - Sigmaringen,08417,Zollernalbkreis,645797664.083940386772156,39.058564311563408
1993,295,Zollernalb - Sigmaringen,08426,Biberach,4482126.715115481987596,0.271084031874354
1994,295,Zollernalb - Sigmaringen,08436,Ravensburg,1223558.321728188078851,0.074002174451900
1995,295,Zollernalb - Sigmaringen,08437,Sigmaringen,997834428.355122923851013,60.350141166095739
1996,296,Saarbrücken,10041,Regionalverband Saarbrücken,322319934.091886818408966,98.795542071996238
1997,296,Saarbrücken,10044,Saarlouis,1441705.907097105169669,0.441902909298351
1998,296,Saarbrücken,10045,Saarpfalz-Kreis,1565406.650976190110669,0.479818907515077
1999,297,Saarlouis,07235,Trier-Saarburg,4935606.103098342195153,0.552299983801116
2000,297,Saarlouis,10041,Regionalverband Saarbrücken,899408.546719583915547,0.100644847949268
2001,297,Saarlouis,10042,Merzig-Wadern,552708427.882071733474731,61.848707005686734
2002,297,Saarlouis,10044,Saarlouis,332817776.608770251274109,37.242690925914189
2003,297,Saarlouis,10046,St. Wendel,1451491.097117107827216,0.162423518546587
2004,298,St. Wendel,07134,Birkenfeld,3239095.915040644351393,0.404296575200003
2005,298,St. Wendel,07235,Trier-Saarburg,1132969.562856585718691,0.141414680541504
2006,298,St. Wendel,07336,Kusel,1715046.638302873587236,0.214068215440737
2007,298,St. Wendel,10041,Regionalverband Saarbrücken,38218907.528331987559795,4.770396995606211
2008,298,St. Wendel,10042,Merzig-Wadern,1606880.009160919114947,0.200567103136542
2009,298,St. Wendel,10043,Neunkirchen,160366323.401730477809906,20.016559258919688
2010,298,St. Wendel,10044,Saarlouis,121382949.843493789434433,15.150743354502518
2011,298,St. Wendel,10045,Saarpfalz-Kreis,100.137177796262392,0.000012498894474
2012,298,St. Wendel,10046,St. Wendel,473506005.512150704860687,59.101941216456446
2013,299,Homburg,07320,Zweibrücken,1273643.976687408983707,0.231437182531979
2014,299,Homburg,07335,Kaiserslautern,65213.532773389459180,0.011850121827047
2015,299,Homburg,07336,Kusel,987636.067107107490301,0.179465936260093
2016,299,Homburg,07340,Südwestpfalz,1324628.760560937691480,0.240701761132964
2017,299,Homburg,10041,Regionalverband Saarbrücken,45108387.219540804624557,8.196763175376978
2018,299,Homburg,10043,Neunkirchen,87712182.491475746035576,15.938410388714233
2019,299,Homburg,10045,Saarpfalz-Kreis,413659432.552477538585663,75.167138815919756
