OID_,WKR_NR,WKR_NAME,AGS,GEN,AREA,PERCENTAGE
1,1,Flensburg – Schleswig,01001,Flensburg,56853484.960835985839367,2.673892598850835
2,1,Flensburg – Schleswig,01051,Dithmarschen,17133.781794434482435,0.000805823818224
3,1,Flensburg – Schleswig,01054,Nordfriesland,269580.802658823959064,0.012678732245143
4,1,Flensburg – Schleswig,01058,Rendsburg-Eckernförde,100471.181665242547751,0.004725289034393
5,1,Flensburg – Schleswig,01059,Schleswig-Flensburg,2068913550.167866230010986,97.303668073590643
6,2,Nordfriesland – Dithmarschen Nord,01051,Dithmarschen,695702504.724081039428711,25.010340470267561
7,2,Nordfriesland – Dithmarschen Nord,01054,Nordfriesland,2085272972.790017127990723,74.965070082088602
8,2,Nordfriesland – Dithmarschen Nord,01058,Rendsburg-Eckernförde,4445.295057325948619,0.000159807305737
9,2,Nordfriesland – Dithmarschen Nord,01059,Schleswig-Flensburg,64632.031952360288415,0.002323506259410
10,3,Steinburg – Dithmarschen Süd,01004,Neumünster,6421.568623297094746,0.000319117605077
11,3,Steinburg – Dithmarschen Süd,01051,Dithmarschen,744964760.644975304603577,37.020763029964940
12,3,Steinburg – Dithmarschen Süd,01056,Pinneberg,65923.441496766099590,0.003276042350860
13,3,Steinburg – Dithmarschen Süd,01058,Rendsburg-Eckernförde,307040.267341239901725,0.015258258616228
14,3,Steinburg – Dithmarschen Süd,01060,Segeberg,211138433.183335572481155,10.492450535017227
15,3,Steinburg – Dithmarschen Süd,01061,Steinburg,1054498368.197157144546509,52.402927315263980
16,3,Steinburg – Dithmarschen Süd,03359,Stade,45615.935266616797890,0.002266867936724
17,4,Rendsburg-Eckernförde,01002,Kiel,86900.777161215053638,0.004016625738675
18,4,Rendsburg-Eckernförde,01004,Neumünster,61646.620959777224925,0.002849357767998
19,4,Rendsburg-Eckernförde,01051,Dithmarschen,125587.167707109765615,0.005804742681689
20,4,Rendsburg-Eckernförde,01057,Plön,20160.295655766662094,0.000931825526485
21,4,Rendsburg-Eckernförde,01058,Rendsburg-Eckernförde,2162739480.390167236328125,99.963606158179786
22,4,Rendsburg-Eckernförde,01059,Schleswig-Flensburg,223635.557816868764348,0.010336620303680
23,4,Rendsburg-Eckernförde,01060,Segeberg,889.848985559704033,0.000041129555519
24,4,Rendsburg-Eckernförde,01061,Steinburg,267162.413631886651274,0.012348467551787
25,5,Kiel,01002,Kiel,119468292.261908903717995,83.529508035874841
26,5,Kiel,01057,Plön,34695.763131641455402,0.024258487088455
27,5,Kiel,01058,Rendsburg-Eckernförde,23521426.226368196308613,16.445645315523542
28,6,Plön – Neumünster,01002,Kiel,39872.698134686565027,0.003065437096619
29,6,Plön – Neumünster,01004,Neumünster,71753612.452780172228813,5.516461030206685
30,6,Plön – Neumünster,01055,Ostholstein,115942.493113746168092,0.008913728844355
31,6,Plön – Neumünster,01057,Plön,1082364572.857923269271851,83.212841591443691
32,6,Plön – Neumünster,01058,Rendsburg-Eckernförde,110866.689156826105318,0.008523497972791
33,6,Plön – Neumünster,01060,Segeberg,146330796.243293374776840,11.249999928943867
34,7,Pinneberg,01056,Pinneberg,662936325.361820340156555,99.989901611734183
35,7,Pinneberg,01060,Segeberg,8129.832610445038881,0.001226213033951
36,7,Pinneberg,01061,Steinburg,18570.654499131916964,0.002800989846529
37,7,Pinneberg,02000,Hamburg,33581.682458028262772,0.005065085433510
38,7,Pinneberg,03359,Stade,5491.287963852407302,0.000828244466658
39,8,Segeberg – Stormarn-Mitte,01053,Herzogtum Lauenburg,13187.262901950418382,0.000988591936951
40,8,Segeberg – Stormarn-Mitte,01055,Ostholstein,140569.053415319824126,0.010537852610088
41,8,Segeberg – Stormarn-Mitte,01056,Pinneberg,19714.292754803525895,0.001477895072313
42,8,Segeberg – Stormarn-Mitte,01057,Plön,125075.688566354452632,0.009376382206426
43,8,Segeberg – Stormarn-Mitte,01060,Segeberg,987054879.264253735542297,73.995225713181696
44,8,Segeberg – Stormarn-Mitte,01062,Stormarn,346541424.855981051921844,25.978708468874238
45,8,Segeberg – Stormarn-Mitte,02000,Hamburg,49157.896713208436267,0.003685154431930
46,9,Ostholstein – Stormarn-Nord,01003,Lübeck,67324.788124319980852,0.004388611491385
47,9,Ostholstein – Stormarn-Nord,01053,Herzogtum Lauenburg,20752.870574359523744,0.001352789794357
48,9,Ostholstein – Stormarn-Nord,01055,Ostholstein,1392922374.639771223068237,90.798579694945687
49,9,Ostholstein – Stormarn-Nord,01057,Plön,166548.124738917395007,0.010856551271252
50,9,Ostholstein – Stormarn-Nord,01060,Segeberg,131497.650763392826775,0.008571762604952
51,9,Ostholstein – Stormarn-Nord,01062,Stormarn,140760765.473055034875870,9.175584953204631
52,10,Herzogtum Lauenburg – Stormarn-Süd,01003,Lübeck,68321.001877282542409,0.005066055550640
53,10,Herzogtum Lauenburg – Stormarn-Süd,01053,Herzogtum Lauenburg,1070079617.553621053695679,79.347237850392645
54,10,Herzogtum Lauenburg – Stormarn-Süd,01062,Stormarn,278148178.584850370883942,20.624904279816057
55,10,Herzogtum Lauenburg – Stormarn-Süd,02000,Hamburg,41132.931760211926303,0.003050038956282
56,10,Herzogtum Lauenburg – Stormarn-Süd,03353,Harburg,217341.749413653335068,0.016116060153516
57,10,Herzogtum Lauenburg – Stormarn-Süd,03355,Lüneburg,604.931422604072395,0.000044856136576
58,10,Herzogtum Lauenburg – Stormarn-Süd,13074,Nordwestmecklenburg,36686.811819749171264,0.002720355696606
59,10,Herzogtum Lauenburg – Stormarn-Süd,13076,Ludwigslust-Parchim,11605.405839583836496,0.000860549890305
60,11,Lübeck,01003,Lübeck,211441204.324707239866257,52.386679704074922
61,11,Lübeck,01053,Herzogtum Lauenburg,191947693.883369177579880,47.556966919095821
62,11,Lübeck,01055,Ostholstein,152259.536011649121065,0.037723827625783
63,11,Lübeck,01062,Stormarn,71896.531014147403766,0.017813086877278
64,11,Lübeck,13074,Nordwestmecklenburg,3253.152920781554712,0.000806001274130
65,12,Schwerin – Ludwigslust-Parchim I – Nordwestmecklenburg I,01003,Lübeck,6485.090362297298270,0.000178131244539
66,12,Schwerin – Ludwigslust-Parchim I – Nordwestmecklenburg I,01053,Herzogtum Lauenburg,76260.288296963146422,0.002094703281573
67,12,Schwerin – Ludwigslust-Parchim I – Nordwestmecklenburg I,03354,Lüchow-Dannenberg,5280.550943651036505,0.000145045181931
68,12,Schwerin – Ludwigslust-Parchim I – Nordwestmecklenburg I,03355,Lüneburg,166502.338925221178215,0.004573454985879
69,12,Schwerin – Ludwigslust-Parchim I – Nordwestmecklenburg I,12070,Prignitz,91292.145935876484145,0.002507595525067
70,12,Schwerin – Ludwigslust-Parchim I – Nordwestmecklenburg I,13004,Schwerin,129887483.365659773349762,3.567725007567117
71,12,Schwerin – Ludwigslust-Parchim I – Nordwestmecklenburg I,13074,Nordwestmecklenburg,983727543.335630416870117,27.020843471966099
72,12,Schwerin – Ludwigslust-Parchim I – Nordwestmecklenburg I,13076,Ludwigslust-Parchim,2526664010.449027538299561,69.401932674461960
73,13,Ludwigslust-Parchim II – Nordwestmecklenburg II – Landkreis Rostock I,12070,Prignitz,20242.021804226013046,0.000514581231571
74,13,Ludwigslust-Parchim II – Nordwestmecklenburg II – Landkreis Rostock I,13004,Schwerin,191835.954682205192512,0.004876745157909
75,13,Ludwigslust-Parchim II – Nordwestmecklenburg II – Landkreis Rostock I,13071,Mecklenburgische Seenplatte,98661.557381806676858,0.002508118319272
76,13,Ludwigslust-Parchim II – Nordwestmecklenburg II – Landkreis Rostock I,13072,Rostock,552933313.644773364067078,14.056358019178116
77,13,Ludwigslust-Parchim II – Nordwestmecklenburg II – Landkreis Rostock I,13074,Nordwestmecklenburg,1141113561.005215167999268,29.008743655357382
78,13,Ludwigslust-Parchim II – Nordwestmecklenburg II – Landkreis Rostock I,13076,Ludwigslust-Parchim,2239309372.885708808898926,56.926456562182373
79,14,Rostock – Landkreis Rostock II,13003,Rostock,181522827.425675421953201,18.253351572676667
80,14,Rostock – Landkreis Rostock II,13072,Rostock,812741408.003995656967163,81.726661425233047
81,14,Rostock – Landkreis Rostock II,13073,Vorpommern-Rügen,198761.566790035605663,0.019986823746672
82,15,Vorpommern-Rügen – Vorpommern-Greifswald I,13071,Mecklenburgische Seenplatte,22132.770235340645741,0.000636688018549
83,15,Vorpommern-Rügen – Vorpommern-Greifswald I,13072,Rostock,500584.461292656662408,0.014400191453117
84,15,Vorpommern-Rügen – Vorpommern-Greifswald I,13073,Vorpommern-Rügen,3215080105.972685813903809,92.487427483388430
85,15,Vorpommern-Rügen – Vorpommern-Greifswald I,13075,Vorpommern-Greifswald,260435536.402205586433411,7.491885736330388
86,16,Mecklenburgische Seenplatte I – Vorpommern-Greifswald II,12073,Uckermark,155145.327209506591316,0.003114724707936
87,16,Mecklenburgische Seenplatte I – Vorpommern-Greifswald II,13071,Mecklenburgische Seenplatte,1283521730.498783588409424,25.768206616748390
88,16,Mecklenburgische Seenplatte I – Vorpommern-Greifswald II,13073,Vorpommern-Rügen,71023.773207855789224,0.001425885685636
89,16,Mecklenburgische Seenplatte I – Vorpommern-Greifswald II,13075,Vorpommern-Greifswald,3697055235.290094852447510,74.222727136427537
90,17,Mecklenburgische Seenplatte II – Landkreis Rostock III,12065,Oberhavel,5461.929954269363407,0.000086941164634
91,17,Mecklenburgische Seenplatte II – Landkreis Rostock III,12068,Ostprignitz-Ruppin,27794.230350313511735,0.000442419213902
92,17,Mecklenburgische Seenplatte II – Landkreis Rostock III,13071,Mecklenburgische Seenplatte,4216819067.357773780822754,67.121908159899519
93,17,Mecklenburgische Seenplatte II – Landkreis Rostock III,13072,Rostock,2064272693.401969194412231,32.858398695852685
94,17,Mecklenburgische Seenplatte II – Landkreis Rostock III,13073,Vorpommern-Rügen,203662.279757877142401,0.003241827695043
95,17,Mecklenburgische Seenplatte II – Landkreis Rostock III,13074,Nordwestmecklenburg,171748.392102006706409,0.002733833161238
96,17,Mecklenburgische Seenplatte II – Landkreis Rostock III,13075,Vorpommern-Greifswald,311440.883754918584600,0.004957411276774
97,17,Mecklenburgische Seenplatte II – Landkreis Rostock III,13076,Ludwigslust-Parchim,517083.043851255497430,0.008230754041380
98,18,Hamburg-Mitte,01062,Stormarn,7603.540664901313903,0.006542486963088
99,18,Hamburg-Mitte,02000,Hamburg,115368785.454368039965630,99.269380943368162
100,19,Hamburg-Altona,01056,Pinneberg,58996.879699324352259,0.075913464617894
101,19,Hamburg-Altona,02000,Hamburg,77656965.550250560045242,99.924086437735667
102,20,Hamburg-Eimsbüttel,01056,Pinneberg,5062.823148867683813,0.010144906763703
103,20,Hamburg-Eimsbüttel,02000,Hamburg,49900010.264189235866070,99.989854820675987
104,21,Hamburg-Nord,01060,Segeberg,6510.535273493107525,0.005688368156146
105,21,Hamburg-Nord,01062,Stormarn,7467.151164399715526,0.006524180135179
106,21,Hamburg-Nord,02000,Hamburg,114439500.860529765486717,99.987786741697036
107,22,Hamburg-Wandsbek,01062,Stormarn,41213.634026588464621,0.052351750095624
108,22,Hamburg-Wandsbek,02000,Hamburg,78683248.817671403288841,99.947647813756632
109,23,Hamburg-Bergedorf – Harburg,01053,Herzogtum Lauenburg,2986.850623802868995,0.000946919131280
110,23,Hamburg-Bergedorf – Harburg,01062,Stormarn,131.959482671801879,0.000041835021042
111,23,Hamburg-Bergedorf – Harburg,02000,Hamburg,315297632.392686069011688,99.958584396738146
112,23,Hamburg-Bergedorf – Harburg,03353,Harburg,127313.634912202265696,0.040362151227248
113,23,Hamburg-Bergedorf – Harburg,03359,Stade,204.921904904453385,0.000064966245927
114,24,Aurich – Emden,03402,Emden,111541382.269742742180824,7.932402963188396
115,24,Aurich – Emden,03452,Aurich,1293339395.772343397140503,91.977426195262524
116,24,Aurich – Emden,03457,Leer,69347.751135134589276,0.004931750847990
117,24,Aurich – Emden,03462,Wittmund,14164.856675083092341,0.001007351251851
118,25,Unterems,03402,Emden,94519.130031207168940,0.003639808535120
119,25,Unterems,03451,Ammerland,153793.921690691902768,0.005922403524393
120,25,Unterems,03452,Aurich,204546.785876488895155,0.007876830191082
121,25,Unterems,03453,Cloppenburg,73079.493999506463297,0.002814196088282
122,25,Unterems,03454,Emsland,1511059195.068275690078735,58.188920628716254
123,25,Unterems,03455,Friesland,0.279298875986569,0.000000010755436
124,25,Unterems,03456,Grafschaft Bentheim,12636.836430338875289,0.000486628104606
125,25,Unterems,03457,Leer,1084739420.067286968231201,41.771901605934801
126,26,Friesland – Wilhelmshaven – Wittmund,03405,Wilhelmshaven,108079491.752840697765350,7.784985480005732
127,26,Friesland – Wilhelmshaven – Wittmund,03451,Ammerland,43140.319352862265077,0.003107405061942
128,26,Friesland – Wilhelmshaven – Wittmund,03452,Aurich,56835.657691012063879,0.004093882777345
129,26,Friesland – Wilhelmshaven – Wittmund,03455,Friesland,617568662.329545140266418,44.483583251266609
130,26,Friesland – Wilhelmshaven – Wittmund,03457,Leer,1772.782460142057971,0.000127693843555
131,26,Friesland – Wilhelmshaven – Wittmund,03461,Wesermarsch,4878.869759210392658,0.000351425877549
132,26,Friesland – Wilhelmshaven – Wittmund,03462,Wittmund,658780713.290849924087524,47.452094789687870
133,27,Oldenburg – Ammerland,03403,Oldenburg (Oldb),103612428.906622588634491,12.441262270652210
134,27,Oldenburg – Ammerland,03451,Ammerland,729101360.350798606872559,87.546844927151440
135,27,Oldenburg – Ammerland,03453,Cloppenburg,18116.913345642551576,0.002175388347193
136,27,Oldenburg – Ammerland,03455,Friesland,12574.973027280881070,0.001509939870436
137,27,Oldenburg – Ammerland,03457,Leer,29063.517876090951177,0.003489801872419
138,27,Oldenburg – Ammerland,03458,Oldenburg,18989.367373914396012,0.002280148263540
139,27,Oldenburg – Ammerland,03461,Wesermarsch,20299.262680274921877,0.002437433940804
140,28,Delmenhorst – Wesermarsch – Oldenburg-Land,03251,Diepholz,30908.377909331858973,0.001577015478069
141,28,Delmenhorst – Wesermarsch – Oldenburg-Land,03352,Cuxhaven,6460.080219779642903,0.000329607931094
142,28,Delmenhorst – Wesermarsch – Oldenburg-Land,03356,Osterholz,42388.855853238252166,0.002162775477066
143,28,Delmenhorst – Wesermarsch – Oldenburg-Land,03401,Delmenhorst,62357172.140200212597847,3.181604221424986
144,28,Delmenhorst – Wesermarsch – Oldenburg-Land,03403,Oldenburg (Oldb),18777.043238857550023,0.000958047294068
145,28,Delmenhorst – Wesermarsch – Oldenburg-Land,03451,Ammerland,122959.451107845117804,0.006273669816669
146,28,Delmenhorst – Wesermarsch – Oldenburg-Land,03453,Cloppenburg,41016.536967344647564,0.002092756657889
147,28,Delmenhorst – Wesermarsch – Oldenburg-Land,03455,Friesland,5505.003800865696576,0.000280877768036
148,28,Delmenhorst – Wesermarsch – Oldenburg-Land,03458,Oldenburg,1064122148.913071036338806,54.293923295328952
149,28,Delmenhorst – Wesermarsch – Oldenburg-Land,03460,Vechta,49740.169517903472297,0.002537856158017
150,28,Delmenhorst – Wesermarsch – Oldenburg-Land,03461,Wesermarsch,826959270.732127189636230,42.193335849039926
151,28,Delmenhorst – Wesermarsch – Oldenburg-Land,04011,Bremen,79553.005319083240465,0.004058974595275
152,28,Delmenhorst – Wesermarsch – Oldenburg-Land,04012,Bremerhaven,9692.023748274492391,0.000494509013371
153,29,Cuxhaven – Stade II,01061,Steinburg,17366.276443171838764,0.000674852525407
154,29,Cuxhaven – Stade II,03352,Cuxhaven,2056555533.135441780090332,79.917632298337764
155,29,Cuxhaven – Stade II,03356,Osterholz,84378.010596961263218,0.003278924743973
156,29,Cuxhaven – Stade II,03357,Rotenburg (Wümme),84333.820649609377142,0.003277207525106
157,29,Cuxhaven – Stade II,03359,Stade,515783955.776054143905640,20.043335499065318
158,29,Cuxhaven – Stade II,03461,Wesermarsch,36654.008128065310302,0.001424372693390
159,29,Cuxhaven – Stade II,04012,Bremerhaven,32081.503405956798815,0.001246685417177
160,30,Stade I – Rotenburg II,01056,Pinneberg,11310.482445094085051,0.000574096458844
161,30,Stade I – Rotenburg II,02000,Hamburg,743.722703288467756,0.000037749810620
162,30,Stade I – Rotenburg II,03352,Cuxhaven,58834.422039537683304,0.002986312344765
163,30,Stade I – Rotenburg II,03353,Harburg,63695.159094045557140,0.003233033202510
164,30,Stade I – Rotenburg II,03356,Osterholz,59755.153498411156761,0.003033046750008
165,30,Stade I – Rotenburg II,03357,Rotenburg (Wümme),1219886373.604548692703247,61.918883715013706
166,30,Stade I – Rotenburg II,03359,Stade,750055536.870051383972168,38.071252021636411
167,31,Mittelems,03453,Cloppenburg,115748.957697767153149,0.004919436926044
168,31,Mittelems,03454,Emsland,1370948910.516671180725098,58.266586829452827
169,31,Mittelems,03456,Grafschaft Bentheim,981702435.557323336601257,41.723254428590558
170,31,Mittelems,03459,Osnabrück,14332.105067335385684,0.000609127618067
171,31,Mittelems,05566,Steinfurt,107270.291081614792347,0.004559085813907
172,32,Cloppenburg – Vechta,03251,Diepholz,95124.313977750600316,0.004259834164308
173,32,Cloppenburg – Vechta,03451,Ammerland,68613.502344658903894,0.003072633369939
174,32,Cloppenburg – Vechta,03453,Cloppenburg,1419860646.342350721359253,63.583858184350284
175,32,Cloppenburg – Vechta,03454,Emsland,53982.997227258798375,0.002417453606385
176,32,Cloppenburg – Vechta,03457,Leer,20706.695279352934449,0.000927282250903
177,32,Cloppenburg – Vechta,03458,Oldenburg,83400.912774322641781,0.003734839629473
178,32,Cloppenburg – Vechta,03459,Osnabrück,169952.995505396218505,0.007610794194528
179,32,Cloppenburg – Vechta,03460,Vechta,812699619.030344843864441,36.394118997535344
180,33,Diepholz – Nienburg I,03251,Diepholz,1988933571.191115856170654,79.913883767915806
181,33,Diepholz – Nienburg I,03256,Nienburg (Weser),499632493.739235162734985,20.074865048127108
182,33,Diepholz – Nienburg I,03361,Verden,151240.682949830748839,0.006076739079322
183,33,Diepholz – Nienburg I,03401,Delmenhorst,17055.905861696981447,0.000685293716357
184,33,Diepholz – Nienburg I,03458,Oldenburg,16147.992519701068886,0.000648814427991
185,33,Diepholz – Nienburg I,03459,Osnabrück,263.449367763553141,0.000010585201265
186,33,Diepholz – Nienburg I,03460,Vechta,3626.460397318393916,0.000145708503732
187,33,Diepholz – Nienburg I,04011,Bremen,65434.626424121051969,0.002629115022340
188,33,Diepholz – Nienburg I,05770,Minden-Lübbecke,26255.691839495568274,0.001054934330789
189,34,Osterholz – Verden,03251,Diepholz,90428.481502868307871,0.006273966514591
190,34,Osterholz – Verden,03256,Nienburg (Weser),33267.582149851485156,0.002308119001456
191,34,Osterholz – Verden,03352,Cuxhaven,42050.170769755401125,0.002917458735984
192,34,Osterholz – Verden,03356,Osterholz,652527858.269804239273071,45.272660389553351
193,34,Osterholz – Verden,03357,Rotenburg (Wümme),210393.586159494327148,0.014597196508353
194,34,Osterholz – Verden,03358,Heidekreis,45675.638130178507708,0.003168995203709
195,34,Osterholz – Verden,03361,Verden,788126035.594432830810547,54.680519615269453
196,34,Osterholz – Verden,03461,Wesermarsch,8760.008758179314100,0.000607773134116
197,34,Osterholz – Verden,04011,Bremen,244254.094304191297852,0.016946452967560
198,35,Rotenburg I – Heidekreis,03241,Region Hannover,72650.698616569672595,0.002658527027261
199,35,Rotenburg I – Heidekreis,03256,Nienburg (Weser),56169.093409038978280,0.002055411107783
200,35,Rotenburg I – Heidekreis,03351,Celle,468685.981485647556838,0.017150755227477
201,35,Rotenburg I – Heidekreis,03353,Harburg,51233.069734070137201,0.001874785833739
202,35,Rotenburg I – Heidekreis,03355,Lüneburg,63556.260599900633679,0.002325731751710
203,35,Rotenburg I – Heidekreis,03357,Rotenburg (Wümme),852009291.233234763145447,31.177810693543410
204,35,Rotenburg I – Heidekreis,03358,Heidekreis,1879754533.148191928863525,68.786375439632408
205,35,Rotenburg I – Heidekreis,03360,Uelzen,136978.442610063531902,0.005012489883310
206,35,Rotenburg I – Heidekreis,03361,Verden,129428.213342636649031,0.004736202263897
207,36,Harburg,01053,Herzogtum Lauenburg,2780.856121759651614,0.000222815663855
208,36,Harburg,02000,Hamburg,75159.628064001357416,0.006022153498389
209,36,Harburg,03353,Harburg,1247676795.785939216613770,99.969909034180461
210,36,Harburg,03355,Lüneburg,177250.995607907738304,0.014202208430091
211,36,Harburg,03357,Rotenburg (Wümme),194.082268668804545,0.000015550811564
212,36,Harburg,03358,Heidekreis,12005.535655778894579,0.000961941675495
213,36,Harburg,03359,Stade,108161.986605200159829,0.008666462338964
214,37,Lüchow-Dannenberg – Lüneburg,01053,Herzogtum Lauenburg,55729.019430906366324,0.002183330376491
215,37,Lüchow-Dannenberg – Lüneburg,03353,Harburg,141844.229965512437047,0.005557119417786
216,37,Lüchow-Dannenberg – Lüneburg,03354,Lüchow-Dannenberg,1225793547.512734174728394,48.023674468364561
217,37,Lüchow-Dannenberg – Lüneburg,03355,Lüneburg,1326142463.773317098617554,51.955106231510904
218,37,Lüchow-Dannenberg – Lüneburg,03358,Heidekreis,83279.244985802273732,0.003262682659151
219,37,Lüchow-Dannenberg – Lüneburg,03360,Uelzen,122598.090282655437477,0.004803101460376
220,37,Lüchow-Dannenberg – Lüneburg,12070,Prignitz,34496.727988277438271,0.001351499719096
221,37,Lüchow-Dannenberg – Lüneburg,13076,Ludwigslust-Parchim,97301.505781218394986,0.003812041471747
222,37,Lüchow-Dannenberg – Lüneburg,15081,Altmarkkreis Salzwedel,3574.469754782674499,0.000140039219695
223,37,Lüchow-Dannenberg – Lüneburg,15090,Stendal,2795.249183605188591,0.000109511211838
224,38,Osnabrück-Land,03251,Diepholz,4980.218519251625366,0.000259996111418
225,38,Osnabrück-Land,03404,Osnabrück,76798.947716806054814,0.004009347720427
226,38,Osnabrück-Land,03453,Cloppenburg,47224.381426406900573,0.002465384899787
227,38,Osnabrück-Land,03454,Emsland,104575.038977123869699,0.005459419778544
228,38,Osnabrück-Land,03459,Osnabrück,1914512904.816551446914673,99.948608397081614
229,38,Osnabrück-Land,03460,Vechta,470466.532217220345046,0.024561064631224
230,38,Osnabrück-Land,05566,Steinfurt,74136.581314910115907,0.003870356849045
231,38,Osnabrück-Land,05570,Warendorf,2442.686823538429508,0.000127522331215
232,38,Osnabrück-Land,05754,Gütersloh,16376.722740743178292,0.000854959318333
233,38,Osnabrück-Land,05758,Herford,50970.481800578163529,0.002660952930889
234,38,Osnabrück-Land,05770,Minden-Lübbecke,136432.697313253389439,0.007122573163134
235,39,Stadt Osnabrück,03404,Osnabrück,120026154.306971326470375,36.943787393121177
236,39,Stadt Osnabrück,03459,Osnabrück,204813011.178233057260513,63.040996222888346
237,39,Stadt Osnabrück,05566,Steinfurt,49436.686764079655404,0.015216503900987
238,40,Nienburg II – Schaumburg,03241,Region Hannover,401743.684990465524606,0.025488122013138
239,40,Nienburg II – Schaumburg,03251,Diepholz,289046.922092986002099,0.018338217856499
240,40,Nienburg II – Schaumburg,03252,Hameln-Pyrmont,179616.752449608058669,0.011395558593902
241,40,Nienburg II – Schaumburg,03256,Nienburg (Weser),899820350.654037714004517,57.087968633330867
242,40,Nienburg II – Schaumburg,03257,Schaumburg,675324066.694726228713989,42.845084698050748
243,40,Nienburg II – Schaumburg,03358,Heidekreis,117062.200495052602491,0.007426863845825
244,40,Nienburg II – Schaumburg,05766,Lippe,8763.606688046747877,0.000555995986708
245,40,Nienburg II – Schaumburg,05770,Minden-Lübbecke,58979.738544250358245,0.003741895214494
246,41,Stadt Hannover I,03241,Region Hannover,113718731.180642217397690,100.000000022873195
247,42,Stadt Hannover II,03241,Region Hannover,90466449.860781595110893,100.000000003038323
248,43,Hannover-Land I,03241,Region Hannover,1134268694.362322807312012,99.914355270282130
249,43,Hannover-Land I,03256,Nienburg (Weser),248045.694162021798547,0.021849607357541
250,43,Hannover-Land I,03257,Schaumburg,131566.857878199021798,0.011589333149345
251,43,Hannover-Land I,03351,Celle,520468.628379729983862,0.045846533278611
252,43,Hannover-Land I,03358,Heidekreis,72191.276384597498691,0.006359114795248
253,44,Celle – Uelzen,03151,Gifhorn,349200.303819606022444,0.011599339655078
254,44,Celle – Uelzen,03241,Region Hannover,314118.363319533236790,0.010434027542893
255,44,Celle – Uelzen,03351,Celle,1548225164.644556522369385,51.427187636491524
256,44,Celle – Uelzen,03354,Lüchow-Dannenberg,70209.081388991733547,0.002332125639623
257,44,Celle – Uelzen,03355,Lüneburg,248363.036662748578237,0.008249841676844
258,44,Celle – Uelzen,03358,Heidekreis,283683.062519826868083,0.009423062238399
259,44,Celle – Uelzen,03360,Uelzen,1461028085.872367382049561,48.530773966325647
260,45,Gifhorn – Peine,03101,Braunschweig,233740.672491506818915,0.012845704357120
261,45,Gifhorn – Peine,03102,Salzgitter,77279.579979405592894,0.004247059900514
262,45,Gifhorn – Peine,03103,Wolfsburg,29433.872022965122596,0.001617599599000
263,45,Gifhorn – Peine,03151,Gifhorn,1282897944.199442148208618,70.504322315328693
264,45,Gifhorn – Peine,03154,Helmstedt,27524.941376336770190,0.001512690348661
265,45,Gifhorn – Peine,03157,Peine,535396729.924976587295532,29.423839818185243
266,45,Gifhorn – Peine,03241,Region Hannover,264730.958277107041795,0.014548839908589
267,45,Gifhorn – Peine,03254,Hildesheim,245913.526234893099172,0.013514688829113
268,45,Gifhorn – Peine,03351,Celle,285731.726827402773779,0.015702980782720
269,45,Gifhorn – Peine,03360,Uelzen,139061.588951794168679,0.007642418583231
270,45,Gifhorn – Peine,15081,Altmarkkreis Salzwedel,3745.141967950784874,0.000205822059049
271,46,Hameln-Pyrmont – Holzminden,03155,Northeim,310387163.375738799571991,17.225933502324917
272,46,Hameln-Pyrmont – Holzminden,03241,Region Hannover,215974.070988484367263,0.011986175409485
273,46,Hameln-Pyrmont – Holzminden,03252,Hameln-Pyrmont,796862501.857935667037964,44.224446392082996
274,46,Hameln-Pyrmont – Holzminden,03254,Hildesheim,327627.410490534675773,0.018182736442025
275,46,Hameln-Pyrmont – Holzminden,03255,Holzminden,693723505.299520850181580,38.500416194155534
276,46,Hameln-Pyrmont – Holzminden,03257,Schaumburg,200007.452726935996907,0.011100056597614
277,46,Hameln-Pyrmont – Holzminden,05762,Höxter,40955.858606935413263,0.002272977043318
278,46,Hameln-Pyrmont – Holzminden,05766,Lippe,89202.492590568377636,0.004950579105447
279,46,Hameln-Pyrmont – Holzminden,06633,Kassel,12818.906847376179940,0.000711426447292
280,47,Hannover-Land II,03151,Gifhorn,10893.465268515472417,0.001139043381945
281,47,Hannover-Land II,03157,Peine,151592.753734396479558,0.015850853574663
282,47,Hannover-Land II,03241,Region Hannover,955693950.607955574989319,99.929346885664145
283,47,Hannover-Land II,03252,Hameln-Pyrmont,50871.357819815697439,0.005319214962999
284,47,Hannover-Land II,03254,Hildesheim,306255.594250513997395,0.032022721807611
285,47,Hannover-Land II,03257,Schaumburg,2052.568463621959381,0.000214620826968
286,47,Hannover-Land II,03351,Celle,154040.726514547393890,0.016106818699229
287,48,Hildesheim,03102,Salzgitter,33442.653159990586573,0.002771163064928
288,48,Hildesheim,03153,Goslar,118090.251932980798301,0.009785328422336
289,48,Hildesheim,03155,Northeim,262793.647416506835725,0.021775905336653
290,48,Hildesheim,03157,Peine,82489.218321171108983,0.006835315187849
291,48,Hildesheim,03158,Wolfenbüttel,130522.717652780367644,0.010815521500734
292,48,Hildesheim,03241,Region Hannover,208165.287981461413438,0.017249228244383
293,48,Hildesheim,03252,Hameln-Pyrmont,69071.638798284271616,0.005723492491944
294,48,Hildesheim,03254,Hildesheim,1205767155.708284616470337,99.913645930465336
295,48,Hildesheim,03255,Holzminden,137553.648495802655816,0.011398126468439
296,49,Salzgitter – Wolfenbüttel,03101,Braunschweig,142978.609176955797011,0.011534850311720
297,49,Salzgitter – Wolfenbüttel,03102,Salzgitter,224884380.508580386638641,18.142627638795730
298,49,Salzgitter – Wolfenbüttel,03153,Goslar,290534280.976607859134674,23.438956783673710
299,49,Salzgitter – Wolfenbüttel,03154,Helmstedt,223754.316206433461048,0.018051459298000
300,49,Salzgitter – Wolfenbüttel,03155,Northeim,121125.109362141374731,0.009771811416587
301,49,Salzgitter – Wolfenbüttel,03157,Peine,66116.119605975589366,0.005333941540184
302,49,Salzgitter – Wolfenbüttel,03158,Wolfenbüttel,723322821.871230483055115,58.354326744146668
303,49,Salzgitter – Wolfenbüttel,03159,Göttingen,65863.480815147660905,0.005313559815590
304,49,Salzgitter – Wolfenbüttel,03254,Hildesheim,174451.751025742356433,0.014073957260341
305,49,Salzgitter – Wolfenbüttel,15085,Harz,114.938406453542370,0.000009272696952
306,50,Braunschweig,03101,Braunschweig,191734740.308152645826340,99.781481648839829
307,50,Braunschweig,03102,Salzgitter,114286.463230749650393,0.059476298427933
308,50,Braunschweig,03151,Gifhorn,116066.868268058024114,0.060402846492577
309,50,Braunschweig,03154,Helmstedt,16596.608658641343936,0.008637110831577
310,50,Braunschweig,03157,Peine,76871.077350313018542,0.040004800286214
311,50,Braunschweig,03158,Wolfenbüttel,96072.172628646148951,0.049997322940551
312,51,Helmstedt – Wolfsburg,03101,Braunschweig,43041.069007143341878,0.003693855528091
313,51,Helmstedt – Wolfsburg,03103,Wolfsburg,204793894.793523728847504,17.575749809483675
314,51,Helmstedt – Wolfsburg,03151,Gifhorn,285080026.455391466617584,24.466038041381083
315,51,Helmstedt – Wolfsburg,03154,Helmstedt,675147915.912201404571533,57.942307637788147
316,51,Helmstedt – Wolfsburg,03158,Wolfenbüttel,131643.440546489146072,0.011297857181912
317,51,Helmstedt – Wolfsburg,15081,Altmarkkreis Salzwedel,362.723204181876156,0.000031129503608
318,51,Helmstedt – Wolfsburg,15083,Börde,10198.029690548557483,0.000875211727242
319,51,Helmstedt – Wolfsburg,15085,Harz,75.274011168026462,0.000006460139785
320,52,Goslar – Northeim – Osterode,03153,Goslar,677995655.645385622978210,31.948587722429224
321,52,Goslar – Northeim – Osterode,03155,Northeim,957873234.052554488182068,45.137010525479312
322,52,Goslar – Northeim – Osterode,03158,Wolfenbüttel,17559.833848875379772,0.000827456470319
323,52,Goslar – Northeim – Osterode,03159,Göttingen,486041308.872156560420990,22.903293352882852
324,52,Goslar – Northeim – Osterode,03254,Hildesheim,118073.509205373731675,0.005563873212362
325,52,Goslar – Northeim – Osterode,03255,Holzminden,55399.499252660767525,0.002610541449513
326,52,Goslar – Northeim – Osterode,15085,Harz,40437.935078491485910,0.001905520935734
327,52,Goslar – Northeim – Osterode,16062,Nordhausen,4263.889455804208410,0.000200923479647
328,53,Göttingen,03155,Northeim,87281.580384788510855,0.006885289635301
329,53,Göttingen,03159,Göttingen,1267525067.906282424926758,99.989908226499452
330,53,Göttingen,06633,Kassel,18508.048762245747639,0.001460024850037
331,53,Göttingen,06636,Werra-Meißner-Kreis,9530.610232780580191,0.000751831160304
332,53,Göttingen,16061,Eichsfeld,12609.772461265811216,0.000994733771413
333,54,Bremen I,03251,Diepholz,29309.263132531006704,0.019039887924847
334,54,Bremen I,03356,Osterholz,0.046192259937495,0.000000030007423
335,54,Bremen I,03361,Verden,20569.280163226205332,0.013362218873661
336,54,Bremen I,03401,Delmenhorst,25.995604551585771,0.000016887268539
337,54,Bremen I,04011,Bremen,153886207.322219133377075,99.967581148185772
338,55,Bremen II – Bremerhaven,03352,Cuxhaven,325066.514534479414579,0.122163561617652
339,55,Bremen II – Bremerhaven,03356,Osterholz,80159.884343124896986,0.030124963760844
340,55,Bremen II – Bremerhaven,03401,Delmenhorst,25133.463240725093783,0.009445431159436
341,55,Bremen II – Bremerhaven,03461,Wesermarsch,102960.687919600415626,0.038693755832940
342,55,Bremen II – Bremerhaven,04011,Bremen,171632207.087440758943558,64.501265952067797
343,55,Bremen II – Bremerhaven,04012,Bremerhaven,93925694.316501051187515,35.298306137581434
344,56,Prignitz – Ostprignitz-Ruppin – Havelland I,03354,Lüchow-Dannenberg,52013.939291767695977,0.000916262903754
345,56,Prignitz – Ostprignitz-Ruppin – Havelland I,12051,Brandenburg an der Havel,92295.991822445037542,0.001625860194854
346,56,Prignitz – Ostprignitz-Ruppin – Havelland I,12063,Havelland,1009584964.435659050941467,17.784564362849768
347,56,Prignitz – Ostprignitz-Ruppin – Havelland I,12065,Oberhavel,288600.696991214703303,0.005083908587795
348,56,Prignitz – Ostprignitz-Ruppin – Havelland I,12068,Ostprignitz-Ruppin,2527353626.764839172363281,44.521149607260817
349,56,Prignitz – Ostprignitz-Ruppin – Havelland I,12069,Potsdam-Mittelmark,36452.066662449971773,0.000642129338841
350,56,Prignitz – Ostprignitz-Ruppin – Havelland I,12070,Prignitz,2139042068.023135900497437,37.680762564511369
351,56,Prignitz – Ostprignitz-Ruppin – Havelland I,13071,Mecklenburgische Seenplatte,100694.077587041334482,0.001773798508188
352,56,Prignitz – Ostprignitz-Ruppin – Havelland I,13076,Ludwigslust-Parchim,163604.243203825026285,0.002882006265733
353,56,Prignitz – Ostprignitz-Ruppin – Havelland I,15090,Stendal,34031.419707122884574,0.000599487903902
354,57,Uckermark – Barnim I,11000,Berlin,18093.883544744039682,0.000424837398172
355,57,Uckermark – Barnim I,12060,Barnim,1177441609.437530517578125,27.645874287634935
356,57,Uckermark – Barnim I,12064,Märkisch-Oderland,30567.397868060485052,0.000717710697488
357,57,Uckermark – Barnim I,12065,Oberhavel,231980.138247889059130,0.005446804060452
358,57,Uckermark – Barnim I,12073,Uckermark,3081235676.193618297576904,72.346223771824356
359,57,Uckermark – Barnim I,13071,Mecklenburgische Seenplatte,4092.719005344512425,0.000096095461728
360,57,Uckermark – Barnim I,13075,Vorpommern-Greifswald,51808.776002812453953,0.001216450053140
361,58,Oberhavel – Havelland II,11000,Berlin,7260.072536741735348,0.000328807322697
362,58,Oberhavel – Havelland II,12054,Potsdam,1060.353078969795661,0.000048023191951
363,58,Oberhavel – Havelland II,12060,Barnim,228064.295508953829994,0.010328989142964
364,58,Oberhavel – Havelland II,12063,Havelland,397900820.403235793113708,18.020853482346229
365,58,Oberhavel – Havelland II,12065,Oberhavel,1809345600.552848577499390,81.944922690653172
366,58,Oberhavel – Havelland II,12068,Ostprignitz-Ruppin,254086.718145780818304,0.011507539780579
367,58,Oberhavel – Havelland II,12069,Potsdam-Mittelmark,32788.237588974421669,0.001484973127063
368,58,Oberhavel – Havelland II,12073,Uckermark,200219.294974090531468,0.009067894294388
369,58,Oberhavel – Havelland II,13071,Mecklenburgische Seenplatte,32184.915862412770366,0.001457648799292
370,59,Märkisch-Oderland – Barnim II,11000,Berlin,11774.412398089883936,0.000477074579420
371,59,Märkisch-Oderland – Barnim II,12053,Frankfurt (Oder),34214.190371927405067,0.001386287479154
372,59,Märkisch-Oderland – Barnim II,12060,Barnim,305765443.479403972625732,12.388976656928202
373,59,Märkisch-Oderland – Barnim II,12064,Märkisch-Oderland,2162182787.635136604309082,87.607127146884451
374,59,Märkisch-Oderland – Barnim II,12067,Oder-Spree,50170.098851278758957,0.002032787539597
375,60,Brandenburg an der Havel – Potsdam-Mittelmark I – Havelland III – Teltow-Fläming I,12051,Brandenburg an der Havel,229588077.026046365499496,7.285114257477606
376,60,Brandenburg an der Havel – Potsdam-Mittelmark I – Havelland III – Teltow-Fläming I,12063,Havelland,320907391.899908602237701,10.182789308326116
377,60,Brandenburg an der Havel – Potsdam-Mittelmark I – Havelland III – Teltow-Fläming I,12069,Potsdam-Mittelmark,2218596844.278878211975098,70.398827810284089
378,60,Brandenburg an der Havel – Potsdam-Mittelmark I – Havelland III – Teltow-Fläming I,12072,Teltow-Fläming,382315377.608427822589874,12.131340809793510
379,60,Brandenburg an der Havel – Potsdam-Mittelmark I – Havelland III – Teltow-Fläming I,15082,Anhalt-Bitterfeld,31.521255340543576,0.000001000208502
380,60,Brandenburg an der Havel – Potsdam-Mittelmark I – Havelland III – Teltow-Fläming I,15086,Jerichower Land,41243.031676035003329,0.001308692515642
381,60,Brandenburg an der Havel – Potsdam-Mittelmark I – Havelland III – Teltow-Fläming I,15090,Stendal,5235.558118442295381,0.000166130748550
382,60,Brandenburg an der Havel – Potsdam-Mittelmark I – Havelland III – Teltow-Fläming I,15091,Wittenberg,14247.789049090928529,0.000452100006601
383,61,Potsdam – Potsdam-Mittelmark II – Teltow-Fläming II,11000,Berlin,6850.036448754105550,0.001016684833232
384,61,Potsdam – Potsdam-Mittelmark II – Teltow-Fläming II,12054,Potsdam,187140304.832385331392288,27.775430252504812
385,61,Potsdam – Potsdam-Mittelmark II – Teltow-Fläming II,12063,Havelland,65742.297507583352854,0.009757495055364
386,61,Potsdam – Potsdam-Mittelmark II – Teltow-Fläming II,12069,Potsdam-Mittelmark,376144796.870878875255585,55.827543829680096
387,61,Potsdam – Potsdam-Mittelmark II – Teltow-Fläming II,12072,Teltow-Fläming,110404341.251146301627159,16.386251388986086
388,62,Dahme-Spreewald – Teltow-Fläming III – Oberspreewald-Lausitz I,11000,Berlin,16.560928525246709,0.000000410604171
389,62,Dahme-Spreewald – Teltow-Fläming III – Oberspreewald-Lausitz I,12061,Dahme-Spreewald,2279719093.862777233123779,56.522324097249729
390,62,Dahme-Spreewald – Teltow-Fläming III – Oberspreewald-Lausitz I,12062,Elbe-Elster,50000.367047749350604,0.001239686485437
391,62,Dahme-Spreewald – Teltow-Fläming III – Oberspreewald-Lausitz I,12066,Oberspreewald-Lausitz,139299293.343516141176224,3.453723674147553
392,62,Dahme-Spreewald – Teltow-Fläming III – Oberspreewald-Lausitz I,12067,Oder-Spree,225545.323860841279384,0.005592068745751
393,62,Dahme-Spreewald – Teltow-Fläming III – Oberspreewald-Lausitz I,12069,Potsdam-Mittelmark,94005.149154156926670,0.002330721149639
394,62,Dahme-Spreewald – Teltow-Fläming III – Oberspreewald-Lausitz I,12071,Spree-Neiße,106066.602071850284119,0.002629767357890
395,62,Dahme-Spreewald – Teltow-Fläming III – Oberspreewald-Lausitz I,12072,Teltow-Fläming,1613809718.707605361938477,40.012068240181726
396,62,Dahme-Spreewald – Teltow-Fläming III – Oberspreewald-Lausitz I,15091,Wittenberg,3684.429031646898693,0.000091350066945
397,63,Frankfurt (Oder) – Oder-Spree,11000,Berlin,9592.391757557279561,0.000397908266906
398,63,Frankfurt (Oder) – Oder-Spree,12053,Frankfurt (Oder),148101123.021658152341843,6.143479403035217
399,63,Frankfurt (Oder) – Oder-Spree,12061,Dahme-Spreewald,346262.005749816657044,0.014363520390501
400,63,Frankfurt (Oder) – Oder-Spree,12064,Märkisch-Oderland,109673.095715636620298,0.004549421306533
401,63,Frankfurt (Oder) – Oder-Spree,12067,Oder-Spree,2262119174.869998931884766,93.836442793161908
402,63,Frankfurt (Oder) – Oder-Spree,12071,Spree-Neiße,17380.610247780670761,0.000720976444276
403,64,Cottbus – Spree-Neiße,12052,Cottbus,165441607.180649071931839,9.055062920120143
404,64,Cottbus – Spree-Neiße,12061,Dahme-Spreewald,44277.236895899593947,0.002423411938834
405,64,Cottbus – Spree-Neiße,12066,Oberspreewald-Lausitz,355540.736183137458283,0.019459698147690
406,64,Cottbus – Spree-Neiße,12067,Oder-Spree,57181.742127999379591,0.003129710123559
407,64,Cottbus – Spree-Neiße,12071,Spree-Neiße,1661049836.400073528289795,90.913712930958511
408,64,Cottbus – Spree-Neiße,14625,Bautzen,103615.205212915810989,0.005671138105299
409,64,Cottbus – Spree-Neiße,14626,Görlitz,9749.762437542342013,0.000533630649706
410,65,Elbe-Elster – Oberspreewald-Lausitz II,12061,Dahme-Spreewald,132701.485389815032249,0.004438978846318
411,65,Elbe-Elster – Oberspreewald-Lausitz II,12062,Elbe-Elster,1902840657.465351819992065,63.651656962165802
412,65,Elbe-Elster – Oberspreewald-Lausitz II,12066,Oberspreewald-Lausitz,1086055300.110811710357666,36.329484097043569
413,65,Elbe-Elster – Oberspreewald-Lausitz II,12071,Spree-Neiße,285650.498121917480603,0.009555254900716
414,65,Elbe-Elster – Oberspreewald-Lausitz II,12072,Teltow-Fläming,60686.264772845992411,0.002030007763646
415,65,Elbe-Elster – Oberspreewald-Lausitz II,14625,Bautzen,14442.130111976182889,0.000483101676477
416,65,Elbe-Elster – Oberspreewald-Lausitz II,14627,Meißen,6646.631261980714953,0.000222335533657
417,65,Elbe-Elster – Oberspreewald-Lausitz II,14730,Nordsachsen,4213.104104957477830,0.000140931956747
418,65,Elbe-Elster – Oberspreewald-Lausitz II,15091,Wittenberg,59439.761108664490166,0.001988311143741
419,66,Altmark,03151,Gifhorn,1653.826486698376129,0.000034886348678
420,66,Altmark,03354,Lüchow-Dannenberg,90991.028430814025342,0.001919394065811
421,66,Altmark,03360,Uelzen,2244.665824292824254,0.000047349704000
422,66,Altmark,12063,Havelland,77111.484328855483909,0.001626614491331
423,66,Altmark,12068,Ostprignitz-Ruppin,11780.937290693873365,0.000248510886352
424,66,Altmark,12070,Prignitz,17434.280207344916562,0.000367764323019
425,66,Altmark,15081,Altmarkkreis Salzwedel,2303037178.747685909271240,48.581008155016825
426,66,Altmark,15083,Börde,200669.524812249146635,0.004232987600603
427,66,Altmark,15086,Jerichower Land,95275.694822979203309,0.002009776198961
428,66,Altmark,15090,Stendal,2437077818.030639171600342,51.408504580258963
429,67,Börde – Jerichower Land,03154,Helmstedt,26362.239716284224414,0.000664550706832
430,67,Börde – Jerichower Land,12063,Havelland,20791.281627617303457,0.000524115592995
431,67,Börde – Jerichower Land,12069,Potsdam-Mittelmark,63020.099695060998783,0.001588637848972
432,67,Börde – Jerichower Land,15003,Magdeburg,665340.877946451772004,0.016772199763072
433,67,Börde – Jerichower Land,15081,Altmarkkreis Salzwedel,156494.165044088120339,0.003944972396670
434,67,Börde – Jerichower Land,15082,Anhalt-Bitterfeld,20308.968787596855691,0.000511957242938
435,67,Börde – Jerichower Land,15083,Börde,2375952628.065510272979736,59.894038419083692
436,67,Börde – Jerichower Land,15085,Harz,280807.499189519032370,0.007078716530858
437,67,Börde – Jerichower Land,15086,Jerichower Land,1589377667.530299663543701,40.065717622914107
438,67,Börde – Jerichower Land,15089,Salzlandkreis,165762.821296209731372,0.004178620680352
439,67,Börde – Jerichower Land,15090,Stendal,197558.707635996077443,0.004980145094395
440,68,Harz,03153,Goslar,11231.019291917516966,0.000479235461632
441,68,Harz,03154,Helmstedt,27.911531961373385,0.000001191004624
442,68,Harz,03158,Wolfenbüttel,3.154127905816907,0.000000134588848
443,68,Harz,15083,Börde,119279.661229068122339,0.005089746711905
444,68,Harz,15085,Harz,2106674854.298574686050415,89.893291968078856
445,68,Harz,15087,Mansfeld-Südharz,200883.949923044972820,0.008571858882393
446,68,Harz,15089,Salzlandkreis,236514837.135829687118530,10.092253802741059
447,68,Harz,16062,Nordhausen,7314.600725487662203,0.000312119137562
448,69,Magdeburg,15003,Magdeburg,200322273.618560731410980,33.866462171190086
449,69,Magdeburg,15082,Anhalt-Bitterfeld,10568.136323398126478,0.001786647997505
450,69,Magdeburg,15083,Börde,177584.462632583716186,0.030022410275700
451,69,Magdeburg,15086,Jerichower Land,119141.853548023325857,0.020142109029137
452,69,Magdeburg,15089,Salzlandkreis,390876778.911853611469269,66.081586473109994
453,70,Dessau – Wittenberg,12062,Elbe-Elster,47779.763066642044578,0.002180769441256
454,70,Dessau – Wittenberg,12069,Potsdam-Mittelmark,769.940851171731993,0.000035141728884
455,70,Dessau – Wittenberg,12072,Teltow-Fläming,70777.739850763391587,0.003230445742739
456,70,Dessau – Wittenberg,14730,Nordsachsen,70354.505502187166712,0.003211128431923
457,70,Dessau – Wittenberg,15001,Dessau-Roßlau,246213681.357812136411667,11.237713162690852
458,70,Dessau – Wittenberg,15082,Anhalt-Bitterfeld,511668.810632655222435,0.023353646704257
459,70,Dessau – Wittenberg,15091,Wittenberg,1944043908.219521999359131,88.730275652305139
460,71,Anhalt,14730,Nordsachsen,5307.741921841896328,0.000233932545268
461,71,Anhalt,15001,Dessau-Roßlau,141407.782447525562020,0.006232383366743
462,71,Anhalt,15082,Anhalt-Bitterfeld,1460827430.955067873001099,64.384268141282988
463,71,Anhalt,15083,Börde,71588.831493341494934,0.003155194395395
464,71,Anhalt,15086,Jerichower Land,48130.963102480513044,0.002121316158653
465,71,Anhalt,15087,Mansfeld-Südharz,35857.460613092320273,0.001580375826780
466,71,Anhalt,15088,Saalekreis,186157.619937632931396,0.008204680350760
467,71,Anhalt,15089,Salzlandkreis,807384739.081988096237183,35.584542316712160
468,71,Anhalt,15091,Wittenberg,219215.978113625926198,0.009661688996690
469,72,Halle,14730,Nordsachsen,2360.229743326167409,0.000568257309485
470,72,Halle,15002,Halle (Saale),135672805.749464631080627,32.665067366206976
471,72,Halle,15082,Anhalt-Bitterfeld,29126.261766510058806,0.007012542399143
472,72,Halle,15088,Saalekreis,279640957.831193089485168,67.327351825939601
473,73,Burgenland – Saalekreis,14729,Leipzig,34658.110989781038370,0.002017214025291
474,73,Burgenland – Saalekreis,14730,Nordsachsen,5703.040317457760466,0.000331935370585
475,73,Burgenland – Saalekreis,15002,Halle (Saale),57877.216069102745678,0.003368640952008
476,73,Burgenland – Saalekreis,15084,Burgenlandkreis,1418863029.472245454788208,82.582412061137717
477,73,Burgenland – Saalekreis,15088,Saalekreis,298920109.813215911388397,17.398116075473098
478,73,Burgenland – Saalekreis,16052,Gera,435.431442310416628,0.000025343516637
479,73,Burgenland – Saalekreis,16065,Kyffhäuserkreis,404.528954665330275,0.000023544892023
480,73,Burgenland – Saalekreis,16068,Sömmerda,16322.628656252330984,0.000950029719298
481,73,Burgenland – Saalekreis,16071,Weimarer Land,22014.474161399088189,0.001281313515641
482,73,Burgenland – Saalekreis,16074,Saale-Holzland-Kreis,39742.434001917994465,0.002313138049893
483,73,Burgenland – Saalekreis,16077,Altenburger Land,157391.668306923500495,0.009160703561320
484,74,Mansfeld,15002,Halle (Saale),36631.350461627414916,0.001580270139389
485,74,Mansfeld,15082,Anhalt-Bitterfeld,23132.755727523894166,0.000997943091295
486,74,Mansfeld,15084,Burgenlandkreis,96314.714310810173629,0.004155000159457
487,74,Mansfeld,15085,Harz,419031.904778659867588,0.018076964082085
488,74,Mansfeld,15087,Mansfeld-Südharz,1455611153.758735418319702,62.794814055695014
489,74,Mansfeld,15088,Saalekreis,861646175.412122488021851,37.171267358791560
490,74,Mansfeld,15089,Salzlandkreis,169109.126068284938810,0.007295338524411
491,74,Mansfeld,16062,Nordhausen,497.668614255198975,0.000021469338163
492,74,Mansfeld,16065,Kyffhäuserkreis,41530.248176815992338,0.001791607741680
493,75,Berlin-Mitte,11000,Berlin,39522406.803606159985065,100.000000002350319
494,76,Berlin-Pankow,11000,Berlin,96997924.710732758045197,99.979222150881725
495,76,Berlin-Pankow,12060,Barnim,4761.597091872881720,0.004907948029415
496,76,Berlin-Pankow,12065,Oberhavel,15397.504443862020707,0.015870757255405
497,77,Berlin-Reinickendorf,11000,Berlin,89567950.449238106608391,99.980438046104354
498,77,Berlin-Reinickendorf,12065,Oberhavel,17524.582446797758166,0.019561856901023
499,78,Berlin-Spandau – Charlottenburg Nord,11000,Berlin,100615182.990609899163246,99.971367534065323
500,78,Berlin-Spandau – Charlottenburg Nord,12054,Potsdam,6155.886115851132672,0.006116495891510
501,78,Berlin-Spandau – Charlottenburg Nord,12063,Havelland,22661.135256913941703,0.022516131404537
502,79,Berlin-Steglitz-Zehlendorf,11000,Berlin,102713673.932196319103241,99.993433125326149
503,79,Berlin-Steglitz-Zehlendorf,12054,Potsdam,4698.774332463235623,0.004574333280049
504,79,Berlin-Steglitz-Zehlendorf,12069,Potsdam-Mittelmark,2047.480339305869848,0.001993255430810
505,80,Berlin-Charlottenburg-Wilmersdorf,11000,Berlin,57123422.834272824227810,100.000000000001464
506,81,Berlin-Tempelhof-Schöneberg,11000,Berlin,53196579.395311407744884,99.998343345697847
507,81,Berlin-Tempelhof-Schöneberg,12072,Teltow-Fläming,881.407407433547633,0.001656859925166
508,82,Berlin-Neukölln,11000,Berlin,45044514.080540597438812,100.000000567436103
509,83,Berlin-Friedrichshain-Kreuzberg – Prenzlauer Berg Ost,11000,Berlin,26805086.791369155049324,100.000000000195797
510,84,Berlin-Treptow-Köpenick,11000,Berlin,167708393.043520689010620,99.981634456457300
511,84,Berlin-Treptow-Köpenick,12061,Dahme-Spreewald,5599.192193389472777,0.003338034411824
512,84,Berlin-Treptow-Köpenick,12067,Oder-Spree,25207.085808286818065,0.015027546285908
513,85,Berlin-Marzahn-Hellersdorf,11000,Berlin,61510499.220058001577854,99.985249606870156
514,85,Berlin-Marzahn-Hellersdorf,12060,Barnim,9073.988917917125946,0.014749759120668
515,86,Berlin-Lichtenberg,11000,Berlin,52185593.081812411546707,100.000000372729787
516,87,Aachen I,05334,Städteregion Aachen,163640337.673944264650345,99.999992339019343
517,88,Aachen II,05334,Städteregion Aachen,540107446.015122175216675,99.870784398943400
518,88,Aachen II,05358,Düren,639314.247835447546095,0.118215025324718
519,88,Aachen II,05366,Euskirchen,58609.215251568137319,0.010837377531760
520,88,Aachen II,05370,Heinsberg,0.917761526383079,0.000000169702462
521,89,Heinsberg,05116,Mönchengladbach,25858.327987002867303,0.004120528626153
522,89,Heinsberg,05166,Viersen,2757.968761282415926,0.000439482755289
523,89,Heinsberg,05334,Städteregion Aachen,1523.579224513182680,0.000242782588726
524,89,Heinsberg,05358,Düren,309448.861429301090539,0.049310724672174
525,89,Heinsberg,05370,Heinsberg,627207994.159426450729370,99.945692381381761
526,90,Düren,05334,Städteregion Aachen,716672.305949825095013,0.076222486881819
527,90,Düren,05358,Düren,939081786.924433350563049,99.877096673824056
528,90,Düren,05362,Rhein-Erft-Kreis,156834.004815670574317,0.016680256479064
529,90,Düren,05366,Euskirchen,208526.134524844383122,0.022178030909498
530,90,Düren,05370,Heinsberg,73550.860645354216103,0.007822584274771
531,91,Rhein-Erft-Kreis I,05162,Rhein-Kreis Neuss,684489.464904512977228,0.130777150400031
532,91,Rhein-Erft-Kreis I,05315,Köln,142598.621278844948392,0.027244599512459
533,91,Rhein-Erft-Kreis I,05358,Düren,99408.488739115811768,0.018992781553897
534,91,Rhein-Erft-Kreis I,05362,Rhein-Erft-Kreis,522474925.091313540935516,99.822985396047955
535,92,Euskirchen – Rhein-Erft-Kreis II,05315,Köln,3706.333118267792088,0.000259250176729
536,92,Euskirchen – Rhein-Erft-Kreis II,05334,Städteregion Aachen,86480.505902942808461,0.006049128808332
537,92,Euskirchen – Rhein-Erft-Kreis II,05358,Düren,342325.265559126215521,0.023944929601103
538,92,Euskirchen – Rhein-Erft-Kreis II,05362,Rhein-Erft-Kreis,179191635.100663483142853,12.534076561903099
539,92,Euskirchen – Rhein-Erft-Kreis II,05366,Euskirchen,1249667554.837785243988037,87.411607134807838
540,92,Euskirchen – Rhein-Erft-Kreis II,05382,Rhein-Sieg-Kreis,318468.515368796070106,0.022276200292194
541,92,Euskirchen – Rhein-Erft-Kreis II,07131,Ahrweiler,8983.172015577792990,0.000628353917016
542,92,Euskirchen – Rhein-Erft-Kreis II,07233,Vulkaneifel,15732.180401281910235,0.001100432804938
543,93,Köln I,05315,Köln,128562150.525273591279984,99.970541229711216
544,93,Köln I,05378,Rheinisch-Bergischer Kreis,10423.619653576977726,0.008105456342191
545,93,Köln I,05382,Rhein-Sieg-Kreis,27460.253588411298551,0.021353224120181
546,94,Köln II,05315,Köln,102547606.742337435483932,99.953825467252742
547,94,Köln II,05362,Rhein-Erft-Kreis,47373.493546125981084,0.046175255143507
548,95,Köln III,05315,Köln,123111098.398563668131828,99.856369603219278
549,95,Köln III,05316,Leverkusen,805.053734948553029,0.000652985347001
550,95,Köln III,05362,Rhein-Erft-Kreis,176274.029666571557755,0.142977236713854
551,96,Bonn,05314,Bonn,141378658.477820008993149,99.801290554214233
552,96,Bonn,05382,Rhein-Sieg-Kreis,281491.905954767426010,0.198709308726809
553,97,Rhein-Sieg-Kreis I,05315,Köln,25726.352469663564989,0.003896636409222
554,97,Rhein-Sieg-Kreis I,05374,Oberbergischer Kreis,25562.417745696868224,0.003871806071734
555,97,Rhein-Sieg-Kreis I,05378,Rheinisch-Bergischer Kreis,23695.163049518538173,0.003588982743281
556,97,Rhein-Sieg-Kreis I,05382,Rhein-Sieg-Kreis,660142006.315298676490784,99.988266121214139
557,97,Rhein-Sieg-Kreis I,07132,Altenkirchen (Westerwald),2457.618110199995044,0.000372242595193
558,97,Rhein-Sieg-Kreis I,07138,Neuwied,27.037054144502576,0.000004095161555
559,98,Rhein-Sieg-Kreis II,05314,Bonn,206380.924099974829005,0.041999654984609
560,98,Rhein-Sieg-Kreis II,05362,Rhein-Erft-Kreis,10835.139902705655913,0.002205010659818
561,98,Rhein-Sieg-Kreis II,05366,Euskirchen,145034.600185195653467,0.029515340117666
562,98,Rhein-Sieg-Kreis II,05382,Rhein-Sieg-Kreis,491014033.405489861965179,99.924060741398620
563,98,Rhein-Sieg-Kreis II,07131,Ahrweiler,10787.298722021643698,0.002195274715997
564,98,Rhein-Sieg-Kreis II,07138,Neuwied,119.216819472057978,0.000024261279515
565,99,Oberbergischer Kreis,05374,Oberbergischer Kreis,917498853.542523026466370,99.970001996630700
566,99,Oberbergischer Kreis,05378,Rheinisch-Bergischer Kreis,157466.939883927698247,0.017157482250598
567,99,Oberbergischer Kreis,05382,Rhein-Sieg-Kreis,88927.414927259713295,0.009689465892527
568,99,Oberbergischer Kreis,05954,Ennepe-Ruhr-Kreis,11716.619871319735466,0.001276634305762
569,99,Oberbergischer Kreis,05962,Märkischer Kreis,3898.300573749142586,0.000424755970688
570,99,Oberbergischer Kreis,05966,Olpe,12691.343187836358993,0.001382839443264
571,99,Oberbergischer Kreis,07132,Altenkirchen (Westerwald),613.278217219535122,0.000066822344642
572,100,Rheinisch-Bergischer Kreis,05120,Remscheid,8271.337995121870335,0.001888391271216
573,100,Rheinisch-Bergischer Kreis,05122,Solingen,26883.919194482383318,0.006137744385839
574,100,Rheinisch-Bergischer Kreis,05158,Mettmann,5300.480514795754061,0.001210128414930
575,100,Rheinisch-Bergischer Kreis,05315,Köln,165171.643928285251604,0.037709581065425
576,100,Rheinisch-Bergischer Kreis,05316,Leverkusen,61273.027580362904700,0.013988964120675
577,100,Rheinisch-Bergischer Kreis,05374,Oberbergischer Kreis,193239.808412884507561,0.044117695066211
578,100,Rheinisch-Bergischer Kreis,05378,Rheinisch-Bergischer Kreis,437543341.305156290531158,99.893515050002463
579,100,Rheinisch-Bergischer Kreis,05382,Rhein-Sieg-Kreis,6274.416548542446435,0.001432483287375
580,101,Leverkusen – Köln IV,05158,Mettmann,2131.211542321535944,0.001628718536220
581,101,Leverkusen – Köln IV,05315,Köln,52082714.001485280692577,39.802750701344600
582,101,Leverkusen – Köln IV,05316,Leverkusen,78662080.883827000856400,60.115284986467543
583,101,Leverkusen – Köln IV,05378,Rheinisch-Bergischer Kreis,105120.052995700069005,0.080335046729336
584,102,Wuppertal I,05120,Remscheid,16688.462279157869489,0.012797927845101
585,102,Wuppertal I,05122,Solingen,4478.705253422336682,0.003434597251321
586,102,Wuppertal I,05124,Wuppertal,130306303.846807092428207,99.928360474287729
587,102,Wuppertal I,05158,Mettmann,55949.470183256271412,0.042906127023530
588,102,Wuppertal I,05954,Ennepe-Ruhr-Kreis,16300.761470134813862,0.012500610638976
589,103,Solingen – Remscheid – Wuppertal II,05120,Remscheid,74027877.642592042684555,36.844414569879675
590,103,Solingen – Remscheid – Wuppertal II,05122,Solingen,88925443.808058351278305,44.259082143259455
591,103,Solingen – Remscheid – Wuppertal II,05124,Wuppertal,37879805.118244789540768,18.853157594779759
592,103,Solingen – Remscheid – Wuppertal II,05158,Mettmann,16074.342199834482017,0.008000360766902
593,103,Solingen – Remscheid – Wuppertal II,05378,Rheinisch-Bergischer Kreis,71016.137169545341749,0.035345441235786
594,104,Mettmann I,05111,Düsseldorf,86069.246517248713644,0.046674309661783
595,104,Mettmann I,05122,Solingen,7907.184035881246018,0.004287970107528
596,104,Mettmann I,05124,Wuppertal,66580.668985170224914,0.036105890169257
597,104,Mettmann I,05158,Mettmann,184201113.252877712249756,99.890032129965505
598,104,Mettmann I,05315,Köln,381.589149576827367,0.000206931172882
599,104,Mettmann I,05316,Leverkusen,31916.435844263112813,0.017307896492355
600,104,Mettmann I,05378,Rheinisch-Bergischer Kreis,9930.396683458518964,0.005385133815191
601,105,Mettmann II,05111,Düsseldorf,50306.180142849421827,0.022530784611220
602,105,Mettmann II,05112,Duisburg,354.365848359411302,0.000158710929359
603,105,Mettmann II,05113,Essen,48099.360390980560624,0.021542409418272
604,105,Mettmann II,05117,Mülheim an der Ruhr,26785.774102067349304,0.011996627555993
605,105,Mettmann II,05124,Wuppertal,68411.465587330545532,0.030639654843782
606,105,Mettmann II,05158,Mettmann,223083530.173757702112198,99.913111160159445
607,105,Mettmann II,05954,Ennepe-Ruhr-Kreis,45.570667454656700,0.000020409875886
608,106,Düsseldorf I,05111,Düsseldorf,129240729.902242213487625,99.841092755518360
609,106,Düsseldorf I,05112,Duisburg,2515.459858285856171,0.001943243907891
610,106,Düsseldorf I,05158,Mettmann,189118.311597351275850,0.146097742594307
611,106,Düsseldorf I,05162,Rhein-Kreis Neuss,14065.923214739432296,0.010866211800545
612,107,Düsseldorf II,05111,Düsseldorf,87937066.040344089269638,99.845257734710472
613,107,Düsseldorf II,05158,Mettmann,136287.091036646772409,0.154742707975099
614,108,Neuss I,05111,Düsseldorf,67710.276562041268335,0.019539450794771
615,108,Neuss I,05162,Rhein-Kreis Neuss,345641071.692435681819916,99.743156517728153
616,108,Neuss I,05315,Köln,5720.577126296926508,0.001650811973491
617,108,Neuss I,05362,Rhein-Erft-Kreis,816611.294825585093349,0.235653094683179
618,109,Mönchengladbach,05116,Mönchengladbach,170507974.791456490755081,99.850984482820110
619,109,Mönchengladbach,05162,Rhein-Kreis Neuss,54957.328233050109702,0.032183499542043
620,109,Mönchengladbach,05166,Viersen,76876.788938015204621,0.045019730418635
621,109,Mönchengladbach,05370,Heinsberg,122628.183876925206278,0.071812153656902
622,110,Krefeld I – Neuss II,05111,Düsseldorf,11227.544370823416102,0.003704606063074
623,110,Krefeld I – Neuss II,05112,Duisburg,77874.331355482005165,0.025695175237696
624,110,Krefeld I – Neuss II,05114,Krefeld,72728138.991833895444870,23.997153408305060
625,110,Krefeld I – Neuss II,05116,Mönchengladbach,34825.314676762376621,0.011490853889230
626,110,Krefeld I – Neuss II,05162,Rhein-Kreis Neuss,230165455.777231156826019,75.944686996581098
627,110,Krefeld I – Neuss II,05166,Viersen,52337.491818775830325,0.017269118082646
628,111,Viersen,05114,Krefeld,41422.515793066675542,0.007350174257725
629,111,Viersen,05116,Mönchengladbach,58241.532235238577414,0.010334606741524
630,111,Viersen,05154,Kleve,67675.598268370566075,0.012008624554658
631,111,Viersen,05162,Rhein-Kreis Neuss,20260.441101634074585,0.003595092422183
632,111,Viersen,05166,Viersen,563367223.525294423103333,99.966097778514509
633,111,Viersen,05170,Wesel,3461.502108163500452,0.000614222559914
634,112,Kleve,05154,Kleve,1233236183.290402412414551,99.980788920770479
635,112,Kleve,05166,Viersen,62512.583619017386809,0.005068013339529
636,112,Kleve,05170,Wesel,141297.940392184187658,0.011455291163772
637,112,Kleve,05554,Borken,933.135721622552410,0.000075651077127
638,113,Wesel I,05154,Kleve,101789.750372657013941,0.011521703154206
639,113,Wesel I,05170,Wesel,883333213.260681033134460,99.985539135129770
640,113,Wesel I,05512,Bottrop,591.378410273852751,0.000066938827043
641,113,Wesel I,05554,Borken,23190.339660793979419,0.002624942183655
642,113,Wesel I,05562,Recklinghausen,2183.604756304682269,0.000247164824711
643,114,Krefeld II – Wesel II,05112,Duisburg,7010.122782459699010,0.004002121307687
644,114,Krefeld II – Wesel II,05114,Krefeld,63758680.758597612380981,36.400214765489572
645,114,Krefeld II – Wesel II,05154,Kleve,113120.384845063017565,0.064581108858026
646,114,Krefeld II – Wesel II,05166,Viersen,63754.213593200132891,0.036397664433865
647,114,Krefeld II – Wesel II,05170,Wesel,111217611.614454552531242,63.494804163197017
648,115,Duisburg I,05111,Düsseldorf,9397.890639226601706,0.007944584458226
649,115,Duisburg I,05112,Duisburg,118196981.280933275818825,99.918794178584221
650,115,Duisburg I,05114,Krefeld,55103.669820704475569,0.046582342320682
651,115,Duisburg I,05117,Mülheim an der Ruhr,10079.620675524663966,0.008520890574034
652,115,Duisburg I,05158,Mettmann,20359.679905349883484,0.017211223535137
653,115,Duisburg I,05170,Wesel,1119.946060335545098,0.000946755650449
654,116,Duisburg II,05112,Duisburg,114758273.022842243313789,99.983318637856058
655,116,Duisburg II,05119,Oberhausen,12001.266067466654931,0.010456121181280
656,116,Duisburg II,05170,Wesel,7144.847504708666747,0.006224959176059
657,117,Oberhausen – Wesel III,05112,Duisburg,15759.006167218492919,0.012610229001776
658,117,Oberhausen – Wesel III,05113,Essen,9896.647278355307208,0.007919216935740
659,117,Oberhausen – Wesel III,05117,Mülheim an der Ruhr,40816.860215786640765,0.032661320707219
660,117,Oberhausen – Wesel III,05119,Oberhausen,77420839.509703010320663,61.951528247891638
661,117,Oberhausen – Wesel III,05170,Wesel,47480298.333678394556046,37.993349879247297
662,117,Oberhausen – Wesel III,05512,Bottrop,2413.637989404873224,0.001931373555592
663,118,Mülheim – Essen I,05112,Duisburg,18288.420892174817709,0.015828492324249
664,118,Mülheim – Essen I,05113,Essen,24333962.908599589020014,21.060863996307738
665,118,Mülheim – Essen I,05117,Mülheim an der Ruhr,91161696.894887402653694,78.899770957460760
666,118,Mülheim – Essen I,05119,Oberhausen,24202.975364236885071,0.020947495250436
667,118,Mülheim – Essen I,05158,Mettmann,129.511525706794373,0.000112091262698
668,118,Mülheim – Essen I,05512,Bottrop,2861.742908671340956,0.002476817212975
669,119,Essen II,05113,Essen,68094607.885459303855896,99.948241069994978
670,119,Essen II,05512,Bottrop,15695.877786065666442,0.023038173292747
671,119,Essen II,05513,Gelsenkirchen,19566.909591025192640,0.028720015542026
672,120,Essen III,05113,Essen,117880266.151007220149040,99.939188082969238
673,120,Essen III,05117,Mülheim an der Ruhr,23182.806281048160599,0.019654441857509
674,120,Essen III,05158,Mettmann,47842.303343704734289,0.040560825898238
675,120,Essen III,05954,Ennepe-Ruhr-Kreis,704.232914529629056,0.000597050447861
676,121,Recklinghausen I,05562,Recklinghausen,165363021.339889615774155,99.993739784276656
677,121,Recklinghausen I,05911,Bochum,762.875161235132396,0.000461304708528
678,121,Recklinghausen I,05913,Dortmund,1466.994766473474328,0.000887080386867
679,121,Recklinghausen I,05916,Herne,7962.786455257826674,0.004815035370745
680,121,Recklinghausen I,05978,Unna,160.480822102525622,0.000097041511673
681,122,Recklinghausen II,05513,Gelsenkirchen,19529.130693790917576,0.005031775941188
682,122,Recklinghausen II,05554,Borken,1823.996212120122664,0.000469961535967
683,122,Recklinghausen II,05558,Coesfeld,75573.613753979967441,0.019471910830971
684,122,Recklinghausen II,05562,Recklinghausen,388017406.426893055438995,99.974580591114986
685,122,Recklinghausen II,05916,Herne,1029.864696958087052,0.000265349671016
686,122,Recklinghausen II,05978,Unna,699.248325840153029,0.000180164747630
687,123,Gelsenkirchen,05513,Gelsenkirchen,105205470.199656173586845,99.864063028221381
688,123,Gelsenkirchen,05562,Recklinghausen,114274.193515428138198,0.108472356447499
689,123,Gelsenkirchen,05911,Bochum,5086.934667291709957,0.004828664928457
690,123,Gelsenkirchen,05916,Herne,23846.825757731872727,0.022636093978514
691,124,Steinfurt I – Borken I,03456,Grafschaft Bentheim,8256.017997109489443,0.000843946277199
692,124,Steinfurt I – Borken I,05554,Borken,424874647.232542812824249,43.431515887409375
693,124,Steinfurt I – Borken I,05558,Coesfeld,26978.325745526475657,0.002757777125241
694,124,Steinfurt I – Borken I,05566,Steinfurt,553353503.646755218505859,56.564875408614192
695,125,Bottrop – Recklinghausen III,05113,Essen,34663.704441458517977,0.011261614752366
696,125,Bottrop – Recklinghausen III,05119,Oberhausen,10039.709598052249930,0.003261721259764
697,125,Bottrop – Recklinghausen III,05170,Wesel,385.244124359288719,0.000125158894124
698,125,Bottrop – Recklinghausen III,05512,Bottrop,100197638.304107621312141,32.552412382335149
699,125,Bottrop – Recklinghausen III,05513,Gelsenkirchen,1372.594591163258201,0.000445931320554
700,125,Bottrop – Recklinghausen III,05554,Borken,24749.312202709770645,0.008040606850997
701,125,Bottrop – Recklinghausen III,05562,Recklinghausen,207535184.726173818111420,67.424452625781683
702,126,Borken II,05154,Kleve,667.131518124568061,0.000066979869902
703,126,Borken II,05170,Wesel,8598.819386904315252,0.000863319732617
704,126,Borken II,05554,Borken,995976909.009738445281982,99.995880840143045
705,126,Borken II,05558,Coesfeld,10.586197481925183,0.000001062852093
706,126,Borken II,05562,Recklinghausen,31753.686266911860002,0.003188063698523
707,127,Coesfeld – Steinfurt II,05515,Münster,46200.478088245487015,0.003662515427784
708,127,Coesfeld – Steinfurt II,05554,Borken,40842.046209530017222,0.003237728926938
709,127,Coesfeld – Steinfurt II,05558,Coesfeld,1111606843.732819080352783,88.121971530794113
710,127,Coesfeld – Steinfurt II,05562,Recklinghausen,5584.939178973798334,0.000442742732384
711,127,Coesfeld – Steinfurt II,05566,Steinfurt,149734303.508756756782532,11.870097872619260
712,127,Coesfeld – Steinfurt II,05570,Warendorf,3812.145066509745448,0.000302205533293
713,127,Coesfeld – Steinfurt II,05915,Hamm,3601.991382590325429,0.000285545724966
714,128,Steinfurt III,03404,Osnabrück,4483.856969574970208,0.000410892191487
715,128,Steinfurt III,03454,Emsland,77685.741913128804299,0.007118974793039
716,128,Steinfurt III,03459,Osnabrück,26215.665974259656650,0.002402354159946
717,128,Steinfurt III,05515,Münster,1509.428606770749866,0.000138321189177
718,128,Steinfurt III,05566,Steinfurt,1091124179.033639192581177,99.988560774791793
719,128,Steinfurt III,05570,Warendorf,14934.714671185090992,0.001368589070106
720,129,Münster,05515,Münster,303286061.764947891235352,99.971180483446048
721,129,Münster,05558,Coesfeld,39573.256438880242058,0.013044401509078
722,129,Münster,05566,Steinfurt,100.790243192835987,0.000033223154188
723,129,Münster,05570,Warendorf,47756.732894135020615,0.015741893760879
724,130,Warendorf,03459,Osnabrück,29162.998117109873419,0.002212982086375
725,130,Warendorf,05515,Münster,23385.726334374554426,0.001774584123588
726,130,Warendorf,05558,Coesfeld,2657.431444167886184,0.000201654444378
727,130,Warendorf,05566,Steinfurt,36673.381815265485784,0.002782894155055
728,130,Warendorf,05570,Warendorf,1317606691.444342613220215,99.984233217206480
729,130,Warendorf,05754,Gütersloh,312.244022144109863,0.000023694080588
730,130,Warendorf,05915,Hamm,115585.521714489121223,0.008771001114882
731,131,Gütersloh I,03459,Osnabrück,635.488011140695562,0.000073403448004
732,131,Gütersloh I,05570,Warendorf,1682.774237628890887,0.000194372559496
733,131,Gütersloh I,05711,Bielefeld,28591.079936018784792,0.003302475912492
734,131,Gütersloh I,05754,Gütersloh,865715903.315103292465210,99.996429801074299
735,132,Bielefeld – Gütersloh II,05711,Bielefeld,258794751.391827106475830,87.959730977245272
736,132,Bielefeld – Gütersloh II,05754,Gütersloh,35400709.008533664047718,12.032071068086974
737,132,Bielefeld – Gütersloh II,05758,Herford,23129.734937547113077,0.007861385332353
738,132,Bielefeld – Gütersloh II,05766,Lippe,990.032693389078077,0.000336494495738
739,133,Herford – Minden-Lübbecke II,03459,Osnabrück,35552.304057916473539,0.006900354363175
740,133,Herford – Minden-Lübbecke II,05711,Bielefeld,139537.867720914684469,0.027082934844043
741,133,Herford – Minden-Lübbecke II,05754,Gütersloh,10633.122073410748271,0.002063784956775
742,133,Herford – Minden-Lübbecke II,05758,Herford,450172715.924077510833740,87.374119535224864
743,133,Herford – Minden-Lübbecke II,05766,Lippe,35731.211601306546072,0.006935078566862
744,133,Herford – Minden-Lübbecke II,05770,Minden-Lübbecke,64830152.952354572713375,12.582898370280763
745,134,Minden-Lübbecke I,03251,Diepholz,14243.087236927172853,0.001311261152372
746,134,Minden-Lübbecke I,03256,Nienburg (Weser),47289.317193413487985,0.004353595784848
747,134,Minden-Lübbecke I,03257,Schaumburg,47793.396915133627772,0.004400002869618
748,134,Minden-Lübbecke I,03459,Osnabrück,40298.089237721207610,0.003709962457805
749,134,Minden-Lübbecke I,05758,Herford,15866.991411746479571,0.001460762620993
750,134,Minden-Lübbecke I,05766,Lippe,878.753259177794916,0.000080900649706
751,134,Minden-Lübbecke I,05770,Minden-Lübbecke,1086046487.514720439910889,99.984683450914986
752,135,Lippe I,03252,Hameln-Pyrmont,16143.581856452003194,0.002126075693898
753,135,Lippe I,03257,Schaumburg,17723.779806736441969,0.002334184432313
754,135,Lippe I,05711,Bielefeld,26684.263212113219197,0.003514261204813
755,135,Lippe I,05754,Gütersloh,4779.787053960984849,0.000629487877461
756,135,Lippe I,05758,Herford,53309.354000812578306,0.007020729526220
757,135,Lippe I,05766,Lippe,759192995.673623800277710,99.984116872690961
758,135,Lippe I,05770,Minden-Lübbecke,1961.164817703726612,0.000258281271636
759,136,Höxter – Lippe II,03252,Hameln-Pyrmont,25796.926185210151743,0.001530667817187
760,136,Höxter – Lippe II,03255,Holzminden,26465.370692957581923,0.001570330158671
761,136,Höxter – Lippe II,05762,Höxter,1199628627.722034215927124,71.180299538285794
762,136,Höxter – Lippe II,05766,Lippe,485516064.153097748756409,28.808231212930664
763,136,Höxter – Lippe II,05774,Paderborn,57062.153296633921855,0.003385798796471
764,136,Höxter – Lippe II,05958,Hochsauerlandkreis,2740.508907069393899,0.000162608861096
765,136,Höxter – Lippe II,06633,Kassel,50617.408484284911538,0.003003398063786
766,136,Höxter – Lippe II,06635,Waldeck-Frankenberg,30614.291712413636560,0.001816507545656
767,137,Paderborn – Gütersloh III,05711,Bielefeld,892.467867176695677,0.000067944996331
768,137,Paderborn – Gütersloh III,05754,Gütersloh,67702877.637941554188728,5.154327614364410
769,137,Paderborn – Gütersloh III,05762,Höxter,15089.985767150892570,0.001148824585506
770,137,Paderborn – Gütersloh III,05766,Lippe,3100.122197535233681,0.000236017227157
771,137,Paderborn – Gütersloh III,05774,Paderborn,1245735921.697703361511230,94.839854455666455
772,137,Paderborn – Gütersloh III,05958,Hochsauerlandkreis,17789.121780577621394,0.001354314097538
773,137,Paderborn – Gütersloh III,05974,Soest,39547.765261700536939,0.003010834187357
774,138,Hagen – Ennepe-Ruhr-Kreis I,05124,Wuppertal,38136.814898471609922,0.011772921198076
775,138,Hagen – Ennepe-Ruhr-Kreis I,05374,Oberbergischer Kreis,6138.769588229208239,0.001895052085702
776,138,Hagen – Ennepe-Ruhr-Kreis I,05914,Hagen,160250400.039860635995865,49.469661707514931
777,138,Hagen – Ennepe-Ruhr-Kreis I,05954,Ennepe-Ruhr-Kreis,163588661.848381131887436,50.500190694135540
778,138,Hagen – Ennepe-Ruhr-Kreis I,05962,Märkischer Kreis,53383.503390239384316,0.016479608492835
779,139,Ennepe-Ruhr-Kreis II,05113,Essen,382.736804054159620,0.000154832562707
780,139,Ennepe-Ruhr-Kreis II,05124,Wuppertal,13466.617979255508544,0.005447793237130
781,139,Ennepe-Ruhr-Kreis II,05158,Mettmann,1178.639947783712842,0.000476807669635
782,139,Ennepe-Ruhr-Kreis II,05911,Bochum,132065.245681052445434,0.053425749018009
783,139,Ennepe-Ruhr-Kreis II,05913,Dortmund,200.259479364369241,0.000081013082797
784,139,Ennepe-Ruhr-Kreis II,05914,Hagen,5132.627199425348408,0.002076355903822
785,139,Ennepe-Ruhr-Kreis II,05954,Ennepe-Ruhr-Kreis,247041572.957211375236511,99.938337340477375
786,140,Bochum I,05513,Gelsenkirchen,4468.484429071407249,0.004378965183662
787,140,Bochum I,05911,Bochum,102027041.636317655444145,99.983086034907970
788,140,Bochum I,05916,Herne,7478.198669035217790,0.007328384405945
789,140,Bochum I,05954,Ennepe-Ruhr-Kreis,5313.390650954022931,0.005206945002729
790,141,Herne – Bochum II,05513,Gelsenkirchen,11248.833972884371178,0.011955270137711
791,141,Herne – Bochum II,05562,Recklinghausen,9847.650277517086579,0.010466090936466
792,141,Herne – Bochum II,05911,Bochum,42596635.254726178944111,45.271739511433715
793,141,Herne – Bochum II,05913,Dortmund,30574.580831189334276,0.032494690033230
794,141,Herne – Bochum II,05916,Herne,51442699.545716412365437,54.673344025223848
795,142,Dortmund I,05911,Bochum,10138.202161282828456,0.008026919986544
796,142,Dortmund I,05913,Dortmund,126264077.822161480784416,99.969564004537574
797,142,Dortmund I,05954,Ennepe-Ruhr-Kreis,18551.261863671512401,0.014687958699206
798,142,Dortmund I,05978,Unna,9752.589345756421608,0.007721611099744
799,143,Dortmund II,05913,Dortmund,153211946.953980386257172,99.982963455606580
800,143,Dortmund II,05978,Unna,26106.055027488568157,0.017036274244119
801,144,Unna I,05913,Dortmund,10544.838908372297738,0.003044079769869
802,144,Unna I,05915,Hamm,1813.699773048886073,0.000523578106383
803,144,Unna I,05962,Märkischer Kreis,24007.999683217847632,0.006930619498860
804,144,Unna I,05974,Soest,7217.270372589087856,0.002083478650151
805,144,Unna I,05978,Unna,346361231.176682651042938,99.987418115485241
806,145,Hamm – Unna II,05558,Coesfeld,251.178570789444109,0.000059306677227
807,145,Hamm – Unna II,05562,Recklinghausen,599.591550220157274,0.000141571720967
808,145,Hamm – Unna II,05570,Warendorf,1203.809087895638186,0.000284235700498
809,145,Hamm – Unna II,05913,Dortmund,1654.156659343439969,0.000390568887981
810,145,Hamm – Unna II,05915,Hamm,227454558.112373948097229,53.705115127079551
811,145,Hamm – Unna II,05974,Soest,25937.765590906157740,0.006124259275167
812,145,Hamm – Unna II,05978,Unna,196040737.971046537160873,46.287884884378258
813,146,Soest,05570,Warendorf,14501.852284441041775,0.001091445288933
814,146,Soest,05774,Paderborn,22566.084596735177911,0.001698379368352
815,146,Soest,05915,Hamm,423.476591870209802,0.000031871896231
816,146,Soest,05958,Hochsauerlandkreis,481497.164462241169531,0.036238668101100
817,146,Soest,05974,Soest,1328163105.400539636611938,99.960841959457710
818,146,Soest,05978,Unna,1296.913029440523133,0.000097608883912
819,147,Hochsauerlandkreis,05774,Paderborn,14272.173512110108277,0.000728867774319
820,147,Hochsauerlandkreis,05958,Hochsauerlandkreis,1957515695.216771841049194,99.968663270306934
821,147,Hochsauerlandkreis,05962,Märkischer Kreis,160961.743539666756988,0.008220179474748
822,147,Hochsauerlandkreis,05966,Olpe,29340.539576380815561,0.001498396425759
823,147,Hochsauerlandkreis,05970,Siegen-Wittgenstein,28332.506504939603474,0.001446917033318
824,147,Hochsauerlandkreis,05974,Soest,185034.327147781645181,0.009449545865345
825,147,Hochsauerlandkreis,06635,Waldeck-Frankenberg,195672.368830789491767,0.009992821615043
826,148,Siegen-Wittgenstein,05958,Hochsauerlandkreis,155832.451646861241898,0.013748659452070
827,148,Siegen-Wittgenstein,05966,Olpe,367036.634409287769813,0.032382611192967
828,148,Siegen-Wittgenstein,05970,Siegen-Wittgenstein,1132752206.497270345687866,99.939545108385815
829,148,Siegen-Wittgenstein,06532,Lahn-Dill-Kreis,75184.014442859246628,0.006633274391119
830,148,Siegen-Wittgenstein,06534,Marburg-Biedenkopf,60767.689158589768340,0.005361362508908
831,148,Siegen-Wittgenstein,06635,Waldeck-Frankenberg,16089.915324294495804,0.001419568030077
832,148,Siegen-Wittgenstein,07132,Altenkirchen (Westerwald),4524.109502429540953,0.000399149472497
833,148,Siegen-Wittgenstein,07143,Westerwaldkreis,5783.079438076259066,0.000510224853284
834,149,Olpe – Märkischer Kreis I,05374,Oberbergischer Kreis,7941.042505535026066,0.000684361118463
835,149,Olpe – Märkischer Kreis I,05914,Hagen,4541.807447250241239,0.000391414152774
836,149,Olpe – Märkischer Kreis I,05954,Ennepe-Ruhr-Kreis,20954.879235244672600,0.001805896968904
837,149,Olpe – Märkischer Kreis I,05958,Hochsauerlandkreis,1371.286284661845684,0.000118177810388
838,149,Olpe – Märkischer Kreis I,05962,Märkischer Kreis,448942319.648850560188293,38.689966435262733
839,149,Olpe – Märkischer Kreis I,05966,Olpe,711026799.760001182556152,61.276475425181388
840,149,Olpe – Märkischer Kreis I,05970,Siegen-Wittgenstein,353935.992067943792790,0.030502296295103
841,149,Olpe – Märkischer Kreis I,07132,Altenkirchen (Westerwald),650.418183585879319,0.000056053209044
842,150,Märkischer Kreis II,05914,Hagen,940.963005427634471,0.000153934653029
843,150,Märkischer Kreis II,05958,Hochsauerlandkreis,352794.022395988868084,0.057714517058393
844,150,Märkischer Kreis II,05962,Märkischer Kreis,610866736.318713188171387,99.933322096083472
845,150,Märkischer Kreis II,05966,Olpe,7631.196952838805373,0.001248407905892
846,150,Märkischer Kreis II,05978,Unna,46218.564289518093574,0.007561018463368
847,151,Nordsachsen,12062,Elbe-Elster,5844.018664556390831,0.000287992195981
848,151,Nordsachsen,14522,Mittelsachsen,23015.966327750749770,0.001134222709719
849,151,Nordsachsen,14627,Meißen,8771.784538420750323,0.000432271975313
850,151,Nordsachsen,14713,Leipzig,19342.903149464778835,0.000953214812344
851,151,Nordsachsen,14729,Leipzig,305197.928707114362624,0.015040099414882
852,151,Nordsachsen,14730,Nordsachsen,2028811359.130473375320435,99.979461409279082
853,151,Nordsachsen,15082,Anhalt-Bitterfeld,17701.969606397069583,0.000872349900431
854,151,Nordsachsen,15088,Saalekreis,8580.146850748502402,0.000422828104294
855,151,Nordsachsen,15091,Wittenberg,28319.753258899589127,0.001395592382370
856,152,Leipzig I,14713,Leipzig,172177080.374674648046494,99.897284485450129
857,152,Leipzig I,14729,Leipzig,87402.259369860621518,0.050710863199341
858,152,Leipzig I,14730,Nordsachsen,89631.063963522363338,0.052004017468603
859,153,Leipzig II,14713,Leipzig,126736017.560369551181793,99.910663536222273
860,153,Leipzig II,14729,Leipzig,113323.193061679034145,0.089336840708621
861,154,Leipzig-Land,14522,Mittelsachsen,83338.175593737032614,0.005042244175108
862,154,Leipzig-Land,14713,Leipzig,196821.646289078198606,0.011908381632617
863,154,Leipzig-Land,14729,Leipzig,1652233141.031431674957275,99.965746453327569
864,154,Leipzig-Land,14730,Nordsachsen,213375.604789854522096,0.012909952644112
865,154,Leipzig-Land,15084,Burgenlandkreis,22436.010393825359643,0.001357455234830
866,154,Leipzig-Land,15088,Saalekreis,12436.611505261111233,0.000752457459906
867,154,Leipzig-Land,16077,Altenburger Land,37735.580753117683344,0.002283131480755
868,155,Meißen,12062,Elbe-Elster,4437.636678937220495,0.000303923169583
869,155,Meißen,12066,Oberspreewald-Lausitz,6818.811237670047376,0.000467004145243
870,155,Meißen,14522,Mittelsachsen,151788.829584012302803,0.010395655510398
871,155,Meißen,14612,Dresden,90106.076109033485409,0.006171150599094
872,155,Meißen,14625,Bautzen,62002.445410977576103,0.004246399850774
873,155,Meißen,14627,Meißen,1459653270.917536258697510,99.968176911761446
874,155,Meißen,14628,Sächsische Schweiz-Osterzgebirge,27439.969946164063003,0.001879298203680
875,155,Meißen,14730,Nordsachsen,122060.791903569624992,0.008359652995766
876,156,Bautzen I,12066,Oberspreewald-Lausitz,14627.538913178215807,0.000655822540325
877,156,Bautzen I,12071,Spree-Neiße,38719.001275370683288,0.001735958039557
878,156,Bautzen I,14625,Bautzen,2230173186.623074054718018,99.989331991999450
879,156,Bautzen I,14626,Görlitz,133272.546270203019958,0.005975245758653
880,156,Bautzen I,14627,Meißen,19958.657967520801321,0.000894842108944
881,156,Bautzen I,14628,Sächsische Schweiz-Osterzgebirge,31360.322357723223831,0.001406033263430
882,157,Görlitz,12071,Spree-Neiße,5028.086143666268981,0.000237404395376
883,157,Görlitz,14625,Bautzen,119611.019539497923688,0.005647512982614
884,157,Görlitz,14626,Görlitz,2117816738.074075460433960,99.994110652329383
885,158,Sächsische Schweiz-Osterzgebirge,14522,Mittelsachsen,180368.295783448382281,0.010884400283996
886,158,Sächsische Schweiz-Osterzgebirge,14612,Dresden,76708.532481566580827,0.004629008491213
887,158,Sächsische Schweiz-Osterzgebirge,14625,Bautzen,37693.608675842166122,0.002274636588399
888,158,Sächsische Schweiz-Osterzgebirge,14627,Meißen,38862.471481629851041,0.002345172103524
889,158,Sächsische Schweiz-Osterzgebirge,14628,Sächsische Schweiz-Osterzgebirge,1656790136.094532489776611,99.979694044897357
890,159,Dresden I,14612,Dresden,81264738.764676824212074,99.972789901373531
891,159,Dresden I,14628,Sächsische Schweiz-Osterzgebirge,22118.794564266434463,0.027210788288490
892,160,Dresden II – Bautzen II,14612,Dresden,247261173.943482160568237,59.095027425836186
893,160,Dresden II – Bautzen II,14625,Bautzen,171060153.698480099439621,40.883104747331096
894,160,Dresden II – Bautzen II,14627,Meißen,67580.754620377192623,0.016151692900491
895,160,Dresden II – Bautzen II,14628,Sächsische Schweiz-Osterzgebirge,23917.885820850468008,0.005716336681610
896,161,Mittelsachsen,14511,Chemnitz,2699.053791476640527,0.000161055931517
897,161,Mittelsachsen,14521,Erzgebirgskreis,96876.125832065663417,0.005780720168283
898,161,Mittelsachsen,14522,Mittelsachsen,1675296065.799639463424683,99.967021515709149
899,161,Mittelsachsen,14627,Meißen,41766.756948078502319,0.002492274873502
900,161,Mittelsachsen,14628,Sächsische Schweiz-Osterzgebirge,269241.085196014144458,0.016065953896845
901,161,Mittelsachsen,14729,Leipzig,59430.095015104481718,0.003546268452687
902,161,Mittelsachsen,14730,Nordsachsen,82655.771112023110618,0.004932173732056
903,162,Chemnitz,14511,Chemnitz,221109036.575764000415802,99.870782135181898
904,162,Chemnitz,14521,Erzgebirgskreis,107597.184353150209063,0.048599619098835
905,162,Chemnitz,14522,Mittelsachsen,151599.360798218403943,0.068474572403665
906,162,Chemnitz,14524,Zwickau,26885.388069974163955,0.012143622785115
907,163,Chemnitzer Umland – Erzgebirgskreis II,14511,Chemnitz,162539.836651042598533,0.018004054284169
908,163,Chemnitzer Umland – Erzgebirgskreis II,14521,Erzgebirgskreis,266306376.787555605173111,29.497965315402180
909,163,Chemnitzer Umland – Erzgebirgskreis II,14522,Mittelsachsen,441059623.054251790046692,48.854862657898799
910,163,Chemnitzer Umland – Erzgebirgskreis II,14524,Zwickau,195244877.362149685621262,21.626694373274859
911,163,Chemnitzer Umland – Erzgebirgskreis II,14729,Leipzig,19555.850280673446832,0.002166143373100
912,163,Chemnitzer Umland – Erzgebirgskreis II,16077,Altenburger Land,2775.491228697158022,0.000307432908610
913,164,Erzgebirgskreis I,14521,Erzgebirgskreis,1562404238.922484636306763,99.966238207253824
914,164,Erzgebirgskreis I,14522,Mittelsachsen,329836.870508156891447,0.021103726132677
915,164,Erzgebirgskreis I,14523,Vogtlandkreis,13562.377436005655909,0.000867752288204
916,164,Erzgebirgskreis I,14524,Zwickau,184273.008644692949019,0.011790213453368
917,165,Zwickau,14521,Erzgebirgskreis,58055.076365410968720,0.007690010488097
918,165,Zwickau,14523,Vogtlandkreis,18455.668002211779822,0.002444648933171
919,165,Zwickau,14524,Zwickau,754843259.285582542419434,99.986994147398491
920,165,Zwickau,16076,Greiz,7556.528477903612838,0.001000942327298
921,165,Zwickau,16077,Altenburger Land,14120.073312693526532,0.001870353441340
922,166,Vogtlandkreis,09475,Hof,4662.101813352101090,0.000329948961280
923,166,Vogtlandkreis,14521,Erzgebirgskreis,5131.300298904347073,0.000363155347400
924,166,Vogtlandkreis,14523,Vogtlandkreis,1412852765.154193162918091,99.991231630604233
925,166,Vogtlandkreis,14524,Zwickau,16130.194902675551930,0.001141575466701
926,166,Vogtlandkreis,16075,Saale-Orla-Kreis,20429.250855982056237,0.001445830736763
927,166,Vogtlandkreis,16076,Greiz,77084.023204296317999,0.005455434996016
928,167,Waldeck,03155,Northeim,18143.838409912335919,0.000837572455744
929,167,Waldeck,03159,Göttingen,72666.717226516062510,0.003354507432399
930,167,Waldeck,05762,Höxter,95644.280055689931032,0.004415218693768
931,167,Waldeck,05958,Hochsauerlandkreis,59105.192385109563475,0.002728467924747
932,167,Waldeck,06611,Kassel,57843.611651133331179,0.002670229681571
933,167,Waldeck,06633,Kassel,1041795259.467875719070435,48.092305175004768
934,167,Waldeck,06634,Schwalm-Eder-Kreis,134758.856964275008067,0.006220861551502
935,167,Waldeck,06635,Waldeck-Frankenberg,1124007632.487115144729614,51.887467896730044
936,168,Kassel,03159,Göttingen,2440.520490341983987,0.000684254151747
937,168,Kassel,06611,Kassel,104477865.226380258798599,29.292691181963075
938,168,Kassel,06633,Kassel,252065092.428343385457993,70.672049952951127
939,168,Kassel,06634,Schwalm-Eder-Kreis,36510.164001982841000,0.010236435792362
940,168,Kassel,06636,Werra-Meißner-Kreis,86806.847494944988284,0.024338228682597
941,169,Werra-Meißner – Hersfeld-Rotenburg,03159,Göttingen,1517.313833939646202,0.000071542657863
942,169,Werra-Meißner – Hersfeld-Rotenburg,06535,Vogelsbergkreis,30796.211745344658993,0.001452067984273
943,169,Werra-Meißner – Hersfeld-Rotenburg,06631,Fulda,110119.847043691523140,0.005192245905030
944,169,Werra-Meißner – Hersfeld-Rotenburg,06632,Hersfeld-Rotenburg,1096740892.758505105972290,51.712280412490564
945,169,Werra-Meißner – Hersfeld-Rotenburg,06633,Kassel,207124.922063162550330,0.009766118981126
946,169,Werra-Meißner – Hersfeld-Rotenburg,06634,Schwalm-Eder-Kreis,234771.107049664482474,0.011069660482858
947,169,Werra-Meißner – Hersfeld-Rotenburg,06636,Werra-Meißner-Kreis,1023429021.780771851539612,48.255562372161549
948,169,Werra-Meißner – Hersfeld-Rotenburg,16061,Eichsfeld,24407.860438174902811,0.001150851702149
949,169,Werra-Meißner – Hersfeld-Rotenburg,16063,Wartburgkreis,73269.315853130625328,0.003454711529447
950,170,Schwalm-Eder,05958,Hochsauerlandkreis,418.120026913584013,0.000018496650102
951,170,Schwalm-Eder,05970,Siegen-Wittgenstein,15507.453915329791926,0.000686013418577
952,170,Schwalm-Eder,06534,Marburg-Biedenkopf,74062.709963407556643,0.003276360718433
953,170,Schwalm-Eder,06535,Vogelsbergkreis,18406.231487918143102,0.000814248544932
954,170,Schwalm-Eder,06632,Hersfeld-Rotenburg,183369.491342808789341,0.008111836559741
955,170,Schwalm-Eder,06633,Kassel,125780.871302951869438,0.005564250971520
956,170,Schwalm-Eder,06634,Schwalm-Eder-Kreis,1537864884.878075599670410,68.031538429555411
957,170,Schwalm-Eder,06635,Waldeck-Frankenberg,722225622.264913201332092,31.949568950474109
958,170,Schwalm-Eder,06636,Werra-Meißner-Kreis,9527.373308766873379,0.000421468667216
959,171,Marburg,05970,Siegen-Wittgenstein,17300.141350369900465,0.001371840604336
960,171,Marburg,06531,Gießen,79974.813503773504635,0.006341722548199
961,171,Marburg,06532,Lahn-Dill-Kreis,104251.492749799013836,0.008266778167899
962,171,Marburg,06534,Marburg-Biedenkopf,1260817751.522388219833374,99.978430879642005
963,171,Marburg,06535,Vogelsbergkreis,12335.994038227943747,0.000978201112566
964,171,Marburg,06634,Schwalm-Eder-Kreis,32017.301612898860185,0.002538859856940
965,171,Marburg,06635,Waldeck-Frankenberg,26126.107487089160713,0.002071708800418
966,172,Lahn-Dill,05970,Siegen-Wittgenstein,7304.810542581819391,0.000634460370933
967,172,Lahn-Dill,06531,Gießen,86942572.762556731700897,7.551409669460281
968,172,Lahn-Dill,06532,Lahn-Dill-Kreis,1064217636.775874376296997,92.432775996945111
969,172,Lahn-Dill,06533,Limburg-Weilburg,61689.631817921217589,0.005358061849487
970,172,Lahn-Dill,06534,Marburg-Biedenkopf,113083.371188886390883,0.009821872478780
971,173,Gießen,06440,Wetteraukreis,26801.977454109830433,0.001996347874127
972,173,Gießen,06531,Gießen,767516524.072814464569092,57.168542276915026
973,173,Gießen,06532,Lahn-Dill-Kreis,87496.787442997432663,0.006517206646556
974,173,Gießen,06534,Marburg-Biedenkopf,92404.286537621315802,0.006882742189656
975,173,Gießen,06535,Vogelsbergkreis,574788762.854495167732239,42.813196405430709
976,173,Gießen,06632,Hersfeld-Rotenburg,12327.728614672774711,0.000918232054141
977,173,Gießen,06634,Schwalm-Eder-Kreis,26135.801450111466693,0.001946727690256
978,174,Fulda,06435,Main-Kinzig-Kreis,84292.678996015223674,0.003958611372845
979,174,Fulda,06531,Gießen,13684.672846511639364,0.000642669116809
980,174,Fulda,06535,Vogelsbergkreis,748766618.302218794822693,35.164098307494370
981,174,Fulda,06631,Fulda,1380226757.903189659118652,64.819168236413574
982,174,Fulda,06632,Hersfeld-Rotenburg,187797.412076573673403,0.008819472581627
983,174,Fulda,09672,Bad Kissingen,49570.965168622577039,0.002327986117142
984,174,Fulda,09673,Rhön-Grabfeld,286.150378804037246,0.000013438392959
985,174,Fulda,16066,Schmalkalden-Meiningen,20681.739652381285850,0.000971270230977
986,175,Main-Kinzig – Wetterau II – Schotten,06435,Main-Kinzig-Kreis,1049924544.902274250984192,68.273251865193473
987,175,Main-Kinzig – Wetterau II – Schotten,06440,Wetteraukreis,354322431.946301817893982,23.040460150409555
988,175,Main-Kinzig – Wetterau II – Schotten,06531,Gießen,48985.437397196757956,0.003185367102220
989,175,Main-Kinzig – Wetterau II – Schotten,06535,Vogelsbergkreis,133462650.727387398481369,8.678651444000097
990,175,Main-Kinzig – Wetterau II – Schotten,06631,Fulda,22016.935300106684736,0.001431691235663
991,175,Main-Kinzig – Wetterau II – Schotten,09671,Aschaffenburg,16685.001575173755555,0.001084972553927
992,175,Main-Kinzig – Wetterau II – Schotten,09672,Bad Kissingen,9923.406825466858209,0.000645287565516
993,175,Main-Kinzig – Wetterau II – Schotten,09677,Main-Spessart,19826.205416536766279,0.001289235043134
994,176,Hochtaunus,06412,Frankfurt am Main,37298.807026679569390,0.004597668612286
995,176,Hochtaunus,06434,Hochtaunuskreis,432212953.566026866436005,53.277090846704077
996,176,Hochtaunus,06436,Main-Taunus-Kreis,24662.267819572978624,0.003040015048759
997,176,Hochtaunus,06439,Rheingau-Taunus-Kreis,73570.643794042654918,0.009068746877497
998,176,Hochtaunus,06440,Wetteraukreis,51517.741293913859408,0.006350377425034
999,176,Hochtaunus,06532,Lahn-Dill-Kreis,397050.343281634792220,0.048942742310705
1000,176,Hochtaunus,06533,Limburg-Weilburg,378457739.388136327266693,46.650909457159017
1001,177,Wetterau I,06434,Hochtaunuskreis,165904.116328818723559,0.022252800275800
1002,177,Wetterau I,06435,Main-Kinzig-Kreis,77561.987375009877724,0.010403427306345
1003,177,Wetterau I,06440,Wetteraukreis,745053000.788917064666748,99.934323441264809
1004,177,Wetterau I,06531,Gießen,222188.089594146993477,0.029802197141394
1005,177,Wetterau I,06532,Lahn-Dill-Kreis,7069.152282796310828,0.000948188853594
1006,177,Wetterau I,06535,Vogelsbergkreis,16923.665624741784995,0.002269979548521
1007,178,Rheingau-Taunus – Limburg,06414,Wiesbaden,130071.694989260708098,0.011105651608587
1008,178,Rheingau-Taunus – Limburg,06434,Hochtaunuskreis,28228.284559860152513,0.002410159211470
1009,178,Rheingau-Taunus – Limburg,06436,Main-Taunus-Kreis,56399.026052265449835,0.004815405338201
1010,178,Rheingau-Taunus – Limburg,06439,Rheingau-Taunus-Kreis,811071027.241127610206604,69.250056740651132
1011,178,Rheingau-Taunus – Limburg,06533,Limburg-Weilburg,359735326.275756895542145,30.714562497627824
1012,178,Rheingau-Taunus – Limburg,07141,Rhein-Lahn-Kreis,60721.517414615569578,0.005184463980478
1013,178,Rheingau-Taunus – Limburg,07143,Westerwaldkreis,8059.413646787694233,0.000688120810128
1014,178,Rheingau-Taunus – Limburg,07339,Mainz-Bingen,130907.780842310865410,0.011177037456212
1015,179,Wiesbaden,06414,Wiesbaden,203273884.423069953918457,99.798507862675038
1016,179,Wiesbaden,06433,Groß-Gerau,19514.228349203302059,0.009580625060958
1017,179,Wiesbaden,06436,Main-Taunus-Kreis,211582.913841817266075,0.103877874674263
1018,179,Wiesbaden,06439,Rheingau-Taunus-Kreis,135050.024926527548814,0.066303603203811
1019,179,Wiesbaden,07315,Mainz,44260.818018134959857,0.021730108653790
1020,180,Hanau,06412,Frankfurt am Main,41751.827949448583240,0.012070209494173
1021,180,Hanau,06435,Main-Kinzig-Kreis,345518229.080677151679993,99.887301080775430
1022,180,Hanau,06438,Offenbach,1234.968821650134487,0.000357022270118
1023,180,Hanau,06440,Wetteraukreis,346828.711197905882727,0.100266153803403
1024,180,Hanau,09671,Aschaffenburg,19.889479916481893,0.000005749932425
1025,181,Main-Taunus,06412,Frankfurt am Main,19923.729389438951330,0.007394516380826
1026,181,Main-Taunus,06414,Wiesbaden,249775.836116485355888,0.092702097865116
1027,181,Main-Taunus,06433,Groß-Gerau,36846.761650126289169,0.013675350496713
1028,181,Main-Taunus,06434,Hochtaunuskreis,48093249.457261279225349,17.849385221392140
1029,181,Main-Taunus,06436,Main-Taunus-Kreis,221019732.446823686361313,82.029523696006777
1030,181,Main-Taunus,06439,Rheingau-Taunus-Kreis,19720.853606008855422,0.007319220823728
1031,182,Frankfurt am Main I,06412,Frankfurt am Main,86259700.164668977260590,99.929025228903512
1032,182,Frankfurt am Main I,06434,Hochtaunuskreis,474.173419849485072,0.000549314309516
1033,182,Frankfurt am Main I,06436,Main-Taunus-Kreis,60791.749420293293952,0.070425242029972
1034,183,Frankfurt am Main II,06412,Frankfurt am Main,161522681.375156819820404,99.885031395976469
1035,183,Frankfurt am Main II,06413,Offenbach am Main,98305.481729995924979,0.060791747916757
1036,183,Frankfurt am Main II,06433,Groß-Gerau,79.076112009425287,0.000048900376489
1037,183,Frankfurt am Main II,06434,Hochtaunuskreis,46289.179343692921975,0.028625058057945
1038,183,Frankfurt am Main II,06435,Main-Kinzig-Kreis,41240.295281650716788,0.025502846745216
1039,184,Groß-Gerau,06412,Frankfurt am Main,43034.502173756074626,0.009502066192615
1040,184,Groß-Gerau,06414,Wiesbaden,1236.816117313891482,0.000273090381466
1041,184,Groß-Gerau,06431,Bergstraße,16060.135245390854834,0.003546095817442
1042,184,Groß-Gerau,06432,Darmstadt-Dieburg,41659.619393928674981,0.009198490537707
1043,184,Groß-Gerau,06433,Groß-Gerau,452698839.761352837085724,99.956409937406320
1044,184,Groß-Gerau,06436,Main-Taunus-Kreis,38192.411495835811365,0.008432927157464
1045,184,Groß-Gerau,06438,Offenbach,57234.947439142051735,0.012637540383335
1046,185,Offenbach,06412,Frankfurt am Main,33043.674483576418424,0.013642997449534
1047,185,Offenbach,06413,Offenbach am Main,45222725.561099715530872,18.671456462800432
1048,185,Offenbach,06433,Groß-Gerau,1890.321282136180344,0.000780471567828
1049,185,Offenbach,06438,Offenbach,196944793.302513092756271,81.314120015938300
1050,186,Darmstadt,06411,Darmstadt,122811689.827831074595451,27.353772749741985
1051,186,Darmstadt,06431,Bergstraße,71607.700264139013598,0.015949139393024
1052,186,Darmstadt,06432,Darmstadt-Dieburg,325937522.651633858680725,72.595865570495974
1053,186,Darmstadt,06433,Groß-Gerau,84664.383209543870180,0.018857246419763
1054,186,Darmstadt,06438,Offenbach,69838.936260302987648,0.015555183665547
1055,187,Odenwald,06411,Darmstadt,10235.787728996408987,0.000918128959307
1056,187,Odenwald,06431,Bergstraße,44763.624789485846122,0.004015204430858
1057,187,Odenwald,06432,Darmstadt-Dieburg,331465425.795145511627197,29.731762174929749
1058,187,Odenwald,06435,Main-Kinzig-Kreis,5152.807268016086709,0.000462196139638
1059,187,Odenwald,06437,Odenwaldkreis,624160745.474360704421997,55.985926130466233
1060,187,Odenwald,06438,Offenbach,158889982.708010643720627,14.252102361870103
1061,187,Odenwald,08225,Neckar-Odenwald-Kreis,17694.781078808307939,0.001587185213995
1062,187,Odenwald,08226,Rhein-Neckar-Kreis,147982.727636051684385,0.013273744172618
1063,187,Odenwald,09671,Aschaffenburg,88763.144634203024907,0.007961870230755
1064,187,Odenwald,09676,Miltenberg,22196.541894137320924,0.001990983835250
1065,188,Bergstraße,06431,Bergstraße,718201059.121830821037292,99.955275674627785
1066,188,Bergstraße,06432,Darmstadt-Dieburg,47725.242422269599047,0.006642136909112
1067,188,Bergstraße,06433,Groß-Gerau,127562.084524584002793,0.017753389753944
1068,188,Bergstraße,06437,Odenwaldkreis,26926.269984447404568,0.003747450250875
1069,188,Bergstraße,08226,Rhein-Neckar-Kreis,119141.052744318294572,0.016581396838630
1070,189,Eichsfeld – Nordhausen – Kyffhäuserkreis,03153,Goslar,1.305021867734779,0.000000048450744
1071,189,Eichsfeld – Nordhausen – Kyffhäuserkreis,03159,Göttingen,11041.431086717424478,0.000409928419463
1072,189,Eichsfeld – Nordhausen – Kyffhäuserkreis,06636,Werra-Meißner-Kreis,11152.167490790576267,0.000414039661814
1073,189,Eichsfeld – Nordhausen – Kyffhäuserkreis,15084,Burgenlandkreis,6885.216504761986471,0.000255623197509
1074,189,Eichsfeld – Nordhausen – Kyffhäuserkreis,15085,Harz,176.516613651363514,0.000006553423725
1075,189,Eichsfeld – Nordhausen – Kyffhäuserkreis,15087,Mansfeld-Südharz,57222.113744060523459,0.002124450214941
1076,189,Eichsfeld – Nordhausen – Kyffhäuserkreis,15088,Saalekreis,17536.601826971425908,0.000651070627822
1077,189,Eichsfeld – Nordhausen – Kyffhäuserkreis,16061,Eichsfeld,941865969.607567071914673,34.968078434302065
1078,189,Eichsfeld – Nordhausen – Kyffhäuserkreis,16062,Nordhausen,713967695.805117011070251,26.507039421833532
1079,189,Eichsfeld – Nordhausen – Kyffhäuserkreis,16064,Unstrut-Hainich-Kreis,182020.994208943069680,0.006757781475893
1080,189,Eichsfeld – Nordhausen – Kyffhäuserkreis,16065,Kyffhäuserkreis,1037095050.136529445648193,38.503589923851550
1081,189,Eichsfeld – Nordhausen – Kyffhäuserkreis,16068,Sömmerda,287469.641146027541254,0.010672708520580
1082,190,Eisenach – Wartburgkreis – Unstrut-Hainich-Kreis,06631,Fulda,2392.630060499831416,0.000100171755460
1083,190,Eisenach – Wartburgkreis – Unstrut-Hainich-Kreis,06632,Hersfeld-Rotenburg,66626.489413450952270,0.002789437663122
1084,190,Eisenach – Wartburgkreis – Unstrut-Hainich-Kreis,06636,Werra-Meißner-Kreis,81476.489520503993845,0.003411159593252
1085,190,Eisenach – Wartburgkreis – Unstrut-Hainich-Kreis,16056,Eisenach,104446208.323567584156990,4.372828132367220
1086,190,Eisenach – Wartburgkreis – Unstrut-Hainich-Kreis,16061,Eichsfeld,67559.985321697386098,0.002828520146196
1087,190,Eisenach – Wartburgkreis – Unstrut-Hainich-Kreis,16063,Wartburgkreis,1264403095.557981967926025,52.936506893381953
1088,190,Eisenach – Wartburgkreis – Unstrut-Hainich-Kreis,16064,Unstrut-Hainich-Kreis,978429297.425310015678406,40.963700128387281
1089,190,Eisenach – Wartburgkreis – Unstrut-Hainich-Kreis,16065,Kyffhäuserkreis,126356.201417765463702,0.005290129351053
1090,190,Eisenach – Wartburgkreis – Unstrut-Hainich-Kreis,16066,Schmalkalden-Meiningen,40697651.189255319535732,1.703880273856601
1091,190,Eisenach – Wartburgkreis – Unstrut-Hainich-Kreis,16067,Gotha,150909.431569511478301,0.006318094437305
1092,190,Eisenach – Wartburgkreis – Unstrut-Hainich-Kreis,16068,Sömmerda,56061.167717876436654,0.002347101491426
1093,191,Jena – Sömmerda – Weimarer Land I,15084,Burgenlandkreis,9989.970981688549728,0.000610100716539
1094,191,Jena – Sömmerda – Weimarer Land I,16051,Erfurt,74077.839497321343515,0.004524031455128
1095,191,Jena – Sömmerda – Weimarer Land I,16053,Jena,114787253.062274560332298,7.010209085811561
1096,191,Jena – Sömmerda – Weimarer Land I,16055,Weimar,94628.037503133789869,0.005779059177565
1097,191,Jena – Sömmerda – Weimarer Land I,16064,Unstrut-Hainich-Kreis,82355.474938512837980,0.005029557579595
1098,191,Jena – Sömmerda – Weimarer Land I,16065,Kyffhäuserkreis,144638.009822074847762,0.008833234209885
1099,191,Jena – Sömmerda – Weimarer Land I,16067,Gotha,11006.488327918650612,0.000672180772872
1100,191,Jena – Sömmerda – Weimarer Land I,16068,Sömmerda,806374131.938196182250977,49.246332806742579
1101,191,Jena – Sömmerda – Weimarer Land I,16070,Ilm-Kreis,30825.247114356465318,0.001882538536541
1102,191,Jena – Sömmerda – Weimarer Land I,16071,Weimarer Land,715594950.049285531044006,43.702328322769681
1103,191,Jena – Sömmerda – Weimarer Land I,16073,Saalfeld-Rudolstadt,24423.617151758819091,0.001491582543340
1104,191,Jena – Sömmerda – Weimarer Land I,16074,Saale-Holzland-Kreis,201527.055591442040168,0.012307523339526
1105,192,Gotha – Ilm-Kreis,16051,Erfurt,102019.304898795366171,0.005735570990113
1106,192,Gotha – Ilm-Kreis,16054,Suhl,40142478.665717326104641,2.256828120273202
1107,192,Gotha – Ilm-Kreis,16063,Wartburgkreis,106545.228410185780376,0.005990020435943
1108,192,Gotha – Ilm-Kreis,16064,Unstrut-Hainich-Kreis,117123.379734258196549,0.006584728838667
1109,192,Gotha – Ilm-Kreis,16066,Schmalkalden-Meiningen,58578.133909330608731,0.003293288910747
1110,192,Gotha – Ilm-Kreis,16067,Gotha,935000858.975796103477478,52.566166842564307
1111,192,Gotha – Ilm-Kreis,16068,Sömmerda,57995.438588277356757,0.003260529518955
1112,192,Gotha – Ilm-Kreis,16069,Hildburghausen,121345.909222114918521,0.006822121336679
1113,192,Gotha – Ilm-Kreis,16070,Ilm-Kreis,802738565.599057555198669,45.130321502018148
1114,192,Gotha – Ilm-Kreis,16071,Weimarer Land,81289.726215157832485,0.004570144796972
1115,192,Gotha – Ilm-Kreis,16073,Saalfeld-Rudolstadt,185468.183788178459508,0.010427104316970
1116,193,Erfurt – Weimar – Weimarer Land II,16051,Erfurt,270087193.914876878261566,60.937559366301777
1117,193,Erfurt – Weimar – Weimarer Land II,16055,Weimar,84298011.840318784117699,19.019469329595953
1118,193,Erfurt – Weimar – Weimarer Land II,16067,Gotha,116489.227846746434807,0.026282509490928
1119,193,Erfurt – Weimar – Weimarer Land II,16068,Sömmerda,92133.632563555234810,0.020787356196326
1120,193,Erfurt – Weimar – Weimarer Land II,16070,Ilm-Kreis,14077.419518595135742,0.003176172758154
1121,193,Erfurt – Weimar – Weimarer Land II,16071,Weimarer Land,88611671.643090009689331,19.992725027162450
1122,194,Gera – Greiz – Altenburger Land,14522,Mittelsachsen,90.149779987014867,0.000005746159695
1123,194,Gera – Greiz – Altenburger Land,14523,Vogtlandkreis,141778.734369347017491,0.009036996531052
1124,194,Gera – Greiz – Altenburger Land,14524,Zwickau,50701.336994098368450,0.003231710373022
1125,194,Gera – Greiz – Altenburger Land,14729,Leipzig,29940.418792821030365,0.001908406517892
1126,194,Gera – Greiz – Altenburger Land,15084,Burgenlandkreis,188972.875355730560841,0.012045157735742
1127,194,Gera – Greiz – Altenburger Land,16052,Gera,152279807.801844388246536,9.706336433146024
1128,194,Gera – Greiz – Altenburger Land,16074,Saale-Holzland-Kreis,227128.321293504239293,0.014477191242841
1129,194,Gera – Greiz – Altenburger Land,16075,Saale-Orla-Kreis,112925.266187289176742,0.007197872398438
1130,194,Gera – Greiz – Altenburger Land,16076,Greiz,846214537.630487680435181,53.937834013743327
1131,194,Gera – Greiz – Altenburger Land,16077,Altenburger Land,569624193.848412990570068,36.307926479306460
1132,195,Saalfeld-Rudolstadt – Saale-Holzland-Kreis – Saale-Orla-Kreis,09475,Hof,4652.607158821043413,0.000154901845571
1133,195,Saalfeld-Rudolstadt – Saale-Holzland-Kreis – Saale-Orla-Kreis,09476,Kronach,873.007890281167420,0.000029065538694
1134,195,Saalfeld-Rudolstadt – Saale-Holzland-Kreis – Saale-Orla-Kreis,14523,Vogtlandkreis,11187.471925389972967,0.000372470743684
1135,195,Saalfeld-Rudolstadt – Saale-Holzland-Kreis – Saale-Orla-Kreis,15084,Burgenlandkreis,67015.440669624164002,0.002231182450424
1136,195,Saalfeld-Rudolstadt – Saale-Holzland-Kreis – Saale-Orla-Kreis,16052,Gera,14942.421749423736401,0.000497486382855
1137,195,Saalfeld-Rudolstadt – Saale-Holzland-Kreis – Saale-Orla-Kreis,16053,Jena,124534.764654951999546,0.004146205390718
1138,195,Saalfeld-Rudolstadt – Saale-Holzland-Kreis – Saale-Orla-Kreis,16070,Ilm-Kreis,218177.279533936205553,0.007263897876567
1139,195,Saalfeld-Rudolstadt – Saale-Holzland-Kreis – Saale-Orla-Kreis,16071,Weimarer Land,93434.351915041872417,0.003110762000167
1140,195,Saalfeld-Rudolstadt – Saale-Holzland-Kreis – Saale-Orla-Kreis,16072,Sonneberg,27702260.898418169468641,0.922306825651044
1141,195,Saalfeld-Rudolstadt – Saale-Holzland-Kreis – Saale-Orla-Kreis,16073,Saalfeld-Rudolstadt,1008313162.517212986946106,33.570332601860606
1142,195,Saalfeld-Rudolstadt – Saale-Holzland-Kreis – Saale-Orla-Kreis,16074,Saale-Holzland-Kreis,815137506.150494456291199,27.138827712423275
1143,195,Saalfeld-Rudolstadt – Saale-Holzland-Kreis – Saale-Orla-Kreis,16075,Saale-Orla-Kreis,1151707439.400457620620728,38.344438253874877
1144,195,Saalfeld-Rudolstadt – Saale-Holzland-Kreis – Saale-Orla-Kreis,16076,Greiz,188884.164726298826281,0.006288625864267
1145,196,Suhl – Schmalkalden-Meiningen – Hildburghausen – Sonneberg,06631,Fulda,5524.343271862447182,0.000205899345224
1146,196,Suhl – Schmalkalden-Meiningen – Hildburghausen – Sonneberg,09473,Coburg,17275.150713377937791,0.000643866980290
1147,196,Suhl – Schmalkalden-Meiningen – Hildburghausen – Sonneberg,09476,Kronach,11311.254877355118879,0.000421584948346
1148,196,Suhl – Schmalkalden-Meiningen – Hildburghausen – Sonneberg,09673,Rhön-Grabfeld,33568.490318461692368,0.001251140603798
1149,196,Suhl – Schmalkalden-Meiningen – Hildburghausen – Sonneberg,16054,Suhl,102888312.753588497638702,3.834779119378039
1150,196,Suhl – Schmalkalden-Meiningen – Hildburghausen – Sonneberg,16063,Wartburgkreis,133138.341800588241313,0.004962236423764
1151,196,Suhl – Schmalkalden-Meiningen – Hildburghausen – Sonneberg,16066,Schmalkalden-Meiningen,1209579267.289253950119019,45.082567624004902
1152,196,Suhl – Schmalkalden-Meiningen – Hildburghausen – Sonneberg,16067,Gotha,108403.241477494681021,0.004040327572349
1153,196,Suhl – Schmalkalden-Meiningen – Hildburghausen – Sonneberg,16069,Hildburghausen,937237069.087414979934692,34.932025283096486
1154,196,Suhl – Schmalkalden-Meiningen – Hildburghausen – Sonneberg,16070,Ilm-Kreis,67407.441372279805364,0.002512361625408
1155,196,Suhl – Schmalkalden-Meiningen – Hildburghausen – Sonneberg,16072,Sonneberg,432827730.092899441719055,16.132043545345777
1156,196,Suhl – Schmalkalden-Meiningen – Hildburghausen – Sonneberg,16073,Saalfeld-Rudolstadt,122000.067598134235595,0.004547098686597
1157,197,Neuwied,05374,Oberbergischer Kreis,11360.880997039877911,0.000895807424774
1158,197,Neuwied,05382,Rhein-Sieg-Kreis,15356.591038389989990,0.001210869850233
1159,197,Neuwied,05966,Olpe,1352.943225222235469,0.000106679806502
1160,197,Neuwied,05970,Siegen-Wittgenstein,41198.788139879128721,0.003248531545836
1161,197,Neuwied,07131,Ahrweiler,99313.603317817804054,0.007830894739264
1162,197,Neuwied,07132,Altenkirchen (Westerwald),640737568.662529468536377,50.522267726315818
1163,197,Neuwied,07137,Mayen-Koblenz,84873.647381518021575,0.006692301724821
1164,197,Neuwied,07138,Neuwied,627195231.573224067687988,49.454452112672193
1165,197,Neuwied,07143,Westerwaldkreis,41788.394042885222007,0.003295022072913
1166,198,Ahrweiler,05366,Euskirchen,13737.528575370126418,0.001027916879829
1167,198,Ahrweiler,05382,Rhein-Sieg-Kreis,8364.916607136721723,0.000625908723804
1168,198,Ahrweiler,07131,Ahrweiler,786657187.798731923103333,58.861985075435186
1169,198,Ahrweiler,07135,Cochem-Zell,13197.788051548575822,0.000987530547446
1170,198,Ahrweiler,07137,Mayen-Koblenz,549539851.984644770622253,41.119571609575218
1171,198,Ahrweiler,07138,Neuwied,92159.631320248503471,0.006895886705758
1172,198,Ahrweiler,07233,Vulkaneifel,119025.920255091230501,0.008906169104296
1173,199,Koblenz,06439,Rheingau-Taunus-Kreis,1992.596099729849357,0.000313900130715
1174,199,Koblenz,07111,Koblenz,105889634.669876426458359,16.681137822518341
1175,199,Koblenz,07135,Cochem-Zell,90.605249509145096,0.000014273339021
1176,199,Koblenz,07137,Mayen-Koblenz,266380641.196352452039719,41.963806966568576
1177,199,Koblenz,07138,Neuwied,3302.105104784272953,0.000520191334393
1178,199,Koblenz,07140,Rhein-Hunsrück-Kreis,207483.313523349002935,0.032685519782423
1179,199,Koblenz,07141,Rhein-Lahn-Kreis,262297878.159877002239227,41.320636054510409
1180,199,Koblenz,07143,Westerwaldkreis,5619.881941822558474,0.000885318242055
1181,200,Mosel/Rhein-Hunsrück,07133,Bad Kreuznach,114105.575773735690746,0.004986917626119
1182,200,Mosel/Rhein-Hunsrück,07134,Birkenfeld,85543.830926487265970,0.003738643228960
1183,200,Mosel/Rhein-Hunsrück,07135,Cochem-Zell,692688372.523791909217834,30.273541243912412
1184,200,Mosel/Rhein-Hunsrück,07137,Mayen-Koblenz,41083.631567022355739,0.001795536151650
1185,200,Mosel/Rhein-Hunsrück,07140,Rhein-Hunsrück-Kreis,990393666.711446642875671,43.284577461084488
1186,200,Mosel/Rhein-Hunsrück,07141,Rhein-Lahn-Kreis,9622.319344982648545,0.000420537853828
1187,200,Mosel/Rhein-Hunsrück,07231,Bernkastel-Wittlich,604419511.024487018585205,26.415802143404242
1188,200,Mosel/Rhein-Hunsrück,07233,Vulkaneifel,42132.391994618577883,0.001841371614347
1189,200,Mosel/Rhein-Hunsrück,07235,Trier-Saarburg,191101.982496852928307,0.008352000666379
1190,200,Mosel/Rhein-Hunsrück,07339,Mainz-Bingen,113126.390188101693639,0.004944122891303
1191,201,Kreuznach,07133,Bad Kreuznach,863363886.442794084548950,52.630641458896221
1192,201,Kreuznach,07134,Birkenfeld,776104784.694483280181885,47.311328744691110
1193,201,Kreuznach,07140,Rhein-Hunsrück-Kreis,142785.737365765322465,0.008704215067073
1194,201,Kreuznach,07231,Bernkastel-Wittlich,11989.984909226939635,0.000730909187614
1195,201,Kreuznach,07331,Alzey-Worms,26957.700582909390505,0.001643340769998
1196,201,Kreuznach,07333,Donnersbergkreis,7842.667366504540041,0.000478088811368
1197,201,Kreuznach,07336,Kusel,738039.522332946420647,0.044990871279597
1198,201,Kreuznach,07339,Mainz-Bingen,15096.421263050038760,0.000920277471973
1199,201,Kreuznach,10046,St. Wendel,9221.679040733040893,0.000562153329393
1200,202,Bitburg,05366,Euskirchen,30695.238133942184504,0.000989042464646
1201,202,Bitburg,07131,Ahrweiler,10439.419449904269641,0.000336372342093
1202,202,Bitburg,07135,Cochem-Zell,104689.695792891958263,0.003373244875906
1203,202,Bitburg,07231,Bernkastel-Wittlich,563756876.877032279968262,18.165015972006106
1204,202,Bitburg,07232,Eifelkreis Bitburg-Prüm,1627880605.311645507812500,52.452534787358310
1205,202,Bitburg,07233,Vulkaneifel,911350720.711243152618408,29.364964006336990
1206,202,Bitburg,07235,Trier-Saarburg,395816.738641887903214,0.012753755518242
1207,203,Trier,07211,Trier,115582396.095982164144516,9.469217317416113
1208,203,Trier,07231,Bernkastel-Wittlich,158235.166793508658884,0.012963593351889
1209,203,Trier,07232,Eifelkreis Bitburg-Prüm,129083.117821817082586,0.010575279073202
1210,203,Trier,07235,Trier-Saarburg,1104495318.135063409805298,90.487016593810893
1211,203,Trier,10042,Merzig-Wadern,243292.633516025060089,0.019932021625305
1212,204,Montabaur,05970,Siegen-Wittgenstein,864.977090851388652,0.000057350525032
1213,204,Montabaur,06439,Rheingau-Taunus-Kreis,27913.270415710561792,0.001850731921852
1214,204,Montabaur,06532,Lahn-Dill-Kreis,13.018187007265908,0.000000863144085
1215,204,Montabaur,06533,Limburg-Weilburg,13362.542318561050706,0.000885975855131
1216,204,Montabaur,07132,Altenkirchen (Westerwald),65387.348885701001564,0.004335373536163
1217,204,Montabaur,07137,Mayen-Koblenz,187.477086486612194,0.000012430282207
1218,204,Montabaur,07138,Neuwied,20901.887762056576321,0.001385856631347
1219,204,Montabaur,07141,Rhein-Lahn-Kreis,518602500.422374427318573,34.384870994685507
1220,204,Montabaur,07143,Westerwaldkreis,989497590.580395817756653,65.606600380731862
1221,205,Mainz,06414,Wiesbaden,2014.248689137024485,0.000431690111371
1222,205,Mainz,06439,Rheingau-Taunus-Kreis,41276.631538741065015,0.008846332512011
1223,205,Mainz,07133,Bad Kreuznach,75164.204068419450778,0.016109055351713
1224,205,Mainz,07140,Rhein-Hunsrück-Kreis,37655.833855906064855,0.008070329745627
1225,205,Mainz,07141,Rhein-Lahn-Kreis,2.485434095628710,0.000000532673710
1226,205,Mainz,07315,Mainz,97545677.674191832542419,20.905812021152805
1227,205,Mainz,07331,Alzey-Worms,18204.718157098930533,0.003901602047008
1228,205,Mainz,07339,Mainz-Bingen,368875979.656230568885803,79.056828284786761
1229,206,Worms,07133,Bad Kreuznach,753.698771915822022,0.000080838164478
1230,206,Worms,07315,Mainz,8159.548820654265910,0.000875154603149
1231,206,Worms,07319,Worms,108655800.461742460727692,11.653907099890343
1232,206,Worms,07331,Alzey-Worms,587544760.644312739372253,63.017271314355781
1233,206,Worms,07332,Bad Dürkheim,141.370937218640165,0.000015162777891
1234,206,Worms,07333,Donnersbergkreis,77623.633085632958682,0.008325543642325
1235,206,Worms,07338,Rhein-Pfalz-Kreis,10154.977709478938777,0.001089174865261
1236,206,Worms,07339,Mainz-Bingen,236057734.345573008060455,25.318435781461325
1237,207,Ludwigshafen/Frankenthal,07311,Frankenthal (Pfalz),43744938.605862252414227,13.905452081965322
1238,207,Ludwigshafen/Frankenthal,07314,Ludwigshafen am Rhein,77933716.387856021523476,24.773233049081949
1239,207,Ludwigshafen/Frankenthal,07319,Worms,2822.100348301962185,0.000897077065701
1240,207,Ludwigshafen/Frankenthal,07332,Bad Dürkheim,28367.608748862567154,0.009017372905500
1241,207,Ludwigshafen/Frankenthal,07338,Rhein-Pfalz-Kreis,192872334.938452363014221,61.309424516234301
1242,207,Ludwigshafen/Frankenthal,08222,Mannheim,6216.103759642303885,0.001975948206146
1243,208,Neustadt – Speyer,07316,Neustadt an der Weinstraße,117091135.498962327837944,13.538010302875286
1244,208,Neustadt – Speyer,07318,Speyer,42868260.081766225397587,4.956403780527277
1245,208,Neustadt – Speyer,07332,Bad Dürkheim,593324151.347744107246399,68.599799973429072
1246,208,Neustadt – Speyer,07333,Donnersbergkreis,225317.230320620583370,0.026051049658861
1247,208,Neustadt – Speyer,07334,Germersheim,5054.573241800929281,0.000584406875316
1248,208,Neustadt – Speyer,07335,Kaiserslautern,8804.229768624911230,0.001017940024312
1249,208,Neustadt – Speyer,07337,Südliche Weinstraße,155795.754348173621111,0.018013016258848
1250,208,Neustadt – Speyer,07338,Rhein-Pfalz-Kreis,111217781.995061919093132,12.858936520650865
1251,208,Neustadt – Speyer,08226,Rhein-Neckar-Kreis,10231.812782616445475,0.001182996358161
1252,209,Kaiserslautern,07133,Bad Kreuznach,83976.844890479740570,0.004953924125474
1253,209,Kaiserslautern,07134,Birkenfeld,71928.606912496165023,0.004243179909417
1254,209,Kaiserslautern,07312,Kaiserslautern,139980148.148501545190811,8.257645710607981
1255,209,Kaiserslautern,07331,Alzey-Worms,115240.138990410952829,0.006798194258335
1256,209,Kaiserslautern,07332,Bad Dürkheim,206605.885141956649022,0.012188001111550
1257,209,Kaiserslautern,07333,Donnersbergkreis,643873092.293210387229919,37.983070807371782
1258,209,Kaiserslautern,07335,Kaiserslautern,338161762.397398233413696,19.948686036466405
1259,209,Kaiserslautern,07336,Kusel,572651304.110303401947021,33.781587229382673
1260,209,Kaiserslautern,10045,Saarpfalz-Kreis,5661.558244127744729,0.000333984088232
1261,209,Kaiserslautern,10046,St. Wendel,8354.869384140645707,0.000492866683206
1262,210,Pirmasens,07312,Kaiserslautern,261998.677536527306074,0.018871073769261
1263,210,Pirmasens,07313,Landau in der Pfalz,7418.706157074693692,0.000534349839011
1264,210,Pirmasens,07317,Pirmasens,61558634.477034591138363,4.433906091717421
1265,210,Pirmasens,07320,Zweibrücken,70768694.834203258156776,5.097282449391013
1266,210,Pirmasens,07332,Bad Dürkheim,2185.584080024420018,0.000157421857205
1267,210,Pirmasens,07335,Kaiserslautern,302055410.649746239185333,21.756254613083698
1268,210,Pirmasens,07336,Kusel,85179.306476740952348,0.006135240800645
1269,210,Pirmasens,07337,Südliche Weinstraße,245341.731432609289186,0.017671317871051
1270,210,Pirmasens,07340,Südwestpfalz,953369983.640000581741333,68.668725582256727
1271,210,Pirmasens,10045,Saarpfalz-Kreis,6413.738345975446464,0.000461964657996
1272,211,Südpfalz,07313,Landau in der Pfalz,82921524.004983425140381,6.997632298072983
1273,211,Südpfalz,07316,Neustadt an der Weinstraße,27420.387503638361522,0.002313968436104
1274,211,Südpfalz,07332,Bad Dürkheim,1275.004953554917392,0.000107595898053
1275,211,Südpfalz,07334,Germersheim,462943785.076577067375183,39.067183358199316
1276,211,Südpfalz,07337,Südliche Weinstraße,638846845.613307833671570,53.911398446042355
1277,211,Südpfalz,07338,Rhein-Pfalz-Kreis,24092.352805324149813,0.002033120207933
1278,211,Südpfalz,07340,Südwestpfalz,211561.992359566560481,0.017853422842192
1279,211,Südpfalz,08215,Karlsruhe,15652.571735219649781,0.001320898799637
1280,211,Südpfalz,08216,Rastatt,1859.268822737518349,0.000156901114890
1281,212,Altötting,09171,Altötting,569948717.940016388893127,41.428123609521208
1282,212,Altötting,09177,Erding,9727.823449807621728,0.000707090760353
1283,212,Altötting,09183,Mühldorf a. Inn,805574478.409081101417542,58.555161223679306
1284,212,Altötting,09187,Rosenheim,193361.640122860990232,0.014054966133274
1285,212,Altötting,09189,Traunstein,11544.227037703167298,0.000839120520216
1286,212,Altötting,09274,Landshut,265.374511670717311,0.000019289398724
1287,212,Altötting,09277,Rottal-Inn,12092.512963247127118,0.000878974030509
1288,213,Erding – Ebersberg,09175,Ebersberg,549967995.162386417388916,38.699526468087029
1289,213,Erding – Ebersberg,09177,Erding,871058603.118407487869263,61.293667564568864
1290,213,Erding – Ebersberg,09178,Freising,4203.356382817254598,0.000295777032523
1291,213,Erding – Ebersberg,09183,Mühldorf a. Inn,35297.055243109127332,0.002483743300777
1292,213,Erding – Ebersberg,09184,München,10205.843315745292784,0.000718153250736
1293,213,Erding – Ebersberg,09187,Rosenheim,43458.996095426213287,0.003058073532397
1294,213,Erding – Ebersberg,09274,Landshut,3555.989828334310005,0.000250223874284
1295,214,Freising,09161,Ingolstadt,281.378210862037918,0.000015624539956
1296,214,Freising,09174,Dachau,118.234878196892737,0.000006565418029
1297,214,Freising,09176,Eichstätt,285648.705556207045447,0.015861674575489
1298,214,Freising,09177,Erding,37049.809634708632075,0.002057324301069
1299,214,Freising,09178,Freising,798557401.250140309333801,44.342779722435871
1300,214,Freising,09184,München,5102.031454474396924,0.000283308697119
1301,214,Freising,09185,Neuburg-Schrobenhausen,241275946.449079424142838,13.397717094556679
1302,214,Freising,09186,Pfaffenhofen a.d. Ilm,760500554.472282886505127,42.229536052088349
1303,214,Freising,09273,Kelheim,172701.079551724687917,0.009589850293041
1304,214,Freising,09274,Landshut,23122.432931925701268,0.001283956480200
1305,214,Freising,09771,Aichach-Friedberg,15647.230336400562010,0.000868868896572
1306,215,Fürstenfeldbruck,09162,München,792.474208566517973,0.000079846169227
1307,215,Fürstenfeldbruck,09174,Dachau,579482029.241075634956360,58.386026536116177
1308,215,Fürstenfeldbruck,09179,Fürstenfeldbruck,412986315.753440141677856,41.610660510408842
1309,215,Fürstenfeldbruck,09181,Landsberg am Lech,11796.094931048388389,0.001188521950489
1310,215,Fürstenfeldbruck,09184,München,359.050158877227091,0.000036176293735
1311,215,Fürstenfeldbruck,09186,Pfaffenhofen a.d. Ilm,12.973124735639544,0.000001307114228
1312,215,Fürstenfeldbruck,09771,Aichach-Friedberg,19920.166506367466354,0.002007067193728
1313,216,Ingolstadt,09161,Ingolstadt,133458565.013473361730576,7.227764247181782
1314,216,Ingolstadt,09176,Eichstätt,1213920365.220162153244019,65.742728567314984
1315,216,Ingolstadt,09185,Neuburg-Schrobenhausen,498606440.081379950046539,27.003211076568668
1316,216,Ingolstadt,09186,Pfaffenhofen a.d. Ilm,226901.169796439266065,0.012288369521528
1317,216,Ingolstadt,09273,Kelheim,114409.332559421614860,0.006196108008006
1318,216,Ingolstadt,09373,Neumarkt i.d. OPf.,20581.215916805565939,0.001114624427080
1319,216,Ingolstadt,09576,Roth,25242.110676153854001,0.001367046206814
1320,216,Ingolstadt,09577,Weißenburg-Gunzenhausen,24159.918552826657105,0.001308437532753
1321,216,Ingolstadt,09771,Aichach-Friedberg,35185.475906719882914,0.001905552669122
1322,216,Ingolstadt,09779,Donau-Ries,39069.834636593986943,0.002115919303502
1323,217,München-Nord,09162,München,88031145.981619313359261,99.990912997985703
1324,217,München-Nord,09174,Dachau,5507.834534481518858,0.006256119894879
1325,217,München-Nord,09184,München,2491.573314489809036,0.002830074375827
1326,218,München-Ost,09162,München,79577085.815286949276924,99.975098771072908
1327,218,München-Ost,09184,München,19820.300641975714825,0.024900842925480
1328,219,München-Süd,09162,München,52834441.778338134288788,99.915430367179937
1329,219,München-Süd,09184,München,44720.239146293752128,0.084570628363431
1330,220,München-West/Mitte,09162,München,90929196.709407895803452,99.997251233533717
1331,220,München-West/Mitte,09179,Fürstenfeldbruck,2499.710985641350817,0.002748998522897
1332,221,München-Land,09162,München,57393.982919926485920,0.008642798562716
1333,221,München-Land,09173,Bad Tölz-Wolfratshausen,848.330505226991022,0.000127747706262
1334,221,München-Land,09174,Dachau,722.923338069790589,0.000108862993459
1335,221,München-Land,09175,Ebersberg,11402.910971398923721,0.001717132311446
1336,221,München-Land,09178,Freising,42830.104524998794659,0.006449665051929
1337,221,München-Land,09179,Fürstenfeldbruck,3777.351274293774622,0.000568820710873
1338,221,München-Land,09182,Miesbach,23604.967114376944664,0.003554605648012
1339,221,München-Land,09184,München,663898145.109626531600952,99.974555561838926
1340,221,München-Land,09187,Rosenheim,17483.462940802164667,0.002632785541071
1341,221,München-Land,09188,Starnberg,10904.376257537931451,0.001642059370186
1342,222,Rosenheim,09163,Rosenheim,36746504.434702128171921,2.486090517571663
1343,222,Rosenheim,09175,Ebersberg,49339.149279637400468,0.003338047878462
1344,222,Rosenheim,09182,Miesbach,19375.185752636720281,0.001310831229169
1345,222,Rosenheim,09183,Mühldorf a. Inn,27418.717822880622407,0.001855017652211
1346,222,Rosenheim,09184,München,15846.324723844078108,0.001072085583115
1347,222,Rosenheim,09187,Rosenheim,1441150618.620103836059570,97.501271004174072
1348,222,Rosenheim,09189,Traunstein,74828.076883651243406,0.005062505270920
1349,223,Bad Tölz-Wolfratshausen – Miesbach,09173,Bad Tölz-Wolfratshausen,1111694928.866591215133667,56.179208188702745
1350,223,Bad Tölz-Wolfratshausen – Miesbach,09180,Garmisch-Partenkirchen,24969.830658442624554,0.001261843765382
1351,223,Bad Tölz-Wolfratshausen – Miesbach,09182,Miesbach,866966494.514980912208557,43.811921709172275
1352,223,Bad Tölz-Wolfratshausen – Miesbach,09184,München,95239.098358284783899,0.004812882559273
1353,223,Bad Tölz-Wolfratshausen – Miesbach,09187,Rosenheim,22382.325731563709269,0.001131084890621
1354,223,Bad Tölz-Wolfratshausen – Miesbach,09188,Starnberg,3857.820172285420540,0.000194953918549
1355,223,Bad Tölz-Wolfratshausen – Miesbach,09190,Weilheim-Schongau,28799.947274524562090,0.001455397692071
1356,224,Starnberg – Landsberg am Lech,09173,Bad Tölz-Wolfratshausen,1341.915489483924375,0.000102295180445
1357,224,Starnberg – Landsberg am Lech,09179,Fürstenfeldbruck,21596049.750220086425543,1.646282365327289
1358,224,Starnberg – Landsberg am Lech,09181,Landsberg am Lech,803285596.320552110671997,61.235037279466518
1359,224,Starnberg – Landsberg am Lech,09184,München,16473.000760983755754,0.001255748665635
1360,224,Starnberg – Landsberg am Lech,09188,Starnberg,486782288.206302046775818,37.107763044467625
1361,224,Starnberg – Landsberg am Lech,09190,Weilheim-Schongau,91053.060012398826075,0.006941040085628
1362,224,Starnberg – Landsberg am Lech,09772,Augsburg,12967.743724053065307,0.000988540407061
1363,224,Starnberg – Landsberg am Lech,09777,Ostallgäu,21378.264855727422400,0.001629680466583
1364,225,Traunstein,09171,Altötting,7116.686264643531104,0.000299610043679
1365,225,Traunstein,09172,Berchtesgadener Land,840896074.576513290405273,35.401435480584588
1366,225,Traunstein,09187,Rosenheim,37537.189805741712917,0.001580302778437
1367,225,Traunstein,09189,Traunstein,1534374444.988979816436768,64.596636325946662
1368,226,Weilheim,09173,Bad Tölz-Wolfratshausen,46512.498123257966654,0.002350679914245
1369,226,Weilheim,09180,Garmisch-Partenkirchen,1011525720.077369809150696,51.121167188802971
1370,226,Weilheim,09181,Landsberg am Lech,53912.590888401537086,0.002724670779678
1371,226,Weilheim,09190,Weilheim-Schongau,966979708.421475648880005,48.869870890295459
1372,226,Weilheim,09777,Ostallgäu,76902.280785703929723,0.003886539190467
1373,227,Deggendorf,09271,Deggendorf,861907103.456819415092468,44.326450677049081
1374,227,Deggendorf,09272,Freyung-Grafenau,985344355.571786999702454,50.674623520317333
1375,227,Deggendorf,09275,Passau,96807489.524437978863716,4.978648386077405
1376,227,Deggendorf,09276,Regen,159696.124142233864404,0.008212906404549
1377,227,Deggendorf,09277,Rottal-Inn,23136.369835603472893,0.001189865070436
1378,227,Deggendorf,09278,Straubing-Bogen,87005.357108895128476,0.004474540997584
1379,227,Deggendorf,09279,Dingolfing-Landau,124407.624789607594721,0.006398077498107
1380,228,Landshut,09176,Eichstätt,24982.877283284404257,0.001057631741916
1381,228,Landshut,09177,Erding,84311.571209823203390,0.003569268379747
1382,228,Landshut,09178,Freising,52983.130785548288259,0.002243001887632
1383,228,Landshut,09183,Mühldorf a. Inn,150.989194894489145,0.000006392016556
1384,228,Landshut,09186,Pfaffenhofen a.d. Ilm,213395.592509015288670,0.009033945516498
1385,228,Landshut,09261,Landshut,66209288.172127008438110,2.802921536478394
1386,228,Landshut,09273,Kelheim,1064559600.497176885604858,45.067348003214661
1387,228,Landshut,09274,Landshut,1230844092.769567966461182,52.106879728143738
1388,228,Landshut,09277,Rottal-Inn,3110.684795709819809,0.000131688553794
1389,228,Landshut,09278,Straubing-Bogen,21674.261270269078523,0.000917563915561
1390,228,Landshut,09279,Dingolfing-Landau,47012.465785146807320,0.001990238174583
1391,228,Landshut,09373,Neumarkt i.d. OPf.,901.697203199244541,0.000038172688153
1392,228,Landshut,09375,Regensburg,91247.364519144655787,0.003862890090174
1393,229,Passau,09262,Passau,70233936.802240148186684,4.661299651654639
1394,229,Passau,09271,Deggendorf,29069.938989304388087,0.001929319395352
1395,229,Passau,09272,Freyung-Grafenau,261251.809941493411316,0.017338811208937
1396,229,Passau,09275,Passau,1435996816.457840681076050,95.304517518069815
1397,229,Passau,09277,Rottal-Inn,224727.709723643376492,0.014914772583538
1398,230,Rottal-Inn,09171,Altötting,1276.372772655586687,0.000056027823226
1399,230,Rottal-Inn,09183,Mühldorf a. Inn,13981.483324502125470,0.000613732988459
1400,230,Rottal-Inn,09271,Deggendorf,224028.694845592312049,0.009833992373836
1401,230,Rottal-Inn,09274,Landshut,117312473.809914976358414,5.149563423549897
1402,230,Rottal-Inn,09275,Passau,126440.074882921151584,0.005550229773033
1403,230,Rottal-Inn,09277,Rottal-Inn,1282328742.341779470443726,56.289267237086108
1404,230,Rottal-Inn,09278,Straubing-Bogen,41460.711383197536634,0.001819964714061
1405,230,Rottal-Inn,09279,Dingolfing-Landau,878056828.628434181213379,38.543295368825895
1406,231,Straubing,09263,Straubing,67701427.207408770918846,3.014347690101024
1407,231,Straubing,09271,Deggendorf,196432.680998636467848,0.008745995803229
1408,231,Straubing,09272,Freyung-Grafenau,37386.013003895764996,0.001664580003537
1409,231,Straubing,09274,Landshut,25532.965048109868803,0.001136833260227
1410,231,Straubing,09276,Regen,975992317.143370270729065,43.455216648896794
1411,231,Straubing,09278,Straubing-Bogen,1201811528.113233089447021,53.509622368913156
1412,231,Straubing,09279,Dingolfing-Landau,36588.945181497525482,0.001629091245790
1413,231,Straubing,09372,Cham,120733.944498430952081,0.005375574810272
1414,231,Straubing,09375,Regensburg,50786.588400242057105,0.002261229072223
1415,232,Amberg,09176,Eichstätt,26768.426675917267858,0.001009971184353
1416,232,Amberg,09273,Kelheim,875.852490027109297,0.000033045863598
1417,232,Amberg,09361,Amberg,50422570.103057578206062,1.902440642539388
1418,232,Amberg,09371,Amberg-Sulzbach,1255248146.130573272705078,47.360439675926308
1419,232,Amberg,09373,Neumarkt i.d. OPf.,1344554439.451813697814941,50.729960937964655
1420,232,Amberg,09374,Neustadt a.d. Waldnaab,14844.036594506244001,0.000560064638891
1421,232,Amberg,09375,Regensburg,23419.751909651309688,0.000883625879840
1422,232,Amberg,09376,Schwandorf,82668.890460217036889,0.003119092437448
1423,232,Amberg,09472,Bayreuth,2756.620648887277184,0.000104007137038
1424,232,Amberg,09574,Nürnberger Land,30206.108977351192152,0.001139674738000
1425,232,Amberg,09576,Roth,8196.831709072428566,0.000309265984489
1426,233,Regensburg,09273,Kelheim,235866.443445096956566,0.016005801990593
1427,233,Regensburg,09278,Straubing-Bogen,64142.503644695425464,0.004352684500272
1428,233,Regensburg,09362,Regensburg,79741703.427083611488342,5.411239923764583
1429,233,Regensburg,09372,Cham,77452.171035538704018,0.005255873176486
1430,233,Regensburg,09373,Neumarkt i.d. OPf.,19634.680777517383831,0.001332401540818
1431,233,Regensburg,09375,Regensburg,1393327494.023095130920410,94.550643371080270
1432,233,Regensburg,09376,Schwandorf,164604.001110888057156,0.011169961314372
1433,234,Schwandorf,09276,Regen,51392.320811445519212,0.001720178721286
1434,234,Schwandorf,09278,Straubing-Bogen,23649.123803669343033,0.000791571948918
1435,234,Schwandorf,09371,Amberg-Sulzbach,76386.873996247479226,0.002556784226888
1436,234,Schwandorf,09372,Cham,1528259377.863105297088623,51.153153251251446
1437,234,Schwandorf,09373,Neumarkt i.d. OPf.,2831.903725017764373,0.000094788101638
1438,234,Schwandorf,09374,Neustadt a.d. Waldnaab,12225.695622692341203,0.000409212526911
1439,234,Schwandorf,09375,Regensburg,215939.244810998090543,0.007227813185888
1440,234,Schwandorf,09376,Schwandorf,1458973374.804870128631592,48.834045916500280
1441,235,Weiden,09363,Weiden i.d. OPf.,70602848.643112555146217,2.731838620665524
1442,235,Weiden,09371,Amberg-Sulzbach,30112.402749304972531,0.001165140307687
1443,235,Weiden,09374,Neustadt a.d. Waldnaab,1428724102.372304201126099,55.281674268777458
1444,235,Weiden,09376,Schwandorf,11992.783426152524044,0.000464037210431
1445,235,Weiden,09377,Tirschenreuth,1085052397.429087877273560,41.983972342618245
1446,235,Weiden,09472,Bayreuth,4433.423868714498894,0.000171542632898
1447,235,Weiden,09479,Wunsiedel i. Fichtelgebirge,18454.372777973032498,0.000714055725001
1448,236,Bamberg,09461,Bamberg,54953909.988450475037098,5.482428417832982
1449,236,Bamberg,09471,Bamberg,611940683.234494924545288,61.049723167978783
1450,236,Bamberg,09474,Forchheim,335422943.232251524925232,33.463174437563382
1451,236,Bamberg,09572,Erlangen-Höchstadt,41739.583105119090760,0.004164112737603
1452,236,Bamberg,09575,Neustadt a.d. Aisch-Bad Windsheim,330.272517109992009,0.000032949346713
1453,236,Bamberg,09674,Haßberge,1519.663921280631257,0.000151607932344
1454,236,Bamberg,09675,Kitzingen,3263.301636234796661,0.000325560412903
1455,237,Bayreuth,09371,Amberg-Sulzbach,24937.059135071998753,0.001513205809769
1456,237,Bayreuth,09374,Neustadt a.d. Waldnaab,70196.455422185681527,0.004259591461635
1457,237,Bayreuth,09377,Tirschenreuth,2836.793346992683837,0.000172139471240
1458,237,Bayreuth,09462,Bayreuth,67011659.174958214163780,4.066334824670044
1459,237,Bayreuth,09471,Bamberg,21041.712308665551973,0.001276832249565
1460,237,Bayreuth,09472,Bayreuth,1273430165.063083410263062,77.273022198447407
1461,237,Bayreuth,09474,Forchheim,307300638.743410050868988,18.647311592497303
1462,237,Bayreuth,09475,Hof,2201.665700247689529,0.000133599287339
1463,237,Bayreuth,09477,Kulmbach,68072.231854708763422,0.004130691440740
1464,237,Bayreuth,09478,Lichtenfels,6167.308445910657611,0.000374238474571
1465,237,Bayreuth,09479,Wunsiedel i. Fichtelgebirge,24242.380067305977718,0.001471051985793
1466,238,Coburg,09463,Coburg,48004022.767621539533138,3.674540138029364
1467,238,Coburg,09473,Coburg,590741868.908717751502991,45.219225043441419
1468,238,Coburg,09475,Hof,16121609.199249895289540,1.234052828843834
1469,238,Coburg,09476,Kronach,651315865.838031411170959,49.855952763430764
1470,238,Coburg,09477,Kulmbach,55563.551474901381880,0.004253195635173
1471,238,Coburg,09478,Lichtenfels,71725.472866736454307,0.005490334221442
1472,238,Coburg,09674,Haßberge,28790.612925484023435,0.002203820777798
1473,238,Coburg,16069,Hildburghausen,4094.389459083292422,0.000313411200577
1474,238,Coburg,16072,Sonneberg,51142.818119352130452,0.003914803950102
1475,238,Coburg,16073,Saalfeld-Rudolstadt,699.621057159922429,0.000053553546302
1476,239,Hof,09377,Tirschenreuth,26288.571569909290702,0.001704621185605
1477,239,Hof,09464,Hof,58200192.048129402101040,3.773855879072989
1478,239,Hof,09472,Bayreuth,26715.325343769909523,0.001732293039971
1479,239,Hof,09475,Hof,877519633.308588147163391,56.900716486038249
1480,239,Hof,09476,Kronach,473.922064575420791,0.000030730372301
1481,239,Hof,09477,Kulmbach,44174.335891356640786,0.002864381909082
1482,239,Hof,09479,Wunsiedel i. Fichtelgebirge,606370132.908291578292847,39.318658761088663
1483,239,Hof,14523,Vogtlandkreis,1423.939182834679741,0.000092332019319
1484,239,Hof,16075,Saale-Orla-Kreis,5308.817261134038745,0.000344237888687
1485,240,Kulmbach,09461,Bamberg,3792.761699818569468,0.000218946602060
1486,240,Kulmbach,09471,Bamberg,554535220.668477177619934,32.011924791824619
1487,240,Kulmbach,09472,Bayreuth,132075.740561900340253,0.007624400608126
1488,240,Kulmbach,09473,Coburg,31499.706578542183706,0.001818398904837
1489,240,Kulmbach,09474,Forchheim,13619.168639225899824,0.000786200381791
1490,240,Kulmbach,09475,Hof,159205.930481440125732,0.009190558296443
1491,240,Kulmbach,09476,Kronach,74799.034291180738364,0.004317960286353
1492,240,Kulmbach,09477,Kulmbach,657818834.986772894859314,37.974228303943185
1493,240,Kulmbach,09478,Lichtenfels,519474299.387115776538849,29.987945911208090
1494,240,Kulmbach,09674,Haßberge,33683.605347066026297,0.001944469892801
1495,241,Ansbach,08127,Schwäbisch Hall,69458.897076293666032,0.002283580874458
1496,241,Ansbach,08128,Main-Tauber-Kreis,3506.797088498892663,0.000115291994244
1497,241,Ansbach,08136,Ostalbkreis,16675.937744774211751,0.000548250175291
1498,241,Ansbach,09176,Eichstätt,13809.997242924564489,0.000454027445118
1499,241,Ansbach,09561,Ansbach,99800731.917953208088875,3.281120954374365
1500,241,Ansbach,09571,Ansbach,1971526998.075336217880249,64.817345736680878
1501,241,Ansbach,09573,Fürth,49276.475888880057028,0.001620049016571
1502,241,Ansbach,09575,Neustadt a.d. Aisch-Bad Windsheim,197622.653136269742390,0.006497185098778
1503,241,Ansbach,09576,Roth,122253.069234142356436,0.004019280214603
1504,241,Ansbach,09577,Weißenburg-Gunzenhausen,969799100.970061063766479,31.883815785461913
1505,241,Ansbach,09779,Donau-Ries,66304.902664343229844,0.002179887875858
1506,242,Erlangen,09471,Bamberg,18247.059098547942995,0.002840534432793
1507,242,Erlangen,09474,Forchheim,58128.130993976381433,0.009048853117128
1508,242,Erlangen,09562,Erlangen,78006196.873527511954308,12.143287693310373
1509,242,Erlangen,09564,Nürnberg,54374.516833237619721,0.008464524967949
1510,242,Erlangen,09572,Erlangen-Höchstadt,564152976.230255246162415,87.822149623681355
1511,242,Erlangen,09573,Fürth,29675.925084593382053,0.004619675234925
1512,242,Erlangen,09574,Nürnberger Land,43019.163430674532719,0.006696827929083
1513,242,Erlangen,09575,Neustadt a.d. Aisch-Bad Windsheim,18579.027646974253003,0.002892212244945
1514,243,Fürth,08128,Main-Tauber-Kreis,1071.429327484661599,0.000065432458273
1515,243,Fürth,09471,Bamberg,5987.678397053015942,0.000365669024374
1516,243,Fürth,09563,Fürth,63332890.020393528044224,3.867755508707682
1517,243,Fürth,09564,Nürnberg,77618.736324145866092,0.004740195732422
1518,243,Fürth,09571,Ansbach,99089.357169172450085,0.006051411942862
1519,243,Fürth,09572,Erlangen-Höchstadt,30625.513417330916127,0.001870307800398
1520,243,Fürth,09573,Fürth,306829408.674559295177460,18.738149092081706
1521,243,Fürth,09575,Neustadt a.d. Aisch-Bad Windsheim,1266964345.766251802444458,77.373830976222933
1522,243,Fürth,09576,Roth,37459.373987858394685,0.002287653382747
1523,243,Fürth,09675,Kitzingen,70848.447797883738531,0.004326732510792
1524,243,Fürth,09679,Würzburg,9120.320427440427011,0.000556980260384
1525,244,Nürnberg-Nord,09563,Fürth,236.305985868066273,0.000280620876982
1526,244,Nürnberg-Nord,09564,Nürnberg,84159018.382599696516991,99.941512093884754
1527,244,Nürnberg-Nord,09572,Erlangen-Höchstadt,46894.424021255137632,0.055688620608068
1528,244,Nürnberg-Nord,09574,Nürnberger Land,2120.635877265750878,0.002518322578467
1529,245,Nürnberg-Süd,09563,Fürth,690.042716281174307,0.000478862149004
1530,245,Nürnberg-Süd,09564,Nürnberg,103280440.060161292552948,71.672509991592690
1531,245,Nürnberg-Süd,09565,Schwabach,40692307.410886548459530,28.238839878962974
1532,245,Nürnberg-Süd,09573,Fürth,24548.282783342292532,0.017035530077531
1533,245,Nürnberg-Süd,09574,Nürnberger Land,49791.526618534015142,0.034553335432970
1534,245,Nürnberg-Süd,09576,Roth,52716.188640331572969,0.036582934337247
1535,246,Roth,09176,Eichstätt,5527.036439371199776,0.000326546998360
1536,246,Roth,09371,Amberg-Sulzbach,4527.163301061560560,0.000267472741181
1537,246,Roth,09373,Neumarkt i.d. OPf.,25586.294018603555742,0.001511683087777
1538,246,Roth,09472,Bayreuth,27494.083230965406983,0.001624398617633
1539,246,Roth,09474,Forchheim,88.656308358324168,0.000005237970058
1540,246,Roth,09564,Nürnberg,70003.720964816195192,0.004135942508399
1541,246,Roth,09565,Schwabach,121995.738170749187702,0.007207721995200
1542,246,Roth,09571,Ansbach,17193.820298117938364,0.001015841033486
1543,246,Roth,09572,Erlangen-Höchstadt,4780.951717334790374,0.000282467005551
1544,246,Roth,09573,Fürth,61787.564237476617564,0.003650517571040
1545,246,Roth,09574,Nürnberger Land,797445685.268106341362000,47.114488521224821
1546,246,Roth,09576,Roth,894742350.351704716682434,52.862945996035101
1547,246,Roth,09577,Weißenburg-Gunzenhausen,42950.768972985082655,0.002537606697408
1548,247,Aschaffenburg,06432,Darmstadt-Dieburg,18505.642270384742005,0.002433196393083
1549,247,Aschaffenburg,06435,Main-Kinzig-Kreis,117491.960788695767405,0.015448316304308
1550,247,Aschaffenburg,06438,Offenbach,5195.766746459667047,0.000683160342239
1551,247,Aschaffenburg,09661,Aschaffenburg,61894103.319067351520061,8.138086036065955
1552,247,Aschaffenburg,09671,Aschaffenburg,698198699.563500523567200,91.801977613701240
1553,247,Aschaffenburg,09676,Miltenberg,207604.363972824241500,0.027296658080078
1554,247,Aschaffenburg,09677,Main-Spessart,107046.714169050203054,0.014074933201553
1555,248,Bad Kissingen,06435,Main-Kinzig-Kreis,7901.939060090729981,0.000253758533333
1556,248,Bad Kissingen,06631,Fulda,9580.507845589505450,0.000307663169886
1557,248,Bad Kissingen,09471,Bamberg,9083.101781185107029,0.000291689744577
1558,248,Bad Kissingen,09473,Coburg,33302.478545535966987,0.001069457515148
1559,248,Bad Kissingen,09672,Bad Kissingen,1136540690.975877523422241,36.498243864139759
1560,248,Bad Kissingen,09673,Rhön-Grabfeld,1020971263.987335443496704,32.786910725820803
1561,248,Bad Kissingen,09674,Haßberge,955925662.083090543746948,30.698071972012141
1562,248,Bad Kissingen,09677,Main-Spessart,92752.433458167157369,0.002978600733109
1563,248,Bad Kissingen,09678,Schweinfurt,327861.547599208774045,0.010528765765241
1564,248,Bad Kissingen,16066,Schmalkalden-Meiningen,30814.267645457992330,0.000989552476166
1565,248,Bad Kissingen,16069,Hildburghausen,11020.562879799588700,0.000353908306760
1566,249,Main-Spessart,06435,Main-Kinzig-Kreis,39153.281864487136772,0.001923607833453
1567,249,Main-Spessart,06437,Odenwaldkreis,39589.785867887519998,0.001945053354244
1568,249,Main-Spessart,08128,Main-Tauber-Kreis,34891.619965886296995,0.001714231612066
1569,249,Main-Spessart,08225,Neckar-Odenwald-Kreis,4512.751474781261095,0.000221712297768
1570,249,Main-Spessart,09661,Aschaffenburg,456.902515714427864,0.000022447703398
1571,249,Main-Spessart,09671,Aschaffenburg,135643.467744313500589,0.006664188151909
1572,249,Main-Spessart,09672,Bad Kissingen,26738.857152473003225,0.001313684897580
1573,249,Main-Spessart,09676,Miltenberg,714434514.822333693504333,35.100297184738473
1574,249,Main-Spessart,09677,Main-Spessart,1320544620.574613094329834,64.878596521058853
1575,249,Main-Spessart,09678,Schweinfurt,42309.927730877687281,0.002078694416923
1576,249,Main-Spessart,09679,Würzburg,106302.875663539627567,0.005222679545809
1577,250,Schweinfurt,09471,Bamberg,14620.592403715283581,0.000937270099785
1578,250,Schweinfurt,09575,Neustadt a.d. Aisch-Bad Windsheim,103068.467329306484316,0.006607324107735
1579,250,Schweinfurt,09662,Schweinfurt,35679386.156615465879440,2.287268593493174
1580,250,Schweinfurt,09672,Bad Kissingen,253522.110539367393358,0.016252330089073
1581,250,Schweinfurt,09673,Rhön-Grabfeld,6067.471353748665024,0.000388962315899
1582,250,Schweinfurt,09674,Haßberge,67261.851569418417057,0.004311899312382
1583,250,Schweinfurt,09675,Kitzingen,683117396.832352995872498,43.792036123742278
1584,250,Schweinfurt,09677,Main-Spessart,42957.193687704573676,0.002753820919317
1585,250,Schweinfurt,09678,Schweinfurt,840382605.224423646926880,53.873705422238530
1586,250,Schweinfurt,09679,Würzburg,245503.938620660977904,0.015738315842124
1587,251,Würzburg,08128,Main-Tauber-Kreis,90278.154527159247664,0.008563706983730
1588,251,Würzburg,09575,Neustadt a.d. Aisch-Bad Windsheim,10549.528851619044872,0.001000719103917
1589,251,Würzburg,09663,Würzburg,87676899.641167297959328,8.316954214465975
1590,251,Würzburg,09675,Kitzingen,282358.462212803715374,0.026784277408325
1591,251,Würzburg,09677,Main-Spessart,103901.184143195278011,0.009855975688972
1592,251,Würzburg,09678,Schweinfurt,10610.359693960799632,0.001006489464555
1593,251,Würzburg,09679,Würzburg,966020212.377893447875977,91.635834632355511
1594,252,Augsburg-Stadt,09761,Augsburg,146378294.250103324651718,88.125874788757258
1595,252,Augsburg-Stadt,09771,Aichach-Friedberg,27383.313014581020980,0.016485903366937
1596,252,Augsburg-Stadt,09772,Augsburg,19695702.325192991644144,11.857639179897516
1597,253,Augsburg-Land,09174,Dachau,21584.247478365083225,0.001378368614017
1598,253,Augsburg-Land,09179,Fürstenfeldbruck,1080.471192558150506,0.000068998818776
1599,253,Augsburg-Land,09181,Landsberg am Lech,6090.991211028086582,0.000388970295209
1600,253,Augsburg-Land,09761,Augsburg,30755.550231127381267,0.001964047400211
1601,253,Augsburg-Land,09771,Aichach-Friedberg,514518299.997836351394653,32.857104551134192
1602,253,Augsburg-Land,09772,Augsburg,1051260043.564295411109924,67.133396736262227
1603,253,Augsburg-Land,09773,Dillingen a.d. Donau,25470.927619208345277,0.001626571750319
1604,253,Augsburg-Land,09774,Günzburg,47882.231069447465416,0.003057756103907
1605,253,Augsburg-Land,09777,Ostallgäu,6197.124859864051359,0.000395747982993
1606,253,Augsburg-Land,09778,Unterallgäu,7365.185523080958774,0.000470340259562
1607,253,Augsburg-Land,09779,Donau-Ries,2317.978203414650579,0.000148025934504
1608,254,Donau-Ries,08135,Heidenheim,56686.741184125297877,0.002432837496204
1609,254,Donau-Ries,08136,Ostalbkreis,69170.234722794295521,0.002968594368624
1610,254,Donau-Ries,09174,Dachau,537.828409692115088,0.000023082101639
1611,254,Donau-Ries,09176,Eichstätt,3183.193466122428163,0.000136613822920
1612,254,Donau-Ries,09185,Neuburg-Schrobenhausen,60022.726933764213754,0.002576008739584
1613,254,Donau-Ries,09186,Pfaffenhofen a.d. Ilm,1539.114101641694560,0.000066054502679
1614,254,Donau-Ries,09571,Ansbach,32669.026829836820980,0.001402063900233
1615,254,Donau-Ries,09577,Weißenburg-Gunzenhausen,77474.550450048380299,0.003324992536159
1616,254,Donau-Ries,09771,Aichach-Friedberg,265026563.839081168174744,11.374204064816723
1617,254,Donau-Ries,09772,Augsburg,45327.163392072092392,0.001945315966190
1618,254,Donau-Ries,09773,Dillingen a.d. Donau,791122331.165807366371155,33.952773278896856
1619,254,Donau-Ries,09774,Günzburg,86219.075335437853937,0.003700283258174
1620,254,Donau-Ries,09779,Donau-Ries,1273485173.125756025314331,54.654446795173826
1621,255,Neu-Ulm,08135,Heidenheim,10331.161597173329938,0.000613403996748
1622,255,Neu-Ulm,08421,Ulm,15596.315457146856716,0.000926018061567
1623,255,Neu-Ulm,08425,Alb-Donau-Kreis,103900.041266368891229,0.006168977222511
1624,255,Neu-Ulm,08426,Biberach,53.511164596739746,0.000003177180216
1625,255,Neu-Ulm,09772,Augsburg,99233.024846825530403,0.005891877063182
1626,255,Neu-Ulm,09773,Dillingen a.d. Donau,112685.140118042589165,0.006690585049158
1627,255,Neu-Ulm,09774,Günzburg,762715626.747929096221924,45.285596341569544
1628,255,Neu-Ulm,09775,Neu-Ulm,515309299.523132443428040,30.596054559367126
1629,255,Neu-Ulm,09778,Unterallgäu,405867752.338151812553406,24.098055101891969
1630,256,Oberallgäu,08435,Bodenseekreis,22655.799864304852235,0.001183878544179
1631,256,Oberallgäu,08436,Ravensburg,52620.195817355561303,0.002749667687381
1632,256,Oberallgäu,09763,Kempten (Allgäu),63213005.546041101217270,3.303194829898989
1633,256,Oberallgäu,09776,Lindau (Bodensee),322914175.237172245979309,16.873876268509832
1634,256,Oberallgäu,09777,Ostallgäu,108905.723433704173658,0.005690867242985
1635,256,Oberallgäu,09778,Unterallgäu,30249.530205864433810,0.001580688830087
1636,256,Oberallgäu,09780,Oberallgäu,1527349411.111145973205566,79.811624754291856
1637,257,Ostallgäu,08426,Biberach,75228.997633298480650,0.003233517520513
1638,257,Ostallgäu,08436,Ravensburg,11972.230411448603263,0.000514594345438
1639,257,Ostallgäu,09180,Garmisch-Partenkirchen,203528.427590990322642,0.008748125819061
1640,257,Ostallgäu,09181,Landsberg am Lech,33806.957724478386808,0.001453101776661
1641,257,Ostallgäu,09190,Weilheim-Schongau,61755.882196811537142,0.002654411641260
1642,257,Ostallgäu,09762,Kaufbeuren,40414109.523592010140419,1.737092548507267
1643,257,Ostallgäu,09764,Memmingen,69763358.956662073731422,2.998591641162168
1644,257,Ostallgäu,09772,Augsburg,38804.362761148593563,0.001667901883688
1645,257,Ostallgäu,09774,Günzburg,48829.450491373121622,0.002098803501949
1646,257,Ostallgäu,09777,Ostallgäu,1392497080.052703619003296,59.852767513425754
1647,257,Ostallgäu,09778,Unterallgäu,823289212.363406300544739,35.386887721181679
1648,257,Ostallgäu,09780,Oberallgäu,99811.082436994372983,0.004290112775058
1649,258,Stuttgart I,08111,Stuttgart,115393622.277586668729782,99.821569881045050
1650,258,Stuttgart I,08115,Böblingen,19761.442684915451537,0.017094690269600
1651,258,Stuttgart I,08116,Esslingen,161500.437417354376521,0.139706396950562
1652,258,Stuttgart I,08118,Ludwigsburg,25003.691129266622738,0.021629511684277
1653,259,Stuttgart II,08111,Stuttgart,94056555.476953297853470,99.901324528301288
1654,259,Stuttgart II,08116,Esslingen,16903.981210660986108,0.017954411621637
1655,259,Stuttgart II,08118,Ludwigsburg,61445.956139990317752,0.065264269716926
1656,259,Stuttgart II,08119,Rems-Murr-Kreis,14551.894399580285608,0.015456163768088
1657,260,Böblingen,08111,Stuttgart,9321.808201360725434,0.001658116417547
1658,260,Böblingen,08115,Böblingen,561931811.474152922630310,99.953607928884864
1659,260,Böblingen,08116,Esslingen,107370.835648939231760,0.019098584900002
1660,260,Böblingen,08118,Ludwigsburg,16136.227768881666634,0.002870231140022
1661,260,Böblingen,08235,Calw,29655.629706335919764,0.005274994445990
1662,260,Böblingen,08236,Enzkreis,74353.122781359124929,0.013225559989707
1663,260,Böblingen,08416,Tübingen,23976.125649277346383,0.004264752793608
1664,261,Esslingen,08111,Stuttgart,61694.993887301570794,0.029587814134970
1665,261,Esslingen,08116,Esslingen,208360659.854432642459869,99.926040807690242
1666,261,Esslingen,08117,Göppingen,53091.678785922798852,0.025461818294381
1667,261,Esslingen,08119,Rems-Murr-Kreis,39428.430441934040573,0.018909169092075
1668,262,Nürtingen,08111,Stuttgart,43503.421150271373335,0.009394637840952
1669,262,Nürtingen,08115,Böblingen,32408835.271223582327366,6.998743137200964
1670,262,Nürtingen,08116,Esslingen,430489054.334977209568024,92.964843983216213
1671,262,Nürtingen,08117,Göppingen,114500.779665186419152,0.024726638250941
1672,262,Nürtingen,08415,Reutlingen,10033.795432165701641,0.002166815201264
1673,262,Nürtingen,08416,Tübingen,578.176260754951841,0.000124858147576
1674,263,Göppingen,08116,Esslingen,24667.870377623716195,0.003841991072917
1675,263,Göppingen,08117,Göppingen,641938733.953495025634766,99.981183922788702
1676,263,Göppingen,08119,Rems-Murr-Kreis,47199.426744134558248,0.007351253814040
1677,263,Göppingen,08135,Heidenheim,6036.299044788271203,0.000940146299154
1678,263,Göppingen,08136,Ostalbkreis,42907.123129974555923,0.006682732700729
1679,264,Waiblingen,08111,Stuttgart,2748.873087811574351,0.000536589570309
1680,264,Waiblingen,08116,Esslingen,28463.284660769382754,0.005556131984929
1681,264,Waiblingen,08117,Göppingen,44962.895047662044817,0.008776913215981
1682,264,Waiblingen,08118,Ludwigsburg,128237.825067335797939,0.025032468670647
1683,264,Waiblingen,08119,Rems-Murr-Kreis,511926542.856108009815216,99.929838477760441
1684,264,Waiblingen,08136,Ostalbkreis,155015.847782201803057,0.030259631672825
1685,265,Ludwigsburg,08111,Stuttgart,262447.544388654234353,0.072703479977033
1686,265,Ludwigsburg,08115,Böblingen,22112677.531296871602535,6.125675939853608
1687,265,Ludwigsburg,08118,Ludwigsburg,338497166.234281539916992,93.770821917663838
1688,265,Ludwigsburg,08119,Rems-Murr-Kreis,4479.610279002449715,0.001240946098326
1689,265,Ludwigsburg,08236,Enzkreis,106699.843007725517964,0.029558096715041
1690,266,Neckar-Zaber,08118,Ludwigsburg,347150044.090396404266357,54.023957725032012
1691,266,Neckar-Zaber,08119,Rems-Murr-Kreis,112138.609811882211943,0.017451161591221
1692,266,Neckar-Zaber,08121,Heilbronn,86312.402624264606857,0.013432052421993
1693,266,Neckar-Zaber,08125,Heilbronn,295236866.185534954071045,45.945159014656490
1694,267,Heilbronn,08118,Ludwigsburg,427.923222364143612,0.000047373497145
1695,267,Heilbronn,08119,Rems-Murr-Kreis,296.948340074260841,0.000032873844198
1696,267,Heilbronn,08121,Heilbronn,100479120.595024660229683,11.123601346875422
1697,267,Heilbronn,08125,Heilbronn,802158029.022142529487610,88.803386008928371
1698,267,Heilbronn,08126,Hohenlohekreis,211415.362989386252593,0.023404864638269
1699,267,Heilbronn,08127,Schwäbisch Hall,1753.222265478735153,0.000194091523076
1700,267,Heilbronn,08215,Karlsruhe,1427.936415033890626,0.000158080557786
1701,267,Heilbronn,08225,Neckar-Odenwald-Kreis,394551.553500824142247,0.043679066515943
1702,267,Heilbronn,08226,Rhein-Neckar-Kreis,49647.090121956338407,0.005496210907089
1703,268,Schwäbisch Hall – Hohenlohe,08119,Rems-Murr-Kreis,51193.454400117312616,0.002265555977904
1704,268,Schwäbisch Hall – Hohenlohe,08125,Heilbronn,299172.202235469303560,0.013239805345033
1705,268,Schwäbisch Hall – Hohenlohe,08126,Hohenlohekreis,776328350.607386469841003,34.356254254471878
1706,268,Schwäbisch Hall – Hohenlohe,08127,Schwäbisch Hall,1482496247.331411600112915,65.607571802278315
1707,268,Schwäbisch Hall – Hohenlohe,08128,Main-Tauber-Kreis,98056.710885335400235,0.004339479922249
1708,268,Schwäbisch Hall – Hohenlohe,08136,Ostalbkreis,294286.512768244952895,0.013023590145094
1709,268,Schwäbisch Hall – Hohenlohe,09571,Ansbach,74692.816128931910498,0.003305515481819
1710,269,Backnang – Schwäbisch Gmünd,08117,Göppingen,27356.526092030777363,0.003265136592146
1711,269,Backnang – Schwäbisch Gmünd,08118,Ludwigsburg,176364.674189951329026,0.021049995504632
1712,269,Backnang – Schwäbisch Gmünd,08119,Rems-Murr-Kreis,344494868.886913061141968,41.117165184838186
1713,269,Backnang – Schwäbisch Gmünd,08127,Schwäbisch Hall,157122.631449366133893,0.018753362604367
1714,269,Backnang – Schwäbisch Gmünd,08136,Ostalbkreis,492981397.587983071804047,58.839766244331194
1715,270,Aalen – Heidenheim,08117,Göppingen,845.235527075951268,0.000051443095911
1716,270,Aalen – Heidenheim,08127,Schwäbisch Hall,141101.369808938557981,0.008587773546832
1717,270,Aalen – Heidenheim,08135,Heidenheim,626876517.615288853645325,38.153233965030857
1718,270,Aalen – Heidenheim,08136,Ostalbkreis,1015875228.733828902244568,61.828644385347964
1719,270,Aalen – Heidenheim,08425,Alb-Donau-Kreis,20200.139868114616547,0.001229429785385
1720,270,Aalen – Heidenheim,09571,Ansbach,6453.347358336222896,0.000392766461498
1721,270,Aalen – Heidenheim,09773,Dillingen a.d. Donau,69954.006902741108206,0.004257571494789
1722,270,Aalen – Heidenheim,09779,Donau-Ries,59191.057636462224764,0.003602512149015
1723,271,Karlsruhe-Stadt,07334,Germersheim,46190.163475180466776,0.026566624622791
1724,271,Karlsruhe-Stadt,08212,Karlsruhe,173701452.675764828920364,99.905714604152124
1725,271,Karlsruhe-Stadt,08215,Karlsruhe,117739.770874991721939,0.067718926729715
1726,272,Karlsruhe-Land,08125,Heilbronn,7768.660426459364317,0.001083015343229
1727,272,Karlsruhe-Land,08212,Karlsruhe,257263.855813868402038,0.035864703540869
1728,272,Karlsruhe-Land,08215,Karlsruhe,716663086.357004284858704,99.908745632243466
1729,272,Karlsruhe-Land,08216,Rastatt,161896.510365112335421,0.022569708947948
1730,272,Karlsruhe-Land,08235,Calw,25852.428204867141176,0.003604041735462
1731,272,Karlsruhe-Land,08236,Enzkreis,201802.355547853483586,0.028132912929709
1732,273,Rastatt,08211,Baden-Baden,139863212.030946046113968,15.930686058110291
1733,273,Rastatt,08215,Karlsruhe,99739.819181358412607,0.011360555243929
1734,273,Rastatt,08216,Rastatt,737899835.253761291503906,84.048195712522428
1735,273,Rastatt,08237,Freudenstadt,40150.611538485245546,0.004573231074653
1736,273,Rastatt,08317,Ortenaukreis,45517.034300161285501,0.005184476841356
1737,274,Heidelberg,06431,Bergstraße,97344.498192606421071,0.031901799267872
1738,274,Heidelberg,08221,Heidelberg,108999914.478201255202293,35.721519515346849
1739,274,Heidelberg,08222,Mannheim,89130.737706491127028,0.029209980591649
1740,274,Heidelberg,08226,Rhein-Neckar-Kreis,195951566.233658909797668,64.217368708837711
1741,275,Mannheim,07311,Frankenthal (Pfalz),15804.794102128727900,0.010900028337928
1742,275,Mannheim,07314,Ludwigshafen am Rhein,1862.216579065837777,0.001284307365981
1743,275,Mannheim,08222,Mannheim,144875232.441420316696167,99.915514803367358
1744,275,Mannheim,08226,Rhein-Neckar-Kreis,104834.485899919585790,0.072300775303827
1745,276,Odenwald – Tauber,06437,Odenwaldkreis,11614.748675946377261,0.000478249090320
1746,276,Odenwald – Tauber,08125,Heilbronn,21786.302741369676369,0.000897073174650
1747,276,Odenwald – Tauber,08126,Hohenlohekreis,18900.078782675631373,0.000778229967516
1748,276,Odenwald – Tauber,08127,Schwäbisch Hall,96082.372825554673909,0.003956289428351
1749,276,Odenwald – Tauber,08128,Main-Tauber-Kreis,1303658757.750629663467407,53.679475327173485
1750,276,Odenwald – Tauber,08225,Neckar-Odenwald-Kreis,1124447928.011653661727905,46.300287133835091
1751,276,Odenwald – Tauber,08226,Rhein-Neckar-Kreis,50661.959110662952298,0.002086057695650
1752,276,Odenwald – Tauber,09571,Ansbach,16525.141330681537511,0.000680439502335
1753,276,Odenwald – Tauber,09575,Neustadt a.d. Aisch-Bad Windsheim,14748.542156839514064,0.000607286224338
1754,276,Odenwald – Tauber,09676,Miltenberg,36557.359746633854229,0.001505286470772
1755,276,Odenwald – Tauber,09677,Main-Spessart,88610.410590224026237,0.003648623783432
1756,276,Odenwald – Tauber,09679,Würzburg,136001.908005087287165,0.005600016892307
1757,277,Rhein-Neckar,06431,Bergstraße,147825.811555872147437,0.020424872022645
1758,277,Rhein-Neckar,06437,Odenwaldkreis,24638.826726536346541,0.003404309960358
1759,277,Rhein-Neckar,08125,Heilbronn,21557.130458390609419,0.002978516580791
1760,277,Rhein-Neckar,08215,Karlsruhe,17442.285048627090873,0.002409974524416
1761,277,Rhein-Neckar,08221,Heidelberg,80274.772758203558624,0.011091445688519
1762,277,Rhein-Neckar,08225,Neckar-Odenwald-Kreis,52701.604115795606049,0.007281702079791
1763,277,Rhein-Neckar,08226,Rhein-Neckar-Kreis,723409477.492021918296814,99.952409137686331
1764,278,Bruchsal – Schwetzingen,07334,Germersheim,5017.722997799427503,0.000990647824438
1765,278,Bruchsal – Schwetzingen,07338,Rhein-Pfalz-Kreis,0.526638982710210,0.000000103974206
1766,278,Bruchsal – Schwetzingen,08215,Karlsruhe,366311806.638976216316223,72.320850408063990
1767,278,Bruchsal – Schwetzingen,08221,Heidelberg,1138.132388008612224,0.000224701199049
1768,278,Bruchsal – Schwetzingen,08222,Mannheim,32411.569422705470060,0.006399008225308
1769,278,Bruchsal – Schwetzingen,08226,Rhein-Neckar-Kreis,140158887.683952420949936,27.671534921455176
1770,279,Pforzheim,08115,Böblingen,146738.566391010914231,0.021864278507437
1771,279,Pforzheim,08118,Ludwigsburg,39147.281804554302653,0.005833006913146
1772,279,Pforzheim,08215,Karlsruhe,337786.472497321316041,0.050330718722210
1773,279,Pforzheim,08231,Pforzheim,98162609.254837200045586,14.626384055337112
1774,279,Pforzheim,08235,Calw,393914.600344874022994,0.058693898556541
1775,279,Pforzheim,08236,Enzkreis,572053618.346007823944092,85.236894024000719
1776,280,Calw,08115,Böblingen,8546.486849561701092,0.000512672478073
1777,280,Calw,08215,Karlsruhe,83383.999185769323958,0.005001901043862
1778,280,Calw,08216,Rastatt,133828.241656308877282,0.008027866595216
1779,280,Calw,08231,Pforzheim,20699.651870565892750,0.001241696384318
1780,280,Calw,08235,Calw,796478020.192792534828186,47.777802450325204
1781,280,Calw,08236,Enzkreis,97328.299596664801356,0.005838368609130
1782,280,Calw,08237,Freudenstadt,870143142.040623664855957,52.196703600005243
1783,280,Calw,08317,Ortenaukreis,7857.465350468538418,0.000471340599185
1784,280,Calw,08325,Rottweil,25047.614184063088032,0.001502514736123
1785,280,Calw,08416,Tübingen,19276.348313923972455,0.001156317611230
1786,280,Calw,08417,Zollernalbkreis,29028.356350272282725,0.001741304894798
1787,281,Freiburg,08311,Freiburg im Breisgau,153630072.523106276988983,33.944482914704096
1788,281,Freiburg,08315,Breisgau-Hochschwarzwald,298810887.575059175491333,66.022106879456416
1789,281,Freiburg,08316,Emmendingen,151211.628710059972946,0.033410129038904
1790,282,Lörrach – Müllheim,08311,Freiburg im Breisgau,1210.043001305973576,0.000104804557627
1791,282,Lörrach – Müllheim,08315,Breisgau-Hochschwarzwald,347855283.140974581241608,30.128531819597011
1792,282,Lörrach – Müllheim,08336,Lörrach,806503282.397117137908936,69.853071044097007
1793,282,Lörrach – Müllheim,08337,Waldshut,174799.140976350783603,0.015139748441911
1794,283,Emmendingen – Lahr,08315,Breisgau-Hochschwarzwald,295048.667708451219369,0.024516440791966
1795,283,Emmendingen – Lahr,08316,Emmendingen,679574964.094131469726562,56.467834612896496
1796,283,Emmendingen – Lahr,08317,Ortenaukreis,523561361.797199785709381,43.504216531985165
1797,283,Emmendingen – Lahr,08326,Schwarzwald-Baar-Kreis,41292.316781284447643,0.003431097138631
1798,284,Offenburg,08216,Rastatt,56267.480919225679827,0.005145192291009
1799,284,Offenburg,08237,Freudenstadt,751.680317123087889,0.000068734901755
1800,284,Offenburg,08317,Ortenaukreis,1093508396.578725576400757,99.992231397506615
1801,285,Rottweil – Tuttlingen,08237,Freudenstadt,35533.335115208166826,0.002364968052029
1802,285,Rottweil – Tuttlingen,08317,Ortenaukreis,349585.976849088794552,0.023267156432257
1803,285,Rottweil – Tuttlingen,08325,Rottweil,768680366.294915676116943,51.160537073570254
1804,285,Rottweil – Tuttlingen,08326,Schwarzwald-Baar-Kreis,203950.795281124912435,0.013574214563926
1805,285,Rottweil – Tuttlingen,08327,Tuttlingen,733078048.005369424819946,48.790977755258545
1806,285,Rottweil – Tuttlingen,08335,Konstanz,127900.902137289915117,0.008512613476884
1807,285,Rottweil – Tuttlingen,08417,Zollernalbkreis,7867.720373929703783,0.000523646521395
1808,285,Rottweil – Tuttlingen,08437,Sigmaringen,3644.167058682770858,0.000242542351910
1809,286,Schwarzwald-Baar,08237,Freudenstadt,155.110009567706328,0.000012246696871
1810,286,Schwarzwald-Baar,08315,Breisgau-Hochschwarzwald,441760.349790098960511,0.034879148731149
1811,286,Schwarzwald-Baar,08316,Emmendingen,126994.816372670349665,0.010026864317841
1812,286,Schwarzwald-Baar,08317,Ortenaukreis,241065063.296763241291046,19.033270415977370
1813,286,Schwarzwald-Baar,08325,Rottweil,199980.490060578449629,0.015789441627039
1814,286,Schwarzwald-Baar,08326,Schwarzwald-Baar-Kreis,1024462664.801869511604309,80.886357664539162
1815,286,Schwarzwald-Baar,08327,Tuttlingen,89843.803350240064901,0.007093609422199
1816,286,Schwarzwald-Baar,08335,Konstanz,43980.003768134381971,0.003472437246471
1817,286,Schwarzwald-Baar,08337,Waldshut,115231.088280993673834,0.009098060223184
1818,287,Konstanz,08326,Schwarzwald-Baar-Kreis,11807.352642286414266,0.001445240377714
1819,287,Konstanz,08327,Tuttlingen,285077.138934548944235,0.034893934689114
1820,287,Konstanz,08335,Konstanz,816593738.050780296325684,99.952485385457507
1821,287,Konstanz,08435,Bodenseekreis,4905.482360057055303,0.000600439522194
1822,287,Konstanz,08437,Sigmaringen,19422.470005571067304,0.002377343909121
1823,288,Waldshut,08311,Freiburg im Breisgau,117608.923463768893271,0.006323328191380
1824,288,Waldshut,08315,Breisgau-Hochschwarzwald,729348458.537657618522644,39.213943409927296
1825,288,Waldshut,08316,Emmendingen,107538.425906691161799,0.005781880661478
1826,288,Waldshut,08326,Schwarzwald-Baar-Kreis,426792.496904859843198,0.022946804953787
1827,288,Waldshut,08336,Lörrach,153856.651360798045062,0.008272213300896
1828,288,Waldshut,08337,Waldshut,1129766976.416680097579956,60.742732449774472
1829,289,Reutlingen,08116,Esslingen,59414.908190281777934,0.005443477855775
1830,289,Reutlingen,08415,Reutlingen,1091136687.986908197402954,99.967812449674867
1831,289,Reutlingen,08416,Tübingen,45587.675979413354071,0.004176653844107
1832,289,Reutlingen,08417,Zollernalbkreis,20723.613714093247836,0.001898657016906
1833,289,Reutlingen,08425,Alb-Donau-Kreis,171759.297151631937595,0.015736251372705
1834,289,Reutlingen,08426,Biberach,25930.876227458338690,0.002375736239009
1835,289,Reutlingen,08437,Sigmaringen,27907.192870267535909,0.002556802510233
1836,290,Tübingen,08115,Böblingen,85506.302011855324963,0.010836944184587
1837,290,Tübingen,08237,Freudenstadt,1503.236113371374813,0.000190517955678
1838,290,Tübingen,08415,Reutlingen,119304.654549689003034,0.015120498160909
1839,290,Tübingen,08416,Tübingen,519389702.213495373725891,65.826694413197629
1840,290,Tübingen,08417,Zollernalbkreis,269426068.653008997440338,34.146667545750979
1841,290,Tübingen,08437,Sigmaringen,3865.475976222882309,0.000489904795501
1842,291,Ulm,08117,Göppingen,1368.774203932998716,0.000092771523125
1843,291,Ulm,08135,Heidenheim,67604.446535567883984,0.004582032198675
1844,291,Ulm,08415,Reutlingen,23310.928184757900453,0.001579946719442
1845,291,Ulm,08421,Ulm,119123448.891347721219063,8.073839908594667
1846,291,Ulm,08425,Alb-Donau-Kreis,1356026219.823860406875610,91.907501945318998
1847,291,Ulm,08426,Biberach,94396.731112564943032,0.006397935100021
1848,291,Ulm,09774,Günzburg,25849.371438559592207,0.001751994999096
1849,291,Ulm,09775,Neu-Ulm,62756.249045211356133,0.004253435513919
1850,292,Biberach,08415,Reutlingen,49381.916744218440726,0.002826225522220
1851,292,Biberach,08425,Alb-Donau-Kreis,120308.581886468004086,0.006885499937778
1852,292,Biberach,08426,Biberach,1408440724.386430025100708,80.607869929662499
1853,292,Biberach,08436,Ravensburg,338551967.996263742446899,19.376003922751259
1854,292,Biberach,08437,Sigmaringen,88209.389220607074094,0.005048399162107
1855,292,Biberach,09764,Memmingen,1576.367371478629138,0.000090218646650
1856,292,Biberach,09775,Neu-Ulm,10367.883736704243347,0.000593374651289
1857,292,Biberach,09778,Unterallgäu,11922.740116681525251,0.000682362181021
1858,293,Bodensee,08335,Konstanz,47321.395289673666412,0.005498704826297
1859,293,Bodensee,08435,Bodenseekreis,664314911.925673723220825,77.192812892058001
1860,293,Bodensee,08436,Ravensburg,359697.516804168524686,0.041796537476354
1861,293,Bodensee,08437,Sigmaringen,195801289.403274267911911,22.751938915713694
1862,293,Bodensee,09776,Lindau (Bodensee),2199.764572512314317,0.000255610723174
1863,294,Ravensburg,08426,Biberach,95667.391699204221368,0.007401826768242
1864,294,Ravensburg,08435,Bodenseekreis,341753.078825862030499,0.026441581003231
1865,294,Ravensburg,08436,Ravensburg,1291634152.218467950820923,99.934283488422182
1866,294,Ravensburg,08437,Sigmaringen,298407.453784713288769,0.023087911565640
1867,294,Ravensburg,09776,Lindau (Bodensee),66326.696888041493366,0.005131724736664
1868,294,Ravensburg,09778,Unterallgäu,26598.733920298716839,0.002057955351721
1869,294,Ravensburg,09780,Oberallgäu,20621.049831869477202,0.001595459392420
1870,295,Zollernalb – Sigmaringen,08237,Freudenstadt,9605.298602912433125,0.000580409740672
1871,295,Zollernalb – Sigmaringen,08327,Tuttlingen,17097.671975467685115,0.001033143868569
1872,295,Zollernalb – Sigmaringen,08415,Reutlingen,45625.130326033067831,0.002756943969720
1873,295,Zollernalb – Sigmaringen,08416,Tübingen,11057.567584038279165,0.000668164541180
1874,295,Zollernalb – Sigmaringen,08417,Zollernalbkreis,647124203.201899766921997,39.103124899115258
1875,295,Zollernalb – Sigmaringen,08426,Biberach,147336.576444163045380,0.008902959466510
1876,295,Zollernalb – Sigmaringen,08436,Ravensburg,100768.860483575816033,0.006089058820446
1877,295,Zollernalb – Sigmaringen,08437,Sigmaringen,1007461157.312992334365845,60.876844461226433
1878,296,Saarbrücken,10041,Regionalverband Saarbrücken,325997134.530050754547119,99.971489928065068
1879,296,Saarbrücken,10044,Saarlouis,11392.725397319609328,0.003493735409525
1880,296,Saarbrücken,10045,Saarpfalz-Kreis,68706.020838812619331,0.021069643081944
1881,297,Saarlouis,07235,Trier-Saarburg,134402.104786379437428,0.015049698420154
1882,297,Saarlouis,10041,Regionalverband Saarbrücken,75950.539001128621749,0.008504574453145
1883,297,Saarlouis,10042,Merzig-Wadern,556617863.292326688766479,62.327379404766361
1884,297,Saarlouis,10044,Saarlouis,336202678.736164152622223,37.646351826625882
1885,297,Saarlouis,10046,St. Wendel,16780.256498652383016,0.001878972060139
1886,298,St. Wendel,07134,Birkenfeld,9575.191689880068225,0.001193227539251
1887,298,St. Wendel,07336,Kusel,54818.687691657287360,0.006831316796345
1888,298,St. Wendel,10041,Regionalverband Saarbrücken,40509051.232499487698078,5.048098992174189
1889,298,St. Wendel,10042,Merzig-Wadern,46688.794054236728698,0.005818197342078
1890,298,St. Wendel,10043,Neunkirchen,162953376.977021843194962,20.306690802699613
1891,298,St. Wendel,10044,Saarlouis,122721173.672970384359360,15.293091649599974
1892,298,St. Wendel,10046,St. Wendel,476166820.856244146823883,59.338275652892371
1893,299,Homburg,07320,Zweibrücken,4.666859336975222,0.000000850442506
1894,299,Homburg,07336,Kusel,19617.344715352381172,0.003574871789894
1895,299,Homburg,07340,Südwestpfalz,1158.553664376067672,0.000211123415118
1896,299,Homburg,10041,Regionalverband Saarbrücken,44757267.910263590514660,8.156123918234455
1897,299,Homburg,10043,Neunkirchen,85128181.300569668412209,15.512921767554028
1898,299,Homburg,10045,Saarpfalz-Kreis,418850365.206090092658997,76.327167437207166
