OID_,WKR_NR,WKR_NAME,AGS,GEN,AREA,PERCENTAGE
1,1,Flensburg - Schleswig,01001,Flensburg,56631598.262539982795715,2.663664707674101
2,1,Flensburg - Schleswig,01051,Dithmarschen,3954321.175808219239116,0.185991320781352
3,1,Flensburg - Schleswig,01054,Nordfriesland,5320855.476399989798665,0.250266200883405
4,1,Flensburg - Schleswig,01058,Rendsburg-Eckernförde,3899333.987642275169492,0.183405000829496
5,1,Flensburg - Schleswig,01059,Schleswig-Flensburg,2050861660.763446331024170,96.462187077474084
6,2,Nordfriesland - Dithmarschen Nord,01051,Dithmarschen,688237300.239924669265747,25.021441005088114
7,2,Nordfriesland - Dithmarschen Nord,01054,Nordfriesland,2005177218.674158811569214,72.899890000602483
8,2,Nordfriesland - Dithmarschen Nord,01058,Rendsburg-Eckernförde,872347.424100798671134,0.031714918096519
9,2,Nordfriesland - Dithmarschen Nord,01059,Schleswig-Flensburg,7298224.577426506206393,0.265333040860037
10,3,Steinburg - Dithmarschen Süd,01004,Neumünster,331721.379154847702011,0.016519217438463
11,3,Steinburg - Dithmarschen Süd,01051,Dithmarschen,734996057.360237836837769,36.601679755704971
12,3,Steinburg - Dithmarschen Süd,01056,Pinneberg,3340690.750710829161108,0.166361291051707
13,3,Steinburg - Dithmarschen Süd,01058,Rendsburg-Eckernförde,4893482.188365878537297,0.243687930234745
14,3,Steinburg - Dithmarschen Süd,01060,Segeberg,210701315.476646840572357,10.492603322091234
15,3,Steinburg - Dithmarschen Süd,01061,Steinburg,1049597051.841896176338196,52.268328216650730
16,3,Steinburg - Dithmarschen Süd,03359,Stade,710630.430197095847689,0.035388308781070
17,4,Rendsburg-Eckernförde,01002,Kiel,927249.204210581374355,0.042988429663830
18,4,Rendsburg-Eckernförde,01004,Neumünster,545162.345155584742315,0.025274406301639
19,4,Rendsburg-Eckernförde,01051,Dithmarschen,1493082.601811072323471,0.069221171739789
20,4,Rendsburg-Eckernförde,01057,Plön,2617330.887844739947468,0.121342724553615
21,4,Rendsburg-Eckernförde,01058,Rendsburg-Eckernförde,2141701548.016879796981812,99.291955107388901
22,4,Rendsburg-Eckernförde,01059,Schleswig-Flensburg,5308622.687238415703177,0.246114369217979
23,4,Rendsburg-Eckernförde,01060,Segeberg,85152.342347800746211,0.003947768801641
24,4,Rendsburg-Eckernförde,01061,Steinburg,2810264.497342329937965,0.130287367335742
25,5,Kiel,01002,Kiel,115989881.114006802439690,80.275668831390448
26,5,Kiel,01057,Plön,2382110.286081509198993,1.648639472760317
27,5,Kiel,01058,Rendsburg-Eckernförde,26037206.000020559877157,18.020141982022761
28,6,Plön - Neumünster,01002,Kiel,698404.165937251993455,0.053720975169207
29,6,Plön - Neumünster,01004,Neumünster,70944796.812015131115913,5.457046011184811
30,6,Plön - Neumünster,01055,Ostholstein,8231284.364930697716773,0.633147172576941
31,6,Plön - Neumünster,01057,Plön,1067937772.175503134727478,82.145355568302037
32,6,Plön - Neumünster,01058,Rendsburg-Eckernförde,3257914.855433325748891,0.250597535908528
33,6,Plön - Neumünster,01060,Segeberg,147351051.475800484418869,11.334185223344289
34,7,Pinneberg,01056,Pinneberg,655213898.904433369636536,99.052811201697693
35,7,Pinneberg,01060,Segeberg,2417434.181516128126532,0.365458748623361
36,7,Pinneberg,01061,Steinburg,1399909.762834529159591,0.211633174554631
37,7,Pinneberg,02000,Hamburg,1543399.199840476969257,0.233325376348508
38,7,Pinneberg,03359,Stade,600659.424741528811865,0.090805467794451
39,8,Segeberg - Stormarn-Nord,01053,Herzogtum Lauenburg,746909.511716841952875,0.056123261993857
40,8,Segeberg - Stormarn-Nord,01055,Ostholstein,5309148.859984273090959,0.398932866376786
41,8,Segeberg - Stormarn-Nord,01056,Pinneberg,1852453.015887947985902,0.139194513272451
42,8,Segeberg - Stormarn-Nord,01057,Plön,663604.741047692252323,0.049863687846975
43,8,Segeberg - Stormarn-Nord,01060,Segeberg,978052663.816381216049194,73.491507383516080
44,8,Segeberg - Stormarn-Nord,01062,Stormarn,342029581.062961041927338,25.700323113468432
45,8,Segeberg - Stormarn-Nord,02000,Hamburg,2183307.750737387686968,0.164055151240740
46,9,Ostholstein,01003,Lübeck,1882946.410008192993701,0.123909201878142
47,9,Ostholstein,01053,Herzogtum Lauenburg,970987.186118480982259,0.063896798457116
48,9,Ostholstein,01055,Ostholstein,1363080188.410370826721191,89.698876900645104
49,9,Ostholstein,01057,Plön,3952604.727910558227450,0.260105170583711
50,9,Ostholstein,01060,Segeberg,4484279.850148982368410,0.295092592267550
51,9,Ostholstein,01062,Stormarn,137036462.026280999183655,9.017823634081502
52,10,Herzogtum Lauenburg - Stormarn-Süd,01003,Lübeck,8943.476588533463655,0.000663151215993
53,10,Herzogtum Lauenburg - Stormarn-Süd,01053,Herzogtum Lauenburg,1061694279.716295242309570,78.723731832530859
54,10,Herzogtum Lauenburg - Stormarn-Süd,01062,Stormarn,277145921.631797671318054,20.550135410780797
55,10,Herzogtum Lauenburg - Stormarn-Süd,02000,Hamburg,2629165.899944629985839,0.194950425188110
56,10,Herzogtum Lauenburg - Stormarn-Süd,03353,Harburg,385635.083412078674883,0.028594514891670
57,10,Herzogtum Lauenburg - Stormarn-Süd,03355,Lüneburg,456744.091986466257367,0.033867187664648
58,10,Herzogtum Lauenburg - Stormarn-Süd,13074,Nordwestmecklenburg,2284437.232693461235613,0.169389086416539
59,10,Herzogtum Lauenburg - Stormarn-Süd,13076,Ludwigslust-Parchim,4027940.008133652154356,0.298668340873579
60,11,Lübeck,01003,Lübeck,204649373.721924334764481,50.083287137790144
61,11,Lübeck,01053,Herzogtum Lauenburg,193093731.061254799365997,47.255305996629154
62,11,Lübeck,01055,Ostholstein,3659910.860205257777125,0.895680075520012
63,11,Lübeck,01062,Stormarn,4534171.928165264427662,1.109635619598676
64,11,Lübeck,13074,Nordwestmecklenburg,2635089.795277229975909,0.644878391028233
65,12,Wismar - Nordwestmecklenburg - Parchim,01003,Lübeck,3759141.447065784595907,0.085896852381681
66,12,Wismar - Nordwestmecklenburg - Parchim,01053,Herzogtum Lauenburg,1221806.402514262357727,0.027918429160914
67,12,Wismar - Nordwestmecklenburg - Parchim,12068,Ostprignitz-Ruppin,24148.529989801216288,0.000551796931554
68,12,Wismar - Nordwestmecklenburg - Parchim,12070,Prignitz,6740392.584521817043424,0.154018813864844
69,12,Wismar - Nordwestmecklenburg - Parchim,13004,Schwerin,6042159.539531590417027,0.138064101429016
70,12,Wismar - Nordwestmecklenburg - Parchim,13071,Mecklenburgische Seenplatte,2108644.424601554870605,0.048182788920282
71,12,Wismar - Nordwestmecklenburg - Parchim,13072,Rostock,10022360.236286392435431,0.229012185323404
72,12,Wismar - Nordwestmecklenburg - Parchim,13074,Nordwestmecklenburg,2100606584.727745294570923,47.999123273529797
73,12,Wismar - Nordwestmecklenburg - Parchim,13076,Ludwigslust-Parchim,2232851802.510059356689453,51.020943045408117
74,13,Schwerin - Ludwigslust,01053,Herzogtum Lauenburg,2212892.570510101970285,0.083676123094303
75,13,Schwerin - Ludwigslust,03354,Lüchow-Dannenberg,685528.753558502881788,0.025921903815793
76,13,Schwerin - Ludwigslust,03355,Lüneburg,5379196.321644640527666,0.203403590195345
77,13,Schwerin - Ludwigslust,12070,Prignitz,3111727.922138219233602,0.117663790876571
78,13,Schwerin - Ludwigslust,13004,Schwerin,124037159.753199696540833,4.690218036831313
79,13,Schwerin - Ludwigslust,13074,Nordwestmecklenburg,3009994.992079923860729,0.113816962841742
80,13,Schwerin - Ludwigslust,13076,Ludwigslust-Parchim,2506156114.092350482940674,94.765299631329199
81,14,Rostock,13003,Rostock,148294839.574726313352585,24.441071295779665
82,14,Rostock,13072,Rostock,454786141.263593137264252,74.955140278869109
83,14,Rostock,13073,Vorpommern-Rügen,3434026.358655270654708,0.565975750094708
84,15,Stralsund - Nordvorpommern - Rügen,13071,Mecklenburgische Seenplatte,1055614.390898149693385,0.033769267511411
85,15,Stralsund - Nordvorpommern - Rügen,13072,Rostock,3989690.925360999070108,0.127630829314230
86,15,Stralsund - Nordvorpommern - Rügen,13073,Vorpommern-Rügen,3034232600.434370517730713,97.065569832497573
87,15,Stralsund - Nordvorpommern - Rügen,13075,Vorpommern-Greifswald,2697431.509406282100827,0.086291250877462
88,16,Greifswald - Demmin - Ostvorpommern,13071,Mecklenburgische Seenplatte,1589113259.808878183364868,40.843133039271493
89,16,Greifswald - Demmin - Ostvorpommern,13072,Rostock,5060751.045626509003341,0.130070608220848
90,16,Greifswald - Demmin - Ostvorpommern,13073,Vorpommern-Rügen,5690204.851211955770850,0.146248728543558
91,16,Greifswald - Demmin - Ostvorpommern,13075,Vorpommern-Greifswald,2268890122.709504604339600,58.314648475375833
92,17,Bad Doberan - Güstrow - Müritz,12068,Ostprignitz-Ruppin,3553475.843250908423215,0.075604868975291
93,17,Bad Doberan - Güstrow - Müritz,13003,Rostock,1215147.016311851795763,0.025853849866030
94,17,Bad Doberan - Güstrow - Müritz,13071,Mecklenburgische Seenplatte,1715938936.812392473220825,36.508856176327207
95,17,Bad Doberan - Güstrow - Müritz,13072,Rostock,2954204153.850796222686768,62.854576147565510
96,17,Bad Doberan - Güstrow - Müritz,13073,Vorpommern-Rügen,698422.758626675000414,0.014859862141914
97,17,Bad Doberan - Güstrow - Müritz,13074,Nordwestmecklenburg,5495029.456153321079910,0.116913973915680
98,17,Bad Doberan - Güstrow - Müritz,13076,Ludwigslust-Parchim,7501376.236855876632035,0.159601638660078
99,18,Neubrandenburg - Mecklenburg-Strelitz - Uecker-Randow,12065,Oberhavel,2021394.383437374839559,0.054773496124825
100,18,Neubrandenburg - Mecklenburg-Strelitz - Uecker-Randow,12068,Ostprignitz-Ruppin,970197.176450749044307,0.026289323706478
101,18,Neubrandenburg - Mecklenburg-Strelitz - Uecker-Randow,12073,Uckermark,15915510.811230828985572,0.431260805356129
102,18,Neubrandenburg - Mecklenburg-Strelitz - Uecker-Randow,13071,Mecklenburgische Seenplatte,2182142026.094581604003906,59.129256907728866
103,18,Neubrandenburg - Mecklenburg-Strelitz - Uecker-Randow,13075,Vorpommern-Greifswald,1485467970.279115200042725,40.251558419428605
104,19,Hamburg-Mitte,01062,Stormarn,55270.747360069181013,0.044198812253245
105,19,Hamburg-Mitte,02000,Hamburg,124733777.923528298735619,99.746884118722704
106,19,Hamburg-Mitte,03359,Stade,261251.191029760811944,0.208916884514635
107,20,Hamburg-Altona,01056,Pinneberg,1175014.862170369597152,1.658185170174707
108,20,Hamburg-Altona,02000,Hamburg,69665796.447340711951256,98.312620764656074
109,20,Hamburg-Altona,03359,Stade,20686.909538125742984,0.029193440625513
110,21,Hamburg-Eimsbüttel,01056,Pinneberg,289662.407202357135247,0.495128583111417
111,21,Hamburg-Eimsbüttel,01060,Segeberg,76389.080681516774348,0.130574131618676
112,21,Hamburg-Eimsbüttel,02000,Hamburg,58136409.785462126135826,99.374297418413320
113,22,Hamburg-Nord,01060,Segeberg,1502849.714923293096945,1.236677673681070
114,22,Hamburg-Nord,01062,Stormarn,1562567.374794617062435,1.285818646297294
115,22,Hamburg-Nord,02000,Hamburg,118457737.070913776755333,97.477503742188020
116,23,Hamburg-Wandsbek,01062,Stormarn,2086875.150050450349227,2.350172595971224
117,23,Hamburg-Wandsbek,02000,Hamburg,86709801.242815956473351,97.649827627709840
118,24,Hamburg-Bergedorf - Harburg,01053,Herzogtum Lauenburg,1266480.320357801625505,0.441399852305281
119,24,Hamburg-Bergedorf - Harburg,01062,Stormarn,1127832.227145664859563,0.393077547661056
120,24,Hamburg-Bergedorf - Harburg,02000,Hamburg,277340818.009491145610809,96.660164504593396
121,24,Hamburg-Bergedorf - Harburg,03353,Harburg,6412857.427093096077442,2.235040115249495
122,24,Hamburg-Bergedorf - Harburg,03359,Stade,775606.338475000346079,0.270318075809646
123,25,Aurich - Emden,03402,Emden,109936530.003727987408638,7.891132432814190
124,25,Aurich - Emden,03452,Aurich,1257691722.899539232254028,90.275834108261961
125,25,Aurich - Emden,03457,Leer,4176614.169110027141869,0.299793121795802
126,25,Aurich - Emden,03462,Wittmund,9210676.648776257410645,0.661133012192198
127,26,Unterems,03402,Emden,1562.260684035454233,0.000060342936320
128,26,Unterems,03451,Ammerland,1329551.289713729405776,0.051354443998192
129,26,Unterems,03452,Aurich,7342133.401030705310404,0.283592804194615
130,26,Unterems,03453,Cloppenburg,2997865.035059684421867,0.115793721722656
131,26,Unterems,03454,Emsland,1506114158.761790037155151,58.174254592065708
132,26,Unterems,03456,Grafschaft Bentheim,408626.325705655966885,0.015783353317762
133,26,Unterems,03457,Leer,1053408847.237235307693481,40.688333027221582
134,26,Unterems,03462,Wittmund,79118.482241025791154,0.003055982643846
135,27,Friesland - Wilhelmshaven,03405,Wilhelmshaven,101646115.932226672768593,7.433375143479365
136,27,Friesland - Wilhelmshaven,03451,Ammerland,1849679.594057636102661,0.135266972001533
137,27,Friesland - Wilhelmshaven,03452,Aurich,6314307.825943568721414,0.461765001162873
138,27,Friesland - Wilhelmshaven,03455,Friesland,610682812.615130424499512,44.659202156529815
139,27,Friesland - Wilhelmshaven,03457,Leer,438155.781944304588251,0.032042309424279
140,27,Friesland - Wilhelmshaven,03461,Wesermarsch,235296.515141077310545,0.017207221849610
141,27,Friesland - Wilhelmshaven,03462,Wittmund,640570125.798394083976746,46.844859806941017
142,28,Oldenburg - Ammerland,03403,Oldenburg (Oldb),102617667.774804875254631,12.330826841504738
143,28,Oldenburg - Ammerland,03451,Ammerland,720516377.235183000564575,86.579269211736303
144,28,Oldenburg - Ammerland,03453,Cloppenburg,3346427.506441927514970,0.402116117179144
145,28,Oldenburg - Ammerland,03455,Friesland,1587728.110083384905010,0.190785863890337
146,28,Oldenburg - Ammerland,03457,Leer,1138343.922037971438840,0.136786599160812
147,28,Oldenburg - Ammerland,03458,Oldenburg,1586701.383342959219590,0.190662489524848
148,28,Oldenburg - Ammerland,03461,Wesermarsch,1411025.915763372555375,0.169552832503817
149,29,Delmenhorst - Wesermarsch - Oldenburg-Land,03251,Diepholz,2165832.345605783630162,0.110316518694699
150,29,Delmenhorst - Wesermarsch - Oldenburg-Land,03352,Cuxhaven,957808.519380696816370,0.048785909790561
151,29,Delmenhorst - Wesermarsch - Oldenburg-Land,03356,Osterholz,1019461.361123661627062,0.051926192962764
152,29,Delmenhorst - Wesermarsch - Oldenburg-Land,03401,Delmenhorst,61298808.575602822005749,3.122250517641926
153,29,Delmenhorst - Wesermarsch - Oldenburg-Land,03403,Oldenburg (Oldb),1013538.227938063791953,0.051624498589178
154,29,Delmenhorst - Wesermarsch - Oldenburg-Land,03451,Ammerland,4425055.082267994061112,0.225389870411024
155,29,Delmenhorst - Wesermarsch - Oldenburg-Land,03453,Cloppenburg,4308182.057579914107919,0.219436951091545
156,29,Delmenhorst - Wesermarsch - Oldenburg-Land,03455,Friesland,1168924.114050383912399,0.059539067805480
157,29,Delmenhorst - Wesermarsch - Oldenburg-Land,03458,Oldenburg,1056377776.866868376731873,53.806528010737452
158,29,Delmenhorst - Wesermarsch - Oldenburg-Land,03460,Vechta,1438848.387961222790182,0.073287641774953
159,29,Delmenhorst - Wesermarsch - Oldenburg-Land,03461,Wesermarsch,821359418.813918828964233,41.835884418518809
160,29,Delmenhorst - Wesermarsch - Oldenburg-Land,04011,Bremen,3446430.315266152378172,0.175543686507136
161,29,Delmenhorst - Wesermarsch - Oldenburg-Land,04012,Bremerhaven,1366936.945164286065847,0.069624837477212
162,30,Cuxhaven - Osterholz,03352,Cuxhaven,1336600209.428319692611694,66.064886637514547
163,30,Cuxhaven - Osterholz,03356,Osterholz,646946169.734179496765137,31.976970422848737
164,30,Cuxhaven - Osterholz,03357,Rotenburg (Wümme),5162501.336107445880771,0.255169842956879
165,30,Cuxhaven - Osterholz,03361,Verden,1121805.867330739041790,0.055448126471716
166,30,Cuxhaven - Osterholz,03461,Wesermarsch,381794.152812287618872,0.018871153278659
167,30,Cuxhaven - Osterholz,04011,Bremen,15164926.763434635475278,0.749565322843269
168,30,Cuxhaven - Osterholz,04012,Bremerhaven,14604018.574323991313577,0.721840999843576
169,31,Stade - Cuxhaven,01051,Dithmarschen,495568.865994562860578,0.024614320884788
170,31,Stade - Cuxhaven,01056,Pinneberg,514646.253357712586876,0.025561872206959
171,31,Stade - Cuxhaven,01061,Steinburg,994774.879024309106171,0.049409294571583
172,31,Stade - Cuxhaven,02000,Hamburg,278294.157126891368534,0.013822542443492
173,31,Stade - Cuxhaven,03352,Cuxhaven,707036581.786984562873840,35.117672831326423
174,31,Stade - Cuxhaven,03353,Harburg,2410244.050562440417707,0.119713978302757
175,31,Stade - Cuxhaven,03357,Rotenburg (Wümme),5939072.272413171827793,0.294986712649396
176,31,Stade - Cuxhaven,03359,Stade,1259199370.665669918060303,62.542947094315615
177,32,Mittelems,03453,Cloppenburg,366761.783621511131059,0.015556349859290
178,32,Mittelems,03454,Emsland,1366045976.858987569808960,57.941394357007958
179,32,Mittelems,03456,Grafschaft Bentheim,975487215.254479289054871,41.375686021374506
180,32,Mittelems,03459,Osnabrück,893904.196482121129520,0.037915309179305
181,32,Mittelems,05554,Borken,929.888930045926145,0.000039441616254
182,32,Mittelems,05566,Steinfurt,5904218.086796894669533,0.250429805681564
183,33,Cloppenburg - Vechta,03251,Diepholz,3231167.802256053779274,0.144623426786212
184,33,Cloppenburg - Vechta,03451,Ammerland,1369204.156896459870040,0.061284033903170
185,33,Cloppenburg - Vechta,03453,Cloppenburg,1408324636.020475625991821,63.035022429511400
186,33,Cloppenburg - Vechta,03454,Emsland,4595117.621650010347366,0.205672282468501
187,33,Cloppenburg - Vechta,03457,Leer,1535368.424367929110304,0.068721359118643
188,33,Cloppenburg - Vechta,03458,Oldenburg,3147376.592244707047939,0.140873026724060
189,33,Cloppenburg - Vechta,03459,Osnabrück,5496170.491492116823792,0.246002392734247
190,33,Cloppenburg - Vechta,03460,Vechta,806494875.489865660667419,36.097801079047912
191,34,Diepholz - Nienburg I,03251,Diepholz,1970817752.173693656921387,79.444946919795527
192,34,Diepholz - Nienburg I,03256,Nienburg (Weser),491852515.119657635688782,19.826895162148571
193,34,Diepholz - Nienburg I,03358,Heidekreis,2782.700710194817930,0.000112172477628
194,34,Diepholz - Nienburg I,03361,Verden,4581670.323956483043730,0.184690114186999
195,34,Diepholz - Nienburg I,03401,Delmenhorst,837513.933525827946141,0.033760732021093
196,34,Diepholz - Nienburg I,03458,Oldenburg,3128832.716828715987504,0.126125284205107
197,34,Diepholz - Nienburg I,03459,Osnabrück,115950.976700585189974,0.004674059374144
198,34,Diepholz - Nienburg I,03460,Vechta,1903294.245366431074217,0.076723030391377
199,34,Diepholz - Nienburg I,04011,Bremen,513924.991584296512883,0.020716651061286
200,34,Diepholz - Nienburg I,05770,Minden-Lübbecke,6979690.144704215228558,0.281355854670512
201,35,Rotenburg - Verden,03251,Diepholz,2992512.983714114408940,0.104088962034791
202,35,Rotenburg - Verden,03256,Nienburg (Weser),8148465.601735479198396,0.283429121703644
203,35,Rotenburg - Verden,03352,Cuxhaven,5566630.107758449390531,0.193624807344711
204,35,Rotenburg - Verden,03353,Harburg,1342640.980412735603750,0.046701253026171
205,35,Rotenburg - Verden,03356,Osterholz,1614074.405851290095598,0.056142556595849
206,35,Rotenburg - Verden,03357,Rotenburg (Wümme),2056923817.470143318176270,71.546244347242705
207,35,Rotenburg - Verden,03358,Heidekreis,13726261.803481699898839,0.477442320724346
208,35,Rotenburg - Verden,03359,Stade,3739430.486516346223652,0.130069089110399
209,35,Rotenburg - Verden,03361,Verden,779683670.533203959465027,27.119836880557386
210,35,Rotenburg - Verden,04011,Bremen,1219576.472776498179883,0.042420684509713
211,36,Soltau-Fallingbostel - Winsen L.,02000,Hamburg,4872976.099773555062711,0.205728578628556
212,36,Soltau-Fallingbostel - Winsen L.,03241,Region Hannover,1114526.585096737602726,0.047053374673097
213,36,Soltau-Fallingbostel - Winsen L.,03256,Nienburg (Weser),2496124.524168389849365,0.105382037572667
214,36,Soltau-Fallingbostel - Winsen L.,03351,Celle,3983046.833771292585880,0.168157312275925
215,36,Soltau-Fallingbostel - Winsen L.,03353,Harburg,804718553.633404493331909,33.973818226344463
216,36,Soltau-Fallingbostel - Winsen L.,03355,Lüneburg,2386452.509532354772091,0.100751875793821
217,36,Soltau-Fallingbostel - Winsen L.,03357,Rotenburg (Wümme),4165195.414483835455030,0.175847308664567
218,36,Soltau-Fallingbostel - Winsen L.,03358,Heidekreis,1541218444.145978689193726,65.067563102761994
219,36,Soltau-Fallingbostel - Winsen L.,03359,Stade,2227927.703774284571409,0.094059234110745
220,36,Soltau-Fallingbostel - Winsen L.,03361,Verden,1460005.979129128158092,0.061638914028203
221,37,Lüchow-Dannenberg - Lüneburg,01053,Herzogtum Lauenburg,991922.007047885679640,0.029975056169222
222,37,Lüchow-Dannenberg - Lüneburg,02000,Hamburg,193441.622663589863805,0.005845644580529
223,37,Lüchow-Dannenberg - Lüneburg,03351,Celle,5376531.672123841941357,0.162474305159494
224,37,Lüchow-Dannenberg - Lüneburg,03353,Harburg,433008292.361037611961365,13.085149631763937
225,37,Lüchow-Dannenberg - Lüneburg,03354,Lüchow-Dannenberg,1214937217.429382801055908,36.714389917519441
226,37,Lüchow-Dannenberg - Lüneburg,03355,Lüneburg,1312233223.945827484130859,39.654594126771016
227,37,Lüchow-Dannenberg - Lüneburg,03358,Heidekreis,306756188.003177821636200,9.269916284061145
228,37,Lüchow-Dannenberg - Lüneburg,03360,Uelzen,19073758.563638061285019,0.576393083569964
229,37,Lüchow-Dannenberg - Lüneburg,12070,Prignitz,4710611.772497323341668,0.142350760915410
230,37,Lüchow-Dannenberg - Lüneburg,13076,Ludwigslust-Parchim,7175904.497706533409655,0.216849851959525
231,37,Lüchow-Dannenberg - Lüneburg,15081,Altmarkkreis Salzwedel,2868284.137270567473024,0.086677155575826
232,37,Lüchow-Dannenberg - Lüneburg,15090,Stendal,1832749.202054615132511,0.055384153073874
233,38,Osnabrück-Land,03251,Diepholz,221650.006949386821361,0.011574319746094
234,38,Osnabrück-Land,03404,Osnabrück,769187.705621623317711,0.040166136568910
235,38,Osnabrück-Land,03453,Cloppenburg,811960.642800300731324,0.042399692336398
236,38,Osnabrück-Land,03454,Emsland,981137.126608154154383,0.051233902377994
237,38,Osnabrück-Land,03459,Osnabrück,1898088515.880559444427490,99.116096099229424
238,38,Osnabrück-Land,03460,Vechta,3386434.089050183072686,0.176835866080929
239,38,Osnabrück-Land,05566,Steinfurt,2682526.224105383735150,0.140078571042713
240,38,Osnabrück-Land,05570,Warendorf,1783539.412695590406656,0.093134467832491
241,38,Osnabrück-Land,05754,Gütersloh,1743773.897348377620801,0.091057956327568
242,38,Osnabrück-Land,05758,Herford,2235349.608922799583524,0.116727499692279
243,38,Osnabrück-Land,05770,Minden-Lübbecke,2311336.907681741286069,0.120695472915392
244,39,Stadt Osnabrück,03404,Osnabrück,118973167.022839382290840,36.911146410727994
245,39,Stadt Osnabrück,03459,Osnabrück,201024535.064835280179977,62.367391165624987
246,39,Stadt Osnabrück,05566,Steinfurt,2325440.692761602811515,0.721462528298591
247,40,Nienburg II - Schaumburg,03241,Region Hannover,5881286.583880605176091,0.375230437409699
248,40,Nienburg II - Schaumburg,03251,Diepholz,4019569.220427523367107,0.256451491568771
249,40,Nienburg II - Schaumburg,03252,Hameln-Pyrmont,5421352.911730005405843,0.345886328681257
250,40,Nienburg II - Schaumburg,03256,Nienburg (Weser),887555587.917196512222290,56.626703482258463
251,40,Nienburg II - Schaumburg,03257,Schaumburg,656088429.987879991531372,41.858927473205476
252,40,Nienburg II - Schaumburg,03358,Heidekreis,3711430.323113504797220,0.236792001834164
253,40,Nienburg II - Schaumburg,05766,Lippe,1407199.440329936798662,0.089780365909203
254,40,Nienburg II - Schaumburg,05770,Minden-Lübbecke,3295078.144603051245213,0.210228424659206
255,41,Stadt Hannover I,03241,Region Hannover,115856335.573490187525749,99.999999999999588
256,42,Stadt Hannover II,03241,Region Hannover,97697270.919348224997520,99.999999999992482
257,43,Hannover-Land I,03241,Region Hannover,1114076967.290078639984131,98.667863102975815
258,43,Hannover-Land I,03256,Nienburg (Weser),2790342.388912197202444,0.247125763230983
259,43,Hannover-Land I,03257,Schaumburg,5199526.565222492441535,0.460494373728561
260,43,Hannover-Land I,03351,Celle,4313119.927880750037730,0.381990059112359
261,43,Hannover-Land I,03358,Heidekreis,2738413.596127703320235,0.242526706641539
262,44,Celle - Uelzen,03151,Gifhorn,8741641.676466915756464,0.290412876880862
263,44,Celle - Uelzen,03241,Region Hannover,9277506.836019812151790,0.308215270111520
264,44,Celle - Uelzen,03351,Celle,1530049957.665657758712769,50.830979628613015
265,44,Celle - Uelzen,03354,Lüchow-Dannenberg,4696512.218620888888836,0.156026485092336
266,44,Celle - Uelzen,03355,Lüneburg,6343124.601387195289135,0.210729875700779
267,44,Celle - Uelzen,03358,Heidekreis,12214909.392419382929802,0.405801004980714
268,44,Celle - Uelzen,03360,Uelzen,1438207448.499226331710815,47.779808201764922
269,44,Celle - Uelzen,15081,Altmarkkreis Salzwedel,542616.703827952500433,0.018026691533984
270,45,Gifhorn - Peine,03101,Braunschweig,3827671.768007218837738,0.210089264045443
271,45,Gifhorn - Peine,03102,Salzgitter,3238111.972977775614709,0.177730119647594
272,45,Gifhorn - Peine,03103,Wolfsburg,949704.814971533254720,0.052126409402565
273,45,Gifhorn - Peine,03151,Gifhorn,1269628040.013884305953979,69.686022392887779
274,45,Gifhorn - Peine,03154,Helmstedt,1340149.306721455883235,0.073556720279258
275,45,Gifhorn - Peine,03157,Peine,524029931.870742917060852,28.762409474265155
276,45,Gifhorn - Peine,03241,Region Hannover,7500215.184975494630635,0.411664004621356
277,45,Gifhorn - Peine,03254,Hildesheim,2319715.803655963856727,0.127322146600462
278,45,Gifhorn - Peine,03351,Celle,3765955.411993150133640,0.206701840932799
279,45,Gifhorn - Peine,03360,Uelzen,3031420.827066673897207,0.166385471161242
280,45,Gifhorn - Peine,15081,Altmarkkreis Salzwedel,2295483.320801381021738,0.125992099303443
281,46,Hameln-Pyrmont - Holzminden,03155,Northeim,128024442.840914949774742,7.922418778106831
282,46,Hameln-Pyrmont - Holzminden,03159,Göttingen,137046.424832171091111,0.008480717786930
283,46,Hameln-Pyrmont - Holzminden,03241,Region Hannover,3451914.917080040089786,0.213611674088552
284,46,Hameln-Pyrmont - Holzminden,03252,Hameln-Pyrmont,782897975.398584961891174,48.447354926955775
285,46,Hameln-Pyrmont - Holzminden,03254,Hildesheim,2850719.657624070998281,0.176408461115064
286,46,Hameln-Pyrmont - Holzminden,03255,Holzminden,686393219.152523159980774,42.475439907489807
287,46,Hameln-Pyrmont - Holzminden,03257,Schaumburg,2939704.027775963302702,0.181914999002718
288,46,Hameln-Pyrmont - Holzminden,05762,Höxter,3570922.117269778158516,0.220976087138056
289,46,Hameln-Pyrmont - Holzminden,05766,Lippe,3334873.980061842128634,0.206368937493382
290,46,Hameln-Pyrmont - Holzminden,06633,Kassel,2375897.669067605398595,0.147025488965970
291,47,Hannover-Land II,03151,Gifhorn,610396.206517848302610,0.064241764197562
292,47,Hannover-Land II,03157,Peine,3766347.230804135557264,0.396393011791080
293,47,Hannover-Land II,03241,Region Hannover,935660986.024586558341980,98.474583870619625
294,47,Hannover-Land II,03252,Hameln-Pyrmont,756258.255205702502280,0.079593162579663
295,47,Hannover-Land II,03254,Hildesheim,6701812.888811652548611,0.705339054702384
296,47,Hannover-Land II,03257,Schaumburg,493519.759916941344272,0.051940984732340
297,47,Hannover-Land II,03351,Celle,2165480.030422238167375,0.227908129184691
298,48,Hildesheim,03102,Salzgitter,290649.999803487909958,0.024042348000611
299,48,Hildesheim,03153,Goslar,3128912.545302847865969,0.258821277579596
300,48,Hildesheim,03155,Northeim,944445.235098895616829,0.078123795028793
301,48,Hildesheim,03157,Peine,2142301.105493725743145,0.177209526011345
302,48,Hildesheim,03158,Wolfenbüttel,1252551.050802668556571,0.103610074908960
303,48,Hildesheim,03241,Region Hannover,5108198.941187508404255,0.422546350192387
304,48,Hildesheim,03252,Hameln-Pyrmont,3636901.867048581596464,0.300841769794503
305,48,Hildesheim,03254,Hildesheim,1191342458.248213052749634,98.546946459564396
306,48,Hildesheim,03255,Holzminden,1062129.125705109909177,0.087858517388791
307,49,Salzgitter - Wolfenbüttel,03101,Braunschweig,4064510.567126822192222,0.331641473067312
308,49,Salzgitter - Wolfenbüttel,03102,Salzgitter,220744342.633432686328888,18.011511534579981
309,49,Salzgitter - Wolfenbüttel,03153,Goslar,275847474.410965979099274,22.507620842580000
310,49,Salzgitter - Wolfenbüttel,03154,Helmstedt,2265082.420838981866837,0.184818136958844
311,49,Salzgitter - Wolfenbüttel,03155,Northeim,1031874.033492706366815,0.084195186317190
312,49,Salzgitter - Wolfenbüttel,03157,Peine,636591.082804705132730,0.051942294393420
313,49,Salzgitter - Wolfenbüttel,03158,Wolfenbüttel,716609473.211204290390015,58.471350334747093
314,49,Salzgitter - Wolfenbüttel,03159,Göttingen,267994.376473906624597,0.021866851695846
315,49,Salzgitter - Wolfenbüttel,03254,Hildesheim,2516976.072248396463692,0.205371258971951
316,49,Salzgitter - Wolfenbüttel,15085,Harz,1589349.026535100536421,0.129682047487159
317,50,Braunschweig,03101,Braunschweig,182539772.580274999141693,94.584596466488009
318,50,Braunschweig,03102,Salzgitter,836284.741002500755712,0.433328329715200
319,50,Braunschweig,03151,Gifhorn,2265518.444732408039272,1.173898405007411
320,50,Braunschweig,03154,Helmstedt,972722.941885365406051,0.504024989356562
321,50,Braunschweig,03157,Peine,5198627.507094955071807,2.693714788769789
322,50,Braunschweig,03158,Wolfenbüttel,1178088.661545321810991,0.610437052040297
323,51,Helmstedt - Wolfsburg,03101,Braunschweig,1722545.767310291528702,0.147224044665106
324,51,Helmstedt - Wolfsburg,03103,Wolfsburg,203873623.975925415754318,17.424848785955056
325,51,Helmstedt - Wolfsburg,03151,Gifhorn,285666973.372500658035278,24.415634141791042
326,51,Helmstedt - Wolfsburg,03154,Helmstedt,666399537.813073873519897,56.956417171425535
327,51,Helmstedt - Wolfsburg,03158,Wolfenbüttel,3013088.894042027648538,0.257525310696997
328,51,Helmstedt - Wolfsburg,15081,Altmarkkreis Salzwedel,2761351.312278383411467,0.236009583402663
329,51,Helmstedt - Wolfsburg,15083,Börde,6303334.230812436901033,0.538738870076744
330,51,Helmstedt - Wolfsburg,15085,Harz,276147.249817380332388,0.023601994102452
331,52,Goslar - Northeim - Osterode,03153,Goslar,685941590.298538088798523,29.548666202980122
332,52,Goslar - Northeim - Osterode,03155,Northeim,1127079845.537122488021851,48.551810549041448
333,52,Goslar - Northeim - Osterode,03158,Wolfenbüttel,1158754.280074449488893,0.049916266803843
334,52,Goslar - Northeim - Osterode,03159,Göttingen,497091537.822954356670380,21.413473291601708
335,52,Goslar - Northeim - Osterode,03254,Hildesheim,1207794.697338500991464,0.052028806618727
336,52,Goslar - Northeim - Osterode,03255,Holzminden,2971855.254848557058722,0.128020169896497
337,52,Goslar - Northeim - Osterode,05762,Höxter,47767.134569987938448,0.002057689947430
338,52,Goslar - Northeim - Osterode,06633,Kassel,65993.378418103719014,0.002842831427724
339,52,Goslar - Northeim - Osterode,15085,Harz,4646646.913816246204078,0.200166049939772
340,52,Goslar - Northeim - Osterode,16062,Nordhausen,1184333.407842626795173,0.051018152327152
341,53,Göttingen,03155,Northeim,8240333.762254393659532,0.654296388319289
342,53,Göttingen,03159,Göttingen,1236568628.439124584197998,98.185633111456355
343,53,Göttingen,06633,Kassel,6900878.758973808027804,0.547941403648993
344,53,Göttingen,06636,Werra-Meißner-Kreis,2944103.632216447498649,0.233766790153646
345,53,Göttingen,16061,Eichsfeld,4231204.184776960872114,0.335964743202784
346,53,Göttingen,16062,Nordhausen,533963.052442852407694,0.042397566262379
347,54,Bremen I,03251,Diepholz,4008208.235505640972406,2.454649883981193
348,54,Bremen I,03356,Osterholz,1866782.812830564565957,1.143228581374981
349,54,Bremen I,03361,Verden,1580120.904634912963957,0.967675172382617
350,54,Bremen I,03401,Delmenhorst,20355.450306174410798,0.012465795387034
351,54,Bremen I,04011,Bremen,155814957.773099899291992,95.421980483013741
352,55,Bremen II - Bremerhaven,03352,Cuxhaven,2649077.407211259007454,1.173396130161049
353,55,Bremen II - Bremerhaven,03356,Osterholz,1348051.618051954545081,0.597112997745392
354,55,Bremen II - Bremerhaven,03401,Delmenhorst,242709.272528533387231,0.107506908014060
355,55,Bremen II - Bremerhaven,03461,Wesermarsch,1180212.256033378653228,0.522769357448137
356,55,Bremen II - Bremerhaven,04011,Bremen,149747839.652422994375229,66.330087248416007
357,55,Bremen II - Bremerhaven,04012,Bremerhaven,70201041.974328652024269,31.095214795050900
358,56,Prignitz - Ostprignitz-Ruppin - Havelland I,03354,Lüchow-Dannenberg,506333.778602482751012,0.009818850744483
359,56,Prignitz - Ostprignitz-Ruppin - Havelland I,12063,Havelland,488446702.232705414295197,9.471983637148043
360,56,Prignitz - Ostprignitz-Ruppin - Havelland I,12065,Oberhavel,7773233.004211416468024,0.150738935255523
361,56,Prignitz - Ostprignitz-Ruppin - Havelland I,12068,Ostprignitz-Ruppin,2514436670.883469581604004,48.760085582288340
362,56,Prignitz - Ostprignitz-Ruppin - Havelland I,12070,Prignitz,2120803860.780044794082642,41.126737830524988
363,56,Prignitz - Ostprignitz-Ruppin - Havelland I,13071,Mecklenburgische Seenplatte,5925698.508891706354916,0.114911451051530
364,56,Prignitz - Ostprignitz-Ruppin - Havelland I,13076,Ludwigslust-Parchim,9049840.172176944091916,0.175494967286782
365,56,Prignitz - Ostprignitz-Ruppin - Havelland I,15090,Stendal,9809625.541760481894016,0.190228764353163
366,57,Uckermark - Barnim I,12060,Barnim,777244173.284331917762756,20.016798234454317
367,57,Uckermark - Barnim I,12064,Märkisch-Oderland,22494047.825420759618282,0.579301630393695
368,57,Uckermark - Barnim I,12065,Oberhavel,6818517.993404395878315,0.175601057715544
369,57,Uckermark - Barnim I,12073,Uckermark,3055914189.190465927124023,78.700644983097874
370,57,Uckermark - Barnim I,13071,Mecklenburgische Seenplatte,2913163.548935335129499,0.075024308946056
371,57,Uckermark - Barnim I,13075,Vorpommern-Greifswald,14135916.637406170368195,0.364050064208734
372,58,Oberhavel - Havelland II,11000,Berlin,3819749.273801289033145,0.154208837848578
373,58,Oberhavel - Havelland II,12051,Brandenburg an der Havel,99973.832247853439185,0.004036089120286
374,58,Oberhavel - Havelland II,12054,Potsdam,2181694.476640971843153,0.088078181489817
375,58,Oberhavel - Havelland II,12060,Barnim,7817087.116857516579330,0.315587184719076
376,58,Oberhavel - Havelland II,12063,Havelland,662305187.675911068916321,26.738224415171246
377,58,Oberhavel - Havelland II,12065,Oberhavel,1785354239.883964538574219,72.077349256630612
378,58,Oberhavel - Havelland II,12068,Ostprignitz-Ruppin,6930618.594942821189761,0.279799160229770
379,58,Oberhavel - Havelland II,12069,Potsdam-Mittelmark,1846120.369926467537880,0.074530566371869
380,58,Oberhavel - Havelland II,12073,Uckermark,5241748.297934314236045,0.211617008179909
381,58,Oberhavel - Havelland II,13071,Mecklenburgische Seenplatte,1401220.098832612158731,0.056569294873119
382,59,Märkisch-Oderland - Barnim II,11000,Berlin,4501916.778071830980480,0.158155647187375
383,59,Märkisch-Oderland - Barnim II,12053,Frankfurt (Oder),966227.715004847152159,0.033944290205742
384,59,Märkisch-Oderland - Barnim II,12060,Barnim,694739626.259516358375549,24.406713991911960
385,59,Märkisch-Oderland - Barnim II,12064,Märkisch-Oderland,2128074649.390637159347534,74.760827449496801
386,59,Märkisch-Oderland - Barnim II,12065,Oberhavel,5484448.482618884183466,0.192672708535921
387,59,Märkisch-Oderland - Barnim II,12067,Oder-Spree,8969843.368817284703255,0.315117194097107
388,60,Brandenburg an der Havel - Potsdam-Mittelmark I - Havelland III - Teltow-Fläming I,12051,Brandenburg an der Havel,229580399.055987447500229,6.730978765062702
389,60,Brandenburg an der Havel - Potsdam-Mittelmark I - Havelland III - Teltow-Fläming I,12063,Havelland,570001145.386889576911926,16.711642724886673
390,60,Brandenburg an der Havel - Potsdam-Mittelmark I - Havelland III - Teltow-Fläming I,12069,Potsdam-Mittelmark,2207713238.713809967041016,64.727089029523626
391,60,Brandenburg an der Havel - Potsdam-Mittelmark I - Havelland III - Teltow-Fläming I,12072,Teltow-Fläming,383699041.427811920642853,11.249523524853199
392,60,Brandenburg an der Havel - Potsdam-Mittelmark I - Havelland III - Teltow-Fläming I,15082,Anhalt-Bitterfeld,1557781.783739460632205,0.045672000528210
393,60,Brandenburg an der Havel - Potsdam-Mittelmark I - Havelland III - Teltow-Fläming I,15086,Jerichower Land,4778148.487222225405276,0.140088684121357
394,60,Brandenburg an der Havel - Potsdam-Mittelmark I - Havelland III - Teltow-Fläming I,15090,Stendal,4839269.346706521697342,0.141880662918253
395,60,Brandenburg an der Havel - Potsdam-Mittelmark I - Havelland III - Teltow-Fläming I,15091,Wittenberg,8633580.179744159802794,0.253124592061330
396,61,Potsdam - Potsdam-Mittelmark II - Teltow-Fläming II,11000,Berlin,3501802.909478554036468,0.429727529527503
397,61,Potsdam - Potsdam-Mittelmark II - Teltow-Fläming II,12054,Potsdam,183309834.395141720771790,22.495064487923980
398,61,Potsdam - Potsdam-Mittelmark II - Teltow-Fläming II,12061,Dahme-Spreewald,1137318.482600148301572,0.139567267047164
399,61,Potsdam - Potsdam-Mittelmark II - Teltow-Fläming II,12063,Havelland,1831064.564047081395984,0.224701067379739
400,61,Potsdam - Potsdam-Mittelmark II - Teltow-Fläming II,12069,Potsdam-Mittelmark,375714312.912293434143066,46.106188060699523
401,61,Potsdam - Potsdam-Mittelmark II - Teltow-Fläming II,12072,Teltow-Fläming,249394792.417461603879929,30.604751550263249
402,62,Dahme-Spreewald - Teltow-Fläming III - Oberspreewald-Lausitz I,11000,Berlin,3569196.538058913778514,0.091878404409854
403,62,Dahme-Spreewald - Teltow-Fläming III - Oberspreewald-Lausitz I,12061,Dahme-Spreewald,2256621768.793649196624756,58.090050593308327
404,62,Dahme-Spreewald - Teltow-Fläming III - Oberspreewald-Lausitz I,12062,Elbe-Elster,4189510.375029538758099,0.107846548771333
405,62,Dahme-Spreewald - Teltow-Fläming III - Oberspreewald-Lausitz I,12066,Oberspreewald-Lausitz,141947343.471293509006500,3.654014366900829
406,62,Dahme-Spreewald - Teltow-Fläming III - Oberspreewald-Lausitz I,12067,Oder-Spree,7051672.867913604713976,0.181524453645390
407,62,Dahme-Spreewald - Teltow-Fläming III - Oberspreewald-Lausitz I,12069,Potsdam-Mittelmark,1232396.819409080548212,0.031724409726304
408,62,Dahme-Spreewald - Teltow-Fläming III - Oberspreewald-Lausitz I,12071,Spree-Neiße,2314641.730421747080982,0.059583602837201
409,62,Dahme-Spreewald - Teltow-Fläming III - Oberspreewald-Lausitz I,12072,Teltow-Fläming,1467515721.830343246459961,37.776850204353110
410,62,Dahme-Spreewald - Teltow-Fläming III - Oberspreewald-Lausitz I,15091,Wittenberg,253570.698327759135282,0.006527427368883
411,63,Frankfurt (Oder) - Oder-Spree,11000,Berlin,982064.138754993327893,0.040803678456359
412,63,Frankfurt (Oder) - Oder-Spree,12053,Frankfurt (Oder),146311492.889150798320770,6.079080657488686
413,63,Frankfurt (Oder) - Oder-Spree,12061,Dahme-Spreewald,14217671.537899414077401,0.590728522646225
414,63,Frankfurt (Oder) - Oder-Spree,12064,Märkisch-Oderland,4381721.529144563712180,0.182055681808299
415,63,Frankfurt (Oder) - Oder-Spree,12067,Oder-Spree,2234561535.358928203582764,92.843559581886808
416,63,Frankfurt (Oder) - Oder-Spree,12071,Spree-Neiße,1942057.258625030051917,0.080690330496370
417,64,Cottbus - Spree-Neiße,12052,Cottbus,165441607.356714874505997,9.040243479237423
418,64,Cottbus - Spree-Neiße,12061,Dahme-Spreewald,3450081.888913608156145,0.188523194360880
419,64,Cottbus - Spree-Neiße,12066,Oberspreewald-Lausitz,3941148.270999306347221,0.215356587299037
420,64,Cottbus - Spree-Neiße,12067,Oder-Spree,2794734.813230894971639,0.152712993878459
421,64,Cottbus - Spree-Neiße,12071,Spree-Neiße,1644256682.202296972274780,89.847294081361341
422,64,Cottbus - Spree-Neiße,14625,Bautzen,1481760.224069870542735,0.080967982706784
423,64,Cottbus - Spree-Neiße,14626,Görlitz,2198964.602171825710684,0.120158258393824
424,65,Elbe-Elster - Oberspreewald-Lausitz II,12061,Dahme-Spreewald,4031343.560677028726786,0.134811691249441
425,65,Elbe-Elster - Oberspreewald-Lausitz II,12062,Elbe-Elster,1885559049.630561113357544,63.054760926576705
426,65,Elbe-Elster - Oberspreewald-Lausitz II,12066,Oberspreewald-Lausitz,1074873293.974566221237183,35.944712837928698
427,65,Elbe-Elster - Oberspreewald-Lausitz II,12071,Spree-Neiße,3056616.582594749983400,0.102215959716289
428,65,Elbe-Elster - Oberspreewald-Lausitz II,12072,Teltow-Fläming,3194852.613061263691634,0.106838694737085
429,65,Elbe-Elster - Oberspreewald-Lausitz II,14625,Bautzen,4741610.943662655539811,0.158563660214231
430,65,Elbe-Elster - Oberspreewald-Lausitz II,14627,Meißen,5818067.071635852567852,0.194561304419856
431,65,Elbe-Elster - Oberspreewald-Lausitz II,14730,Nordsachsen,5936724.186142062768340,0.198529303188653
432,65,Elbe-Elster - Oberspreewald-Lausitz II,15091,Wittenberg,3140037.689009815920144,0.105005635235740
433,66,Altmark,03151,Gifhorn,1195225.166797962505370,0.025276137950071
434,66,Altmark,03354,Lüchow-Dannenberg,5186450.279207564890385,0.109680950811667
435,66,Altmark,03360,Uelzen,1116340.707459155702963,0.023607921339718
436,66,Altmark,12063,Havelland,2886170.857586631085724,0.061035572852998
437,66,Altmark,12068,Ostprignitz-Ruppin,1732176.929276585113257,0.036631376442332
438,66,Altmark,12070,Prignitz,3838940.030563336331397,0.081184349602112
439,66,Altmark,15081,Altmarkkreis Salzwedel,2292230931.983253955841064,48.475171758178000
440,66,Altmark,15083,Börde,5434769.507165377959609,0.114932305314461
441,66,Altmark,15086,Jerichower Land,3589083.346007566433400,0.075900481589612
442,66,Altmark,15090,Stendal,2411459968.384855747222900,50.996579151074975
443,67,Elbe-Havel-Gebiet,03151,Gifhorn,347990.358932234870736,0.008593429613635
444,67,Elbe-Havel-Gebiet,03154,Helmstedt,2363011.321675322949886,0.058353258783798
445,67,Elbe-Havel-Gebiet,12063,Havelland,2563130.205861144699156,0.063295084042655
446,67,Elbe-Havel-Gebiet,12069,Potsdam-Mittelmark,6815625.725318807177246,0.168308110957789
447,67,Elbe-Havel-Gebiet,15001,Dessau-Roßlau,68806920.622130617499352,1.699148881915991
448,67,Elbe-Havel-Gebiet,15003,Magdeburg,2108524.298801353201270,0.052068842383984
449,67,Elbe-Havel-Gebiet,15081,Altmarkkreis Salzwedel,2502687.514551016967744,0.061802485181509
450,67,Elbe-Havel-Gebiet,15082,Anhalt-Bitterfeld,466871360.315336763858795,11.529130248901962
451,67,Elbe-Havel-Gebiet,15083,Börde,1489287418.826461791992188,36.777129824592599
452,67,Elbe-Havel-Gebiet,15086,Jerichower Land,1579156820.960677385330200,38.996405048278412
453,67,Elbe-Havel-Gebiet,15089,Salzlandkreis,2538222.358458736445755,0.062679998515181
454,67,Elbe-Havel-Gebiet,15090,Stendal,9375826.371149798855186,0.231530851134380
455,67,Elbe-Havel-Gebiet,15091,Wittenberg,416755791.236604392528534,10.291553964470431
456,68,Harz,03153,Goslar,3628931.059559378307313,0.181091078444097
457,68,Harz,03154,Helmstedt,448973.822934341442306,0.022404711595216
458,68,Harz,03158,Wolfenbüttel,486666.879853544814978,0.024285672190863
459,68,Harz,15083,Börde,3212982.368496053386480,0.160334388442051
460,68,Harz,15085,Harz,1986962779.224810123443604,99.153504603030214
461,68,Harz,15087,Mansfeld-Südharz,5975860.597197168506682,0.298207660166852
462,68,Harz,15089,Salzlandkreis,2401012.363849069923162,0.119815425311450
463,68,Harz,16062,Nordhausen,808713.487622582004406,0.040356456273832
464,69,Magdeburg,15003,Magdeburg,191269429.267087042331696,96.323742705927941
465,69,Magdeburg,15083,Börde,4048360.740486239548773,2.038764165510469
466,69,Magdeburg,15086,Jerichower Land,1383484.992645560763776,0.696726356008607
467,69,Magdeburg,15089,Salzlandkreis,1868074.315076040569693,0.940766699469106
468,70,Börde,03154,Helmstedt,1652704.012152110226452,0.082885927990211
469,70,Börde,15003,Magdeburg,7609660.751708612777293,0.381637479220933
470,70,Börde,15082,Anhalt-Bitterfeld,2015624.137322332942858,0.101086991907207
471,70,Börde,15083,Börde,868245083.839346408843994,43.543973372008161
472,70,Börde,15085,Harz,105426109.781000867486000,5.287299407119631
473,70,Börde,15086,Jerichower Land,773921.564142778282985,0.038813487813876
474,70,Börde,15087,Mansfeld-Südharz,1821350.896990430075675,0.091343857207845
475,70,Börde,15089,Salzlandkreis,1006405606.718866944313049,50.472959485843425
476,71,Anhalt,12062,Elbe-Elster,2963759.097106428351253,0.135838721380631
477,71,Anhalt,12069,Potsdam-Mittelmark,648135.710397040355019,0.029706168179262
478,71,Anhalt,12072,Teltow-Fläming,2791294.046666796319187,0.127934087040600
479,71,Anhalt,14730,Nordsachsen,5736696.555201397277415,0.262931466247725
480,71,Anhalt,15001,Dessau-Roßlau,174423350.909468621015549,7.994389621477546
481,71,Anhalt,15082,Anhalt-Bitterfeld,479980421.951743900775909,21.999064252326171
482,71,Anhalt,15088,Saalekreis,391680.139579044887796,0.017951975044986
483,71,Anhalt,15089,Salzlandkreis,4933678.038633654825389,0.226126515183372
484,71,Anhalt,15091,Wittenberg,1509952976.585467100143433,69.206057227964308
485,72,Bernburg - Bitterfeld - Saalkreis,14730,Nordsachsen,6511009.595510238781571,0.421876211764260
486,72,Bernburg - Bitterfeld - Saalkreis,15001,Dessau-Roßlau,3124817.550322394818068,0.202470319118179
487,72,Bernburg - Bitterfeld - Saalkreis,15002,Halle (Saale),3399864.460612735245377,0.220291787028589
488,72,Bernburg - Bitterfeld - Saalkreis,15082,Anhalt-Bitterfeld,508291034.166690051555634,32.934354161580181
489,72,Bernburg - Bitterfeld - Saalkreis,15087,Mansfeld-Südharz,2786534.300459164194763,0.180551497795291
490,72,Bernburg - Bitterfeld - Saalkreis,15088,Saalekreis,601878043.780405521392822,38.998257540467094
491,72,Bernburg - Bitterfeld - Saalkreis,15089,Salzlandkreis,414791216.628904998302460,26.876100330916135
492,72,Bernburg - Bitterfeld - Saalkreis,15091,Wittenberg,2563468.648115448653698,0.166098118330087
493,73,Halle,15002,Halle (Saale),131289447.950743958353996,96.793217973940500
494,73,Halle,15088,Saalekreis,4349649.779651257209480,3.206781701070446
495,74,Burgenland,14729,Leipzig,2444849.753128217998892,0.143557911263765
496,74,Burgenland,14730,Nordsachsen,290975.949612231226638,0.017085671420452
497,74,Burgenland,15002,Halle (Saale),1078001.721861132653430,0.063298644561333
498,74,Burgenland,15084,Burgenlandkreis,1405330603.530201196670532,82.518905638150159
499,74,Burgenland,15088,Saalekreis,285610119.149453043937683,16.770597902152669
500,74,Burgenland,16052,Gera,517381.538594632467721,0.030379868092934
501,74,Burgenland,16065,Kyffhäuserkreis,1314858.788468944607303,0.077206536327186
502,74,Burgenland,16068,Sömmerda,1203362.389452894916758,0.070659634974375
503,74,Burgenland,16071,Weimarer Land,514180.930880686617456,0.030191933207529
504,74,Burgenland,16074,Saale-Holzland-Kreis,2475893.001721834298223,0.145380724269447
505,74,Burgenland,16076,Greiz,1201785.840536737581715,0.070567062386175
506,74,Burgenland,16077,Altenburger Land,1058754.099121733335778,0.062168453017364
507,75,Mansfelder Land,15084,Burgenlandkreis,1757141.920569402864203,0.087768231090832
508,75,Mansfelder Land,15085,Harz,6642796.292523929849267,0.331803864711526
509,75,Mansfelder Land,15087,Mansfeld-Südharz,1439030180.431733131408691,71.878732129892853
510,75,Mansfelder Land,15088,Saalekreis,543907650.836755394935608,27.167875190890829
511,75,Mansfelder Land,15089,Salzlandkreis,2173415.861918806564063,0.108560875699530
512,75,Mansfelder Land,16062,Nordhausen,5494158.362923963926733,0.274430058950773
513,75,Mansfelder Land,16065,Kyffhäuserkreis,3019648.175492514390498,0.150829694390168
514,76,Berlin-Mitte,11000,Berlin,47701171.852814644575119,100.000000000009777
515,77,Berlin-Pankow,11000,Berlin,95298690.682821303606033,96.344376261382408
516,77,Berlin-Pankow,12060,Barnim,3218040.446811955422163,3.253351094443594
517,77,Berlin-Pankow,12065,Oberhavel,397906.510254257940687,0.402272625847318
518,78,Berlin-Reinickendorf,11000,Berlin,81827692.360654309391975,98.294134286901297
519,78,Berlin-Reinickendorf,12065,Oberhavel,1420095.428623985266313,1.705865663987600
520,79,Berlin-Spandau - Charlottenburg Nord,11000,Berlin,80106297.866274788975716,98.394456621438593
521,79,Berlin-Spandau - Charlottenburg Nord,12054,Potsdam,126315.612552961523761,0.155153294946931
522,79,Berlin-Spandau - Charlottenburg Nord,12063,Havelland,546081.996508603100665,0.670751772936889
523,79,Berlin-Spandau - Charlottenburg Nord,12065,Oberhavel,634730.411982035846449,0.779638500986921
524,80,Berlin-Steglitz - Zehlendorf,11000,Berlin,105520664.225033760070801,97.633921327251969
525,80,Berlin-Steglitz - Zehlendorf,12054,Potsdam,1534375.396712378365919,1.419694311718966
526,80,Berlin-Steglitz - Zehlendorf,12069,Potsdam-Mittelmark,1000893.544167184038088,0.926085542257133
527,80,Berlin-Steglitz - Zehlendorf,12072,Teltow-Fläming,21938.398626885151316,0.020298696007213
528,81,Berlin-Charlottenburg - Wilmersdorf,11000,Berlin,62956605.189352899789810,99.999999999992355
529,82,Berlin-Tempelhof - Schöneberg,11000,Berlin,51822039.331314615905285,99.770140673187072
530,82,Berlin-Tempelhof - Schöneberg,12061,Dahme-Spreewald,75249.803784955583978,0.144874335439710
531,82,Berlin-Tempelhof - Schöneberg,12072,Teltow-Fläming,44142.561302591020649,0.084985261245267
532,83,Berlin-Neukölln,11000,Berlin,57116358.541085809469223,99.780881833238070
533,83,Berlin-Neukölln,12061,Dahme-Spreewald,125427.054126971896039,0.219117996773760
534,84,Berlin-Friedrichshain - Kreuzberg - Prenzlauer Berg Ost,11000,Berlin,27213514.944970346987247,100.000000000021231
535,85,Berlin-Treptow - Köpenick,11000,Berlin,158894847.521135717630386,97.587369675530937
536,85,Berlin-Treptow - Köpenick,12061,Dahme-Spreewald,589072.852232463192195,0.361786874108565
537,85,Berlin-Treptow - Köpenick,12064,Märkisch-Oderland,773327.778517233789898,0.474949471174514
538,85,Berlin-Treptow - Köpenick,12067,Oder-Spree,2565920.457949956879020,1.575893946181373
539,86,Berlin-Marzahn - Hellersdorf,11000,Berlin,57987429.322490468621254,98.909664323711638
540,86,Berlin-Marzahn - Hellersdorf,12060,Barnim,284391.772287793399300,0.485089528231616
541,86,Berlin-Marzahn - Hellersdorf,12064,Märkisch-Oderland,354835.531389999436215,0.605246062982454
542,87,Berlin-Lichtenberg,11000,Berlin,50224773.005161009728909,99.710938265836432
543,87,Berlin-Lichtenberg,12060,Barnim,145601.359439862571890,0.289061498815299
544,88,Aachen,05334,Städteregion Aachen,155198203.329421013593674,95.931306031738330
545,89,Kreis Aachen,05334,Städteregion Aachen,526722621.352311789989471,96.534504960160959
546,89,Kreis Aachen,05358,Düren,6467223.512766474857926,1.185273225343475
547,89,Kreis Aachen,05366,Euskirchen,1745131.238032841589302,0.319836994510496
548,89,Kreis Aachen,05370,Heinsberg,1801848.874273912981153,0.330231856464564
549,90,Heinsberg,05116,Mönchengladbach,4017902.222542295232415,0.628688173602912
550,90,Heinsberg,05162,Rhein-Kreis Neuss,2186432.398044845089316,0.342114893518561
551,90,Heinsberg,05166,Viersen,824678.314654018729925,0.129038855286455
552,90,Heinsberg,05334,Städteregion Aachen,761869.890872209798545,0.119211111591568
553,90,Heinsberg,05358,Düren,5376976.933149126358330,0.841344965698932
554,90,Heinsberg,05370,Heinsberg,618653793.279856443405151,96.801838832087682
555,91,Düren,05334,Städteregion Aachen,11795432.656036278232932,1.248744303707410
556,91,Düren,05358,Düren,920951262.887263894081116,97.498131442774167
557,91,Düren,05362,Rhein-Erft-Kreis,7321207.978788697160780,0.775072608726316
558,91,Düren,05366,Euskirchen,3476217.763333364389837,0.368015930995766
559,91,Düren,05370,Heinsberg,1039379.844530987204053,0.110035782331575
560,92,Erftkreis I,05162,Rhein-Kreis Neuss,1919888.547754877014086,0.367776897544383
561,92,Erftkreis I,05315,Köln,4071954.146707766689360,0.780029999538479
562,92,Erftkreis I,05358,Düren,5390885.760649206116796,1.032686632974745
563,92,Erftkreis I,05362,Rhein-Erft-Kreis,510642596.822292923927307,97.819506362974522
564,93,Euskirchen - Erftkreis II,05315,Köln,301878.630477840662934,0.021159600272943
565,93,Euskirchen - Erftkreis II,05334,Städteregion Aachen,1716419.231239382177591,0.120309095003937
566,93,Euskirchen - Erftkreis II,05358,Düren,2261506.133688777219504,0.158515909946713
567,93,Euskirchen - Erftkreis II,05362,Rhein-Erft-Kreis,177086073.934752464294434,12.412506749593156
568,93,Euskirchen - Erftkreis II,05366,Euskirchen,1228256565.465130805969238,86.092274622821847
569,93,Euskirchen - Erftkreis II,05382,Rhein-Sieg-Kreis,6138821.741921858862042,0.430288868080217
570,93,Euskirchen - Erftkreis II,07131,Ahrweiler,3306597.372992010787129,0.231769564362089
571,93,Euskirchen - Erftkreis II,07232,Eifelkreis Bitburg-Prüm,79969.233686792882509,0.005605289172896
572,93,Euskirchen - Erftkreis II,07233,Vulkaneifel,5190528.794656827114522,0.363820103219262
573,94,Köln I,05315,Köln,131336962.333142116665840,95.361383949763024
574,94,Köln I,05378,Rheinisch-Bergischer Kreis,825630.106219214852899,0.599475030950874
575,94,Köln I,05382,Rhein-Sieg-Kreis,5562928.035423440858722,4.039141052503617
576,95,Köln II,05315,Köln,89401050.292415738105774,97.243434776270533
577,95,Köln II,05362,Rhein-Erft-Kreis,2526335.200393859297037,2.747948838173076
578,95,Köln II,05382,Rhein-Sieg-Kreis,7921.498414061982658,0.008616383273335
579,96,Köln III,05158,Mettmann,149475.747639122186229,0.121764422381993
580,96,Köln III,05162,Rhein-Kreis Neuss,566526.177896270761266,0.461497827609880
581,96,Köln III,05315,Köln,121720518.738393411040306,99.154738412814368
582,96,Köln III,05316,Leverkusen,129196.180224983720109,0.105244486196084
583,96,Köln III,05362,Rhein-Erft-Kreis,192429.402234192093601,0.156754894238281
584,97,Bonn,05314,Bonn,134738577.642264038324356,97.264424868108364
585,97,Bonn,05382,Rhein-Sieg-Kreis,3551356.807671270333230,2.563636068036077
586,97,Bonn,07131,Ahrweiler,238183.931122766778572,0.171939050262129
587,98,Rhein-Sieg-Kreis I,05314,Bonn,250829.839590107032564,0.038392953786917
588,98,Rhein-Sieg-Kreis I,05315,Köln,361109.896694651630241,0.055272831966293
589,98,Rhein-Sieg-Kreis I,05362,Rhein-Erft-Kreis,540956.858160129282624,0.082800880828203
590,98,Rhein-Sieg-Kreis I,05374,Oberbergischer Kreis,1396755.266127718379721,0.213792587324166
591,98,Rhein-Sieg-Kreis I,05378,Rheinisch-Bergischer Kreis,1859456.295771588338539,0.284615338226953
592,98,Rhein-Sieg-Kreis I,05382,Rhein-Sieg-Kreis,646344777.770484089851379,98.931950137626828
593,98,Rhein-Sieg-Kreis I,07132,Altenkirchen (Westerwald),1875195.029738600365818,0.287024367738145
594,98,Rhein-Sieg-Kreis I,07138,Neuwied,693508.022817499586381,0.106150932896975
595,99,Rhein-Sieg-Kreis II,05314,Bonn,6595018.844502104446292,1.340713664489245
596,99,Rhein-Sieg-Kreis II,05362,Rhein-Erft-Kreis,481267.066553822776768,0.097837678346479
597,99,Rhein-Sieg-Kreis II,05366,Euskirchen,4843807.209927084855735,0.984706589567152
598,99,Rhein-Sieg-Kreis II,05382,Rhein-Sieg-Kreis,474362022.631248593330383,96.433939106429605
599,99,Rhein-Sieg-Kreis II,07131,Ahrweiler,3788305.719854794442654,0.770131725719964
600,99,Rhein-Sieg-Kreis II,07138,Neuwied,1833183.080233779270202,0.372671202786451
601,100,Oberbergischer Kreis,05120,Remscheid,846699.377896381658502,0.091521377034433
602,100,Oberbergischer Kreis,05124,Wuppertal,508597.824366713059135,0.054975324723168
603,100,Oberbergischer Kreis,05374,Oberbergischer Kreis,901350163.411950469017029,97.428686378186995
604,100,Oberbergischer Kreis,05378,Rheinisch-Bergischer Kreis,7856366.132149807177484,0.849209844333940
605,100,Oberbergischer Kreis,05382,Rhein-Sieg-Kreis,7066294.462675500661135,0.763809466072376
606,100,Oberbergischer Kreis,05954,Ennepe-Ruhr-Kreis,4167042.402026393916458,0.450423690804929
607,100,Oberbergischer Kreis,05962,Märkischer Kreis,1570631.429058362729847,0.169772595744805
608,100,Oberbergischer Kreis,05966,Olpe,360000.734587548533455,0.038913177242102
609,100,Oberbergischer Kreis,07132,Altenkirchen (Westerwald),1412576.398532438790426,0.152688121114753
610,101,Rheinisch-Bergischer Kreis,05120,Remscheid,1544972.114153034752235,0.352406552521917
611,101,Rheinisch-Bergischer Kreis,05122,Solingen,2915216.872898328583688,0.664957974723718
612,101,Rheinisch-Bergischer Kreis,05158,Mettmann,105155.947921246799524,0.023985963723634
613,101,Rheinisch-Bergischer Kreis,05315,Köln,1770075.870805361075327,0.403752488228379
614,101,Rheinisch-Bergischer Kreis,05316,Leverkusen,1550178.296735226642340,0.353594077422064
615,101,Rheinisch-Bergischer Kreis,05374,Oberbergischer Kreis,3936205.538868545088917,0.897844440856320
616,101,Rheinisch-Bergischer Kreis,05378,Rheinisch-Bergischer Kreis,424170490.244222998619080,96.752853193369347
617,101,Rheinisch-Bergischer Kreis,05382,Rhein-Sieg-Kreis,2413887.800155846867710,0.550605328105860
618,102,Leverkusen - Köln IV,05158,Mettmann,445193.686498954892159,0.328362522724600
619,102,Leverkusen - Köln IV,05315,Köln,56872950.151390694081783,41.947911555895175
620,102,Leverkusen - Köln IV,05316,Leverkusen,76660124.620642930269241,56.542382958693736
621,102,Leverkusen - Köln IV,05378,Rheinisch-Bergischer Kreis,1601664.369517775019631,1.181343242014277
622,103,Wuppertal I,05120,Remscheid,932312.416537871467881,0.692004603845198
623,103,Wuppertal I,05122,Solingen,452398.101487623993307,0.335790410432173
624,103,Wuppertal I,05124,Wuppertal,129181058.318186074495316,95.884046484913966
625,103,Wuppertal I,05158,Mettmann,2095747.272937176516280,1.555558775838349
626,103,Wuppertal I,05374,Oberbergischer Kreis,250630.163762531970860,0.186029086505363
627,103,Wuppertal I,05954,Ennepe-Ruhr-Kreis,1814185.470981214661151,1.346570823126083
628,104,Solingen - Remscheid - Wuppertal II,05120,Remscheid,70728853.555263891816139,36.635275691634789
629,104,Solingen - Remscheid - Wuppertal II,05122,Solingen,85183830.190013840794563,44.122489572691563
630,104,Solingen - Remscheid - Wuppertal II,05124,Wuppertal,34140337.001685798168182,17.683598636090078
631,104,Solingen - Remscheid - Wuppertal II,05158,Mettmann,1066035.626989708282053,0.552172234226270
632,104,Solingen - Remscheid - Wuppertal II,05374,Oberbergischer Kreis,523083.223576424294151,0.270940318443280
633,104,Solingen - Remscheid - Wuppertal II,05378,Rheinisch-Bergischer Kreis,1420017.767159192357212,0.735523619738142
634,105,Mettmann I,05111,Düsseldorf,2631169.049061511643231,1.425389222335677
635,105,Mettmann I,05122,Solingen,413268.396380940394010,0.223880832872920
636,105,Mettmann I,05124,Wuppertal,1447734.945302679436281,0.784284760634902
637,105,Mettmann I,05158,Mettmann,178461342.664537489414215,96.678271024933721
638,105,Mettmann I,05162,Rhein-Kreis Neuss,907460.898381290491670,0.491600866430496
639,105,Mettmann I,05315,Köln,128101.862760293661267,0.069396914882673
640,105,Mettmann I,05316,Leverkusen,416576.284486626740545,0.225672822656404
641,105,Mettmann I,05378,Rheinisch-Bergischer Kreis,187368.586719603335951,0.101503612703885
642,106,Mettmann II,05111,Düsseldorf,3695388.453368023969233,1.661600940310563
643,106,Mettmann II,05112,Duisburg,187157.597052493132651,0.084153869930847
644,106,Mettmann II,05113,Essen,958558.138998872484080,0.431007761484784
645,106,Mettmann II,05117,Mülheim an der Ruhr,66200.997747456945945,0.029766732643876
646,106,Mettmann II,05124,Wuppertal,153688.019447469414445,0.069104550401362
647,106,Mettmann II,05158,Mettmann,216610482.820287168025970,97.397117103420740
648,106,Mettmann II,05954,Ennepe-Ruhr-Kreis,727799.539836487034336,0.327249060554844
649,107,Düsseldorf I,05111,Düsseldorf,113688735.220635518431664,97.543850991612828
650,107,Düsseldorf I,05112,Duisburg,222290.587052926828619,0.190723204530761
651,107,Düsseldorf I,05158,Mettmann,1337977.808206328656524,1.147972204110455
652,107,Düsseldorf I,05162,Rhein-Kreis Neuss,1302407.910798875382170,1.117453571233010
653,108,Düsseldorf II,05111,Düsseldorf,86926481.723106920719147,96.364388301544466
654,108,Düsseldorf II,05158,Mettmann,2135484.881035551894456,2.367341806650912
655,108,Düsseldorf II,05162,Rhein-Kreis Neuss,1144055.601562580559403,1.268269646282345
656,109,Neuss I,05111,Düsseldorf,3968156.830553796608001,1.141233716698536
657,109,Neuss I,05158,Mettmann,86121.084925512754126,0.024768246325067
658,109,Neuss I,05162,Rhein-Kreis Neuss,339485027.146553218364716,97.635193324729102
659,109,Neuss I,05315,Köln,682272.519727026112378,0.196220168894051
660,109,Neuss I,05362,Rhein-Erft-Kreis,3486063.332514461129904,1.002584621398831
661,110,Mönchengladbach,05116,Mönchengladbach,160630009.254865258932114,96.790626773885037
662,110,Mönchengladbach,05162,Rhein-Kreis Neuss,1914648.569707978051156,1.153707429722660
663,110,Mönchengladbach,05166,Viersen,2424539.601314742583781,1.460951840431095
664,110,Mönchengladbach,05370,Heinsberg,986964.364046631031670,0.594713900862636
665,111,Krefeld I - Neuss II,05111,Düsseldorf,6113704.372622312977910,1.933759104797276
666,111,Krefeld I - Neuss II,05112,Duisburg,1131749.954478184692562,0.357971476119539
667,111,Krefeld I - Neuss II,05114,Krefeld,73706075.678716644644737,23.313164365757665
668,111,Krefeld I - Neuss II,05116,Mönchengladbach,5282402.330377968959510,1.670819028691329
669,111,Krefeld I - Neuss II,05162,Rhein-Kreis Neuss,226256060.620238900184631,71.564585163656929
670,111,Krefeld I - Neuss II,05166,Viersen,2781727.038875824306160,0.879857719744409
671,111,Krefeld I - Neuss II,05170,Wesel,300.343980225284895,0.000094998526414
672,111,Krefeld I - Neuss II,05358,Düren,24428.475156105341739,0.007726704362902
673,111,Krefeld I - Neuss II,05362,Rhein-Erft-Kreis,597557.496046408894472,0.189006889798953
674,111,Krefeld I - Neuss II,05370,Heinsberg,262455.480435411445796,0.083014428562929
675,112,Viersen,05114,Krefeld,1719492.993095574202016,0.307113743601336
676,112,Viersen,05116,Mönchengladbach,696586.223762006964535,0.124415280422592
677,112,Viersen,05154,Kleve,780514.172637757961638,0.139405412208829
678,112,Viersen,05162,Rhein-Kreis Neuss,867724.674250868614763,0.154981831385469
679,112,Viersen,05166,Viersen,551223309.358119606971741,98.452424509461139
680,112,Viersen,05170,Wesel,2752.106763678366406,0.000491545946612
681,112,Viersen,05370,Heinsberg,180596.398717838019365,0.032255808144530
682,113,Kleve,05154,Kleve,1192762808.079265117645264,97.662923068911113
683,113,Kleve,05166,Viersen,2776220.103199885692447,0.227315748382353
684,113,Kleve,05170,Wesel,8913666.194364316761494,0.729847283890415
685,113,Kleve,05554,Borken,724094.122852907283232,0.059288525879434
686,114,Wesel I,05112,Duisburg,619727.729855031007901,0.069568339406167
687,114,Wesel I,05154,Kleve,13399712.452762393280864,1.504202085772219
688,114,Wesel I,05170,Wesel,870256282.481836438179016,97.691746735631824
689,114,Wesel I,05512,Bottrop,95459.235366096167127,0.010715900169507
690,114,Wesel I,05554,Borken,3965682.566396991256624,0.445172835530149
691,114,Wesel I,05562,Recklinghausen,2481768.350229150615633,0.278594122223017
692,115,Krefeld II - Wesel II,05112,Duisburg,3221841.863873727153987,1.860844830031904
693,115,Krefeld II - Wesel II,05114,Krefeld,58584380.926074318587780,33.836683168500073
694,115,Krefeld II - Wesel II,05154,Kleve,860909.971320617129095,0.497237275118377
695,115,Krefeld II - Wesel II,05166,Viersen,1385858.759742239955813,0.800432863306368
696,115,Krefeld II - Wesel II,05170,Wesel,109085672.103662252426147,63.004802079451515
697,116,Duisburg I,05111,Düsseldorf,378871.342743562767282,0.281107505752876
698,116,Duisburg I,05112,Duisburg,130277747.258647680282593,96.660920094369530
699,116,Duisburg I,05114,Krefeld,2573396.225923147518188,1.909357908002957
700,116,Duisburg I,05117,Mülheim an der Ruhr,518277.314453891187441,0.384541206255979
701,116,Duisburg I,05158,Mettmann,106762.938100049999775,0.079213864576892
702,116,Duisburg I,05162,Rhein-Kreis Neuss,30068.388734401512920,0.022309551569480
703,116,Duisburg I,05170,Wesel,892972.365853822906502,0.662550069513479
704,117,Duisburg II,05112,Duisburg,95705136.437536224722862,95.140129411968459
705,117,Duisburg II,05119,Oberhausen,888584.447094912524335,0.883338579693150
706,117,Duisburg II,05170,Wesel,4000147.156177973840386,3.976531796222653
707,118,Oberhausen - Wesel III,05112,Duisburg,1153119.213394172955304,0.942926696842578
708,118,Oberhausen - Wesel III,05113,Essen,453866.664426439092495,0.371135082759470
709,118,Oberhausen - Wesel III,05117,Mülheim an der Ruhr,673934.700886602862738,0.551088746083854
710,118,Oberhausen - Wesel III,05119,Oberhausen,74928456.080384224653244,61.270370635338423
711,118,Oberhausen - Wesel III,05170,Wesel,43908884.960135795176029,35.905099296397538
712,118,Oberhausen - Wesel III,05512,Bottrop,1173239.719951053615659,0.959379603503143
713,119,Mülheim - Essen I,05112,Duisburg,558285.474098950158805,0.461083990448342
714,119,Mülheim - Essen I,05113,Essen,27763193.678270526230335,22.929423606135735
715,119,Mülheim - Essen I,05117,Mülheim an der Ruhr,89479058.747548878192902,73.900116307824632
716,119,Mülheim - Essen I,05119,Oberhausen,1012788.809849899727851,0.836455053179928
717,119,Mülheim - Essen I,05158,Mettmann,1602157.795537238474935,1.323210694110405
718,119,Mülheim - Essen I,05512,Bottrop,665595.082510682521388,0.549710230527017
719,120,Essen II,05113,Essen,75124350.719919517636299,97.265703435415986
720,120,Essen II,05512,Bottrop,12443.510540969953581,0.016110978589164
721,120,Essen II,05513,Gelsenkirchen,1237909.991229255916551,1.602758425634114
722,120,Essen II,05911,Bochum,752877.128337609581649,0.974772131624913
723,120,Essen II,05954,Ennepe-Ruhr-Kreis,108636.449151452296064,0.140654801594712
724,121,Essen III,05113,Essen,103212233.734469413757324,96.934976596828577
725,121,Essen III,05117,Mülheim an der Ruhr,525090.366061980137601,0.493154934291858
726,121,Essen III,05158,Mettmann,2709523.229165996890515,2.544732938185155
727,121,Essen III,05954,Ennepe-Ruhr-Kreis,28892.517971328801650,0.027135306077954
728,122,Recklinghausen I,05562,Recklinghausen,162353806.747158408164978,97.921718853352260
729,122,Recklinghausen I,05911,Bochum,62540.027269901598629,0.037720254856368
730,122,Recklinghausen I,05913,Dortmund,1887449.862263462506235,1.138392369513048
731,122,Recklinghausen I,05916,Herne,827772.246153773507103,0.499260736699027
732,122,Recklinghausen I,05978,Unna,668019.362145000486635,0.402907732680579
733,123,Recklinghausen II,05513,Gelsenkirchen,1810865.887334797065705,0.477215694787498
734,123,Recklinghausen II,05554,Borken,8737.444672586821980,0.002302570145729
735,123,Recklinghausen II,05558,Coesfeld,1708259.376373838400468,0.450175902519932
736,123,Recklinghausen II,05562,Recklinghausen,375921613.948905348777771,99.066250814573749
737,123,Recklinghausen II,05916,Herne,993.758444013980352,0.000261884179070
738,123,Recklinghausen II,05978,Unna,14393.812485940739862,0.003793187156576
739,124,Gelsenkirchen,05113,Essen,1140005.000949906418100,1.061389411891945
740,124,Gelsenkirchen,05513,Gelsenkirchen,100565599.482695832848549,93.630521271888412
741,124,Gelsenkirchen,05562,Recklinghausen,5049836.666786889545619,4.701596190758144
742,124,Gelsenkirchen,05911,Bochum,192485.863923852128210,0.179211896208715
743,124,Gelsenkirchen,05916,Herne,458929.766708967974409,0.427281630151676
744,125,Steinfurt I - Borken I,03454,Emsland,873935.989624608540908,0.089063121015701
745,125,Steinfurt I - Borken I,03456,Grafschaft Bentheim,424749.016645495314151,0.043286320188103
746,125,Steinfurt I - Borken I,05554,Borken,422633935.241703748703003,43.070771505750727
747,125,Steinfurt I - Borken I,05558,Coesfeld,2825810.119509583339095,0.287979293253936
748,125,Steinfurt I - Borken I,05566,Steinfurt,552397052.893948078155518,56.294976010477313
749,126,Bottrop - Recklinghausen III,05113,Essen,295334.687497498409357,0.095182186775461
750,126,Bottrop - Recklinghausen III,05119,Oberhausen,637254.252769456245005,0.205378019847644
751,126,Bottrop - Recklinghausen III,05170,Wesel,2239429.503892386797816,0.721736410701055
752,126,Bottrop - Recklinghausen III,05512,Bottrop,98272463.316827580332756,31.671823034285850
753,126,Bottrop - Recklinghausen III,05513,Gelsenkirchen,1566676.212594974320382,0.504917553530346
754,126,Bottrop - Recklinghausen III,05554,Borken,1115177.372323433868587,0.359405872163782
755,126,Bottrop - Recklinghausen III,05562,Recklinghausen,206157234.406027108430862,66.441556718640101
756,127,Borken II,05154,Kleve,309898.042460684140678,0.031054201589060
757,127,Borken II,05170,Wesel,2893024.594324059318751,0.289903634888708
758,127,Borken II,05554,Borken,984729750.510129213333130,98.677603576556322
759,127,Borken II,05558,Coesfeld,2167202.474862247705460,0.217170595865316
760,127,Borken II,05562,Recklinghausen,1894489.508421815233305,0.189842629000646
761,128,Coesfeld - Steinfurt II,05515,Münster,3094660.286235362756997,0.246571810104533
762,128,Coesfeld - Steinfurt II,05554,Borken,898431.152419564663433,0.071583881594927
763,128,Coesfeld - Steinfurt II,05558,Coesfeld,1093240549.192928552627563,87.105619409390968
764,128,Coesfeld - Steinfurt II,05562,Recklinghausen,3476969.048701587133110,0.277032847782693
765,128,Coesfeld - Steinfurt II,05566,Steinfurt,149029806.598866134881973,11.874178673521840
766,128,Coesfeld - Steinfurt II,05570,Warendorf,816990.769872944452800,0.065094994065189
767,128,Coesfeld - Steinfurt II,05915,Hamm,8878.951619951360044,0.000707444103800
768,128,Coesfeld - Steinfurt II,05978,Unna,4508364.549406060017645,0.359210867991737
769,129,Steinfurt III,03404,Osnabrück,365082.170983862713911,0.033631598973469
770,129,Steinfurt III,03454,Emsland,830253.274237589095719,0.076483453273873
771,129,Steinfurt III,03459,Osnabrück,4624089.396391333080828,0.425974020527499
772,129,Steinfurt III,05515,Münster,985050.218391019618139,0.090743445028761
773,129,Steinfurt III,05566,Steinfurt,1078198342.456414461135864,99.324308742965144
774,129,Steinfurt III,05570,Warendorf,530377.659904547850601,0.048858723268590
775,130,Münster,05515,Münster,290816078.880157530307770,96.704246654296611
776,130,Münster,05558,Coesfeld,6220809.518328700214624,2.068588161859370
777,130,Münster,05566,Steinfurt,2722767.967113360762596,0.905394316875625
778,130,Münster,05570,Warendorf,967653.058341829222627,0.321770929551095
779,131,Warendorf,03459,Osnabrück,1011251.434286371571943,0.076122954195116
780,131,Warendorf,05515,Münster,8461367.946776373311877,0.636937860162360
781,131,Warendorf,05558,Coesfeld,1844395.825527068693191,0.138838724162937
782,131,Warendorf,05566,Steinfurt,1219448.626966052455828,0.091795204265239
783,131,Warendorf,05570,Warendorf,1305080173.616593122482300,98.241203828083968
784,131,Warendorf,05754,Gütersloh,3244349.969880465418100,0.244221660189209
785,131,Warendorf,05915,Hamm,4715084.511089846491814,0.354932660755218
786,131,Warendorf,05974,Soest,2868737.804068924393505,0.215947082053873
787,132,Gütersloh,03459,Osnabrück,2048671.679992184741423,0.237054048432618
788,132,Gütersloh,05570,Warendorf,3553370.202416421845555,0.411164365812807
789,132,Gütersloh,05711,Bielefeld,2203373.959936396684498,0.254954819024942
790,132,Gütersloh,05754,Gütersloh,855581287.544236421585083,99.000249750280531
791,132,Gütersloh,05774,Paderborn,595565.112454523332417,0.068913492772600
792,132,Gütersloh,05974,Soest,239074.830121634819079,0.027663610969079
793,133,Bielefeld,03459,Osnabrück,324252.033429215836804,0.111442905241755
794,133,Bielefeld,05711,Bielefeld,249054032.099229484796524,85.597936289797815
795,133,Bielefeld,05754,Gütersloh,36931244.464309252798557,12.692981856641348
796,133,Bielefeld,05758,Herford,2050497.830137783661485,0.704740176848740
797,133,Bielefeld,05766,Lippe,2597960.455937906634063,0.892898828886196
798,134,Herford - Minden-Lübbecke II,03459,Osnabrück,2590995.760762873571366,0.500271618781468
799,134,Herford - Minden-Lübbecke II,05711,Bielefeld,4022475.349759453907609,0.776662889691575
800,134,Herford - Minden-Lübbecke II,05754,Gütersloh,936721.852408754872158,0.180863035188652
801,134,Herford - Minden-Lübbecke II,05758,Herford,441252901.427041172981262,85.197477599859369
802,134,Herford - Minden-Lübbecke II,05766,Lippe,2154935.642979888711125,0.416076768171176
803,134,Herford - Minden-Lübbecke II,05770,Minden-Lübbecke,66959769.804888226091862,12.928648105415267
804,135,Minden-Lübbecke I,03251,Diepholz,2030919.322757751448080,0.185879231027576
805,135,Minden-Lübbecke I,03256,Nienburg (Weser),6994581.102498003281653,0.640176762377196
806,135,Minden-Lübbecke I,03257,Schaumburg,6730131.519426103681326,0.615973100224718
807,135,Minden-Lübbecke I,03459,Osnabrück,3423992.202985103707761,0.313379773683508
808,135,Minden-Lübbecke I,05758,Herford,1621164.668371862033382,0.148376569442873
809,135,Minden-Lübbecke I,05766,Lippe,518140.659390758431982,0.047422655470576
810,135,Minden-Lübbecke I,05770,Minden-Lübbecke,1071282600.969383358955383,98.048791919029284
811,136,Lippe I,03252,Hameln-Pyrmont,3005579.917079763486981,0.393158699839132
812,136,Lippe I,03257,Schaumburg,4271899.216747877188027,0.558805418001411
813,136,Lippe I,05711,Bielefeld,3435997.136362290009856,0.449461403141033
814,136,Lippe I,05754,Gütersloh,245669.621692489366978,0.032135944383217
815,136,Lippe I,05758,Herford,3156079.122721200343221,0.412845440384797
816,136,Lippe I,05766,Lippe,750082880.975625276565552,98.118039909747338
817,136,Lippe I,05770,Minden-Lübbecke,271793.425405624439009,0.035553188637593
818,137,Höxter - Lippe II,03155,Northeim,8568.307249327561294,0.000509506627579
819,137,Höxter - Lippe II,03252,Hameln-Pyrmont,1485934.148577025858685,0.088359727868743
820,137,Höxter - Lippe II,03255,Holzminden,3515720.103223139420152,0.209059110648310
821,137,Höxter - Lippe II,05754,Gütersloh,1628095.021084050647914,0.096813195352705
822,137,Höxter - Lippe II,05762,Höxter,1183301698.167948722839355,70.363963394251144
823,137,Höxter - Lippe II,05766,Lippe,482644992.990636825561523,28.700047225311792
824,137,Höxter - Lippe II,05774,Paderborn,4952193.346175449900329,0.294477690576327
825,137,Höxter - Lippe II,05958,Hochsauerlandkreis,201644.503543936880305,0.011990607710599
826,137,Höxter - Lippe II,06633,Kassel,1762948.477380070369691,0.104832133952296
827,137,Höxter - Lippe II,06635,Waldeck-Frankenberg,2185308.568349359557033,0.129947394097843
828,138,Paderborn,05711,Bielefeld,274578.570098458323628,0.020775530495508
829,138,Paderborn,05754,Gütersloh,67751545.121532186865807,5.126307895351942
830,138,Paderborn,05762,Höxter,3411614.594651764258742,0.258134139982928
831,138,Paderborn,05766,Lippe,2106741.130027665290982,0.159403061125040
832,138,Paderborn,05774,Paderborn,1234970104.921253919601440,93.441957493740318
833,138,Paderborn,05958,Hochsauerlandkreis,6553152.823895996436477,0.495833401294778
834,138,Paderborn,05974,Soest,6576348.716704896651208,0.497588479916715
835,139,Hagen - Ennepe-Ruhr-Kreis I,05124,Wuppertal,1392856.096264073858038,0.436238985428058
836,139,Hagen - Ennepe-Ruhr-Kreis I,05374,Oberbergischer Kreis,194915.931344135227846,0.061047173761452
837,139,Hagen - Ennepe-Ruhr-Kreis I,05913,Dortmund,94020.061465768929338,0.029446844030566
838,139,Hagen - Ennepe-Ruhr-Kreis I,05914,Hagen,157373352.378707975149155,49.288933551168427
839,139,Hagen - Ennepe-Ruhr-Kreis I,05954,Ennepe-Ruhr-Kreis,156776321.894485235214233,49.101945122567990
840,139,Hagen - Ennepe-Ruhr-Kreis I,05962,Märkischer Kreis,2746575.478269030340016,0.860220451527896
841,139,Hagen - Ennepe-Ruhr-Kreis I,05978,Unna,709354.087532924371772,0.222167895365940
842,140,Ennepe-Ruhr-Kreis II,05113,Essen,403141.663791792816482,0.162828141132695
843,140,Ennepe-Ruhr-Kreis II,05124,Wuppertal,1548432.276526860892773,0.625408812587902
844,140,Ennepe-Ruhr-Kreis II,05158,Mettmann,847553.344494297984056,0.342325162566378
845,140,Ennepe-Ruhr-Kreis II,05911,Bochum,1155447.913883656961843,0.466683185815528
846,140,Ennepe-Ruhr-Kreis II,05913,Dortmund,807626.145571717759594,0.326198643863124
847,140,Ennepe-Ruhr-Kreis II,05914,Hagen,902960.446329550817609,0.364703984225564
848,140,Ennepe-Ruhr-Kreis II,05954,Ennepe-Ruhr-Kreis,241922055.522340625524521,97.711852030376491
849,141,Bochum I,05113,Essen,1051194.921284346375614,1.074769228950566
850,141,Bochum I,05513,Gelsenkirchen,37065.738506392423005,0.037896982175604
851,141,Bochum I,05911,Bochum,94152575.886482656002045,96.264060394801248
852,141,Bochum I,05916,Herne,449892.471205313340761,0.459981849795491
853,141,Bochum I,05954,Ennepe-Ruhr-Kreis,2115841.393247066996992,2.163291675746898
854,142,Herne - Bochum II,05513,Gelsenkirchen,43538.834988036578579,0.044018227777826
855,142,Herne - Bochum II,05562,Recklinghausen,1448188.161903370637447,1.464133718629131
856,142,Herne - Bochum II,05911,Bochum,46843732.931362323462963,47.359514941154266
857,142,Herne - Bochum II,05913,Dortmund,566639.090545244980603,0.572878180187745
858,142,Herne - Bochum II,05916,Herne,49745429.016781590878963,50.293160714292405
859,142,Herne - Bochum II,05954,Ennepe-Ruhr-Kreis,263394.006941776955500,0.266294157757397
860,143,Dortmund I,05562,Recklinghausen,1294599.055588304763660,0.960607322160502
861,143,Dortmund I,05911,Bochum,1612070.482964311260730,1.196174756261211
862,143,Dortmund I,05913,Dortmund,129767744.218554690480232,96.289152026259899
863,143,Dortmund I,05954,Ennepe-Ruhr-Kreis,2072918.711970770033076,1.538129418808937
864,143,Dortmund I,05978,Unna,21477.352373112044006,0.015936441372466
865,144,Dortmund II,05913,Dortmund,139308299.022694438695908,98.484926811367657
866,144,Dortmund II,05914,Hagen,58550.868003925934318,0.041392924833353
867,144,Dortmund II,05954,Ennepe-Ruhr-Kreis,66569.558434570208192,0.047061791266475
868,144,Dortmund II,05978,Unna,2017971.362593777244911,1.426618251365683
869,145,Unna I,05913,Dortmund,5143948.424544427543879,1.471825929377453
870,145,Unna I,05914,Hagen,923357.210890683229081,0.264198038724876
871,145,Unna I,05915,Hamm,669620.477594575728290,0.191596940798079
872,145,Unna I,05962,Märkischer Kreis,2726051.670646406244487,0.779998787416974
873,145,Unna I,05974,Soest,740270.679816101095639,0.211811917886348
874,145,Unna I,05978,Unna,339291099.073586285114288,97.080568467734196
875,146,Hamm - Unna II,05558,Coesfeld,3744861.954880779609084,0.898537305550830
876,146,Hamm - Unna II,05562,Recklinghausen,1001350.243412092444487,0.240262674690986
877,146,Hamm - Unna II,05570,Warendorf,567222.442926951218396,0.136098615024053
878,146,Hamm - Unna II,05913,Dortmund,1944738.722452285233885,0.466618079044324
879,146,Hamm - Unna II,05915,Hamm,216987814.520377546548843,52.063773924267487
880,146,Hamm - Unna II,05974,Soest,481789.044643217755947,0.115599836585006
881,146,Hamm - Unna II,05978,Unna,192045342.775021255016327,46.079109702762523
882,147,Soest,05570,Warendorf,4393699.039294702000916,0.329731306097242
883,147,Soest,05754,Gütersloh,788904.736258795019239,0.059204462287128
884,147,Soest,05774,Paderborn,2198562.257559791207314,0.164994187867192
885,147,Soest,05915,Hamm,5194584.497078066691756,0.389834878432862
886,147,Soest,05958,Hochsauerlandkreis,5823215.616480301134288,0.437011382376369
887,147,Soest,05962,Märkischer Kreis,100651.385042795751360,0.007553524343348
888,147,Soest,05974,Soest,1312637688.402118444442749,98.508736160220167
889,147,Soest,05978,Unna,1371605.401521415682510,0.102934050887174
890,148,Hochsauerlandkreis,05762,Höxter,631982.820008711889386,0.032395799195740
891,148,Hochsauerlandkreis,05774,Paderborn,3113396.114001902751625,0.159594457527521
892,148,Hochsauerlandkreis,05958,Hochsauerlandkreis,1925167829.753614664077759,98.685199116547722
893,148,Hochsauerlandkreis,05962,Märkischer Kreis,2002166.229740117443725,0.102632180941658
894,148,Hochsauerlandkreis,05966,Olpe,3441295.276398319285363,0.176402755293115
895,148,Hochsauerlandkreis,05970,Siegen-Wittgenstein,3918055.574033095967025,0.200841759610454
896,148,Hochsauerlandkreis,05974,Soest,4598837.074412222020328,0.235739006947262
897,148,Hochsauerlandkreis,06635,Waldeck-Frankenberg,7943628.547467730008066,0.407194922333121
898,149,Siegen-Wittgenstein,05958,Hochsauerlandkreis,1256765.725484358612448,0.111180953506376
899,149,Siegen-Wittgenstein,05966,Olpe,3641364.079754196573049,0.322136673718493
900,149,Siegen-Wittgenstein,05970,Siegen-Wittgenstein,1116530564.283154726028442,98.774919015372546
901,149,Siegen-Wittgenstein,06532,Lahn-Dill-Kreis,3639113.780268079135567,0.321937598873064
902,149,Siegen-Wittgenstein,06534,Marburg-Biedenkopf,872481.197164282668382,0.077184863853384
903,149,Siegen-Wittgenstein,06635,Waldeck-Frankenberg,2472211.388163732364774,0.218706489070931
904,149,Siegen-Wittgenstein,07132,Altenkirchen (Westerwald),1767161.621400089235976,0.156333603059882
905,149,Siegen-Wittgenstein,07143,Westerwaldkreis,198955.362015112856170,0.017600771890498
906,150,Olpe - Märkischer Kreis I,05374,Oberbergischer Kreis,7057843.016845159232616,0.609644464044828
907,150,Olpe - Märkischer Kreis I,05914,Hagen,21386.205067373553902,0.001847303984395
908,150,Olpe - Märkischer Kreis I,05954,Ennepe-Ruhr-Kreis,640163.819042432936840,0.055296260830616
909,150,Olpe - Märkischer Kreis I,05958,Hochsauerlandkreis,5303827.402339026331902,0.458135581418839
910,150,Olpe - Märkischer Kreis I,05962,Märkischer Kreis,442605727.215594768524170,38.231529194898009
911,150,Olpe - Märkischer Kreis I,05966,Olpe,696953712.141604900360107,60.201675113560249
912,150,Olpe - Märkischer Kreis I,05970,Siegen-Wittgenstein,4712529.468189857900143,0.407060272532709
913,150,Olpe - Märkischer Kreis I,07132,Altenkirchen (Westerwald),403014.996969734784216,0.034811749318203
914,151,Märkischer Kreis II,05914,Hagen,981408.532578533864580,0.157907822422993
915,151,Märkischer Kreis II,05958,Hochsauerlandkreis,3877028.203647871036083,0.623810636231219
916,151,Märkischer Kreis II,05962,Märkischer Kreis,608299504.118137478828430,97.874887865410841
917,151,Märkischer Kreis II,05966,Olpe,6232617.763924395665526,1.002823051181704
918,151,Märkischer Kreis II,05974,Soest,278096.003139680018649,0.044745417247338
919,151,Märkischer Kreis II,05978,Unna,1838575.175972582772374,0.295825227477905
920,152,Delitzsch - Torgau-Oschatz - Riesa,12062,Elbe-Elster,4706362.346239591948688,0.208718400672567
921,152,Delitzsch - Torgau-Oschatz - Riesa,14522,Mittelsachsen,2944685.035681284498423,0.130591294489451
922,152,Delitzsch - Torgau-Oschatz - Riesa,14627,Meißen,234307218.307454168796539,10.391088546389675
923,152,Delitzsch - Torgau-Oschatz - Riesa,14713,Leipzig,5954164.753130555152893,0.264056112383131
924,152,Delitzsch - Torgau-Oschatz - Riesa,14729,Leipzig,8676176.591753335669637,0.384772265490867
925,152,Delitzsch - Torgau-Oschatz - Riesa,14730,Nordsachsen,1989610257.982254028320312,88.235507693025625
926,152,Delitzsch - Torgau-Oschatz - Riesa,15082,Anhalt-Bitterfeld,2723747.116835364140570,0.120793109463113
927,152,Delitzsch - Torgau-Oschatz - Riesa,15088,Saalekreis,2894165.488269446883351,0.128350846695004
928,152,Delitzsch - Torgau-Oschatz - Riesa,15091,Wittenberg,3069391.047510600183159,0.136121773748887
929,153,Leipzig I,14713,Leipzig,157868398.144457370042801,95.868234473540511
930,153,Leipzig I,14729,Leipzig,327269.963897009729408,0.198740178552494
931,153,Leipzig I,14730,Nordsachsen,6476601.940986249595881,3.933025233473914
932,154,Leipzig II,14713,Leipzig,129536217.365021884441376,95.143854377138325
933,154,Leipzig II,14729,Leipzig,6611533.542136875912547,4.856146005638229
934,155,Leipziger Land - Muldentalkreis,14522,Mittelsachsen,3013414.455876787658781,0.182410756879619
935,155,Leipziger Land - Muldentalkreis,14713,Leipzig,5770482.375573985278606,0.349304111034633
936,155,Leipziger Land - Muldentalkreis,14729,Leipzig,1623043708.851408720016479,98.247564586713153
937,155,Leipziger Land - Muldentalkreis,14730,Nordsachsen,13527417.975838202983141,0.818854023477382
938,155,Leipziger Land - Muldentalkreis,15084,Burgenlandkreis,2082222.063135204138234,0.126042968230675
939,155,Leipziger Land - Muldentalkreis,15088,Saalekreis,827836.547252240125090,0.050111358184533
940,155,Leipziger Land - Muldentalkreis,16077,Altenburger Land,3728751.249490549787879,0.225712177197841
941,156,Kamenz - Hoyerswerda - Großenhain,12062,Elbe-Elster,5530038.114606429822743,0.272352666678060
942,156,Kamenz - Hoyerswerda - Großenhain,12066,Oberspreewald-Lausitz,4969794.274076471105218,0.244760830817964
943,156,Kamenz - Hoyerswerda - Großenhain,12071,Spree-Neiße,2192075.427090185694396,0.107959036765147
944,156,Kamenz - Hoyerswerda - Großenhain,14612,Dresden,8760615.179735282436013,0.431457587903262
945,156,Kamenz - Hoyerswerda - Großenhain,14625,Bautzen,1421176925.778756856918335,69.992524018022735
946,156,Kamenz - Hoyerswerda - Großenhain,14626,Görlitz,3963846.131838530767709,0.195218195957148
947,156,Kamenz - Hoyerswerda - Großenhain,14627,Meißen,583521678.478253126144409,28.738262179106201
948,156,Kamenz - Hoyerswerda - Großenhain,14628,Sächsische Schweiz-Osterzgebirge,354630.755447983159684,0.017465455016884
949,157,Löbau-Zittau - Görlitz - Niesky,14625,Bautzen,2842430.627113291528076,0.221057238560571
950,157,Löbau-Zittau - Görlitz - Niesky,14626,Görlitz,1270750458.866661310195923,98.826892961650387
951,158,Bautzen - Weißwasser,12071,Spree-Neiße,1763952.649725899100304,0.098219291894370
952,158,Bautzen - Weißwasser,14625,Bautzen,962909773.992185354232788,53.616130894656621
953,158,Bautzen - Weißwasser,14626,Görlitz,823801975.222879290580750,45.870418732695335
954,158,Bautzen - Weißwasser,14628,Sächsische Schweiz-Osterzgebirge,1124827.667078371625394,0.062631940251231
955,159,Sächsische Schweiz - Weißeritzkreis,14522,Mittelsachsen,5002266.902997464872897,0.302104672148721
956,159,Sächsische Schweiz - Weißeritzkreis,14612,Dresden,2372451.805732609704137,0.143280794259501
957,159,Sächsische Schweiz - Weißeritzkreis,14625,Bautzen,4009039.014700529631227,0.242120110872490
958,159,Sächsische Schweiz - Weißeritzkreis,14627,Meißen,1377050.134286848595366,0.083164950495104
959,159,Sächsische Schweiz - Weißeritzkreis,14628,Sächsische Schweiz-Osterzgebirge,1634562668.743610620498657,98.717047435318975
960,160,Dresden I,14612,Dresden,85070844.957745820283890,98.308189261722404
961,160,Dresden I,14628,Sächsische Schweiz-Osterzgebirge,1464006.129461346892640,1.691811004426885
962,161,Dresden II - Meißen I,14612,Dresden,232145253.101946145296097,52.290088373115985
963,161,Dresden II - Meißen I,14625,Bautzen,3129031.314115128945559,0.704805813390787
964,161,Dresden II - Meißen I,14627,Meißen,206197988.347703009843826,46.445537390873064
965,161,Dresden II - Meißen I,14628,Sächsische Schweiz-Osterzgebirge,2484240.946360703092068,0.559568532587089
966,162,Freiberg - Mittlerer Erzgebirgskreis,14511,Chemnitz,2029178.462366047548130,0.134203493399796
967,162,Freiberg - Mittlerer Erzgebirgskreis,14521,Erzgebirgskreis,593055210.373799920082092,39.222809864792069
968,162,Freiberg - Mittlerer Erzgebirgskreis,14522,Mittelsachsen,906060599.101365208625793,59.924003672664561
969,162,Freiberg - Mittlerer Erzgebirgskreis,14627,Meißen,1537317.613594023743644,0.101673360936815
970,162,Freiberg - Mittlerer Erzgebirgskreis,14628,Sächsische Schweiz-Osterzgebirge,4338724.693146084435284,0.286949630857615
971,163,Döbeln - Mittweida - Meißen II,14511,Chemnitz,538044.174028342124075,0.032934749972858
972,163,Döbeln - Mittweida - Meißen II,14522,Mittelsachsen,1193400057.502182483673096,73.050382122264779
973,163,Döbeln - Mittweida - Meißen II,14524,Zwickau,988369.907142517506145,0.060500080372064
974,163,Döbeln - Mittweida - Meißen II,14612,Dresden,343562.332728289067745,0.021030131120613
975,163,Döbeln - Mittweida - Meißen II,14627,Meißen,427077537.974157392978668,26.142262310718205
976,163,Döbeln - Mittweida - Meißen II,14628,Sächsische Schweiz-Osterzgebirge,882266.124224080122076,0.054005257585620
977,163,Döbeln - Mittweida - Meißen II,14729,Leipzig,8218275.303163695149124,0.503056914995147
978,163,Döbeln - Mittweida - Meißen II,14730,Nordsachsen,1317337.492940941359848,0.080636838115073
979,163,Döbeln - Mittweida - Meißen II,16077,Altenburger Land,901646.281239800853655,0.055191555396390
980,164,Chemnitz,14511,Chemnitz,215184707.328628212213516,97.128345415791344
981,164,Chemnitz,14521,Erzgebirgskreis,1899474.709276954177767,0.857369642859685
982,164,Chemnitz,14522,Mittelsachsen,2748515.544840887188911,1.240602878030178
983,164,Chemnitz,14524,Zwickau,1714067.765778550179675,0.773682145387585
984,165,Chemnitzer Land - Stollberg,14511,Chemnitz,3522345.373158311471343,0.584034963285815
985,165,Chemnitzer Land - Stollberg,14521,Erzgebirgskreis,263196506.519277364015579,43.640229942616735
986,165,Chemnitzer Land - Stollberg,14522,Mittelsachsen,1369753.917432344285771,0.227116904825518
987,165,Chemnitzer Land - Stollberg,14524,Zwickau,333120529.340270042419434,55.234230466318209
988,165,Chemnitzer Land - Stollberg,16077,Altenburger Land,1896089.181040132185444,0.314387789361629
989,166,Annaberg - Aue-Schwarzenberg,14521,Erzgebirgskreis,952166274.387608408927917,98.697754930089602
990,166,Annaberg - Aue-Schwarzenberg,14523,Vogtlandkreis,1192564.934530880069360,0.123616520362737
991,166,Annaberg - Aue-Schwarzenberg,14524,Zwickau,937414.607855357928202,0.097168656066399
992,167,Zwickauer Land - Zwickau,14521,Erzgebirgskreis,8269777.848771208897233,1.327776062619498
993,167,Zwickauer Land - Zwickau,14523,Vogtlandkreis,3749275.895288699306548,0.601974911171323
994,167,Zwickauer Land - Zwickau,14524,Zwickau,607388931.349253773689270,97.520936897405250
995,167,Zwickauer Land - Zwickau,16076,Greiz,2523627.537981462199241,0.405187696353543
996,167,Zwickauer Land - Zwickau,16077,Altenburger Land,897649.405387462116778,0.144124475275378
997,168,Vogtland - Plauen,09475,Hof,1879236.063056941376999,0.129628365520932
998,168,Vogtland - Plauen,14521,Erzgebirgskreis,3863399.517391925677657,0.266494547778747
999,168,Vogtland - Plauen,14523,Vogtlandkreis,1398329976.273260831832886,96.455806083439228
1000,168,Vogtland - Plauen,14524,Zwickau,1326517.289748930605128,0.091502218101165
1001,168,Vogtland - Plauen,16075,Saale-Orla-Kreis,6471793.649216596037149,0.446419717686779
1002,168,Vogtland - Plauen,16076,Greiz,10935017.333253359422088,0.754289709376304
1003,169,Waldeck,03155,Northeim,3420232.051069931592792,0.157114122800696
1004,169,Waldeck,03159,Göttingen,1964163.276578097138554,0.090227149979596
1005,169,Waldeck,05762,Höxter,8816333.095980854704976,0.404993117429112
1006,169,Waldeck,05958,Hochsauerlandkreis,9833736.878159625455737,0.451729274620880
1007,169,Waldeck,06611,Kassel,1832233.772561698220670,0.084166745894270
1008,169,Waldeck,06633,Kassel,1032952856.881951808929443,47.450430140467290
1009,169,Waldeck,06634,Schwalm-Eder-Kreis,7190758.625085107982159,0.330319614804606
1010,169,Waldeck,06635,Waldeck-Frankenberg,1110899049.125193357467651,51.031019830608436
1011,170,Kassel,03159,Göttingen,2884123.506687958724797,0.824749600120779
1012,170,Kassel,06611,Kassel,102703475.004268556833267,29.369286628802254
1013,170,Kassel,06633,Kassel,241864472.887584954500198,69.164037821158672
1014,170,Kassel,06634,Schwalm-Eder-Kreis,395874.536080942081753,0.113205056778479
1015,170,Kassel,06636,Werra-Meißner-Kreis,1848920.677986187161878,0.528720974080369
1016,171,Werra-Meißner - Hersfeld-Rotenburg,03159,Göttingen,7062046.705916126258671,0.333091731478300
1017,171,Werra-Meißner - Hersfeld-Rotenburg,06535,Vogelsbergkreis,1183279.136420867405832,0.055811086047107
1018,171,Werra-Meißner - Hersfeld-Rotenburg,06631,Fulda,4612376.004508703015745,0.217549440487800
1019,171,Werra-Meißner - Hersfeld-Rotenburg,06632,Hersfeld-Rotenburg,1075332265.499694108963013,50.719614461019148
1020,171,Werra-Meißner - Hersfeld-Rotenburg,06633,Kassel,3693472.168507605791092,0.174208001023906
1021,171,Werra-Meißner - Hersfeld-Rotenburg,06634,Schwalm-Eder-Kreis,4293129.233246411196887,0.202491700963148
1022,171,Werra-Meißner - Hersfeld-Rotenburg,06636,Werra-Meißner-Kreis,1007679033.062312364578247,47.528651094295270
1023,171,Werra-Meißner - Hersfeld-Rotenburg,16056,Eisenach,32395.683752190052473,0.001527989666848
1024,171,Werra-Meißner - Hersfeld-Rotenburg,16061,Eichsfeld,2286275.914103521965444,0.107835537568437
1025,171,Werra-Meißner - Hersfeld-Rotenburg,16063,Wartburgkreis,13487812.769980406388640,0.636172358594602
1026,171,Werra-Meißner - Hersfeld-Rotenburg,16064,Unstrut-Hainich-Kreis,488622.046374695433769,0.023046571375558
1027,172,Schwalm-Eder,05958,Hochsauerlandkreis,570042.107424383517355,0.025213801746897
1028,172,Schwalm-Eder,05970,Siegen-Wittgenstein,1274386.013368732063100,0.056367969789601
1029,172,Schwalm-Eder,06534,Marburg-Biedenkopf,4996645.442243716679513,0.221008985019557
1030,172,Schwalm-Eder,06535,Vogelsbergkreis,3304070.929901694878936,0.146143922175573
1031,172,Schwalm-Eder,06632,Hersfeld-Rotenburg,9607706.188317665830255,0.424962991188885
1032,172,Schwalm-Eder,06633,Kassel,4658682.012190324254334,0.206060364887669
1033,172,Schwalm-Eder,06634,Schwalm-Eder-Kreis,1517682759.634964942932129,67.129343109441024
1034,172,Schwalm-Eder,06635,Waldeck-Frankenberg,716932408.788757443428040,31.710976058945377
1035,172,Schwalm-Eder,06636,Werra-Meißner-Kreis,1806920.891292586456984,0.079922771549683
1036,173,Marburg,05970,Siegen-Wittgenstein,2802487.746808833908290,0.220740227187804
1037,173,Marburg,06531,Gießen,2758762.436989155597985,0.217296167589526
1038,173,Marburg,06532,Lahn-Dill-Kreis,2807263.045346473343670,0.221116357461804
1039,173,Marburg,06534,Marburg-Biedenkopf,1248422159.151869773864746,98.332986951065095
1040,173,Marburg,06535,Vogelsbergkreis,2094159.207287284778431,0.164948153550503
1041,173,Marburg,06634,Schwalm-Eder-Kreis,4632347.247589688748121,0.364870599348779
1042,173,Marburg,06635,Waldeck-Frankenberg,6069151.187462227419019,0.478041630505987
1043,174,Lahn-Dill,05970,Siegen-Wittgenstein,801180.923039137618616,0.069614200236128
1044,174,Lahn-Dill,06434,Hochtaunuskreis,238770.353817101393361,0.020746633804039
1045,174,Lahn-Dill,06440,Wetteraukreis,225194.355380725144641,0.019567022250171
1046,174,Lahn-Dill,06531,Gießen,91428281.957525506615639,7.944156612332923
1047,174,Lahn-Dill,06532,Lahn-Dill-Kreis,1051046319.801581740379333,91.324876641550560
1048,174,Lahn-Dill,06533,Limburg-Weilburg,3381380.241787596140057,0.293806398102155
1049,174,Lahn-Dill,06534,Marburg-Biedenkopf,3330223.978573319967836,0.289361456581054
1050,174,Lahn-Dill,07143,Westerwaldkreis,435853.024738116364460,0.037871046183359
1051,175,Gießen,06440,Wetteraukreis,9350396.116937393322587,0.589547731811514
1052,175,Gießen,06531,Gießen,757386261.263316035270691,47.753629562727149
1053,175,Gießen,06532,Lahn-Dill-Kreis,2807741.494214468169957,0.177029679676221
1054,175,Gießen,06534,Marburg-Biedenkopf,3536559.873053664341569,0.222982088191715
1055,175,Gießen,06535,Vogelsbergkreis,807307388.009047985076904,50.901184668880347
1056,175,Gießen,06632,Hersfeld-Rotenburg,1506124.990734348539263,0.094962027384451
1057,175,Gießen,06634,Schwalm-Eder-Kreis,4134208.927540819626302,0.260664197065580
1058,176,Fulda,06435,Main-Kinzig-Kreis,414242745.390405535697937,16.989936011017122
1059,176,Fulda,06440,Wetteraukreis,2127704.250922888983041,0.087266607504447
1060,176,Fulda,06531,Gießen,126870.751091241618269,0.005203533355010
1061,176,Fulda,06535,Vogelsbergkreis,640684343.763333320617676,26.277312336612489
1062,176,Fulda,06631,Fulda,1368903598.018192529678345,56.144820384629654
1063,176,Fulda,06632,Hersfeld-Rotenburg,3856197.683010425418615,0.158159805112418
1064,176,Fulda,09672,Bad Kissingen,3555758.708617436233908,0.145837467529073
1065,176,Fulda,09673,Rhön-Grabfeld,167661.975110354513163,0.006876562740818
1066,176,Fulda,09677,Main-Spessart,3449.314180838446191,0.000141471704373
1067,176,Fulda,16063,Wartburgkreis,2510751.828464368358254,0.102977091041030
1068,176,Fulda,16066,Schmalkalden-Meiningen,1986342.304575295653194,0.081468725828632
1069,177,Hochtaunus,06412,Frankfurt am Main,1024249.012159045669250,0.124547105649983
1070,177,Hochtaunus,06434,Hochtaunuskreis,428686432.779019773006439,52.127611352533201
1071,177,Hochtaunus,06436,Main-Taunus-Kreis,493428.089713276189286,0.060000097330478
1072,177,Hochtaunus,06439,Rheingau-Taunus-Kreis,2838626.805246032308787,0.345172656665401
1073,177,Hochtaunus,06440,Wetteraukreis,3864459.111837625969201,0.469912288484923
1074,177,Hochtaunus,06532,Lahn-Dill-Kreis,3866591.701537221670151,0.470171608114692
1075,177,Hochtaunus,06533,Limburg-Weilburg,380568037.882912337779999,46.276488489158176
1076,177,Hochtaunus,07143,Westerwaldkreis,1036989.945373795577325,0.126096383546607
1077,178,Wetterau,06412,Frankfurt am Main,2004591.194409177172929,0.162463421032233
1078,178,Wetterau,06434,Hochtaunuskreis,2800546.564556432422251,0.226972151183178
1079,178,Wetterau,06435,Main-Kinzig-Kreis,144761187.289411902427673,11.732266302136180
1080,178,Wetterau,06440,Wetteraukreis,1078468064.366329669952393,87.405158567807462
1081,178,Wetterau,06531,Gießen,3123753.643181716557592,0.253166682936957
1082,178,Wetterau,06532,Lahn-Dill-Kreis,155897.386014707939466,0.012634806903558
1083,178,Wetterau,06535,Vogelsbergkreis,2523252.695542435161769,0.204498685911593
1084,178,Wetterau,09677,Main-Spessart,35035.546467217529425,0.002839479068188
1085,179,Rheingau-Taunus - Limburg,06414,Wiesbaden,2693232.496043993160129,0.229933021948004
1086,179,Rheingau-Taunus - Limburg,06434,Hochtaunuskreis,1314650.201188574777916,0.112237429931449
1087,179,Rheingau-Taunus - Limburg,06436,Main-Taunus-Kreis,1070420.342138595646247,0.091386460093612
1088,179,Rheingau-Taunus - Limburg,06439,Rheingau-Taunus-Kreis,801445643.191618561744690,68.422915190869006
1089,179,Rheingau-Taunus - Limburg,06533,Limburg-Weilburg,352294449.368557751178741,30.076915928277653
1090,179,Rheingau-Taunus - Limburg,07141,Rhein-Lahn-Kreis,8647789.771106304600835,0.738299585409811
1091,179,Rheingau-Taunus - Limburg,07143,Westerwaldkreis,2144788.746203853283077,0.183109983478629
1092,179,Rheingau-Taunus - Limburg,07339,Mainz-Bingen,1700772.241574691375718,0.145202355060312
1093,180,Wiesbaden,06414,Wiesbaden,193741065.920736223459244,97.797299197576919
1094,180,Wiesbaden,06433,Groß-Gerau,543574.679969220305793,0.274387545874894
1095,180,Wiesbaden,06436,Main-Taunus-Kreis,1553153.803352145245299,0.784006459778783
1096,180,Wiesbaden,06439,Rheingau-Taunus-Kreis,1398082.435944817261770,0.705728987508055
1097,180,Wiesbaden,07315,Mainz,843431.104489439283498,0.425750130393331
1098,180,Wiesbaden,07339,Mainz-Bingen,25412.423845980934857,0.012827773019571
1099,181,Hanau,06412,Frankfurt am Main,150825.691531361342641,0.017945006223492
1100,181,Hanau,06413,Offenbach am Main,204.500588661413360,0.000024331162012
1101,181,Hanau,06435,Main-Kinzig-Kreis,827569796.390477538108826,98.462967388504325
1102,181,Hanau,06438,Offenbach,1842770.838670869823545,0.219250008620330
1103,181,Hanau,06440,Wetteraukreis,4821735.952066983096302,0.573682645107483
1104,181,Hanau,09671,Aschaffenburg,3922815.067713802214712,0.466730436234033
1105,181,Hanau,09677,Main-Spessart,2180228.218872542027384,0.259400162923604
1106,182,Main-Taunus,06412,Frankfurt am Main,908433.045025290106423,0.332330501101469
1107,182,Main-Taunus,06414,Wiesbaden,7207435.705125002190471,2.636683828992739
1108,182,Main-Taunus,06433,Groß-Gerau,1187605.891236337134615,0.434459824097044
1109,182,Main-Taunus,06434,Hochtaunuskreis,46545790.256117917597294,17.027766531268060
1110,182,Main-Taunus,06436,Main-Taunus-Kreis,216522467.217809647321701,79.210042417840441
1111,182,Main-Taunus,06439,Rheingau-Taunus-Kreis,980561.248370716115460,0.358717037888742
1112,183,Frankfurt am Main I,06412,Frankfurt am Main,109309086.939340397715569,98.346039385664525
1113,183,Frankfurt am Main I,06433,Groß-Gerau,131317.025377789774211,0.118146713246074
1114,183,Frankfurt am Main I,06434,Hochtaunuskreis,795622.022512295399792,0.715825892915179
1115,183,Frankfurt am Main I,06436,Main-Taunus-Kreis,911395.392035524710082,0.819987886009688
1116,184,Frankfurt am Main II,06412,Frankfurt am Main,126213075.463508158922195,96.794483178894666
1117,184,Frankfurt am Main II,06413,Offenbach am Main,485889.261884060804732,0.372634925609117
1118,184,Frankfurt am Main II,06433,Groß-Gerau,1807161.721918678376824,1.385936316434783
1119,184,Frankfurt am Main II,06434,Hochtaunuskreis,165286.661368199536810,0.126760534950482
1120,184,Frankfurt am Main II,06435,Main-Kinzig-Kreis,390012.403348153049592,0.299105689935889
1121,184,Frankfurt am Main II,06438,Offenbach,388387.421440736565273,0.297859469737817
1122,184,Frankfurt am Main II,06440,Wetteraukreis,943026.799575265496969,0.723219772226583
1123,185,Groß-Gerau,06412,Frankfurt am Main,1014387.892695682705380,0.222954376445624
1124,185,Groß-Gerau,06414,Wiesbaden,292.441007217826041,0.000064276203295
1125,185,Groß-Gerau,06431,Bergstraße,1986934.955857161665335,0.436712471936064
1126,185,Groß-Gerau,06432,Darmstadt-Dieburg,3584724.248772831168026,0.787893827765178
1127,185,Groß-Gerau,06433,Groß-Gerau,444026152.525989711284637,97.593410444697469
1128,185,Groß-Gerau,06436,Main-Taunus-Kreis,860496.433870606473647,0.189130259961472
1129,185,Groß-Gerau,06438,Offenbach,909026.222028246382251,0.199796720726270
1130,185,Groß-Gerau,07315,Mainz,835622.238275805721059,0.183663109960610
1131,185,Groß-Gerau,07331,Alzey-Worms,550034.137987703201361,0.120893121006172
1132,185,Groß-Gerau,07339,Mainz-Bingen,1207875.309248747769743,0.265481368948486
1133,186,Offenbach,06411,Darmstadt,3116.394193673232166,0.001262470247708
1134,186,Offenbach,06412,Frankfurt am Main,7332784.678832245059311,2.970555685370470
1135,186,Offenbach,06413,Offenbach am Main,44834937.379905998706818,18.162905904161718
1136,186,Offenbach,06432,Darmstadt-Dieburg,198594.924118868279038,0.080452011993480
1137,186,Offenbach,06433,Groß-Gerau,246274.396100356330862,0.099767256170625
1138,186,Offenbach,06435,Main-Kinzig-Kreis,1150384.663730242988095,0.466027826109722
1139,186,Offenbach,06438,Offenbach,193082829.103078275918961,78.219028767513834
1140,187,Darmstadt,06411,Darmstadt,122817792.088266476988792,27.164636393756997
1141,187,Darmstadt,06431,Bergstraße,1318069.870296671055257,0.291528516832832
1142,187,Darmstadt,06432,Darmstadt-Dieburg,322185705.547844409942627,71.260502193227310
1143,187,Darmstadt,06433,Groß-Gerau,3427179.520824141800404,0.758017905682676
1144,187,Darmstadt,06438,Offenbach,2375074.258158965036273,0.525315001467318
1145,188,Odenwald,06411,Darmstadt,1017.045127122487429,0.000091606972689
1146,188,Odenwald,06431,Bergstraße,5376785.966046459972858,0.484296194937037
1147,188,Odenwald,06432,Darmstadt-Dieburg,327757865.229539513587952,29.521704600800298
1148,188,Odenwald,06435,Main-Kinzig-Kreis,354794.444069532910362,0.031956934929664
1149,188,Odenwald,06437,Odenwaldkreis,614638634.036757469177246,55.361540073385861
1150,188,Odenwald,06438,Offenbach,154540146.280916005373001,13.919692039349080
1151,188,Odenwald,08225,Neckar-Odenwald-Kreis,1355446.663814994972199,0.122087370758480
1152,188,Odenwald,08226,Rhein-Neckar-Kreis,1323372.800116413272917,0.119198423672945
1153,188,Odenwald,09671,Aschaffenburg,1303254.593509824946523,0.117386342818313
1154,188,Odenwald,09676,Miltenberg,3575446.207467668689787,0.322046479888407
1155,189,Bergstraße,06431,Bergstraße,698729451.545879244804382,97.908687003068920
1156,189,Bergstraße,06432,Darmstadt-Dieburg,2441058.632471948862076,0.342050624993789
1157,189,Bergstraße,06433,Groß-Gerau,391282.444822359539103,0.054828017246376
1158,189,Bergstraße,06437,Odenwaldkreis,3341495.426596779376268,0.468223328959490
1159,189,Bergstraße,07319,Worms,937767.929107828182168,0.131403687721192
1160,189,Bergstraße,07331,Alzey-Worms,1736.275826793178794,0.000243293718478
1161,189,Bergstraße,07338,Rhein-Pfalz-Kreis,2302.080379451089811,0.000322576451914
1162,189,Bergstraße,08222,Mannheim,1061658.299585230182856,0.148763688045967
1163,189,Bergstraße,08226,Rhein-Neckar-Kreis,6747442.941404509358108,0.945477935071215
1164,190,Eichsfeld - Nordhausen - Unstrut-Hainich-Kreis I,03153,Goslar,112350.876140131062130,0.005879568078752
1165,190,Eichsfeld - Nordhausen - Unstrut-Hainich-Kreis I,03159,Göttingen,7744365.952506938949227,0.405279677460975
1166,190,Eichsfeld - Nordhausen - Unstrut-Hainich-Kreis I,06636,Werra-Meißner-Kreis,4915548.233859312720597,0.257241433963678
1167,190,Eichsfeld - Nordhausen - Unstrut-Hainich-Kreis I,15085,Harz,1871670.122490642359480,0.097948607827707
1168,190,Eichsfeld - Nordhausen - Unstrut-Hainich-Kreis I,15087,Mansfeld-Südharz,1907073.993678630329669,0.099801370156338
1169,190,Eichsfeld - Nordhausen - Unstrut-Hainich-Kreis I,16061,Eichsfeld,934988150.253317356109619,48.929983201766710
1170,190,Eichsfeld - Nordhausen - Unstrut-Hainich-Kreis I,16062,Nordhausen,700593231.055475115776062,36.663582332597841
1171,190,Eichsfeld - Nordhausen - Unstrut-Hainich-Kreis I,16064,Unstrut-Hainich-Kreis,256412995.435719549655914,13.418655151923865
1172,190,Eichsfeld - Nordhausen - Unstrut-Hainich-Kreis I,16065,Kyffhäuserkreis,2324164.276170252822340,0.121628620598396
1173,191,Eisenach - Wartburgkreis - Unstrut-Hainich-Kreis II,06631,Fulda,2346153.325010451022536,0.110210602007727
1174,191,Eisenach - Wartburgkreis - Unstrut-Hainich-Kreis II,06632,Hersfeld-Rotenburg,6888719.353860070928931,0.323597737180206
1175,191,Eisenach - Wartburgkreis - Unstrut-Hainich-Kreis II,06636,Werra-Meißner-Kreis,4432988.593372935429215,0.208239732826004
1176,191,Eisenach - Wartburgkreis - Unstrut-Hainich-Kreis II,16056,Eisenach,104413812.569986388087273,4.904841051344716
1177,191,Eisenach - Wartburgkreis - Unstrut-Hainich-Kreis II,16063,Wartburgkreis,1242958387.628885984420776,58.387996517884389
1178,191,Eisenach - Wartburgkreis - Unstrut-Hainich-Kreis II,16064,Unstrut-Hainich-Kreis,714221789.880516052246094,33.550583668446841
1179,191,Eisenach - Wartburgkreis - Unstrut-Hainich-Kreis II,16065,Kyffhäuserkreis,1243725.115441220346838,0.058424013573067
1180,191,Eisenach - Wartburgkreis - Unstrut-Hainich-Kreis II,16066,Schmalkalden-Meiningen,47398364.857706546783447,2.226539190539244
1181,191,Eisenach - Wartburgkreis - Unstrut-Hainich-Kreis II,16067,Gotha,4666771.578239809721708,0.219221693479077
1182,191,Eisenach - Wartburgkreis - Unstrut-Hainich-Kreis II,16068,Sömmerda,220240.954776994360145,0.010345823503509
1183,192,Kyffhäuserkreis - Sömmerda - Weimarer Land I,15084,Burgenlandkreis,4896789.136966090649366,0.191042458691616
1184,192,Kyffhäuserkreis - Sömmerda - Weimarer Land I,15087,Mansfeld-Südharz,4384117.161460292525589,0.171041165606818
1185,192,Kyffhäuserkreis - Sömmerda - Weimarer Land I,15088,Saalekreis,572808.313971633906476,0.022347441476302
1186,192,Kyffhäuserkreis - Sömmerda - Weimarer Land I,16051,Erfurt,2512290.236042500007898,0.098014043532588
1187,192,Kyffhäuserkreis - Sömmerda - Weimarer Land I,16053,Jena,331748.362146029423457,0.012942771477099
1188,192,Kyffhäuserkreis - Sömmerda - Weimarer Land I,16055,Weimar,1683869.802427733549848,0.065694196375315
1189,192,Kyffhäuserkreis - Sömmerda - Weimarer Land I,16061,Eichsfeld,464916.950121244764887,0.018138187035270
1190,192,Kyffhäuserkreis - Sömmerda - Weimarer Land I,16062,Nordhausen,5365372.659482733346522,0.209323692728869
1191,192,Kyffhäuserkreis - Sömmerda - Weimarer Land I,16064,Unstrut-Hainich-Kreis,6250334.530677430331707,0.243849437455161
1192,192,Kyffhäuserkreis - Sömmerda - Weimarer Land I,16065,Kyffhäuserkreis,1029505582.759350419044495,40.164947328924193
1193,192,Kyffhäuserkreis - Sömmerda - Weimarer Land I,16067,Gotha,349595.398818315472454,0.013639052585161
1194,192,Kyffhäuserkreis - Sömmerda - Weimarer Land I,16068,Sömmerda,802197832.920682668685913,31.296803287144403
1195,192,Kyffhäuserkreis - Sömmerda - Weimarer Land I,16070,Ilm-Kreis,1261180.386373173212633,0.049203466828399
1196,192,Kyffhäuserkreis - Sömmerda - Weimarer Land I,16071,Weimarer Land,699776506.501672744750977,27.300955911599200
1197,192,Kyffhäuserkreis - Sömmerda - Weimarer Land I,16073,Saalfeld-Rudolstadt,1177888.048988498281687,0.045953914421901
1198,192,Kyffhäuserkreis - Sömmerda - Weimarer Land I,16074,Saale-Holzland-Kreis,2463322.682326641865075,0.096103632118837
1199,193,Gotha - llm-Kreis,16051,Erfurt,3512182.706633297260851,0.198277458779146
1200,193,Gotha - llm-Kreis,16054,Suhl,34909631.811035752296448,1.970795274783101
1201,193,Gotha - llm-Kreis,16063,Wartburgkreis,3559376.774767906870693,0.200941762057420
1202,193,Gotha - llm-Kreis,16064,Unstrut-Hainich-Kreis,1437055.612497230991721,0.081127822431366
1203,193,Gotha - llm-Kreis,16066,Schmalkalden-Meiningen,3994789.905542182270437,0.225522661258918
1204,193,Gotha - llm-Kreis,16067,Gotha,927209323.943006753921509,52.344858984850305
1205,193,Gotha - llm-Kreis,16068,Sömmerda,508076.327466882590670,0.028683041712412
1206,193,Gotha - llm-Kreis,16069,Hildburghausen,2215323.375798836350441,0.125064305025432
1207,193,Gotha - llm-Kreis,16070,Ilm-Kreis,788182930.567214846611023,44.496235412471876
1208,193,Gotha - llm-Kreis,16071,Weimarer Land,911352.072490373160690,0.051449650567785
1209,193,Gotha - llm-Kreis,16073,Saalfeld-Rudolstadt,4907404.520926396362484,0.277043587673519
1210,194,Erfurt - Weimar - Weimarer Land II,16051,Erfurt,264238818.333292216062546,59.033106881714858
1211,194,Erfurt - Weimar - Weimarer Land II,16055,Weimar,82708770.138359248638153,18.477813738458504
1212,194,Erfurt - Weimar - Weimarer Land II,16067,Gotha,824353.864796656649560,0.184167375996642
1213,194,Erfurt - Weimar - Weimarer Land II,16068,Sömmerda,2754601.725827018264681,0.615400489311129
1214,194,Erfurt - Weimar - Weimarer Land II,16070,Ilm-Kreis,1071625.026788841933012,0.239409770080613
1215,194,Erfurt - Weimar - Weimarer Land II,16071,Weimarer Land,96013065.206256315112114,21.450101753077153
1216,195,Gera - Jena - Saale-Holzland-Kreis,15084,Burgenlandkreis,3168889.581652392633259,0.292611577099151
1217,195,Gera - Jena - Saale-Holzland-Kreis,16052,Gera,148117362.057142347097397,13.676984883994173
1218,195,Gera - Jena - Saale-Holzland-Kreis,16053,Jena,114580039.457434400916100,10.580187534410783
1219,195,Gera - Jena - Saale-Holzland-Kreis,16071,Weimarer Land,5358645.512801414355636,0.494811092091915
1220,195,Gera - Jena - Saale-Holzland-Kreis,16073,Saalfeld-Rudolstadt,1007934.937948778737336,0.093071539480002
1221,195,Gera - Jena - Saale-Holzland-Kreis,16074,Saale-Holzland-Kreis,803416885.251667499542236,74.186580442160050
1222,195,Gera - Jena - Saale-Holzland-Kreis,16075,Saale-Orla-Kreis,1106761.840537293115631,0.102197100684053
1223,195,Gera - Jena - Saale-Holzland-Kreis,16076,Greiz,6211425.635964325629175,0.573555816490734
1224,196,Greiz - Altenburger Land,14522,Mittelsachsen,162265.656316587264882,0.011525001386157
1225,196,Greiz - Altenburger Land,14523,Vogtlandkreis,4437735.774464546702802,0.315192457314052
1226,196,Greiz - Altenburger Land,14524,Zwickau,4890296.328409497626126,0.347335802553783
1227,196,Greiz - Altenburger Land,14729,Leipzig,3560834.343288921285421,0.252910083833219
1228,196,Greiz - Altenburger Land,15084,Burgenlandkreis,2018997.588139127707109,0.143400338248732
1229,196,Greiz - Altenburger Land,16052,Gera,3660442.160658613778651,0.259984780101776
1230,196,Greiz - Altenburger Land,16074,Saale-Holzland-Kreis,3371607.606279787141830,0.239470157875792
1231,196,Greiz - Altenburger Land,16075,Saale-Orla-Kreis,2043172.955364971188828,0.145117406093607
1232,196,Greiz - Altenburger Land,16076,Greiz,822446109.002406597137451,58.414656320120329
1233,196,Greiz - Altenburger Land,16077,Altenburger Land,561353326.555253863334656,39.870407660698746
1234,197,Sonneberg - Saalfeld-Rudolstadt - Saale-Orla-Kreis,09473,Coburg,2890041.409661924932152,0.109942283579308
1235,197,Sonneberg - Saalfeld-Rudolstadt - Saale-Orla-Kreis,09475,Hof,2508544.340618173126131,0.095429460749413
1236,197,Sonneberg - Saalfeld-Rudolstadt - Saale-Orla-Kreis,09476,Kronach,10224964.427384318783879,0.388975720176731
1237,197,Sonneberg - Saalfeld-Rudolstadt - Saale-Orla-Kreis,14523,Vogtlandkreis,1493938.909055905882269,0.056832076744810
1238,197,Sonneberg - Saalfeld-Rudolstadt - Saale-Orla-Kreis,16069,Hildburghausen,1886255.410332510713488,0.071756489900966
1239,197,Sonneberg - Saalfeld-Rudolstadt - Saale-Orla-Kreis,16070,Ilm-Kreis,9514187.790677152574062,0.361936520567634
1240,197,Sonneberg - Saalfeld-Rudolstadt - Saale-Orla-Kreis,16071,Weimarer Land,1829609.522280154749751,0.069601580193779
1241,197,Sonneberg - Saalfeld-Rudolstadt - Saale-Orla-Kreis,16072,Sonneberg,453108061.406807720661163,17.237031556957916
1242,197,Sonneberg - Saalfeld-Rudolstadt - Saale-Orla-Kreis,16073,Saalfeld-Rudolstadt,999531841.593625783920288,38.023957998542755
1243,197,Sonneberg - Saalfeld-Rudolstadt - Saale-Orla-Kreis,16074,Saale-Holzland-Kreis,3878195.935418389271945,0.147533428373182
1244,197,Sonneberg - Saalfeld-Rudolstadt - Saale-Orla-Kreis,16075,Saale-Orla-Kreis,1138653894.193970441818237,43.316406787680258
1245,197,Sonneberg - Saalfeld-Rudolstadt - Saale-Orla-Kreis,16076,Greiz,3170096.767195026855916,0.120596084397827
1246,198,Suhl - Schmalkalden-Meiningen - Hildburghausen,06631,Fulda,769670.045401565846987,0.034296930508277
1247,198,Suhl - Schmalkalden-Meiningen - Hildburghausen,09473,Coburg,4874422.865872112102807,0.217207026956011
1248,198,Suhl - Schmalkalden-Meiningen - Hildburghausen,09673,Rhön-Grabfeld,4585655.477614984847605,0.204339389573885
1249,198,Suhl - Schmalkalden-Meiningen - Hildburghausen,09674,Haßberge,1856257.664998092921451,0.082715886531195
1250,198,Suhl - Schmalkalden-Meiningen - Hildburghausen,16054,Suhl,108121159.601508781313896,4.817939738570106
1251,198,Suhl - Schmalkalden-Meiningen - Hildburghausen,16063,Wartburgkreis,2199719.562528004869819,0.098020742036750
1252,198,Suhl - Schmalkalden-Meiningen - Hildburghausen,16066,Schmalkalden-Meiningen,1190189950.696983098983765,53.035534219610540
1253,198,Suhl - Schmalkalden-Meiningen - Hildburghausen,16067,Gotha,2337622.200030803680420,0.104165761196062
1254,198,Suhl - Schmalkalden-Meiningen - Hildburghausen,16069,Hildburghausen,924389186.994664430618286,41.191302556691760
1255,198,Suhl - Schmalkalden-Meiningen - Hildburghausen,16070,Ilm-Kreis,3039129.771133621223271,0.135425333477572
1256,198,Suhl - Schmalkalden-Meiningen - Hildburghausen,16072,Sonneberg,1742656.358882392290980,0.077653748378908
1257,198,Suhl - Schmalkalden-Meiningen - Hildburghausen,16073,Saalfeld-Rudolstadt,31389.052839935142401,0.001398713864992
1258,199,Neuwied,05374,Oberbergischer Kreis,3033499.882133283652365,0.238977994102734
1259,199,Neuwied,05382,Rhein-Sieg-Kreis,5013446.377752164378762,0.394957443695127
1260,199,Neuwied,05966,Olpe,815862.574033507145941,0.064273350579103
1261,199,Neuwied,05970,Siegen-Wittgenstein,2850677.548947639763355,0.224575318592768
1262,199,Neuwied,07131,Ahrweiler,345612.021590685180854,0.027227186704042
1263,199,Neuwied,07132,Altenkirchen (Westerwald),632644697.410961151123047,49.839514304078683
1264,199,Neuwied,07137,Mayen-Koblenz,886086.862331470940262,0.069805593930614
1265,199,Neuwied,07138,Neuwied,619159601.360882520675659,48.777163445484220
1266,199,Neuwied,07143,Westerwaldkreis,4614205.201698817312717,0.363505372119852
1267,200,Ahrweiler,05314,Bonn,612.967289920944154,0.000045915095857
1268,200,Ahrweiler,05366,Euskirchen,3436555.258712152019143,0.257419550305110
1269,200,Ahrweiler,05382,Rhein-Sieg-Kreis,1440926.984640476759523,0.107934471726683
1270,200,Ahrweiler,07131,Ahrweiler,777267069.065151453018188,58.222180155107885
1271,200,Ahrweiler,07135,Cochem-Zell,3524171.111991522833705,0.263982527429833
1272,200,Ahrweiler,07137,Mayen-Koblenz,545766733.894990444183350,40.881352585433518
1273,200,Ahrweiler,07138,Neuwied,1258235.869121657917276,0.094249760944754
1274,200,Ahrweiler,07233,Vulkaneifel,2307350.580020749475807,0.172835035083289
1275,201,Koblenz,06439,Rheingau-Taunus-Kreis,60755.970305035771162,0.009509692775719
1276,201,Koblenz,07111,Koblenz,105466640.995606675744057,16.507930807783175
1277,201,Koblenz,07135,Cochem-Zell,1067363.110774703789502,0.167066630861819
1278,201,Koblenz,07137,Mayen-Koblenz,263204905.649346500635147,41.197560951140041
1279,201,Koblenz,07138,Neuwied,1513735.944730367977172,0.236934143355378
1280,201,Koblenz,07140,Rhein-Hunsrück-Kreis,4492839.904498000629246,0.703231747723810
1281,201,Koblenz,07141,Rhein-Lahn-Kreis,258115897.332886606454849,40.401015272095869
1282,201,Koblenz,07143,Westerwaldkreis,4624069.143194572068751,0.723772111690188
1283,201,Koblenz,07339,Mainz-Bingen,338472.669227638340089,0.052978679809934
1284,202,Mosel/Rhein-Hunsrück,07133,Bad Kreuznach,2494672.476618788205087,0.108686540618075
1285,202,Mosel/Rhein-Hunsrück,07134,Birkenfeld,2354276.450576571747661,0.102569842522405
1286,202,Mosel/Rhein-Hunsrück,07135,Cochem-Zell,685413633.957534790039062,29.861730333545346
1287,202,Mosel/Rhein-Hunsrück,07137,Mayen-Koblenz,4550150.564156007021666,0.198238497736498
1288,202,Mosel/Rhein-Hunsrück,07140,Rhein-Hunsrück-Kreis,983877671.257407307624817,42.865050014609935
1289,202,Mosel/Rhein-Hunsrück,07141,Rhein-Lahn-Kreis,1296901.075181005056947,0.056502684302804
1290,202,Mosel/Rhein-Hunsrück,07231,Bernkastel-Wittlich,601364068.025269985198975,26.199904323419126
1291,202,Mosel/Rhein-Hunsrück,07233,Vulkaneifel,1758109.141021294519305,0.076596347760091
1292,202,Mosel/Rhein-Hunsrück,07235,Trier-Saarburg,10492695.438363822177052,0.457140077362182
1293,202,Mosel/Rhein-Hunsrück,07339,Mainz-Bingen,1688905.665986793814227,0.073581328205122
1294,203,Kreuznach,07133,Bad Kreuznach,855105724.423428535461426,51.663739224580496
1295,203,Kreuznach,07134,Birkenfeld,768270627.660581469535828,46.417340251258373
1296,203,Kreuznach,07140,Rhein-Hunsrück-Kreis,1989745.602231542812660,0.120216360364398
1297,203,Kreuznach,07231,Bernkastel-Wittlich,1181256.767122672405094,0.071369118263179
1298,203,Kreuznach,07235,Trier-Saarburg,653704.189783209585585,0.039495470356893
1299,203,Kreuznach,07331,Alzey-Worms,384445.393479579128325,0.023227404503943
1300,203,Kreuznach,07333,Donnersbergkreis,1243552.841531367739663,0.075132919686840
1301,203,Kreuznach,07336,Kusel,24234109.529228907078505,1.464175340309183
1302,203,Kreuznach,07339,Mainz-Bingen,1064849.384582523722202,0.064336022256921
1303,203,Kreuznach,10046,St. Wendel,1009101.872435863246210,0.060967871573675
1304,204,Bitburg,05366,Euskirchen,2828616.932671464979649,0.091355499480233
1305,204,Bitburg,07131,Ahrweiler,1840943.181363112060353,0.059456719609367
1306,204,Bitburg,07135,Cochem-Zell,2801182.466933523770422,0.090469451853382
1307,204,Bitburg,07137,Mayen-Koblenz,672036.269035666598938,0.021704674223456
1308,204,Bitburg,07231,Bernkastel-Wittlich,561588806.463526487350464,18.137565862808238
1309,204,Bitburg,07232,Eifelkreis Bitburg-Prüm,1613995285.558940649032593,52.127010825648512
1310,204,Bitburg,07233,Vulkaneifel,902271622.159255027770996,29.140557619214537
1311,204,Bitburg,07235,Trier-Saarburg,3037839.205226571764797,0.098112725950489
1312,205,Trier,07134,Birkenfeld,23234.855049525798677,0.001921580753153
1313,205,Trier,07211,Trier,115582396.178910702466965,9.558953883177818
1314,205,Trier,07231,Bernkastel-Wittlich,4212481.556863607838750,0.348382783771561
1315,205,Trier,07232,Eifelkreis Bitburg-Prüm,2026244.314907248830423,0.167575483832924
1316,205,Trier,07235,Trier-Saarburg,1077935905.438788414001465,89.148001337170513
1317,205,Trier,10042,Merzig-Wadern,3288433.121541320346296,0.271961661947820
1318,205,Trier,10046,St. Wendel,1532260.852112883701921,0.126721813239396
1319,206,Montabaur,05970,Siegen-Wittgenstein,326769.829504564520903,0.021747566450529
1320,206,Montabaur,06439,Rheingau-Taunus-Kreis,3276438.322280329652131,0.218057340981827
1321,206,Montabaur,06532,Lahn-Dill-Kreis,565773.937514243763871,0.037654046338132
1322,206,Montabaur,06533,Limburg-Weilburg,2024250.390590085182339,0.134720270682920
1323,206,Montabaur,07111,Koblenz,422993.539274496142752,0.028151558904516
1324,206,Montabaur,07132,Altenkirchen (Westerwald),2708555.702237288933247,0.180262955146969
1325,206,Montabaur,07137,Mayen-Koblenz,966724.789449947420508,0.064338594630391
1326,206,Montabaur,07138,Neuwied,2853477.174267701804638,0.189907937818314
1327,206,Montabaur,07141,Rhein-Lahn-Kreis,512909174.302851080894470,34.135729018034290
1328,206,Montabaur,07143,Westerwaldkreis,976503980.140671849250793,64.989430724106697
1329,207,Mainz,06414,Wiesbaden,14956.305884397103000,0.002882795734359
1330,207,Mainz,06433,Groß-Gerau,6648.092057017631305,0.001281405420010
1331,207,Mainz,06439,Rheingau-Taunus-Kreis,1370442.976318900706246,0.264149930928881
1332,207,Mainz,07133,Bad Kreuznach,1865333.649819520069286,0.359539041954626
1333,207,Mainz,07140,Rhein-Hunsrück-Kreis,421334.974937121791299,0.081211408610747
1334,207,Mainz,07141,Rhein-Lahn-Kreis,962.540771880461648,0.000185527659890
1335,207,Mainz,07315,Mainz,94809860.778609409928322,18.274396387740516
1336,207,Mainz,07331,Alzey-Worms,1063488.821272678440437,0.204985178907178
1337,207,Mainz,07339,Mainz-Bingen,419259515.246617972850800,80.811368227188012
1338,208,Worms,06431,Bergstraße,1566145.702797769103199,0.178907829343544
1339,208,Worms,06433,Groß-Gerau,1202200.111970922676846,0.137332696495006
1340,208,Worms,07133,Bad Kreuznach,673975.621392445522361,0.076991250072318
1341,208,Worms,07315,Mainz,1109183.918933484936133,0.126707040682523
1342,208,Worms,07319,Worms,106517047.539777055382729,12.167918814565978
1343,208,Worms,07331,Alzey-Worms,582419523.801523685455322,66.532387494017371
1344,208,Worms,07332,Bad Dürkheim,258473.012642934569158,0.029526528440633
1345,208,Worms,07333,Donnersbergkreis,1100809.687226678710431,0.125750414734881
1346,208,Worms,07338,Rhein-Pfalz-Kreis,638089.457103638327681,0.072891812998930
1347,208,Worms,07339,Mainz-Bingen,179907041.865170538425446,20.551586155883978
1348,209,Ludwigshafen/Frankenthal,06431,Bergstraße,7436.257010906520009,0.002400289499256
1349,209,Ludwigshafen/Frankenthal,07311,Frankenthal (Pfalz),43755176.784438386559486,14.123381053091851
1350,209,Ludwigshafen/Frankenthal,07314,Ludwigshafen am Rhein,74158312.489719539880753,23.936964320963906
1351,209,Ludwigshafen/Frankenthal,07319,Worms,888923.613492642645724,0.286928492651251
1352,209,Ludwigshafen/Frankenthal,07332,Bad Dürkheim,2008797.057390888920054,0.648403420688529
1353,209,Ludwigshafen/Frankenthal,07338,Rhein-Pfalz-Kreis,187990649.943559736013412,60.679987573849161
1354,209,Ludwigshafen/Frankenthal,08222,Mannheim,996665.719504449516535,0.321705699155615
1355,209,Ludwigshafen/Frankenthal,08226,Rhein-Neckar-Kreis,709.598924763455216,0.000229045720891
1356,210,Neustadt - Speyer,07312,Kaiserslautern,184994.296004906354938,0.021267275010605
1357,210,Neustadt - Speyer,07313,Landau in der Pfalz,67530.702090573890018,0.007763450247035
1358,210,Neustadt - Speyer,07316,Neustadt an der Weinstraße,115673904.271736964583397,13.298078842561322
1359,210,Neustadt - Speyer,07318,Speyer,42295005.408695459365845,4.862309438869812
1360,210,Neustadt - Speyer,07319,Worms,314883.463109065545723,0.036199565883126
1361,210,Neustadt - Speyer,07331,Alzey-Worms,898467.479003361193463,0.103289427710475
1362,210,Neustadt - Speyer,07332,Bad Dürkheim,587013297.102918863296509,67.484098126130192
1363,210,Neustadt - Speyer,07333,Donnersbergkreis,1539868.199310015887022,0.177026001244611
1364,210,Neustadt - Speyer,07334,Germersheim,828475.648932654876262,0.095243041790718
1365,210,Neustadt - Speyer,07335,Kaiserslautern,5000737.518094987608492,0.574893725644132
1366,210,Neustadt - Speyer,07337,Südliche Weinstraße,1980993.290423772996292,0.227738530384133
1367,210,Neustadt - Speyer,07338,Rhein-Pfalz-Kreis,112394873.400712087750435,12.921115591216001
1368,210,Neustadt - Speyer,07340,Südwestpfalz,666641.366058849031106,0.076638283296273
1369,210,Neustadt - Speyer,08215,Karlsruhe,281035.214759364956990,0.032308310737285
1370,210,Neustadt - Speyer,08226,Rhein-Neckar-Kreis,713544.810326212435029,0.082030387105529
1371,211,Kaiserslautern,07133,Bad Kreuznach,3498180.620518269948661,0.208980609205356
1372,211,Kaiserslautern,07134,Birkenfeld,1974571.605819577816874,0.117960512011137
1373,211,Kaiserslautern,07312,Kaiserslautern,139227290.726907402276993,8.317410445721814
1374,211,Kaiserslautern,07331,Alzey-Worms,2387467.553199043963104,0.142626833159815
1375,211,Kaiserslautern,07332,Bad Dürkheim,2503936.134467502124608,0.149584642863523
1376,211,Kaiserslautern,07333,Donnersbergkreis,640299645.130825877189636,38.251372478756828
1377,211,Kaiserslautern,07335,Kaiserslautern,336172790.929510056972504,20.082895158313843
1378,211,Kaiserslautern,07336,Kusel,545253353.236095309257507,32.573326049030712
1379,211,Kaiserslautern,10043,Neunkirchen,21692.750329768921802,0.001295920557293
1380,211,Kaiserslautern,10045,Saarpfalz-Kreis,1976030.230361769441515,0.118047649948967
1381,211,Kaiserslautern,10046,St. Wendel,610977.978947970783338,0.036499702017298
1382,212,Pirmasens,07312,Kaiserslautern,829862.068898177007213,0.060015325639913
1383,212,Pirmasens,07313,Landau in der Pfalz,518320.630491737334523,0.037484761131628
1384,212,Pirmasens,07317,Pirmasens,61558634.553977139294147,4.451898257755739
1385,212,Pirmasens,07320,Zweibrücken,64956210.386832930147648,4.697609717090024
1386,212,Pirmasens,07332,Bad Dürkheim,508862.028831666277256,0.036800718469597
1387,212,Pirmasens,07335,Kaiserslautern,299052427.175197184085846,21.627363718594214
1388,212,Pirmasens,07336,Kusel,1570306.130095245782286,0.113563973199963
1389,212,Pirmasens,07337,Südliche Weinstraße,4633841.481897287070751,0.335117745373090
1390,212,Pirmasens,07340,Südwestpfalz,942619430.425152063369751,68.169897374134010
1391,212,Pirmasens,10045,Saarpfalz-Kreis,1696906.546367982868105,0.122719669662684
1392,213,Südpfalz,07313,Landau in der Pfalz,82343091.108188882470131,6.957369561248257
1393,213,Südpfalz,07316,Neustadt an der Weinstraße,1444651.516963631380349,0.122062146993342
1394,213,Südpfalz,07332,Bad Dürkheim,1269361.693611639086157,0.107251480245559
1395,213,Südpfalz,07334,Germersheim,458739664.826479792594910,38.760038488324092
1396,213,Südpfalz,07337,Südliche Weinstraße,630680317.017409801483154,53.287725557086375
1397,213,Südpfalz,07338,Rhein-Pfalz-Kreis,458261.477943579317071,0.038719635306723
1398,213,Südpfalz,07340,Südwestpfalz,3293640.438815511297435,0.278287752212311
1399,213,Südpfalz,08212,Karlsruhe,791155.542394463089295,0.066846670616677
1400,213,Südpfalz,08215,Karlsruhe,2588674.095811475999653,0.218723418271087
1401,213,Südpfalz,08216,Rastatt,64.952490113870439,0.000005487995065
1402,214,Altötting,09171,Altötting,561945100.817610740661621,40.750603328399613
1403,214,Altötting,09175,Ebersberg,419040.232416158250999,0.030387563242363
1404,214,Altötting,09177,Erding,4152081.736041736789048,0.301096736258310
1405,214,Altötting,09183,Mühldorf a. Inn,793565592.194404840469360,57.547039053333947
1406,214,Altötting,09187,Rosenheim,3185736.906109503004700,0.231020255858849
1407,214,Altötting,09189,Traunstein,4849073.875563993118703,0.351640553010799
1408,214,Altötting,09274,Landshut,4018712.680651328992099,0.291425205241152
1409,214,Altötting,09277,Rottal-Inn,4778942.899554030969739,0.346554861223011
1410,215,Erding - Ebersberg,09175,Ebersberg,544242560.978639721870422,38.222744343792037
1411,215,Erding - Ebersberg,09177,Erding,862561350.524271011352539,60.578617597713333
1412,215,Erding - Ebersberg,09178,Freising,2199321.481114648748189,0.154460728964846
1413,215,Erding - Ebersberg,09183,Mühldorf a. Inn,3156182.971197020262480,0.221662147468523
1414,215,Erding - Ebersberg,09184,München,4790214.072355930693448,0.336421920972994
1415,215,Erding - Ebersberg,09187,Rosenheim,4016812.046905239578336,0.282105059313707
1416,215,Erding - Ebersberg,09274,Landshut,2904529.166502811014652,0.203988228283164
1417,216,Freising,09161,Ingolstadt,387594.295719446206931,0.024765567312201
1418,216,Freising,09174,Dachau,4644316.841953665018082,0.296751378022982
1419,216,Freising,09176,Eichstätt,4491777.730352900922298,0.287004801053679
1420,216,Freising,09177,Erding,2980128.485616023186594,0.190417076372439
1421,216,Freising,09178,Freising,792870422.736626148223877,50.660925717932557
1422,216,Freising,09184,München,2654882.755809526890516,0.169635307642903
1423,216,Freising,09185,Neuburg-Schrobenhausen,4532555.876377711072564,0.289610344869461
1424,216,Freising,09186,Pfaffenhofen a.d. Ilm,746528236.999035239219666,47.699864286033758
1425,216,Freising,09273,Kelheim,3202904.731161821633577,0.204651496655594
1426,216,Freising,09274,Landshut,2317835.168319853022695,0.148099452219911
1427,216,Freising,09771,Aichach-Friedberg,442512.469150075165089,0.028274596562064
1428,217,Fürstenfeldbruck,09162,München,2268589.718557183165103,0.224646031234541
1429,217,Fürstenfeldbruck,09174,Dachau,571728329.831339240074158,56.615129298323787
1430,217,Fürstenfeldbruck,09178,Freising,856408.704341474222019,0.084805469658650
1431,217,Fürstenfeldbruck,09179,Fürstenfeldbruck,425598728.831974685192108,42.144714202167748
1432,217,Fürstenfeldbruck,09181,Landsberg am Lech,1473509.026146603981033,0.145913539149174
1433,217,Fürstenfeldbruck,09184,München,187844.550355709390715,0.018601218361020
1434,217,Fürstenfeldbruck,09186,Pfaffenhofen a.d. Ilm,1172232.557073979871348,0.116079778320634
1435,217,Fürstenfeldbruck,09188,Starnberg,1090918.529052125988528,0.108027694892159
1436,217,Fürstenfeldbruck,09771,Aichach-Friedberg,5474227.611785556189716,0.542082817797610
1437,218,Ingolstadt,09161,Ingolstadt,133071252.142703801393509,6.395288416335886
1438,218,Ingolstadt,09176,Eichstätt,1189513419.802520990371704,57.166978383739874
1439,218,Ingolstadt,09185,Neuburg-Schrobenhausen,728036547.899042963981628,34.988802062633937
1440,218,Ingolstadt,09186,Pfaffenhofen a.d. Ilm,8084250.980091077275574,0.388522057283153
1441,218,Ingolstadt,09273,Kelheim,5668536.078906855545938,0.272424904247079
1442,218,Ingolstadt,09373,Neumarkt i.d. OPf.,2365079.584262946154922,0.113663663829728
1443,218,Ingolstadt,09576,Roth,2332135.608197525143623,0.112080405048235
1444,218,Ingolstadt,09577,Weißenburg-Gunzenhausen,4446814.897183765657246,0.213710048892092
1445,218,Ingolstadt,09771,Aichach-Friedberg,3520116.416950783692300,0.169173727480503
1446,218,Ingolstadt,09779,Donau-Ries,3731992.174977268557996,0.179356291777382
1447,219,München-Nord,09162,München,84764368.424338057637215,98.925265501246685
1448,219,München-Nord,09174,Dachau,3660.888663705947693,0.004272483707006
1449,219,München-Nord,09184,München,917227.954933424713090,1.070461806695909
1450,220,München-Ost,09162,München,72141139.679804444313049,99.160099025044445
1451,220,München-Ost,09184,München,611046.660410257522017,0.839901443533281
1452,221,München-Süd,09162,München,47036835.872710354626179,97.741965739940241
1453,221,München-Süd,09184,München,1086644.584287861827761,2.258034065394623
1454,222,München-West/Mitte,09162,München,96078492.033571779727936,98.672844432953866
1455,222,München-West/Mitte,09174,Dachau,30894.830311151170463,0.031729065689432
1456,222,München-West/Mitte,09179,Fürstenfeldbruck,975657.168264647014439,1.002002279036965
1457,222,München-West/Mitte,09184,München,285709.317624454502948,0.293424162414544
1458,223,München-Land,09162,München,9140631.123914575204253,1.339149240747087
1459,223,München-Land,09173,Bad Tölz-Wolfratshausen,597837.438307551317848,0.087586244401128
1460,223,München-Land,09174,Dachau,752484.465213254792616,0.110242825315191
1461,223,München-Land,09175,Ebersberg,1215308.056372092338279,0.178048850117859
1462,223,München-Land,09177,Erding,252937.398929118236993,0.037056623458557
1463,223,München-Land,09178,Freising,294798.244327994645573,0.043189451550293
1464,223,München-Land,09179,Fürstenfeldbruck,417093.641075594117865,0.061106353072873
1465,223,München-Land,09182,Miesbach,4776981.576863047666848,0.699852249259059
1466,223,München-Land,09184,München,645854278.794222712516785,94.620957279166532
1467,223,München-Land,09187,Rosenheim,817036.469728852272965,0.119700024349248
1468,223,München-Land,09188,Starnberg,18450623.577595241367817,2.703110783084029
1469,224,Rosenheim,09163,Rosenheim,36746504.354836061596870,2.485357531124583
1470,224,Rosenheim,09175,Ebersberg,4151827.938184013124555,0.280809753615137
1471,224,Rosenheim,09182,Miesbach,4895097.801415295340121,0.331080966746100
1472,224,Rosenheim,09183,Mühldorf a. Inn,1710259.566950915148482,0.115673764607760
1473,224,Rosenheim,09184,München,194044.115519063547254,0.013124214461837
1474,224,Rosenheim,09187,Rosenheim,1418979499.933200836181641,95.972976167085235
1475,224,Rosenheim,09189,Traunstein,6628341.767421212978661,0.448309286005864
1476,225,Starnberg,09173,Bad Tölz-Wolfratshausen,1105151101.826643943786621,45.176210188354915
1477,225,Starnberg,09179,Fürstenfeldbruck,1585555.005012039793655,0.064814092890311
1478,225,Starnberg,09180,Garmisch-Partenkirchen,3841745.242268023081124,0.157042317804282
1479,225,Starnberg,09181,Landsberg am Lech,3643073.581782697234303,0.148921045810145
1480,225,Starnberg,09182,Miesbach,850377832.067060708999634,34.761624557476352
1481,225,Starnberg,09184,München,7526509.848918371833861,0.307667603423152
1482,225,Starnberg,09187,Rosenheim,4588539.222862483933568,0.187569656354614
1483,225,Starnberg,09188,Starnberg,462706923.038050293922424,18.914468054389960
1484,225,Starnberg,09190,Weilheim-Schongau,4109655.151570511050522,0.167993901125502
1485,226,Traunstein,09171,Altötting,1126463.973957730690017,0.047139105523487
1486,226,Traunstein,09172,Berchtesgadener Land,832554956.123703956604004,34.839903306388742
1487,226,Traunstein,09183,Mühldorf a. Inn,3382419.973875835072249,0.141544031375537
1488,226,Traunstein,09187,Rosenheim,7776651.967532723210752,0.325429331245277
1489,226,Traunstein,09189,Traunstein,1520476965.369884252548218,63.627355844131436
1490,227,Weilheim,09173,Bad Tölz-Wolfratshausen,4219067.819644118659198,0.151729768650209
1491,227,Weilheim,09179,Fürstenfeldbruck,3316560.645653271581978,0.119273024514170
1492,227,Weilheim,09180,Garmisch-Partenkirchen,1001367968.529578804969788,36.012061595999278
1493,227,Weilheim,09181,Landsberg am Lech,789772327.186809659004211,28.402476000136783
1494,227,Weilheim,09188,Starnberg,4548585.333338432013988,0.163580162684227
1495,227,Weilheim,09190,Weilheim-Schongau,960001875.903091788291931,34.524418369465558
1496,227,Weilheim,09771,Aichach-Friedberg,366996.221175779472105,0.013198235751327
1497,227,Weilheim,09772,Augsburg,638749.425966182141565,0.022971259711933
1498,227,Weilheim,09777,Ostallgäu,10178023.644580326974392,0.366030895668036
1499,228,Deggendorf,09271,Deggendorf,851472241.060151934623718,45.954625443772464
1500,228,Deggendorf,09272,Freyung-Grafenau,970307062.102310419082642,52.368234046996832
1501,228,Deggendorf,09275,Passau,7687733.274590057320893,0.414913001398075
1502,228,Deggendorf,09276,Regen,7212810.730933929793537,0.389281058797870
1503,228,Deggendorf,09277,Rottal-Inn,15532.856186655622878,0.000838320445116
1504,228,Deggendorf,09278,Straubing-Bogen,4538149.817139282822609,0.244927509080860
1505,228,Deggendorf,09279,Dingolfing-Landau,6225277.350627971813083,0.335983106830958
1506,229,Landshut,09176,Eichstätt,4313343.822299879044294,0.174300919306351
1507,229,Landshut,09177,Erding,1243194.181292079156265,0.050237100867136
1508,229,Landshut,09178,Freising,2436466.564947796054184,0.098456876990425
1509,229,Landshut,09183,Mühldorf a. Inn,2739022.628292859066278,0.110683076003384
1510,229,Landshut,09186,Pfaffenhofen a.d. Ilm,5132429.154816018417478,0.207399909864397
1511,229,Landshut,09261,Landshut,66209288.109800316393375,2.675497307794935
1512,229,Landshut,09273,Kelheim,1048580529.522771120071411,42.372822059222457
1513,229,Landshut,09274,Landshut,1328370378.239319801330566,53.679045224589395
1514,229,Landshut,09277,Rottal-Inn,1061372.153163232840598,0.042889727701760
1515,229,Landshut,09278,Straubing-Bogen,1492507.637868050718680,0.060311782243559
1516,229,Landshut,09279,Dingolfing-Landau,3134990.461824093945324,0.126684016397567
1517,229,Landshut,09373,Neumarkt i.d. OPf.,895989.172658585477620,0.036206651478958
1518,229,Landshut,09375,Regensburg,9044000.688028894364834,0.365465332483090
1519,230,Passau,09262,Passau,69837583.784316897392273,4.343981441177828
1520,230,Passau,09271,Deggendorf,3437940.737144807353616,0.213844035672093
1521,230,Passau,09272,Freyung-Grafenau,5167492.984057163819671,0.321424259027728
1522,230,Passau,09275,Passau,1514380579.295517444610596,94.196287655890316
1523,230,Passau,09277,Rottal-Inn,4620706.084813499823213,0.287413458340104
1524,231,Rottal-Inn,09171,Altötting,5291111.159168737009168,0.245082465289083
1525,231,Rottal-Inn,09183,Mühldorf a. Inn,1097849.480909809703007,0.050852013727111
1526,231,Rottal-Inn,09271,Deggendorf,3192571.765393592417240,0.147878835907486
1527,231,Rottal-Inn,09274,Landshut,6858507.700619314797223,0.317683738803934
1528,231,Rottal-Inn,09275,Passau,4818520.555381714366376,0.223192229615642
1529,231,Rottal-Inn,09277,Rottal-Inn,1270577174.226278066635132,58.852701603104293
1530,231,Rottal-Inn,09278,Straubing-Bogen,3979242.027216225862503,0.184317134279465
1531,231,Rottal-Inn,09279,Dingolfing-Landau,862767198.949498891830444,39.963082560208349
1532,232,Straubing,09263,Straubing,67701427.225001558661461,3.013424732868669
1533,232,Straubing,09271,Deggendorf,4253881.395637793466449,0.189342410252335
1534,232,Straubing,09272,Freyung-Grafenau,4432561.823923849500716,0.197295566396108
1535,232,Straubing,09274,Landshut,3161460.385004235431552,0.140718199108188
1536,232,Straubing,09276,Regen,960719926.189183235168457,42.762129331730357
1537,232,Straubing,09278,Straubing-Bogen,1184968552.678761243820190,52.743549001506118
1538,232,Straubing,09279,Dingolfing-Landau,6137371.257691095583141,0.273177495671668
1539,232,Straubing,09372,Cham,7072881.288736491464078,0.314817519832900
1540,232,Straubing,09375,Regensburg,5761309.203827090561390,0.256438783643620
1541,233,Amberg,09176,Eichstätt,4788915.456480073742568,0.180631275709184
1542,233,Amberg,09273,Kelheim,768297.686752668116242,0.028979127433700
1543,233,Amberg,09361,Amberg,50422569.998425766825676,1.901869687640242
1544,233,Amberg,09371,Amberg-Sulzbach,1234798475.117820024490356,46.574892756245767
1545,233,Amberg,09373,Neumarkt i.d. OPf.,1326214288.006039857864380,50.022970938467061
1546,233,Amberg,09374,Neustadt a.d. Waldnaab,6708001.684698768891394,0.253016557251377
1547,233,Amberg,09375,Regensburg,3615841.946191129740328,0.136384563360688
1548,233,Amberg,09376,Schwandorf,11188072.090438904240727,0.421998624278847
1549,233,Amberg,09472,Bayreuth,299599.567481309117284,0.011300481824719
1550,233,Amberg,09574,Nürnberger Land,7147336.852371226064861,0.269587672887424
1551,233,Amberg,09576,Roth,5259162.644853776320815,0.198368350064853
1552,234,Regensburg,09273,Kelheim,6863184.953704216517508,0.464912289662511
1553,234,Regensburg,09274,Landshut,577620.222000547568314,0.039128005696641
1554,234,Regensburg,09278,Straubing-Bogen,4851850.211600678972900,0.328664432940477
1555,234,Regensburg,09362,Regensburg,79741703.468540638685226,5.401704630025912
1556,234,Regensburg,09372,Cham,3105963.767579052131623,0.210398049380065
1557,234,Regensburg,09373,Neumarkt i.d. OPf.,3324693.753418161999434,0.225214823111250
1558,234,Regensburg,09375,Regensburg,1368498343.986250638961792,92.702105916381299
1559,234,Regensburg,09376,Schwandorf,9268847.261019021272659,0.627871903747352
1560,235,Schwandorf,09276,Regen,5299220.887623493559659,0.177822031067154
1561,235,Schwandorf,09278,Straubing-Bogen,2219157.349719759542495,0.074466619820738
1562,235,Schwandorf,09371,Amberg-Sulzbach,7416841.715277486480772,0.248881465008285
1563,235,Schwandorf,09372,Cham,1513547200.435354709625244,50.788982570251051
1564,235,Schwandorf,09373,Neumarkt i.d. OPf.,681484.596235034987330,0.022868073932627
1565,235,Schwandorf,09374,Neustadt a.d. Waldnaab,4773765.552645573392510,0.160189715509395
1566,235,Schwandorf,09375,Regensburg,6789391.327581190504134,0.227826576997367
1567,235,Schwandorf,09376,Schwandorf,1429014853.376814603805542,47.952393199173834
1568,236,Weiden,09363,Weiden i.d. OPf.,70602848.768797427415848,2.721642404027062
1569,236,Weiden,09371,Amberg-Sulzbach,5997562.147890652529895,0.231197745517895
1570,236,Weiden,09374,Neustadt a.d. Waldnaab,1411440708.218594551086426,54.409091831934965
1571,236,Weiden,09376,Schwandorf,9190889.251572320237756,0.354296099293528
1572,236,Weiden,09377,Tirschenreuth,1077551114.572872161865234,41.538108689238165
1573,236,Weiden,09472,Bayreuth,4258282.499764821492136,0.164150914896344
1574,236,Weiden,09479,Wunsiedel i. Fichtelgebirge,5700362.415864388458431,0.219741105916893
1575,237,Bamberg,09461,Bamberg,54160316.048697665333748,5.391426374436666
1576,237,Bamberg,09471,Bamberg,602988495.303401350975037,60.024909643022838
1577,237,Bamberg,09474,Forchheim,331168482.837584316730499,32.966397226104469
1578,237,Bamberg,09572,Erlangen-Höchstadt,9183714.274396594613791,0.914199232326357
1579,237,Bamberg,09574,Nürnberger Land,10843.782345876270483,0.001079451864454
1580,237,Bamberg,09575,Neustadt a.d. Aisch-Bad Windsheim,136255.644271255587228,0.013563662987664
1581,237,Bamberg,09674,Haßberge,2325268.402481335215271,0.231470462275553
1582,237,Bamberg,09675,Kitzingen,3372528.913323241285980,0.335720739064601
1583,237,Bamberg,09678,Schweinfurt,1217865.301749443635345,0.121233249496909
1584,238,Bayreuth,09371,Amberg-Sulzbach,2376278.837907656561583,0.143878488840618
1585,238,Bayreuth,09374,Neustadt a.d. Waldnaab,2220779.669764656107873,0.134463354147045
1586,238,Bayreuth,09377,Tirschenreuth,1162749.015843393979594,0.070401911018055
1587,238,Bayreuth,09462,Bayreuth,67011659.197633348405361,4.057409469903569
1588,238,Bayreuth,09471,Bamberg,6645468.590640845708549,0.402368595472192
1589,238,Bayreuth,09472,Bayreuth,1254132686.256125926971436,75.934992487261383
1590,238,Bayreuth,09474,Forchheim,305881483.486872792243958,18.520455136135798
1591,238,Bayreuth,09475,Hof,847408.005783447064459,0.051308702227437
1592,238,Bayreuth,09477,Kulmbach,7798946.410632794722915,0.472209155849248
1593,238,Bayreuth,09478,Lichtenfels,138704.833000762941083,0.008398274414888
1594,238,Bayreuth,09479,Wunsiedel i. Fichtelgebirge,1050366.063878494547680,0.063597368957497
1595,238,Bayreuth,09574,Nürnberger Land,2320761.771351156756282,0.140517051826750
1596,239,Coburg,09463,Coburg,48004022.889254838228226,3.716612438500337
1597,239,Coburg,09471,Bamberg,199143.674938218871830,0.015418288192878
1598,239,Coburg,09473,Coburg,577376348.384083509445190,44.702172629380215
1599,239,Coburg,09475,Hof,2569378.800132174510509,0.198928852896782
1600,239,Coburg,09476,Kronach,636868563.832612514495850,49.308234676305823
1601,239,Coburg,09477,Kulmbach,1780983.987262377049774,0.137889010991846
1602,239,Coburg,09478,Lichtenfels,6041765.768639413639903,0.467771250297797
1603,239,Coburg,09674,Haßberge,2324062.378387501463294,0.179935735038138
1604,239,Coburg,16069,Hildburghausen,6195139.215658918023109,0.479645873019385
1605,239,Coburg,16072,Sonneberg,5730415.963915266096592,0.443665633990764
1606,239,Coburg,16073,Saalfeld-Rudolstadt,1989295.406088717048988,0.154017092841939
1607,239,Coburg,16075,Saale-Orla-Kreis,2527784.645161765161902,0.195708511258153
1608,240,Hof,09377,Tirschenreuth,1612194.379880508407950,0.103829143494649
1609,240,Hof,09464,Hof,58200192.078858464956284,3.748230467854525
1610,240,Hof,09472,Bayreuth,3423449.650315440725535,0.220478280674601
1611,240,Hof,09475,Hof,882060499.868230342864990,56.806789153159443
1612,240,Hof,09476,Kronach,2073216.920718246139586,0.133520089043323
1613,240,Hof,09477,Kulmbach,2381445.062153910752386,0.153370712718481
1614,240,Hof,09479,Wunsiedel i. Fichtelgebirge,597206124.620034456253052,38.461491481971834
1615,240,Hof,14523,Vogtlandkreis,1433369.864450934343040,0.092312420384453
1616,240,Hof,16075,Saale-Orla-Kreis,1042695.269837259547785,0.067152049494893
1617,241,Kulmbach,09461,Bamberg,797386.618052570498548,0.046180135242842
1618,241,Kulmbach,09471,Bamberg,546623780.823990464210510,31.657366143234345
1619,241,Kulmbach,09472,Bayreuth,8062897.502409507520497,0.466957544409025
1620,241,Kulmbach,09473,Coburg,2720316.241226036567241,0.157545372695026
1621,241,Kulmbach,09474,Forchheim,928507.153207147144713,0.053773897051061
1622,241,Kulmbach,09475,Hof,3345954.545854612719268,0.193778814374060
1623,241,Kulmbach,09476,Kronach,2236577.984210367780179,0.129529981383746
1624,241,Kulmbach,09477,Kulmbach,646025269.601665854454041,37.414139697202195
1625,241,Kulmbach,09478,Lichtenfels,513371721.396558642387390,29.731594420086882
1626,241,Kulmbach,09674,Haßberge,2575077.486838550772518,0.149133963262928
1627,242,Ansbach,08127,Schwäbisch Hall,7399480.851749470457435,0.244501549807973
1628,242,Ansbach,08128,Main-Tauber-Kreis,643294.577485986286774,0.021256426542573
1629,242,Ansbach,08136,Ostalbkreis,2405477.991054447833449,0.079484373110139
1630,242,Ansbach,09176,Eichstätt,3949357.925140026956797,0.130498902935174
1631,242,Ansbach,09561,Ansbach,99800732.024166122078896,3.297722386308970
1632,242,Ansbach,09571,Ansbach,1942594446.646296739578247,64.189280622448464
1633,242,Ansbach,09573,Fürth,2037839.742977064568549,0.067336477436842
1634,242,Ansbach,09575,Neustadt a.d. Aisch-Bad Windsheim,3512515.852699881419539,0.116064300579566
1635,242,Ansbach,09576,Roth,5135427.949135147035122,0.169690295528483
1636,242,Ansbach,09577,Weißenburg-Gunzenhausen,954544691.507831215858459,31.541085261333947
1637,242,Ansbach,09779,Donau-Ries,4330087.729012149386108,0.143079383778342
1638,243,Erlangen,09471,Bamberg,3203190.977286371868104,0.502342886352163
1639,243,Erlangen,09474,Forchheim,3657899.423396697267890,0.573652887812418
1640,243,Erlangen,09562,Erlangen,77614545.879212722182274,12.171960796700995
1641,243,Erlangen,09563,Fürth,414940.933778244827408,0.065073430781330
1642,243,Erlangen,09564,Nürnberg,2171004.345208536833525,0.340469424642002
1643,243,Erlangen,09572,Erlangen-Höchstadt,545846190.007846355438232,85.602748177433526
1644,243,Erlangen,09573,Fürth,1693653.465388023993000,0.265608506116649
1645,243,Erlangen,09574,Nürnberger Land,1659203.310895183822140,0.260205834166732
1646,243,Erlangen,09575,Neustadt a.d. Aisch-Bad Windsheim,1389682.307524939300492,0.217937995712642
1647,244,Fürth,08128,Main-Tauber-Kreis,1106579.334458059165627,0.067364439443054
1648,244,Fürth,09471,Bamberg,454845.768225854902994,0.027689320824508
1649,244,Fürth,09562,Erlangen,364966.200612787331920,0.022217786609925
1650,244,Fürth,09563,Fürth,61520099.030476771295071,3.745115109798156
1651,244,Fürth,09564,Nürnberg,1986650.065831360407174,0.120939876506712
1652,244,Fürth,09571,Ansbach,8814800.693836741149426,0.536612323266792
1653,244,Fürth,09572,Erlangen-Höchstadt,5317398.165499072521925,0.323703448600727
1654,244,Fürth,09573,Fürth,302194630.302483737468719,18.396486577257200
1655,244,Fürth,09575,Neustadt a.d. Aisch-Bad Windsheim,1253624034.836555719375610,76.315974597938322
1656,244,Fürth,09576,Roth,1517287.227786379167810,0.092366810395924
1657,244,Fürth,09675,Kitzingen,4520793.149302907288074,0.275209094239898
1658,244,Fürth,09679,Würzburg,1253701.399083859287202,0.076320684245941
1659,245,Nürnberg-Nord,09562,Erlangen,26684.803443097178388,0.031635826257245
1660,245,Nürnberg-Nord,09563,Fürth,1116161.577134949853644,1.323251033291329
1661,245,Nürnberg-Nord,09564,Nürnberg,80191003.850090712308884,95.069415467319857
1662,245,Nürnberg-Nord,09572,Erlangen-Höchstadt,1856536.001991925528273,2.200992430938470
1663,245,Nürnberg-Nord,09574,Nürnberger Land,1159563.164589275838807,1.374705228294924
1664,246,Nürnberg-Süd,09563,Fürth,282614.912988180993125,0.194369946341292
1665,246,Nürnberg-Süd,09564,Nürnberg,98921669.855007976293564,68.033917454713247
1666,246,Nürnberg-Süd,09565,Schwabach,39377831.769558735191822,27.082318364443946
1667,246,Nürnberg-Süd,09573,Fürth,728802.021181039279327,0.501237561219240
1668,246,Nürnberg-Süd,09574,Nürnberger Land,4116789.819615282583982,2.831344630318436
1669,246,Nürnberg-Süd,09576,Roth,1972811.652879414614290,1.356811963874259
1670,247,Roth,09176,Eichstätt,6306698.097509266808629,0.370835814008059
1671,247,Roth,09371,Amberg-Sulzbach,4794952.073436805047095,0.281944676562973
1672,247,Roth,09373,Neumarkt i.d. OPf.,11142440.409729756414890,0.655178969326327
1673,247,Roth,09472,Bayreuth,3446724.646765309385955,0.202668483615800
1674,247,Roth,09474,Forchheim,1159044.716604125918821,0.068152190624660
1675,247,Roth,09564,Nürnberg,4371127.136653786525130,0.257023638168743
1676,247,Roth,09565,Schwabach,1436471.406110696727410,0.084464966444920
1677,247,Roth,09571,Ansbach,1347052.641239610500634,0.079207115197584
1678,247,Roth,09572,Erlangen-Höchstadt,2073178.582114811288193,0.121903546863334
1679,247,Roth,09573,Fürth,339771.237485036836006,0.019978654674948
1680,247,Roth,09574,Nürnberger Land,781156324.196015357971191,45.932235358654282
1681,247,Roth,09576,Roth,878771392.683060646057129,51.672031813496829
1682,247,Roth,09577,Weißenburg-Gunzenhausen,4326078.836725216358900,0.254374784090840
1683,248,Aschaffenburg,06432,Darmstadt-Dieburg,1203123.592751862714067,0.158525286307454
1684,248,Aschaffenburg,06435,Main-Kinzig-Kreis,3354646.628868578001857,0.442013040476888
1685,248,Aschaffenburg,06438,Offenbach,2830046.502435756381601,0.372890977090636
1686,248,Aschaffenburg,09661,Aschaffenburg,61831685.015785776078701,8.147031301730410
1687,248,Aschaffenburg,09671,Aschaffenburg,683040487.545688509941101,89.998392102095053
1688,248,Aschaffenburg,09676,Miltenberg,4884971.728034705854952,0.643650865510237
1689,248,Aschaffenburg,09677,Main-Spessart,1802472.669143831357360,0.237496378309588
1690,249,Bad Kissingen,06435,Main-Kinzig-Kreis,700758.302217479445972,0.022454004219855
1691,249,Bad Kissingen,06631,Fulda,3744594.647890397813171,0.119985940600791
1692,249,Bad Kissingen,09471,Bamberg,4592761.783500144258142,0.147163283176481
1693,249,Bad Kissingen,09473,Coburg,2962817.356477906927466,0.094935890469647
1694,249,Bad Kissingen,09672,Bad Kissingen,1123019236.629495859146118,35.984273890816112
1695,249,Bad Kissingen,09673,Rhön-Grabfeld,1015512822.057271122932434,32.539506302865298
1696,249,Bad Kissingen,09674,Haßberge,942278060.158504128456116,30.192886009518205
1697,249,Bad Kissingen,09677,Main-Spessart,4065253.252348359208554,0.130260623947171
1698,249,Bad Kissingen,09678,Schweinfurt,14479711.051312781870365,0.463965238827175
1699,249,Bad Kissingen,16066,Schmalkalden-Meiningen,6817545.135915141552687,0.218450765073322
1700,249,Bad Kissingen,16069,Hildburghausen,2687624.431151397991925,0.086118038312916
1701,250,Main-Spessart,06432,Darmstadt-Dieburg,139766.751174137374619,0.006815585837830
1702,250,Main-Spessart,06435,Main-Kinzig-Kreis,3291243.449404478073120,0.160494195179978
1703,250,Main-Spessart,06437,Odenwaldkreis,3140336.103969667106867,0.153135349404929
1704,250,Main-Spessart,08128,Main-Tauber-Kreis,6668476.497374420985579,0.325181587134296
1705,250,Main-Spessart,08225,Neckar-Odenwald-Kreis,1883657.886180943343788,0.091854692940363
1706,250,Main-Spessart,09661,Aschaffenburg,62875.307135024806485,0.003066051469743
1707,250,Main-Spessart,09671,Aschaffenburg,10173254.192215800285339,0.496088566233664
1708,250,Main-Spessart,09672,Bad Kissingen,4051334.363462092820555,0.197559268423758
1709,250,Main-Spessart,09676,Miltenberg,700390418.480693221092224,34.153838284483598
1710,250,Main-Spessart,09677,Main-Spessart,1307795347.759222507476807,63.773332184440399
1711,250,Main-Spessart,09678,Schweinfurt,8440305.661847257986665,0.411583064302426
1712,250,Main-Spessart,09679,Würzburg,4656122.868357025086880,0.227051175005381
1713,251,Schweinfurt,09471,Bamberg,1837197.105530191678554,0.118791260993411
1714,251,Schweinfurt,09575,Neustadt a.d. Aisch-Bad Windsheim,5306609.720838171429932,0.343119885417160
1715,251,Schweinfurt,09662,Schweinfurt,35679386.112396419048309,2.306992132201956
1716,251,Schweinfurt,09672,Bad Kissingen,6254116.866052602417767,0.404384715544251
1717,251,Schweinfurt,09673,Rhön-Grabfeld,745046.847521450021304,0.048173957083770
1718,251,Schweinfurt,09674,Haßberge,4698192.080714829266071,0.303780231297670
1719,251,Schweinfurt,09675,Kitzingen,671583066.927859783172607,43.423865159617527
1720,251,Schweinfurt,09677,Main-Spessart,1053922.506834892323241,0.068145537133384
1721,251,Schweinfurt,09678,Schweinfurt,815525787.903965473175049,52.731052333004499
1722,251,Schweinfurt,09679,Würzburg,3892650.443677091039717,0.251694743813302
1723,252,Würzburg,08128,Main-Tauber-Kreis,6909775.328019288368523,0.658703271947279
1724,252,Würzburg,09575,Neustadt a.d. Aisch-Bad Windsheim,509109.007048960076645,0.048532948294443
1725,252,Würzburg,09663,Würzburg,87676899.607105255126953,8.358167654337963
1726,252,Würzburg,09675,Kitzingen,3997478.207179605029523,0.381076351922711
1727,252,Würzburg,09677,Main-Spessart,2289410.725391154177487,0.218247665670286
1728,252,Würzburg,09678,Schweinfurt,1099716.833391595166177,0.104835112862952
1729,252,Würzburg,09679,Würzburg,946514271.437553524971008,90.230437017614534
1730,253,Augsburg-Stadt,09761,Augsburg,140775830.421138256788254,85.541368001408841
1731,253,Augsburg-Stadt,09771,Aichach-Friedberg,2776038.060151498299092,1.686838518934282
1732,253,Augsburg-Stadt,09772,Augsburg,21018599.806103516370058,12.771793109012751
1733,254,Augsburg-Land,09174,Dachau,1539287.802217056509107,0.097881627594717
1734,254,Augsburg-Land,09179,Fürstenfeldbruck,2696127.735572250559926,0.171443813548687
1735,254,Augsburg-Land,09181,Landsberg am Lech,2613219.938695867080241,0.166171797433920
1736,254,Augsburg-Land,09761,Augsburg,5633219.275202549993992,0.358210251819435
1737,254,Augsburg-Land,09771,Aichach-Friedberg,506780402.466314733028412,32.225611451648263
1738,254,Augsburg-Land,09772,Augsburg,1036630689.241204857826233,65.918211611511310
1739,254,Augsburg-Land,09773,Dillingen a.d. Donau,2100812.830830972176045,0.133588389940742
1740,254,Augsburg-Land,09774,Günzburg,6506070.669470906257629,0.413713917213424
1741,254,Augsburg-Land,09777,Ostallgäu,1318976.997880222043023,0.083872304533668
1742,254,Augsburg-Land,09778,Unterallgäu,4788212.683543062768877,0.304477206965337
1743,254,Augsburg-Land,09779,Donau-Ries,1994336.268241147277877,0.126817661794926
1744,255,Donau-Ries,08135,Heidenheim,5071827.218402514234185,0.217364983887093
1745,255,Donau-Ries,08136,Ostalbkreis,2550169.442835896275938,0.109293458941209
1746,255,Donau-Ries,09174,Dachau,811525.907057931879535,0.034779835376010
1747,255,Donau-Ries,09176,Eichstätt,916772.617485819850117,0.039290428606261
1748,255,Donau-Ries,09185,Neuburg-Schrobenhausen,7373305.681393284350634,0.316000210893515
1749,255,Donau-Ries,09186,Pfaffenhofen a.d. Ilm,25253.521552002897806,0.001082298562011
1750,255,Donau-Ries,09571,Ansbach,3706589.769600825384259,0.158854549031565
1751,255,Donau-Ries,09577,Weißenburg-Gunzenhausen,6626100.916238297708333,0.283977008062597
1752,255,Donau-Ries,09771,Aichach-Friedberg,260282706.798969775438309,11.155022427453074
1753,255,Donau-Ries,09772,Augsburg,5930208.379417041316628,0.254152910446562
1754,255,Donau-Ries,09773,Dillingen a.d. Donau,779378006.141599655151367,33.402062107368621
1755,255,Donau-Ries,09774,Günzburg,2035520.896280929213390,0.087236995222662
1756,255,Donau-Ries,09779,Donau-Ries,1258615038.089940547943115,53.940882781224261
1757,256,Neu-Ulm,08135,Heidenheim,515905.520475104858633,0.030703179032070
1758,256,Neu-Ulm,08421,Ulm,3018177.131646479014307,0.179621324342685
1759,256,Neu-Ulm,08425,Alb-Donau-Kreis,1875459.971966516226530,0.111614590271761
1760,256,Neu-Ulm,08426,Biberach,892729.599431407987140,0.053129178949914
1761,256,Neu-Ulm,09764,Memmingen,435956.143844417005312,0.025945137245787
1762,256,Neu-Ulm,09772,Augsburg,2910415.656130190007389,0.173208096059162
1763,256,Neu-Ulm,09773,Dillingen a.d. Donau,3362722.453926377929747,0.200126312746143
1764,256,Neu-Ulm,09774,Günzburg,752142346.348449349403381,44.762384198313363
1765,256,Neu-Ulm,09775,Neu-Ulm,509246984.815349638462067,30.306908388823661
1766,256,Neu-Ulm,09778,Unterallgäu,405899312.726503252983093,24.156359591110981
1767,257,Oberallgäu,08435,Bodenseekreis,565508.904864616575651,0.029562475412560
1768,257,Oberallgäu,08436,Ravensburg,6878644.940439444035292,0.359587214585334
1769,257,Oberallgäu,09763,Kempten (Allgäu),63213005.500591367483139,3.304515463487916
1770,257,Oberallgäu,09776,Lindau (Bodensee),314189420.974061369895935,16.424528336394122
1771,257,Oberallgäu,09777,Ostallgäu,4938637.591712089255452,0.258171624037440
1772,257,Oberallgäu,09778,Unterallgäu,1629724.647378396941349,0.085195289416178
1773,257,Oberallgäu,09780,Oberallgäu,1502743698.937209844589233,78.557248646413186
1774,258,Ostallgäu,08426,Biberach,199301.305396036448656,0.008574280626712
1775,258,Ostallgäu,08436,Ravensburg,311576.464625999447890,0.013404548650966
1776,258,Ostallgäu,09180,Garmisch-Partenkirchen,1750901.981010826770216,0.075326776737469
1777,258,Ostallgäu,09181,Landsberg am Lech,5889073.413228805176914,0.253357939507697
1778,258,Ostallgäu,09190,Weilheim-Schongau,3049785.942908729426563,0.131206970641457
1779,258,Ostallgäu,09762,Kaufbeuren,40414109.619324922561646,1.738683630125864
1780,258,Ostallgäu,09764,Memmingen,68401843.860634341835976,2.942763488077480
1781,258,Ostallgäu,09772,Augsburg,4023415.565111793577671,0.173094170480214
1782,258,Ostallgäu,09774,Günzburg,1212368.298915652092546,0.052158143155039
1783,258,Ostallgäu,09777,Ostallgäu,1374598103.895446300506592,59.137544876214108
1784,258,Ostallgäu,09778,Unterallgäu,812616391.582071304321289,34.960137212576228
1785,258,Ostallgäu,09780,Oberallgäu,6631306.530206345953047,0.285290068716578
1786,259,Stuttgart I,08111,Stuttgart,113086710.724293738603592,98.075178173253249
1787,259,Stuttgart I,08115,Böblingen,1213882.187339511467144,1.052747144577491
1788,259,Stuttgart I,08116,Esslingen,858471.857304494245909,0.744515246951779
1789,259,Stuttgart I,08118,Ludwigsburg,147084.053909010282950,0.127559592998859
1790,260,Stuttgart II,08111,Stuttgart,89177881.476604059338570,96.090393679534131
1791,260,Stuttgart II,08116,Esslingen,204565.863216446159640,0.220422530838199
1792,260,Stuttgart II,08118,Ludwigsburg,2275816.573841133154929,2.452223655707443
1793,260,Stuttgart II,08119,Rems-Murr-Kreis,1147976.157797000138089,1.236960097178050
1794,261,Böblingen,08111,Stuttgart,1164117.503075966844335,0.200077106779726
1795,261,Böblingen,08115,Böblingen,572414591.584697008132935,98.381009700608544
1796,261,Böblingen,08116,Esslingen,162229.888685841870029,0.027882483233604
1797,261,Böblingen,08118,Ludwigsburg,1288351.135967655107379,0.221429165973086
1798,261,Böblingen,08235,Calw,3497504.094166798517108,0.601116724267203
1799,261,Böblingen,08236,Enzkreis,1072564.371377963572741,0.184341851826203
1800,261,Böblingen,08416,Tübingen,2235076.900397185701877,0.384143111395590
1801,262,Esslingen,08111,Stuttgart,802611.730425923713483,0.386824445809949
1802,262,Esslingen,08116,Esslingen,204782478.627298504114151,98.696375599388915
1803,262,Esslingen,08117,Göppingen,217988.834634132537758,0.105061273033422
1804,262,Esslingen,08119,Rems-Murr-Kreis,1684254.554444954730570,0.811738490640192
1805,263,Nürtingen,08111,Stuttgart,1893942.862408047309145,0.408125718700083
1806,263,Nürtingen,08115,Böblingen,32176848.382256396114826,6.933788569954586
1807,263,Nürtingen,08116,Esslingen,422991026.809408426284790,91.150329952816804
1808,263,Nürtingen,08117,Göppingen,2480030.356135009322315,0.534421703835727
1809,263,Nürtingen,08415,Reutlingen,4263890.393294610083103,0.918825676192346
1810,263,Nürtingen,08416,Tübingen,252950.956380865711253,0.054508397754701
1811,264,Göppingen,08116,Esslingen,1822450.250534678809345,0.283637200459649
1812,264,Göppingen,08117,Göppingen,628233676.260785579681396,97.775201883730062
1813,264,Göppingen,08119,Rems-Murr-Kreis,987822.202284141443670,0.153739792856105
1814,264,Göppingen,08135,Heidenheim,2821424.436962326057255,0.439112633320801
1815,264,Göppingen,08136,Ostalbkreis,4257058.318354264833033,0.662547635117729
1816,264,Göppingen,08415,Reutlingen,4622.995359534055751,0.000719500277789
1817,264,Göppingen,08425,Alb-Donau-Kreis,4401587.075392433442175,0.685041380568499
1818,265,Waiblingen,08111,Stuttgart,1382978.448698448017240,0.271275578380209
1819,265,Waiblingen,08116,Esslingen,1247739.546660989290103,0.244748041812851
1820,265,Waiblingen,08117,Göppingen,1878812.696920549264178,0.368535027790830
1821,265,Waiblingen,08118,Ludwigsburg,828555.556904888595454,0.162523782009071
1822,265,Waiblingen,08119,Rems-Murr-Kreis,501165383.544118046760559,98.305168394358617
1823,265,Waiblingen,08136,Ostalbkreis,3302262.500921797007322,0.647749189977555
1824,266,Ludwigsburg,08111,Stuttgart,2321651.700996474828571,0.681926386639801
1825,266,Ludwigsburg,08115,Böblingen,1521713.170941516757011,0.446964703498355
1826,266,Ludwigsburg,08118,Ludwigsburg,332795231.705240011215210,97.750170600656404
1827,266,Ludwigsburg,08119,Rems-Murr-Kreis,1353501.466264970367774,0.397556775551470
1828,266,Ludwigsburg,08236,Enzkreis,2462787.635879068635404,0.723381492958379
1829,267,Neckar-Zaber,08118,Ludwigsburg,344334846.426742017269135,53.996986685604917
1830,267,Neckar-Zaber,08119,Rems-Murr-Kreis,1215619.449362474959344,0.190627779625415
1831,267,Neckar-Zaber,08121,Heilbronn,1746783.868697730358690,0.273922509671898
1832,267,Neckar-Zaber,08125,Heilbronn,290215462.763444423675537,45.510237030652569
1833,267,Neckar-Zaber,08215,Karlsruhe,61216.950437924911967,0.009599757015685
1834,267,Neckar-Zaber,08236,Enzkreis,118778.316724402247928,0.018626262352656
1835,268,Heilbronn,08118,Ludwigsburg,45114.778935051290318,0.004937319222977
1836,268,Heilbronn,08119,Rems-Murr-Kreis,874421.040599807514809,0.095695821073278
1837,268,Heilbronn,08121,Heilbronn,98818649.084413379430771,10.814620557390084
1838,268,Heilbronn,08125,Heilbronn,795700257.731087327003479,87.080692202424558
1839,268,Heilbronn,08126,Hohenlohekreis,10635429.777079733088613,1.163931490356984
1840,268,Heilbronn,08127,Schwäbisch Hall,259551.341276855033357,0.028405056101031
1841,268,Heilbronn,08215,Karlsruhe,1333152.804854911053553,0.145898996425364
1842,268,Heilbronn,08225,Neckar-Odenwald-Kreis,2974864.740116341505200,0.325566415570354
1843,268,Heilbronn,08226,Rhein-Neckar-Kreis,3109055.183892927598208,0.340252092265164
1844,269,Schwäbisch Hall - Hohenlohe,08119,Rems-Murr-Kreis,2509289.909360836260021,0.111477536993954
1845,269,Schwäbisch Hall - Hohenlohe,08125,Heilbronn,3651159.254193665925413,0.162206144181191
1846,269,Schwäbisch Hall - Hohenlohe,08126,Hohenlohekreis,761124641.689963817596436,33.813669789400898
1847,269,Schwäbisch Hall - Hohenlohe,08127,Schwäbisch Hall,1457475546.548677921295166,64.749706102930688
1848,269,Schwäbisch Hall - Hohenlohe,08128,Main-Tauber-Kreis,10996361.126274380832911,0.488523565842329
1849,269,Schwäbisch Hall - Hohenlohe,08136,Ostalbkreis,4549269.534502438269556,0.202105528315436
1850,269,Schwäbisch Hall - Hohenlohe,08225,Neckar-Odenwald-Kreis,1785452.001265930244699,0.079320365008263
1851,269,Schwäbisch Hall - Hohenlohe,09571,Ansbach,8845982.294084651395679,0.392990987114706
1852,270,Backnang - Schwäbisch Gmünd,08117,Göppingen,4484082.895323448814452,0.532404120375021
1853,270,Backnang - Schwäbisch Gmünd,08118,Ludwigsburg,1924292.348356888862327,0.228475074834100
1854,270,Backnang - Schwäbisch Gmünd,08119,Rems-Murr-Kreis,345752431.642783641815186,41.051876946405720
1855,270,Backnang - Schwäbisch Gmünd,08125,Heilbronn,383702.582564977288712,0.045557774181468
1856,270,Backnang - Schwäbisch Gmünd,08127,Schwäbisch Hall,7886160.023338031955063,0.936339534387462
1857,270,Backnang - Schwäbisch Gmünd,08135,Heidenheim,51988.549450888647698,0.006172704338013
1858,270,Backnang - Schwäbisch Gmünd,08136,Ostalbkreis,481750285.136513650417328,57.199173785572988
1859,271,Aalen - Heidenheim,08117,Göppingen,1696389.078481913078576,0.102471250206360
1860,271,Aalen - Heidenheim,08127,Schwäbisch Hall,8126289.810143399983644,0.490872693621549
1861,271,Aalen - Heidenheim,08135,Heidenheim,617406099.094852328300476,37.294731298257148
1862,271,Aalen - Heidenheim,08136,Ostalbkreis,1010620159.557154178619385,61.047027799923605
1863,271,Aalen - Heidenheim,08425,Alb-Donau-Kreis,4639345.467675253748894,0.280242036595356
1864,271,Aalen - Heidenheim,09571,Ansbach,1342905.346416597487405,0.081118884518673
1865,271,Aalen - Heidenheim,09773,Dillingen a.d. Donau,6488899.972414231859148,0.391965322738540
1866,271,Aalen - Heidenheim,09774,Günzburg,177382.294331642624456,0.010714868242904
1867,271,Aalen - Heidenheim,09779,Donau-Ries,4980602.549724197946489,0.300855845233303
1868,272,Karlsruhe-Stadt,07334,Germersheim,279807.244253409444354,0.159248139045116
1869,272,Karlsruhe-Stadt,08212,Karlsruhe,168748421.641932100057602,96.040658936409557
1870,272,Karlsruhe-Stadt,08215,Karlsruhe,6676960.262387577444315,3.800092807105576
1871,273,Karlsruhe-Land,07334,Germersheim,257642.724513125111116,0.036174866815316
1872,273,Karlsruhe-Land,08125,Heilbronn,1645601.475180609617382,0.231054124692405
1873,273,Karlsruhe-Land,08212,Karlsruhe,4414691.126014027744532,0.619853961784123
1874,273,Karlsruhe-Land,08215,Karlsruhe,695685493.300425767898560,97.679180008083051
1875,273,Karlsruhe-Land,08216,Rastatt,3594602.021310558076948,0.504707631937620
1876,273,Karlsruhe-Land,08235,Calw,429843.511827285226900,0.060353079331715
1877,273,Karlsruhe-Land,08236,Enzkreis,6186840.184766354970634,0.868676265221563
1878,274,Rastatt,07334,Germersheim,86500.958634535170859,0.009807993967130
1879,274,Rastatt,08211,Baden-Baden,139863212.253783613443375,15.858524155834319
1880,274,Rastatt,08215,Karlsruhe,2633979.607611405663192,0.298656298251512
1881,274,Rastatt,08216,Rastatt,724711379.986333012580872,82.172093292604757
1882,274,Rastatt,08235,Calw,3932047.730182045605034,0.445838994444364
1883,274,Rastatt,08237,Freudenstadt,1847767.336313746869564,0.209510867547663
1884,274,Rastatt,08317,Ortenaukreis,3164387.770429654046893,0.358797135337694
1885,275,Heidelberg,06431,Bergstraße,4069473.529652363155037,1.342691697493640
1886,275,Heidelberg,08221,Heidelberg,105841811.572612598538399,34.921697023146194
1887,275,Heidelberg,08222,Mannheim,1268373.593921144958586,0.418490176055666
1888,275,Heidelberg,08226,Rhein-Neckar-Kreis,191903583.527580052614212,63.317121107744448
1889,276,Mannheim,06431,Bergstraße,1573519.268357591237873,1.047823328427465
1890,276,Mannheim,07311,Frankenthal (Pfalz),5566.629598734696629,0.003706878251550
1891,276,Mannheim,07314,Ludwigshafen am Rhein,3777266.317115629091859,2.515322083655346
1892,276,Mannheim,07338,Rhein-Pfalz-Kreis,1078021.043845743406564,0.717865755438970
1893,276,Mannheim,08221,Heidelberg,333554.794078267470468,0.222117708738855
1894,276,Mannheim,08222,Mannheim,141667965.906313955783844,94.338215332084530
1895,276,Mannheim,08226,Rhein-Neckar-Kreis,1734389.586378875421360,1.154948595631972
1896,277,Odenwald - Tauber,06437,Odenwaldkreis,361471.727121313277166,0.014853405757251
1897,277,Odenwald - Tauber,08125,Heilbronn,3903405.745150368195027,0.160396692238238
1898,277,Odenwald - Tauber,08126,Hohenlohekreis,4798594.425452063791454,0.197181313828730
1899,277,Odenwald - Tauber,08127,Schwäbisch Hall,1814736.984155139885843,0.074570215997279
1900,277,Odenwald - Tauber,08128,Main-Tauber-Kreis,1277562075.996832847595215,52.496907700025709
1901,277,Odenwald - Tauber,08225,Neckar-Odenwald-Kreis,1114402342.291939020156860,45.792433888854262
1902,277,Odenwald - Tauber,08226,Rhein-Neckar-Kreis,4974379.531665676273406,0.204404582794924
1903,277,Odenwald - Tauber,09571,Ansbach,5121844.082339840941131,0.210464118414536
1904,277,Odenwald - Tauber,09575,Neustadt a.d. Aisch-Bad Windsheim,2831036.843907292932272,0.116331474362222
1905,277,Odenwald - Tauber,09676,Miltenberg,5850036.429870344698429,0.240386614686465
1906,277,Odenwald - Tauber,09677,Main-Spessart,1774595.204917441587895,0.072920731154899
1907,277,Odenwald - Tauber,09679,Würzburg,10200394.684108247980475,0.419149243936066
1908,278,Rhein-Neckar,06431,Bergstraße,3950843.789318764116615,0.544812046268799
1909,278,Rhein-Neckar,06437,Odenwaldkreis,2781577.772176237776875,0.383573018506117
1910,278,Rhein-Neckar,08125,Heilbronn,1431623.809759227326140,0.197417548977948
1911,278,Rhein-Neckar,08215,Karlsruhe,2263627.299047136679292,0.312148869089160
1912,278,Rhein-Neckar,08221,Heidelberg,2369269.750671184621751,0.326716714165129
1913,278,Rhein-Neckar,08225,Neckar-Odenwald-Kreis,2515624.739563748706132,0.346898722169539
1914,278,Rhein-Neckar,08226,Rhein-Neckar-Kreis,709862989.162935614585876,97.888433033448322
1915,279,Bruchsal - Schwetzingen,07318,Speyer,573254.751795322750695,0.112633568778105
1916,279,Bruchsal - Schwetzingen,07334,Germersheim,158410.960876691795420,0.031124716892850
1917,279,Bruchsal - Schwetzingen,07338,Rhein-Pfalz-Kreis,1562167.286245529307052,0.306935923212485
1918,279,Bruchsal - Schwetzingen,08125,Heilbronn,405714.744988763763104,0.079715169374294
1919,279,Bruchsal - Schwetzingen,08215,Karlsruhe,366077978.335927844047546,71.927304609192660
1920,279,Bruchsal - Schwetzingen,08221,Heidelberg,536691.527066330774687,0.105449596077722
1921,279,Bruchsal - Schwetzingen,08222,Mannheim,8326.834646783188873,0.001636063373143
1922,279,Bruchsal - Schwetzingen,08226,Rhein-Neckar-Kreis,139632963.592317223548889,27.435200422169785
1923,280,Pforzheim,08115,Böblingen,1622861.510485954815522,0.241631598400465
1924,280,Pforzheim,08118,Ludwigsburg,2454681.195086287334561,0.365483152382272
1925,280,Pforzheim,08125,Heilbronn,408251.783858602459077,0.060785550982755
1926,280,Pforzheim,08212,Karlsruhe,4448.204828450422610,0.000662303490326
1927,280,Pforzheim,08215,Karlsruhe,5362222.652289836667478,0.798393715101413
1928,280,Pforzheim,08231,Pforzheim,98183308.917829260230064,14.618739625513477
1929,280,Pforzheim,08235,Calw,3181855.742413805332035,0.473753850190779
1930,280,Pforzheim,08236,Enzkreis,560408731.296417951583862,83.440550303138110
1931,281,Calw,08115,Böblingen,2197297.887420083396137,0.132426897534014
1932,281,Calw,08215,Karlsruhe,683725.258464718936011,0.041206800071353
1933,281,Calw,08216,Rastatt,3228505.467412864789367,0.194575785636001
1934,281,Calw,08235,Calw,785547091.884457707405090,47.343405207232955
1935,281,Calw,08236,Enzkreis,2284099.969080517534167,0.137658291256093
1936,281,Calw,08237,Freudenstadt,855802046.725044727325439,51.577535572167186
1937,281,Calw,08317,Ortenaukreis,2213050.719812442082912,0.133376290300938
1938,281,Calw,08325,Rottweil,4486919.275583125650883,0.270417954048413
1939,281,Calw,08416,Tübingen,1774471.084267638856545,0.106943943194379
1940,281,Calw,08417,Zollernalbkreis,1036257.549672921071760,0.062453240015858
1941,282,Freiburg,08311,Freiburg im Breisgau,150629748.023202151060104,33.164527217882210
1942,282,Freiburg,08315,Breisgau-Hochschwarzwald,299288338.646166324615479,65.895059795868633
1943,282,Freiburg,08316,Emmendingen,2595151.308282648678869,0.571380934560186
1944,283,Lörrach - Müllheim,08311,Freiburg im Breisgau,49200.107782242339454,0.004282477787719
1945,283,Lörrach - Müllheim,08315,Breisgau-Hochschwarzwald,345336784.594141602516174,30.058818485770228
1946,283,Lörrach - Müllheim,08336,Lörrach,796278888.935796260833740,69.309739519066383
1947,283,Lörrach - Müllheim,08337,Waldshut,2282897.562728512100875,0.198708062740293
1948,284,Emmendingen - Lahr,08311,Freiburg im Breisgau,6646.696132859773570,0.000556054808012
1949,284,Emmendingen - Lahr,08315,Breisgau-Hochschwarzwald,4697547.157237443141639,0.392991289271087
1950,284,Emmendingen - Lahr,08316,Emmendingen,669824652.501267313957214,56.036745339845709
1951,284,Emmendingen - Lahr,08317,Ortenaukreis,518069973.156386494636536,43.341126734552674
1952,284,Emmendingen - Lahr,08326,Schwarzwald-Baar-Kreis,1363645.469953610096127,0.114080981714061
1953,285,Offenburg,08216,Rastatt,4059792.359515380114317,0.367784635132736
1954,285,Offenburg,08237,Freudenstadt,2822991.066702942363918,0.255740355049649
1955,285,Offenburg,08317,Ortenaukreis,1093636749.070137500762939,99.074720356517304
1956,286,Rottweil - Tuttlingen,08237,Freudenstadt,4971223.408090921118855,0.332183446227715
1957,286,Rottweil - Tuttlingen,08317,Ortenaukreis,1337550.552854819688946,0.089376822499660
1958,286,Rottweil - Tuttlingen,08325,Rottweil,753134352.814636707305908,50.325391609491312
1959,286,Rottweil - Tuttlingen,08326,Schwarzwald-Baar-Kreis,5859277.455860231071711,0.391524342785363
1960,286,Rottweil - Tuttlingen,08327,Tuttlingen,721238183.533558726310730,48.194049168512592
1961,286,Rottweil - Tuttlingen,08335,Konstanz,4212160.832445873878896,0.281461923258163
1962,286,Rottweil - Tuttlingen,08417,Zollernalbkreis,4331023.707544510252774,0.289404491160973
1963,286,Rottweil - Tuttlingen,08437,Sigmaringen,1445770.538173731416464,0.096608219023792
1964,287,Schwarzwald-Baar,08237,Freudenstadt,3667248.373428448569030,0.289988387931635
1965,287,Schwarzwald-Baar,08315,Breisgau-Hochschwarzwald,1886176.961996206082404,0.149149815029222
1966,287,Schwarzwald-Baar,08316,Emmendingen,4169666.718606956768781,0.329717217601654
1967,287,Schwarzwald-Baar,08317,Ortenaukreis,237932990.348422288894653,18.814598107623482
1968,287,Schwarzwald-Baar,08325,Rottweil,7040989.636902995407581,0.556767643294364
1969,287,Schwarzwald-Baar,08326,Schwarzwald-Baar-Kreis,1005450124.052811503410339,79.506166730439958
1970,287,Schwarzwald-Baar,08327,Tuttlingen,2373417.752447136677802,0.187678476567711
1971,287,Schwarzwald-Baar,08335,Konstanz,395433.772766354784835,0.031269003520216
1972,287,Schwarzwald-Baar,08337,Waldshut,880087.752624870510772,0.069593112501258
1973,288,Konstanz,08326,Schwarzwald-Baar-Kreis,344987.426682174496818,0.039632818797264
1974,288,Konstanz,08327,Tuttlingen,4420943.360756888054311,0.507886472312696
1975,288,Konstanz,08335,Konstanz,801087305.719685792922974,92.030449728900564
1976,288,Konstanz,08435,Bodenseekreis,288553.417165771184955,0.033149571292632
1977,288,Konstanz,08437,Sigmaringen,1546714.842622094554827,0.177689574597611
1978,289,Waldshut,08311,Freiburg im Breisgau,3063296.760927657131106,0.163748666309136
1979,289,Waldshut,08315,Breisgau-Hochschwarzwald,722901554.431284904479980,38.642735147565944
1980,289,Waldshut,08316,Emmendingen,2440601.868891948834062,0.130462482812673
1981,289,Waldshut,08326,Schwarzwald-Baar-Kreis,9275261.816787628456950,0.495809538122283
1982,289,Waldshut,08336,Lörrach,5679098.812938827089965,0.303576482800483
1983,289,Waldshut,08337,Waldshut,1115759871.305428028106689,59.642994168213939
1984,290,Reutlingen,08115,Böblingen,85376.604960919590667,0.007834814289180
1985,290,Reutlingen,08116,Esslingen,7179073.046322996728122,0.658806989480854
1986,290,Reutlingen,08117,Göppingen,3.613343733785123,0.000000331588228
1987,290,Reutlingen,08415,Reutlingen,1068706137.867635846138000,98.072699467642408
1988,290,Reutlingen,08416,Tübingen,2079367.063139285193756,0.190818723538978
1989,290,Reutlingen,08417,Zollernalbkreis,4379031.772784994915128,0.401853654427866
1990,290,Reutlingen,08425,Alb-Donau-Kreis,4260324.502796560525894,0.390960161818729
1991,290,Reutlingen,08426,Biberach,1049446.678289600182325,0.096305303245071
1992,290,Reutlingen,08437,Sigmaringen,1969326.973893412156031,0.180720598133302
1993,291,Tübingen,08115,Böblingen,5481305.403946648351848,0.690336890678863
1994,291,Tübingen,08235,Calw,339099.940507063176483,0.042707563492171
1995,291,Tübingen,08237,Freudenstadt,882394.738734696409665,0.111132220410652
1996,291,Tübingen,08415,Reutlingen,4799619.494908801279962,0.604482719786297
1997,291,Tübingen,08416,Tübingen,512679435.404061853885651,64.568839221584753
1998,291,Tübingen,08417,Zollernalbkreis,268686368.007197558879852,33.839404701721811
1999,291,Tübingen,08437,Sigmaringen,1136193.763141703791916,0.143096655240412
2000,292,Ulm,08117,Göppingen,3189875.880443913862109,0.216601755386777
2001,292,Ulm,08135,Heidenheim,1149931.385997960809618,0.078083651564162
2002,292,Ulm,08415,Reutlingen,6256552.208413795568049,0.424837906490221
2003,292,Ulm,08421,Ulm,116120868.264068305492401,7.884941247160246
2004,292,Ulm,08425,Alb-Donau-Kreis,1331990990.162605285644531,90.446022805263709
2005,292,Ulm,08426,Biberach,7341872.396704928018153,0.498534271725551
2006,292,Ulm,09774,Günzburg,850718.263438075897284,0.057766219159171
2007,292,Ulm,09775,Neu-Ulm,5790801.683925236575305,0.393212105061704
2008,293,Biberach,08415,Reutlingen,1355554.429626354947686,0.055650464723668
2009,293,Biberach,08425,Alb-Donau-Kreis,9274680.101700214669108,0.380759522850914
2010,293,Biberach,08426,Biberach,1394355977.369832754135132,57.243410102126447
2011,293,Biberach,08435,Bodenseekreis,1088542.011861743172631,0.044688628879358
2012,293,Biberach,08436,Ravensburg,1012880236.640219092369080,41.582436416060482
2013,293,Biberach,08437,Sigmaringen,4288501.486616604961455,0.176058663143566
2014,293,Biberach,09764,Memmingen,927135.298705463763326,0.038062293263206
2015,293,Biberach,09775,Neu-Ulm,344637.030095705238637,0.014148609946336
2016,293,Biberach,09776,Lindau (Bodensee),3881593.812964999116957,0.159353615641652
2017,293,Biberach,09778,Unterallgäu,4299459.298792093060911,0.176508521390932
2018,293,Biberach,09780,Oberallgäu,3140358.687390864826739,0.128923204065278
2019,294,Ravensburg - Bodensee,08335,Konstanz,1284657.334120922256261,0.112054972243308
2020,294,Ravensburg - Bodensee,08426,Biberach,1109514.267014411045238,0.096778017835339
2021,294,Ravensburg - Bodensee,08435,Bodenseekreis,655024301.089461803436279,57.134870076071856
2022,294,Ravensburg - Bodensee,08436,Ravensburg,482372633.074465990066528,42.075229381754141
2023,294,Ravensburg - Bodensee,08437,Sigmaringen,2709522.692800187505782,0.236339669786028
2024,294,Ravensburg - Bodensee,09776,Lindau (Bodensee),1201515.477566377725452,0.104802876154313
2025,295,Zollernalb - Sigmaringen,08237,Freudenstadt,237169.573158646438969,0.011967373187170
2026,295,Zollernalb - Sigmaringen,08325,Rottweil,4243132.736883078701794,0.214104837600786
2027,295,Zollernalb - Sigmaringen,08327,Tuttlingen,5437521.540747190825641,0.274372671944186
2028,295,Zollernalb - Sigmaringen,08335,Konstanz,1824222.789209378184751,0.092048716891717
2029,295,Zollernalb - Sigmaringen,08415,Reutlingen,5997966.757667802274227,0.302652256768362
2030,295,Zollernalb - Sigmaringen,08416,Tübingen,468876.950127134507056,0.023659128640757
2031,295,Zollernalb - Sigmaringen,08417,Zollernalbkreis,638175210.889114379882812,32.201773633089751
2032,295,Zollernalb - Sigmaringen,08426,Biberach,3930496.694152423180640,0.198329491103809
2033,295,Zollernalb - Sigmaringen,08435,Bodenseekreis,2610872.225183626171201,0.131742372542410
2034,295,Zollernalb - Sigmaringen,08436,Ravensburg,128268088.050671920180321,6.472297678254141
2035,295,Zollernalb - Sigmaringen,08437,Sigmaringen,1190607872.637537717819214,60.077051797472933
2036,296,Saarbrücken,10041,Regionalverband Saarbrücken,313676720.771602153778076,96.540329683239023
2037,296,Saarbrücken,10044,Saarlouis,3065838.339840276632458,0.943573508915903
2038,296,Saarbrücken,10045,Saarpfalz-Kreis,3013305.123861755710095,0.927405353442294
2039,297,Saarlouis,07235,Trier-Saarburg,8381854.521315770223737,0.919043205226503
2040,297,Saarlouis,10041,Regionalverband Saarbrücken,3971994.851648618932813,0.435516372936198
2041,297,Saarlouis,10042,Merzig-Wadern,550237037.839122653007507,60.331709361452980
2042,297,Saarlouis,10044,Saarlouis,333388618.239262878894806,36.554982374538874
2043,297,Saarlouis,10046,St. Wendel,1414767.112681224476546,0.155124632452281
2044,298,St. Wendel,07134,Birkenfeld,3649121.522490561474115,0.457982384912794
2045,298,St. Wendel,07235,Trier-Saarburg,897460.120846935431473,0.112635582009633
2046,298,St. Wendel,07336,Kusel,1916176.904656211612746,0.240489461175936
2047,298,St. Wendel,10041,Regionalverband Saarbrücken,38278155.414583742618561,4.804093478056806
2048,298,St. Wendel,10042,Merzig-Wadern,2173958.922158648725599,0.272842350065978
2049,298,St. Wendel,10043,Neunkirchen,159525035.796380728483200,20.021162873595198
2050,298,St. Wendel,10044,Saarlouis,118694517.318057492375374,14.896735497121954
2051,298,St. Wendel,10045,Saarpfalz-Kreis,13572.921675059713380,0.001703467259357
2052,298,St. Wendel,10046,St. Wendel,471634069.898187100887299,59.192354874133315
2053,299,Homburg,07320,Zweibrücken,5812489.039311063475907,1.050686973932863
2054,299,Homburg,07335,Kaiserslautern,21.449227649943332,0.000003877241564
2055,299,Homburg,07336,Kusel,575013.106952226720750,0.103941491713674
2056,299,Homburg,07340,Südwestpfalz,1199091.155805949121714,0.216752143435051
2057,299,Homburg,10041,Regionalverband Saarbrücken,47885091.226395688951015,8.655885844582023
2058,299,Homburg,10043,Neunkirchen,88534829.618390098214149,16.003882603524634
2059,299,Homburg,10045,Saarpfalz-Kreis,407553798.902644634246826,73.670929061161203
