OID_,WKR_NR,WKR_NAME,AGS,GEN,AREA,PERCENTAGE
1,1,Flensburg – Schleswig,01001,Flensburg,56862097.284053400158882,2.674365668789353
2,1,Flensburg – Schleswig,01051,Dithmarschen,365422.296580821333919,0.017186718240517
3,1,Flensburg – Schleswig,01054,Nordfriesland,1133575.256847054231912,0.053314859892638
4,1,Flensburg – Schleswig,01058,Rendsburg-Eckernförde,685294.102957843337208,0.032231083788888
5,1,Flensburg – Schleswig,01059,Schleswig-Flensburg,2065785856.205320119857788,97.159039796013332
6,2,Nordfriesland – Dithmarschen Nord,01051,Dithmarschen,692643996.479930520057678,25.138343480951175
7,2,Nordfriesland – Dithmarschen Nord,01054,Nordfriesland,2034180352.623393297195435,73.827138712420677
8,2,Nordfriesland – Dithmarschen Nord,01058,Rendsburg-Eckernförde,75463.747817447467241,0.002738829214771
9,2,Nordfriesland – Dithmarschen Nord,01059,Schleswig-Flensburg,1195637.732734915567562,0.043393651222020
10,3,Steinburg – Dithmarschen Süd,01004,Neumünster,128585.051040292630205,0.006406794263688
11,3,Steinburg – Dithmarschen Süd,01051,Dithmarschen,737959100.844145059585571,36.769065267492863
12,3,Steinburg – Dithmarschen Süd,01056,Pinneberg,442469.611880826589186,0.022046200147838
13,3,Steinburg – Dithmarschen Süd,01058,Rendsburg-Eckernförde,1176235.987402120372280,0.058606361438310
14,3,Steinburg – Dithmarschen Süd,01060,Segeberg,210769839.585131615400314,10.501679536521420
15,3,Steinburg – Dithmarschen Süd,01061,Steinburg,1053448424.053856372833252,52.488428987007396
16,3,Steinburg – Dithmarschen Süd,03359,Stade,295152.160605022218078,0.014706057618523
17,4,Rendsburg-Eckernförde,01002,Kiel,343248.467835336166900,0.015887742002723
18,4,Rendsburg-Eckernförde,01004,Neumünster,391096.086258986266330,0.018102436861388
19,4,Rendsburg-Eckernförde,01051,Dithmarschen,763749.334528788342141,0.035351220817585
20,4,Rendsburg-Eckernförde,01057,Plön,541576.596207242691889,0.025067640620558
21,4,Rendsburg-Eckernförde,01058,Rendsburg-Eckernförde,2156230985.400816440582275,99.804208334468342
22,4,Rendsburg-Eckernförde,01059,Schleswig-Flensburg,1051521.324692652560771,0.048671155394909
23,4,Rendsburg-Eckernförde,01060,Segeberg,61637.817124632834748,0.002852993757738
24,4,Rendsburg-Eckernförde,01061,Steinburg,780459.945856162812561,0.036124695155727
25,5,Kiel,01002,Kiel,116640486.261745572090149,82.604658338432984
26,5,Kiel,01057,Plön,523276.004166829516180,0.370583464852014
27,5,Kiel,01058,Rendsburg-Eckernförde,23977399.648196797817945,16.980766878309467
28,6,Plön – Neumünster,01002,Kiel,393606.452238127763849,0.030260414600526
29,6,Plön – Neumünster,01004,Neumünster,71301999.453530699014664,5.481688760541465
30,6,Plön – Neumünster,01055,Ostholstein,1303467.919545239303261,0.100210449904062
31,6,Plön – Neumünster,01057,Plön,1079097984.500844717025757,82.960917484738488
32,6,Plön – Neumünster,01058,Rendsburg-Eckernförde,711896.948756390018389,0.054730547987016
33,6,Plön – Neumünster,01060,Segeberg,147336059.274929314851761,11.327177727690753
34,7,Pinneberg,01056,Pinneberg,661442756.762158036231995,99.606197630648296
35,7,Pinneberg,01060,Segeberg,1286944.376269244123250,0.193800044783648
36,7,Pinneberg,01061,Steinburg,528128.224153874325566,0.079530456311747
37,7,Pinneberg,02000,Hamburg,672902.433319353382103,0.101331902230585
38,7,Pinneberg,03359,Stade,50875.903053213383828,0.007661366312275
39,8,Segeberg – Stormarn-Mitte,01053,Herzogtum Lauenburg,354788.241587139200419,0.026620472422216
40,8,Segeberg – Stormarn-Mitte,01055,Ostholstein,655687.004044625675306,0.049197509282417
41,8,Segeberg – Stormarn-Mitte,01056,Pinneberg,561496.615803157561459,0.042130215785307
42,8,Segeberg – Stormarn-Mitte,01057,Plön,421969.068694394838531,0.031661184446127
43,8,Segeberg – Stormarn-Mitte,01060,Segeberg,983742755.228488564491272,73.812189403360634
44,8,Segeberg – Stormarn-Mitte,01062,Stormarn,346148554.906976222991943,25.972219424944026
45,8,Segeberg – Stormarn-Mitte,02000,Hamburg,879381.611925752833486,0.065981763781549
46,9,Ostholstein – Stormarn-Nord,01003,Lübeck,820566.767523043556139,0.053646786642379
47,9,Ostholstein – Stormarn-Nord,01053,Herzogtum Lauenburg,304231.982283100544009,0.019889994195836
48,9,Ostholstein – Stormarn-Nord,01055,Ostholstein,1384855761.091506481170654,90.538716026736466
49,9,Ostholstein – Stormarn-Nord,01057,Plön,1144923.113608511863276,0.074852465915834
50,9,Ostholstein – Stormarn-Nord,01060,Segeberg,1176171.523642992600799,0.076895415804109
51,9,Ostholstein – Stormarn-Nord,01062,Stormarn,139912374.235666394233704,9.147152415039457
52,10,Herzogtum Lauenburg – Stormarn-Süd,01003,Lübeck,115698.821690833879984,0.008575179496749
53,10,Herzogtum Lauenburg – Stormarn-Süd,01053,Herzogtum Lauenburg,1069158322.453120231628418,79.242159872446223
54,10,Herzogtum Lauenburg – Stormarn-Süd,01062,Stormarn,277396988.366492509841919,20.559664587221636
55,10,Herzogtum Lauenburg – Stormarn-Süd,02000,Hamburg,999358.856973594869487,0.074068875162050
56,10,Herzogtum Lauenburg – Stormarn-Süd,03353,Harburg,68098.566874112511869,0.005047220238572
57,10,Herzogtum Lauenburg – Stormarn-Süd,03355,Lüneburg,67374.366408663147013,0.004993545111271
58,10,Herzogtum Lauenburg – Stormarn-Süd,13074,Nordwestmecklenburg,511458.302992958750110,0.037907445289175
59,10,Herzogtum Lauenburg – Stormarn-Süd,13076,Ludwigslust-Parchim,911852.922781440895051,0.067583250833623
60,11,Lübeck,01003,Lübeck,210173888.006448775529861,51.907224197524535
61,11,Lübeck,01053,Herzogtum Lauenburg,191091071.278310924768448,47.194288372702516
62,11,Lübeck,01055,Ostholstein,1668340.578132906462997,0.412034669236910
63,11,Lübeck,01062,Stormarn,897944.831578509416431,0.221767909095939
64,11,Lübeck,13074,Nordwestmecklenburg,1031816.738676629727706,0.254830622839328
65,12,Schwerin – Ludwigslust-Parchim I – Nordwestmecklenburg I,01003,Lübeck,283455.876334288681392,0.007767652964232
66,12,Schwerin – Ludwigslust-Parchim I – Nordwestmecklenburg I,01053,Herzogtum Lauenburg,1125107.073724425164983,0.030831752050142
67,12,Schwerin – Ludwigslust-Parchim I – Nordwestmecklenburg I,03355,Lüneburg,1331568.023729442153126,0.036489482738404
68,12,Schwerin – Ludwigslust-Parchim I – Nordwestmecklenburg I,12070,Prignitz,1193011.705604541348293,0.032692569408843
69,12,Schwerin – Ludwigslust-Parchim I – Nordwestmecklenburg I,13004,Schwerin,129421902.016519427299500,3.546599329094990
70,12,Schwerin – Ludwigslust-Parchim I – Nordwestmecklenburg I,13074,Nordwestmecklenburg,995829791.497518062591553,27.289115794072483
71,12,Schwerin – Ludwigslust-Parchim I – Nordwestmecklenburg I,13076,Ludwigslust-Parchim,2519997647.497503757476807,69.056487554902617
72,13,Ludwigslust-Parchim II – Nordwestmecklenburg II – Landkreis Rostock I,12068,Ostprignitz-Ruppin,731.840890701609055,0.000018675006989
73,13,Ludwigslust-Parchim II – Nordwestmecklenburg II – Landkreis Rostock I,12070,Prignitz,758697.291354045504704,0.019360324625707
74,13,Ludwigslust-Parchim II – Nordwestmecklenburg II – Landkreis Rostock I,13003,Rostock,54.403768936817492,0.000001388267283
75,13,Ludwigslust-Parchim II – Nordwestmecklenburg II – Landkreis Rostock I,13004,Schwerin,657417.259713707608171,0.016775875843559
76,13,Ludwigslust-Parchim II – Nordwestmecklenburg II – Landkreis Rostock I,13071,Mecklenburgische Seenplatte,217553.182263214112027,0.005551489744288
77,13,Ludwigslust-Parchim II – Nordwestmecklenburg II – Landkreis Rostock I,13072,Rostock,552850059.718857049942017,14.107545588302100
78,13,Ludwigslust-Parchim II – Nordwestmecklenburg II – Landkreis Rostock I,13074,Nordwestmecklenburg,1122883670.400135278701782,28.653578474036252
79,13,Ludwigslust-Parchim II – Nordwestmecklenburg II – Landkreis Rostock I,13076,Ludwigslust-Parchim,2236815933.363084793090820,57.078736264598604
80,14,Rostock – Landkreis Rostock II,13003,Rostock,169065774.138267219066620,17.201527454767213
81,14,Rostock – Landkreis Rostock II,13072,Rostock,811701299.867566466331482,82.586213950809523
82,14,Rostock – Landkreis Rostock II,13073,Vorpommern-Rügen,1283373.330083009786904,0.130576290113483
83,15,Vorpommern-Rügen – Vorpommern-Greifswald I,13071,Mecklenburgische Seenplatte,286779.534922659397125,0.008346151434817
84,15,Vorpommern-Rügen – Vorpommern-Greifswald I,13072,Rostock,1526120.710124059114605,0.044414726308627
85,15,Vorpommern-Rügen – Vorpommern-Greifswald I,13073,Vorpommern-Rügen,3139416873.512802600860596,91.366521848997706
86,15,Vorpommern-Rügen – Vorpommern-Greifswald I,13075,Vorpommern-Greifswald,257184289.822894662618637,7.484840332475406
87,16,Mecklenburgische Seenplatte I – Vorpommern-Greifswald II,12073,Uckermark,3476535.688745589461178,0.071995824420423
88,16,Mecklenburgische Seenplatte I – Vorpommern-Greifswald II,13071,Mecklenburgische Seenplatte,1284257196.685351133346558,26.595773471431094
89,16,Mecklenburgische Seenplatte I – Vorpommern-Greifswald II,13073,Vorpommern-Rügen,471659.968426744861063,0.009767639775114
90,16,Mecklenburgische Seenplatte I – Vorpommern-Greifswald II,13075,Vorpommern-Greifswald,3532844140.565276622772217,73.161920147189250
91,17,Mecklenburgische Seenplatte II – Landkreis Rostock III,12065,Oberhavel,402075.568308274378069,0.006399940828306
92,17,Mecklenburgische Seenplatte II – Landkreis Rostock III,12068,Ostprignitz-Ruppin,1079636.165905690984800,0.017184848129338
93,17,Mecklenburgische Seenplatte II – Landkreis Rostock III,12073,Uckermark,117760.266984981382848,0.001874420631426
94,17,Mecklenburgische Seenplatte II – Landkreis Rostock III,13071,Mecklenburgische Seenplatte,4212324284.494177818298340,67.048655266036690
95,17,Mecklenburgische Seenplatte II – Landkreis Rostock III,13072,Rostock,2063825484.120446920394897,32.850444094113612
96,17,Mecklenburgische Seenplatte II – Landkreis Rostock III,13073,Vorpommern-Rügen,573753.107539526419714,0.009132576629212
97,17,Mecklenburgische Seenplatte II – Landkreis Rostock III,13074,Nordwestmecklenburg,608121.739570150268264,0.009679631035605
98,17,Mecklenburgische Seenplatte II – Landkreis Rostock III,13075,Vorpommern-Greifswald,968196.904194102622569,0.015411040573945
99,17,Mecklenburgische Seenplatte II – Landkreis Rostock III,13076,Ludwigslust-Parchim,2589527.761386311147362,0.041218183228234
100,18,Hamburg-Mitte,01062,Stormarn,170437.843858847394586,0.152807955699436
101,18,Hamburg-Mitte,02000,Hamburg,111350319.580183878540993,99.832374760727404
102,18,Hamburg-Mitte,03359,Stade,16526.890380912409455,0.014817368466990
103,19,Hamburg-Altona,01056,Pinneberg,399628.643092189333402,0.511839108521383
104,19,Hamburg-Altona,02000,Hamburg,77656748.778778791427612,99.461742176548213
105,19,Hamburg-Altona,03359,Stade,20626.290461341730406,0.026417881461517
106,20,Hamburg-Eimsbüttel,01056,Pinneberg,45572.650657824269729,0.092729355788977
107,20,Hamburg-Eimsbüttel,01060,Segeberg,2796.773340320190073,0.005690759400477
108,20,Hamburg-Eimsbüttel,02000,Hamburg,49097502.620788373053074,99.901579635057615
109,21,Hamburg-Nord,01060,Segeberg,294931.540139043936506,0.256388841299664
110,21,Hamburg-Nord,01062,Stormarn,625831.392612454481423,0.544045528413868
111,21,Hamburg-Nord,02000,Hamburg,114112144.892040133476257,99.199565408624707
112,22,Hamburg-Wandsbek,01062,Stormarn,286947.407017716614064,0.371356940110091
113,22,Hamburg-Wandsbek,02000,Hamburg,76983025.426780194044113,99.628642962929177
114,23,Hamburg-Bergedorf – Harburg,01053,Herzogtum Lauenburg,97688.857101300527574,0.030930923398696
115,23,Hamburg-Bergedorf – Harburg,01062,Stormarn,139603.022432584897615,0.044202077096787
116,23,Hamburg-Bergedorf – Harburg,02000,Hamburg,314044181.779838383197784,99.434846702787979
117,23,Hamburg-Bergedorf – Harburg,03353,Harburg,1402422.097651505144313,0.444044610227300
118,23,Hamburg-Bergedorf – Harburg,03359,Stade,145204.868911558471154,0.045975772577253
119,24,Aurich – Emden,03402,Emden,110640409.389450341463089,7.957904498305532
120,24,Aurich – Emden,03452,Aurich,1272468360.305432319641113,91.523357011291068
121,24,Aurich – Emden,03457,Leer,847387.463889304432087,0.060949056026680
122,24,Aurich – Emden,03462,Wittmund,1354957.104816632112488,0.097456429336563
123,25,Unterems,03402,Emden,22940.432912079595553,0.000889840947653
124,25,Unterems,03451,Ammerland,351659.048852129315492,0.013640571757324
125,25,Unterems,03452,Aurich,1080327.189053434412926,0.041905023038006
126,25,Unterems,03453,Cloppenburg,697673.154304262716323,0.027062180698918
127,25,Unterems,03454,Emsland,1511333398.751996040344238,58.623407366337986
128,25,Unterems,03455,Friesland,1634.690801198596091,0.000063408341823
129,25,Unterems,03456,Grafschaft Bentheim,226825.107798497250769,0.008798363555232
130,25,Unterems,03457,Leer,1061097480.234634041786194,41.159118094363869
131,25,Unterems,03462,Wittmund,77776.370235314170714,0.003016882866180
132,26,Friesland – Wilhelmshaven – Wittmund,03405,Wilhelmshaven,103761572.166988551616669,7.495662046672066
133,26,Friesland – Wilhelmshaven – Wittmund,03451,Ammerland,472335.563823542033788,0.034121184607224
134,26,Friesland – Wilhelmshaven – Wittmund,03452,Aurich,1436385.489589598728344,0.103763464391036
135,26,Friesland – Wilhelmshaven – Wittmund,03455,Friesland,616161147.704690217971802,44.511042315849970
136,26,Friesland – Wilhelmshaven – Wittmund,03457,Leer,149238.722756584582385,0.010780899004306
137,26,Friesland – Wilhelmshaven – Wittmund,03461,Wesermarsch,167942.011016618838767,0.012132011222740
138,26,Friesland – Wilhelmshaven – Wittmund,03462,Wittmund,654312488.006471157073975,47.267067957688788
139,27,Oldenburg – Ammerland,03403,Oldenburg (Oldb),102842860.345573753118515,12.346229894304450
140,27,Oldenburg – Ammerland,03451,Ammerland,727514284.036911487579346,87.337697258987163
141,27,Oldenburg – Ammerland,03453,Cloppenburg,816202.776557881850749,0.097984702933118
142,27,Oldenburg – Ammerland,03455,Friesland,346938.523821241164114,0.041649782589619
143,27,Oldenburg – Ammerland,03457,Leer,404974.561345269205049,0.048616977580291
144,27,Oldenburg – Ammerland,03458,Oldenburg,457443.003624884004239,0.054915785765939
145,27,Oldenburg – Ammerland,03461,Wesermarsch,607296.315385925816372,0.072905594987580
146,28,Delmenhorst – Wesermarsch – Oldenburg-Land,03251,Diepholz,963851.111073415610008,0.049303539027317
147,28,Delmenhorst – Wesermarsch – Oldenburg-Land,03352,Cuxhaven,95491.217666443815688,0.004884628883957
148,28,Delmenhorst – Wesermarsch – Oldenburg-Land,03356,Osterholz,114017.878138580388622,0.005832316672185
149,28,Delmenhorst – Wesermarsch – Oldenburg-Land,03401,Delmenhorst,62087615.230876229703426,3.175946082833732
150,28,Delmenhorst – Wesermarsch – Oldenburg-Land,03403,Oldenburg (Oldb),788345.707172169117257,0.040325972439140
151,28,Delmenhorst – Wesermarsch – Oldenburg-Land,03451,Ammerland,571173.469255140866153,0.029217036852743
152,28,Delmenhorst – Wesermarsch – Oldenburg-Land,03453,Cloppenburg,491448.534348683955614,0.025138895120631
153,28,Delmenhorst – Wesermarsch – Oldenburg-Land,03455,Friesland,62685.153942512071808,0.003206511771716
154,28,Delmenhorst – Wesermarsch – Oldenburg-Land,03458,Oldenburg,1061969360.643859744071960,54.322547556135369
155,28,Delmenhorst – Wesermarsch – Oldenburg-Land,03460,Vechta,647016.583322461578064,0.033096613160132
156,28,Delmenhorst – Wesermarsch – Oldenburg-Land,03461,Wesermarsch,825247681.264111280441284,42.213606222952130
157,28,Delmenhorst – Wesermarsch – Oldenburg-Land,04011,Bremen,415296.650190765445586,0.021243524404709
158,28,Delmenhorst – Wesermarsch – Oldenburg-Land,04012,Bremerhaven,119765.517692882684059,0.006126323669557
159,29,Cuxhaven – Stade II,01051,Dithmarschen,19495.388219666347140,0.000742777900523
160,29,Cuxhaven – Stade II,01056,Pinneberg,2895.023123783261781,0.000110300916997
161,29,Cuxhaven – Stade II,01061,Steinburg,44988.808998532746045,0.001714081952020
162,29,Cuxhaven – Stade II,03352,Cuxhaven,2052189808.148228406906128,78.188811630492978
163,29,Cuxhaven – Stade II,03356,Osterholz,1013723.793427918339148,0.038623064209253
164,29,Cuxhaven – Stade II,03357,Rotenburg (Wümme),1168632.803480237023905,0.044525126171921
165,29,Cuxhaven – Stade II,03359,Stade,516764449.615372836589813,19.688821203517701
166,29,Cuxhaven – Stade II,03461,Wesermarsch,58223.826537104781892,0.002218338570556
167,29,Cuxhaven – Stade II,04012,Bremerhaven,15438135.399981593713164,0.588195816937816
168,30,Stade I – Rotenburg II,01056,Pinneberg,10444.712227620833801,0.000529966067626
169,30,Stade I – Rotenburg II,02000,Hamburg,135053.856225127325160,0.006852650369068
170,30,Stade I – Rotenburg II,03352,Cuxhaven,615423.174659201875329,0.031226652558011
171,30,Stade I – Rotenburg II,03353,Harburg,966828.669950601062737,0.049057013454831
172,30,Stade I – Rotenburg II,03356,Osterholz,482035.070979045762215,0.024458522691438
173,30,Stade I – Rotenburg II,03357,Rotenburg (Wümme),1218433213.306922674179077,61.823460967561758
174,30,Stade I – Rotenburg II,03359,Stade,750070847.053038835525513,38.058693106233022
175,30,Stade I – Rotenburg II,03361,Verden,112753.374770180133055,0.005721121016675
176,31,Mittelems,03453,Cloppenburg,326429.778152246843092,0.013871963716347
177,31,Mittelems,03454,Emsland,1369400161.795148849487305,58.194045485403223
178,31,Mittelems,03456,Grafschaft Bentheim,980660280.098030567169189,41.674150871241139
179,31,Mittelems,03459,Osnabrück,414299.975971852487419,0.017606096683019
180,31,Mittelems,05554,Borken,1024.845156770136100,0.000043551831913
181,31,Mittelems,05566,Steinfurt,986765.442093959893100,0.041933595907688
182,32,Cloppenburg – Vechta,03251,Diepholz,987133.745863140677102,0.044179404264795
183,32,Cloppenburg – Vechta,03451,Ammerland,580415.030410623410717,0.025976611960979
184,32,Cloppenburg – Vechta,03453,Cloppenburg,1417483818.889574289321899,63.439823565925288
185,32,Cloppenburg – Vechta,03454,Emsland,936940.476054552942514,0.041932992603216
186,32,Cloppenburg – Vechta,03457,Leer,1062386.073675079504028,0.047547339994076
187,32,Cloppenburg – Vechta,03458,Oldenburg,732314.518140685278922,0.032774909460346
188,32,Cloppenburg – Vechta,03459,Osnabrück,1172947.280418130569160,0.052495532950881
189,32,Cloppenburg – Vechta,03460,Vechta,811419456.243045449256897,36.315269674360898
190,33,Diepholz – Nienburg I,03251,Diepholz,1985415471.544897079467773,79.795335703583277
191,33,Diepholz – Nienburg I,03256,Nienburg (Weser),498152197.560862421989441,20.021110143216621
192,33,Diepholz – Nienburg I,03358,Heidekreis,65485.967777067395218,0.002631930121195
193,33,Diepholz – Nienburg I,03361,Verden,1220231.205406633671373,0.049042006606126
194,33,Diepholz – Nienburg I,03401,Delmenhorst,203475.561988055647817,0.008177835324149
195,33,Diepholz – Nienburg I,03458,Oldenburg,1081569.369844000786543,0.043469083519461
196,33,Diepholz – Nienburg I,03459,Osnabrück,190981.028298057324719,0.007675670651544
197,33,Diepholz – Nienburg I,03460,Vechta,139592.345018939260626,0.005610320959053
198,33,Diepholz – Nienburg I,04011,Bremen,480538.192263717530295,0.019313190070106
199,33,Diepholz – Nienburg I,05770,Minden-Lübbecke,1185201.502018213504925,0.047634136575124
200,34,Osterholz – Verden,03251,Diepholz,480765.468760400894098,0.033363991225030
201,34,Osterholz – Verden,03256,Nienburg (Weser),862743.859946047188714,0.059872391931363
202,34,Osterholz – Verden,03352,Cuxhaven,740883.005843906546943,0.051415535665413
203,34,Osterholz – Verden,03356,Osterholz,649688476.323226094245911,45.086850099572580
204,34,Osterholz – Verden,03357,Rotenburg (Wümme),1493576.391616428736597,0.103650683881867
205,34,Osterholz – Verden,03358,Heidekreis,927121.585100677330047,0.064340054433590
206,34,Osterholz – Verden,03361,Verden,784740439.510835409164429,54.459138268130715
207,34,Osterholz – Verden,03461,Wesermarsch,62147.134433655141038,0.004312864759716
208,34,Osterholz – Verden,04011,Bremen,1974938.406629540259019,0.137056074011839
209,35,Rotenburg I – Heidekreis,03241,Region Hannover,380704.299026506370865,0.013935926066983
210,35,Rotenburg I – Heidekreis,03256,Nienburg (Weser),389395.518332527077291,0.014254073747454
211,35,Rotenburg I – Heidekreis,03351,Celle,1377745.280313968658447,0.050433253353551
212,35,Rotenburg I – Heidekreis,03353,Harburg,587218.104001022991724,0.021495496907909
213,35,Rotenburg I – Heidekreis,03355,Lüneburg,456177.750203987292480,0.016698680357698
214,35,Rotenburg I – Heidekreis,03357,Rotenburg (Wümme),850777587.608812451362610,31.143261556751519
215,35,Rotenburg I – Heidekreis,03358,Heidekreis,1875645608.411985874176025,68.659215547419237
216,35,Rotenburg I – Heidekreis,03360,Uelzen,515736.572484144184273,0.018878869407455
217,35,Rotenburg I – Heidekreis,03361,Verden,1688990.912802940001711,0.061826600195519
218,36,Harburg,01053,Herzogtum Lauenburg,49717.979358656521072,0.003985977448676
219,36,Harburg,02000,Hamburg,814305.522980027017184,0.065284299418442
220,36,Harburg,03353,Harburg,1243851624.644500970840454,99.721762414472650
221,36,Harburg,03355,Lüneburg,1642984.059110248694196,0.131720908464613
222,36,Harburg,03357,Rotenburg (Wümme),317576.182976935175247,0.025460638584101
223,36,Harburg,03358,Heidekreis,289530.906710519571789,0.023212199685702
224,36,Harburg,03359,Stade,356403.861300554359332,0.028573521532661
225,37,Lüchow-Dannenberg – Lüneburg,01053,Herzogtum Lauenburg,18080.865706287313515,0.000706750459927
226,37,Lüchow-Dannenberg – Lüneburg,03353,Harburg,1402031.273583839181811,0.054803031200683
227,37,Lüchow-Dannenberg – Lüneburg,03354,Lüchow-Dannenberg,1224868146.301442623138428,47.878024194776430
228,37,Lüchow-Dannenberg – Lüneburg,03355,Lüneburg,1322301949.906245231628418,51.686546785935214
229,37,Lüchow-Dannenberg – Lüneburg,03358,Heidekreis,550486.964018825208768,0.021517604373815
230,37,Lüchow-Dannenberg – Lüneburg,03360,Uelzen,1598740.123803429538384,0.062492047458129
231,37,Lüchow-Dannenberg – Lüneburg,12070,Prignitz,3008520.184328682255000,0.117597965634672
232,37,Lüchow-Dannenberg – Lüneburg,13076,Ludwigslust-Parchim,3357310.610389807261527,0.131231593473135
233,37,Lüchow-Dannenberg – Lüneburg,15081,Altmarkkreis Salzwedel,1114895.027404621010646,0.043579360976849
234,37,Lüchow-Dannenberg – Lüneburg,15090,Stendal,89558.416934588094591,0.003500687046020
235,38,Osnabrück-Land,03251,Diepholz,2060.622600348922333,0.000107619020724
236,38,Osnabrück-Land,03404,Osnabrück,260254.887664660374867,0.013592191090329
237,38,Osnabrück-Land,03453,Cloppenburg,340259.806052301195450,0.017770564640386
238,38,Osnabrück-Land,03454,Emsland,98890.777836930821650,0.005164715104843
239,38,Osnabrück-Land,03459,Osnabrück,1910190447.769264459609985,99.762482149636853
240,38,Osnabrück-Land,03460,Vechta,1017386.814781798515469,0.053134510261777
241,38,Osnabrück-Land,05566,Steinfurt,515846.923989799222909,0.026940857968678
242,38,Osnabrück-Land,05570,Warendorf,299446.566024564148393,0.015639033653782
243,38,Osnabrück-Land,05754,Gütersloh,546432.004430347704329,0.028538208403060
244,38,Osnabrück-Land,05758,Herford,926061.693498262553476,0.048364922604954
245,38,Osnabrück-Land,05770,Minden-Lübbecke,541205.354235702077858,0.028265238973569
246,39,Stadt Osnabrück,03404,Osnabrück,119672292.491388693451881,36.820624397687290
247,39,Stadt Osnabrück,03459,Osnabrück,204589589.348135739564896,62.947874301036343
248,39,Stadt Osnabrück,05566,Steinfurt,752412.524590676417574,0.231501364127895
249,40,Nienburg II – Schaumburg,03241,Region Hannover,2341489.000855579972267,0.148517001499956
250,40,Nienburg II – Schaumburg,03251,Diepholz,729481.148607069277205,0.046269853414762
251,40,Nienburg II – Schaumburg,03252,Hameln-Pyrmont,1389869.383084318134934,0.088157250867654
252,40,Nienburg II – Schaumburg,03256,Nienburg (Weser),898272755.908129215240479,56.976042248257308
253,40,Nienburg II – Schaumburg,03257,Schaumburg,671554526.466215252876282,42.595657967234182
254,40,Nienburg II – Schaumburg,03358,Heidekreis,606694.955237518763170,0.038481716354039
255,40,Nienburg II – Schaumburg,05766,Lippe,777007.342971339938231,0.049284365922447
256,40,Nienburg II – Schaumburg,05770,Minden-Lübbecke,907945.328353148652241,0.057589558457729
257,41,Stadt Hannover I,03241,Region Hannover,108706151.496972903609276,100.000000515169972
258,42,Stadt Hannover II,03241,Region Hannover,94584514.100781723856926,99.999999677398733
259,43,Hannover-Land I,03241,Region Hannover,1132780030.115957736968994,99.663846457051648
260,43,Hannover-Land I,03256,Nienburg (Weser),885177.449372910312377,0.077879364974783
261,43,Hannover-Land I,03257,Schaumburg,882736.422387231374159,0.077664599413747
262,43,Hannover-Land I,03351,Celle,1042923.763415160821751,0.091758144617697
263,43,Hannover-Land I,03358,Heidekreis,1009885.722652673604898,0.088851403560956
264,44,Celle – Uelzen,03151,Gifhorn,1099844.095140345394611,0.036542650647945
265,44,Celle – Uelzen,03241,Region Hannover,1436905.137729996349663,0.047741605100498
266,44,Celle – Uelzen,03351,Celle,1545683694.825857877731323,51.355805356247707
267,44,Celle – Uelzen,03354,Lüchow-Dannenberg,403803.305387111904565,0.013416486195131
268,44,Celle – Uelzen,03355,Lüneburg,998687.455465949373320,0.033181690889489
269,44,Celle – Uelzen,03358,Heidekreis,1273615.629158282885328,0.042316262097270
270,44,Celle – Uelzen,03360,Uelzen,1458704051.361137628555298,48.465880558125768
271,44,Celle – Uelzen,15081,Altmarkkreis Salzwedel,153960.672376480506500,0.005115389616615
272,45,Gifhorn – Peine,03101,Braunschweig,1653678.857459341874346,0.090306882640019
273,45,Gifhorn – Peine,03102,Salzgitter,162230.308326537575340,0.008859346147297
274,45,Gifhorn – Peine,03103,Wolfsburg,55108.418598013558949,0.003009453418576
275,45,Gifhorn – Peine,03151,Gifhorn,1291308209.920796394348145,70.517935474226263
276,45,Gifhorn – Peine,03154,Helmstedt,307123.494123829936143,0.016771917482482
277,45,Gifhorn – Peine,03157,Peine,534038068.085317909717560,29.163651045268868
278,45,Gifhorn – Peine,03241,Region Hannover,1017507.437609234824777,0.055565761356287
279,45,Gifhorn – Peine,03254,Hildesheim,814515.221131107071415,0.044480420216659
280,45,Gifhorn – Peine,03351,Celle,1048162.700526377884671,0.057239835628973
281,45,Gifhorn – Peine,03360,Uelzen,475275.151330385298934,0.025954626630985
282,45,Gifhorn – Peine,15081,Altmarkkreis Salzwedel,295741.384700343536679,0.016150344064363
283,45,Gifhorn – Peine,15083,Börde,1371.215878110745962,0.000074881668118
284,46,Hameln-Pyrmont – Holzminden,03155,Northeim,133130983.819709032773972,8.200334520505038
285,46,Hameln-Pyrmont – Holzminden,03159,Göttingen,166915.676967146690004,0.010281336084024
286,46,Hameln-Pyrmont – Holzminden,03241,Region Hannover,723730.389116550330073,0.044578888573738
287,46,Hameln-Pyrmont – Holzminden,03252,Hameln-Pyrmont,793795770.064775347709656,48.894634958217672
288,46,Hameln-Pyrmont – Holzminden,03254,Hildesheim,1101476.112251177895814,0.067846509712849
289,46,Hameln-Pyrmont – Holzminden,03255,Holzminden,691538174.981978893280029,42.595977328849642
290,46,Hameln-Pyrmont – Holzminden,03257,Schaumburg,1032962.953099627397023,0.063626373963982
291,46,Hameln-Pyrmont – Holzminden,05762,Höxter,698406.556479409453459,0.043019042075142
292,46,Hameln-Pyrmont – Holzminden,05766,Lippe,759370.593011801131070,0.046774182155553
293,46,Hameln-Pyrmont – Holzminden,06633,Kassel,534563.382989794714376,0.032926959879344
294,47,Hannover-Land II,03151,Gifhorn,298508.463221368903760,0.031208569626854
295,47,Hannover-Land II,03157,Peine,855379.924938673386350,0.089428566469370
296,47,Hannover-Land II,03241,Region Hannover,952326454.601066589355469,99.564166942469313
297,47,Hannover-Land II,03252,Hameln-Pyrmont,347986.429587262973655,0.036381409758961
298,47,Hannover-Land II,03254,Hildesheim,1915500.546597349224612,0.200262436560897
299,47,Hannover-Land II,03257,Schaumburg,249782.256731949222740,0.026114324755311
300,47,Hannover-Land II,03351,Celle,501564.646363841136917,0.052437760120745
301,48,Hildesheim,03102,Salzgitter,16362.965220691203285,0.001356022093488
302,48,Hildesheim,03153,Goslar,785806.010887637035921,0.065120856616598
303,48,Hildesheim,03155,Northeim,758456.191500931279734,0.062854338363881
304,48,Hildesheim,03157,Peine,400342.788343184860423,0.033176973649943
305,48,Hildesheim,03158,Wolfenbüttel,731252.830274628824554,0.060599957306263
306,48,Hildesheim,03241,Region Hannover,1327722.073270205641165,0.110030207916652
307,48,Hildesheim,03252,Hameln-Pyrmont,413696.110075474076439,0.034283582326684
308,48,Hildesheim,03254,Hildesheim,1201691331.011433601379395,99.585861879331759
309,48,Hildesheim,03255,Holzminden,563718.893726444919594,0.046716182800588
310,49,Salzgitter – Wolfenbüttel,03101,Braunschweig,565069.202037521637976,0.045675732571518
311,49,Salzgitter – Wolfenbüttel,03102,Salzgitter,224627431.407098650932312,18.157107922679355
312,49,Salzgitter – Wolfenbüttel,03153,Goslar,287718906.143938004970551,23.256924577403336
313,49,Salzgitter – Wolfenbüttel,03154,Helmstedt,687530.008720872225240,0.055574497247405
314,49,Salzgitter – Wolfenbüttel,03155,Northeim,395706.367064737423789,0.031985778261714
315,49,Salzgitter – Wolfenbüttel,03157,Peine,222135.068761222588364,0.017955645005794
316,49,Salzgitter – Wolfenbüttel,03158,Wolfenbüttel,721350897.537169933319092,58.308310853480648
317,49,Salzgitter – Wolfenbüttel,03159,Göttingen,81153.417922265201923,0.006559801526815
318,49,Salzgitter – Wolfenbüttel,03254,Hildesheim,1051744.863126539159566,0.085014750279109
319,49,Salzgitter – Wolfenbüttel,15085,Harz,431641.548121867293958,0.034890494558331
320,50,Braunschweig,03101,Braunschweig,189781740.748533397912979,98.986488532405346
321,50,Braunschweig,03102,Salzgitter,303364.643319281865843,0.158229135577646
322,50,Braunschweig,03151,Gifhorn,861337.493675244739279,0.449256991762914
323,50,Braunschweig,03154,Helmstedt,128968.165261590344016,0.067267302751887
324,50,Braunschweig,03157,Peine,257872.967474492499605,0.134501556562040
325,50,Braunschweig,03158,Wolfenbüttel,391610.891735585697461,0.204256673434740
326,51,Helmstedt – Wolfsburg,03101,Braunschweig,154011.721070883766515,0.013338846231268
327,51,Helmstedt – Wolfsburg,03103,Wolfsburg,204768220.421669095754623,17.734830740563851
328,51,Helmstedt – Wolfsburg,03151,Gifhorn,274084932.049380064010620,23.738302107744023
329,51,Helmstedt – Wolfsburg,03154,Helmstedt,672862127.001670360565186,58.276112912136291
330,51,Helmstedt – Wolfsburg,03158,Wolfenbüttel,676275.180443719029427,0.058571715056740
331,51,Helmstedt – Wolfsburg,15081,Altmarkkreis Salzwedel,512078.345823238720186,0.044350743344752
332,51,Helmstedt – Wolfsburg,15083,Börde,1501231.633300748653710,0.130020609956678
333,51,Helmstedt – Wolfsburg,15085,Harz,51637.983290523225151,0.004472329209853
334,52,Goslar – Northeim – Osterode,03153,Goslar,677991139.443295717239380,29.470064565219833
335,52,Goslar – Northeim – Osterode,03155,Northeim,1132331385.952775716781616,49.218753921553379
336,52,Goslar – Northeim – Osterode,03158,Wolfenbüttel,154882.921905953669921,0.006732255693439
337,52,Goslar – Northeim – Osterode,03159,Göttingen,488169708.325921654701233,21.219145776687043
338,52,Goslar – Northeim – Osterode,03254,Hildesheim,364909.558942278730683,0.015861428913842
339,52,Goslar – Northeim – Osterode,03255,Holzminden,538748.872172951349057,0.023417657139904
340,52,Goslar – Northeim – Osterode,05762,Höxter,45506.808240340811608,0.001978032600988
341,52,Goslar – Northeim – Osterode,06633,Kassel,12463.322490062129873,0.000541739997931
342,52,Goslar – Northeim – Osterode,15085,Harz,409500.838527036772575,0.017799666468816
343,52,Goslar – Northeim – Osterode,16062,Nordhausen,591370.547123614116572,0.025704949802165
344,53,Göttingen,03155,Northeim,1368770.501720711356029,0.108130346488904
345,53,Göttingen,03159,Göttingen,1260910084.597933530807495,99.609572362590086
346,53,Göttingen,06633,Kassel,1234156.989733220543712,0.097496127184063
347,53,Göttingen,06636,Werra-Meißner-Kreis,1150387.832190229790285,0.090878518155508
348,53,Göttingen,16061,Eichsfeld,975577.847302869195119,0.077068851588448
349,53,Göttingen,16062,Nordhausen,213343.389141059538815,0.016853734471878
350,54,Bremen I,03251,Diepholz,357214.347394088516012,0.231857073519504
351,54,Bremen I,03356,Osterholz,177622.458131093735574,0.115289387545741
352,54,Bremen I,03361,Verden,664858.671510682557710,0.431539737989491
353,54,Bremen I,03401,Delmenhorst,8315.861774661321761,0.005397575402364
354,54,Bremen I,04011,Bremen,152858604.807523041963577,99.215916246070620
355,55,Bremen II – Bremerhaven,03352,Cuxhaven,846047.260416209348477,0.348038036886168
356,55,Bremen II – Bremerhaven,03356,Osterholz,1318664.562014579772949,0.542458379037995
357,55,Bremen II – Bremerhaven,03401,Delmenhorst,99980.652933643315919,0.041128991017008
358,55,Bremen II – Bremerhaven,03461,Wesermarsch,496210.579926387406886,0.204125897216153
359,55,Bremen II – Bremerhaven,04011,Bremen,170178277.890338271856308,70.006152763245083
360,55,Bremen II – Bremerhaven,04012,Bremerhaven,69988927.626923263072968,28.791310030434079
361,56,Prignitz – Ostprignitz-Ruppin – Havelland I,12063,Havelland,485894341.764039218425751,9.433826286065299
362,56,Prignitz – Ostprignitz-Ruppin – Havelland I,12065,Oberhavel,1373147.724588064709678,0.026660193349525
363,56,Prignitz – Ostprignitz-Ruppin – Havelland I,12068,Ostprignitz-Ruppin,2523070639.237576961517334,48.986390810037250
364,56,Prignitz – Ostprignitz-Ruppin – Havelland I,12070,Prignitz,2133434410.653383255004883,41.421452963928431
365,56,Prignitz – Ostprignitz-Ruppin – Havelland I,13071,Mecklenburgische Seenplatte,1688776.442711699521169,0.032788246800121
366,56,Prignitz – Ostprignitz-Ruppin – Havelland I,13076,Ludwigslust-Parchim,3090705.137703635264188,0.060007233804556
367,56,Prignitz – Ostprignitz-Ruppin – Havelland I,15090,Stendal,2002239.845684704137966,0.038874259820874
368,57,Uckermark – Barnim I,12060,Barnim,775822396.434322118759155,20.106962403670025
369,57,Uckermark – Barnim I,12064,Märkisch-Oderland,736093.636462704860605,0.019077313495924
370,57,Uckermark – Barnim I,12065,Oberhavel,2698842.363844234496355,0.069945804855147
371,57,Uckermark – Barnim I,12073,Uckermark,3076030256.689489841461182,79.721370519938276
372,57,Uckermark – Barnim I,13071,Mecklenburgische Seenplatte,1033746.767891383031383,0.026791579480610
373,57,Uckermark – Barnim I,13075,Vorpommern-Greifswald,1365349.575116506312042,0.035385718046951
374,58,Oberhavel – Havelland II,11000,Berlin,1196847.377925683977082,0.048344520214254
375,58,Oberhavel – Havelland II,12051,Brandenburg an der Havel,141605.453585418843431,0.005719900331130
376,58,Oberhavel – Havelland II,12054,Potsdam,552861.386538607184775,0.022331851972237
377,58,Oberhavel – Havelland II,12060,Barnim,4140198.524933196604252,0.167235952529349
378,58,Oberhavel – Havelland II,12063,Havelland,663411667.945972323417664,26.797333881427594
379,58,Oberhavel – Havelland II,12065,Oberhavel,1800684306.425272464752197,72.735438500389222
380,58,Oberhavel – Havelland II,12068,Ostprignitz-Ruppin,3262264.561982599087059,0.131773372252651
381,58,Oberhavel – Havelland II,12069,Potsdam-Mittelmark,270043.210018310521264,0.010907914965798
382,58,Oberhavel – Havelland II,12073,Uckermark,1212933.798386757029220,0.048994302545317
383,58,Oberhavel – Havelland II,13071,Mecklenburgische Seenplatte,790226.410428689210676,0.031919789755498
384,59,Märkisch-Oderland – Barnim II,11000,Berlin,2640627.180706613231450,0.091984572933106
385,59,Märkisch-Oderland – Barnim II,12053,Frankfurt (Oder),102823.821000672891387,0.003581802585084
386,59,Märkisch-Oderland – Barnim II,12060,Barnim,702339995.381202459335327,24.465568256285213
387,59,Märkisch-Oderland – Barnim II,12064,Märkisch-Oderland,2158884482.710726261138916,75.203371609965842
388,59,Märkisch-Oderland – Barnim II,12065,Oberhavel,4127474.795670011546463,0.143777966517133
389,59,Märkisch-Oderland – Barnim II,12067,Oder-Spree,1829524.755182831082493,0.063730334409042
390,60,Brandenburg an der Havel – Potsdam-Mittelmark I – Havelland III – Teltow-Fläming I,12051,Brandenburg an der Havel,229538767.492404162883759,6.733719066870438
391,60,Brandenburg an der Havel – Potsdam-Mittelmark I – Havelland III – Teltow-Fläming I,12063,Havelland,576673063.561388373374939,16.917205079888774
392,60,Brandenburg an der Havel – Potsdam-Mittelmark I – Havelland III – Teltow-Fläming I,12069,Potsdam-Mittelmark,2216017740.689026832580566,65.008804726176123
393,60,Brandenburg an der Havel – Potsdam-Mittelmark I – Havelland III – Teltow-Fläming I,12072,Teltow-Fläming,382956967.499981343746185,11.234375186452288
394,60,Brandenburg an der Havel – Potsdam-Mittelmark I – Havelland III – Teltow-Fläming I,15082,Anhalt-Bitterfeld,302552.524376223154832,0.008875641027346
395,60,Brandenburg an der Havel – Potsdam-Mittelmark I – Havelland III – Teltow-Fläming I,15086,Jerichower Land,1921274.826056184479967,0.056362265382212
396,60,Brandenburg an der Havel – Potsdam-Mittelmark I – Havelland III – Teltow-Fläming I,15090,Stendal,371945.443547696515452,0.010911342569336
397,60,Brandenburg an der Havel – Potsdam-Mittelmark I – Havelland III – Teltow-Fläming I,15091,Wittenberg,1014003.854839258012362,0.029746683602966
398,61,Potsdam – Potsdam-Mittelmark II – Teltow-Fläming II,11000,Berlin,1428558.089043145533651,0.196275606097451
399,61,Potsdam – Potsdam-Mittelmark II – Teltow-Fläming II,12054,Potsdam,185911367.581977337598801,25.543144960244291
400,61,Potsdam – Potsdam-Mittelmark II – Teltow-Fläming II,12063,Havelland,1034002.120967709342949,0.142065901663770
401,61,Potsdam – Potsdam-Mittelmark II – Teltow-Fläming II,12069,Potsdam-Mittelmark,376270034.892086327075958,51.697323140860284
402,61,Potsdam – Potsdam-Mittelmark II – Teltow-Fläming II,12072,Teltow-Fläming,163188760.499825030565262,22.421190374448667
403,62,Dahme-Spreewald – Teltow-Fläming III – Oberspreewald-Lausitz I,11000,Berlin,888821.780795162543654,0.022331771106556
404,62,Dahme-Spreewald – Teltow-Fläming III – Oberspreewald-Lausitz I,12061,Dahme-Spreewald,2274586504.901773452758789,57.149302916593392
405,62,Dahme-Spreewald – Teltow-Fläming III – Oberspreewald-Lausitz I,12062,Elbe-Elster,1742196.723440878558904,0.043772935464822
406,62,Dahme-Spreewald – Teltow-Fläming III – Oberspreewald-Lausitz I,12066,Oberspreewald-Lausitz,139644626.607352972030640,3.508590704050989
407,62,Dahme-Spreewald – Teltow-Fläming III – Oberspreewald-Lausitz I,12067,Oder-Spree,2337110.594282773323357,0.058720229375499
408,62,Dahme-Spreewald – Teltow-Fläming III – Oberspreewald-Lausitz I,12069,Potsdam-Mittelmark,354180.762737442506477,0.008898841021562
409,62,Dahme-Spreewald – Teltow-Fläming III – Oberspreewald-Lausitz I,12071,Spree-Neiße,1389650.791411609621719,0.034915169792628
410,62,Dahme-Spreewald – Teltow-Fläming III – Oberspreewald-Lausitz I,12072,Teltow-Fläming,1558953554.643128395080566,39.168925312448209
411,62,Dahme-Spreewald – Teltow-Fläming III – Oberspreewald-Lausitz I,15091,Wittenberg,180779.458578355581267,0.004542109089774
412,63,Frankfurt (Oder) – Oder-Spree,11000,Berlin,517168.724240653973538,0.021445659265530
413,63,Frankfurt (Oder) – Oder-Spree,12053,Frankfurt (Oder),147940737.258946508169174,6.134722565454907
414,63,Frankfurt (Oder) – Oder-Spree,12061,Dahme-Spreewald,3450746.856024022679776,0.143093613007143
415,63,Frankfurt (Oder) – Oder-Spree,12064,Märkisch-Oderland,1484119.740361235337332,0.061542635447969
416,63,Frankfurt (Oder) – Oder-Spree,12067,Oder-Spree,2256707262.305388450622559,93.579856516860900
417,63,Frankfurt (Oder) – Oder-Spree,12071,Spree-Neiße,654026.527432951028459,0.027120801008489
418,64,Cottbus – Spree-Neiße,12052,Cottbus,165441607.397501826286316,9.066442753202340
419,64,Cottbus – Spree-Neiße,12061,Dahme-Spreewald,695695.023125267936848,0.038125107704607
420,64,Cottbus – Spree-Neiße,12066,Oberspreewald-Lausitz,958974.672132005449384,0.052553218645693
421,64,Cottbus – Spree-Neiße,12067,Oder-Spree,1016989.177766982698813,0.055732498649490
422,64,Cottbus – Spree-Neiße,12071,Spree-Neiße,1654536505.091229438781738,90.671027333838722
423,64,Cottbus – Spree-Neiße,14625,Bautzen,625467.443973649991676,0.034276533358104
424,64,Cottbus – Spree-Neiße,14626,Görlitz,933008.710940264863893,0.051130245885817
425,65,Elbe-Elster – Oberspreewald-Lausitz II,12061,Dahme-Spreewald,1085039.951287253759801,0.036277050811439
426,65,Elbe-Elster – Oberspreewald-Lausitz II,12062,Elbe-Elster,1897836810.841769218444824,63.451969982347066
427,65,Elbe-Elster – Oberspreewald-Lausitz II,12066,Oberspreewald-Lausitz,1084449794.881167173385620,36.257319617297320
428,65,Elbe-Elster – Oberspreewald-Lausitz II,12071,Spree-Neiße,2007474.470745203085244,0.067117577828810
429,65,Elbe-Elster – Oberspreewald-Lausitz II,12072,Teltow-Fläming,947216.143869647406973,0.031669071852892
430,65,Elbe-Elster – Oberspreewald-Lausitz II,14625,Bautzen,1523291.333554611308500,0.050929476875415
431,65,Elbe-Elster – Oberspreewald-Lausitz II,14627,Meißen,1459067.979596345219761,0.048782243612657
432,65,Elbe-Elster – Oberspreewald-Lausitz II,14730,Nordsachsen,792353.108116877614520,0.026491406081091
433,65,Elbe-Elster – Oberspreewald-Lausitz II,15091,Wittenberg,880651.603401682921685,0.029443563737793
434,66,Altmark,03151,Gifhorn,669195.790278790635057,0.014120399888297
435,66,Altmark,03354,Lüchow-Dannenberg,740092.884167539654300,0.015616367632222
436,66,Altmark,03360,Uelzen,135165.268919756606920,0.002852061647550
437,66,Altmark,12063,Havelland,673056.169118629884906,0.014201856008809
438,66,Altmark,12068,Ostprignitz-Ruppin,234015.903370761108818,0.004937864499177
439,66,Altmark,12070,Prignitz,810893.331827723886818,0.017110296087474
440,66,Altmark,15081,Altmarkkreis Salzwedel,2299695096.586769580841064,48.524833623704836
441,66,Altmark,15083,Börde,3183876.731142694596201,0.067181553279124
442,66,Altmark,15086,Jerichower Land,877257.881700103636831,0.018510624655313
443,66,Altmark,15090,Stendal,2432194087.462352275848389,51.320635335457474
444,67,Börde – Jerichower Land,03151,Gifhorn,133757.694371160032460,0.003372184554581
445,67,Börde – Jerichower Land,03154,Helmstedt,1310699.164416101761162,0.033044225969393
446,67,Börde – Jerichower Land,12063,Havelland,343459.449901527550537,0.008659005805444
447,67,Börde – Jerichower Land,12069,Potsdam-Mittelmark,1182729.947255092673004,0.029817975549924
448,67,Börde – Jerichower Land,15003,Magdeburg,1866081.205215280177072,0.047046042826953
449,67,Börde – Jerichower Land,15081,Altmarkkreis Salzwedel,1429583.075209648581222,0.036041425417626
450,67,Börde – Jerichower Land,15082,Anhalt-Bitterfeld,694787.495668339310214,0.017516387917895
451,67,Börde – Jerichower Land,15083,Börde,2368158615.248182296752930,59.703988938214550
452,67,Börde – Jerichower Land,15085,Harz,808803.995822205673903,0.020390874373376
453,67,Börde – Jerichower Land,15086,Jerichower Land,1585715197.301749467849731,39.977694901547203
454,67,Börde – Jerichower Land,15089,Salzlandkreis,2196500.633216948248446,0.055376294756600
455,67,Börde – Jerichower Land,15090,Stendal,2659607.809653199277818,0.067051756679264
456,68,Harz,03153,Goslar,2157912.370157559402287,0.091931975623615
457,68,Harz,03154,Helmstedt,145733.960055597155588,0.006208598202895
458,68,Harz,03158,Wolfenbüttel,393703.685879717057105,0.016772672585671
459,68,Harz,15083,Börde,803630.479649170651101,0.034236486470536
460,68,Harz,15085,Harz,2103050322.967151641845703,89.594727617292492
461,68,Harz,15087,Mansfeld-Südharz,3820971.199741166550666,0.162782064763591
462,68,Harz,15089,Salzlandkreis,236303128.890147030353546,10.067050815101855
463,68,Harz,16062,Nordhausen,617097.188374234014191,0.026289743950483
464,69,Magdeburg,15003,Magdeburg,199121533.242953866720200,33.647434577818011
465,69,Magdeburg,15082,Anhalt-Bitterfeld,582086.195981562370434,0.098360568437586
466,69,Magdeburg,15083,Börde,1916739.260052785743028,0.323889424739770
467,69,Magdeburg,15086,Jerichower Land,618139.278535666642711,0.104452796218334
468,69,Magdeburg,15089,Salzlandkreis,389549659.434988319873810,65.825862563329139
469,70,Dessau – Wittenberg,12062,Elbe-Elster,752543.720718870754354,0.034367298208708
470,70,Dessau – Wittenberg,12069,Potsdam-Mittelmark,492075.226100087573286,0.022472177457470
471,70,Dessau – Wittenberg,12072,Teltow-Fläming,470816.347777894756291,0.021501323285458
472,70,Dessau – Wittenberg,14730,Nordsachsen,911326.920847397763282,0.041618637153025
473,70,Dessau – Wittenberg,15001,Dessau-Roßlau,244886616.958848387002945,11.183524838007823
474,70,Dessau – Wittenberg,15082,Anhalt-Bitterfeld,1976900.871092383516952,0.090281454612345
475,70,Dessau – Wittenberg,15091,Wittenberg,1940218426.192555904388428,88.606234305287444
476,71,Anhalt,12069,Potsdam-Mittelmark,10200.227663457813833,0.000449664327345
477,71,Anhalt,14730,Nordsachsen,758041.270779369748197,0.033417304924094
478,71,Anhalt,15001,Dessau-Roßlau,1468472.272753145080060,0.064735770468956
479,71,Anhalt,15082,Anhalt-Bitterfeld,1456409142.456325769424438,64.203982400143474
480,71,Anhalt,15083,Börde,966484.683674648520537,0.042606273066922
481,71,Anhalt,15085,Harz,37001.361771115130978,0.001631158931018
482,71,Anhalt,15086,Jerichower Land,549589.939232931938022,0.024227987697396
483,71,Anhalt,15087,Mansfeld-Südharz,226377.759515254059806,0.009979581467875
484,71,Anhalt,15088,Saalekreis,995668.909756955341436,0.043892823311031
485,71,Anhalt,15089,Salzlandkreis,805960940.495056748390198,35.529783856942139
486,71,Anhalt,15091,Wittenberg,1027435.242890816065483,0.045293202527275
487,72,Halle,14730,Nordsachsen,625227.052568093291484,0.150773963708312
488,72,Halle,15002,Halle (Saale),134658037.204881399869919,32.472884740300110
489,72,Halle,15082,Anhalt-Bitterfeld,343621.493395533645526,0.082864575935750
490,72,Halle,15088,Saalekreis,279051508.907009899616241,67.293476672001248
491,73,Burgenland – Saalekreis,14729,Leipzig,629323.526946607278660,0.036663359168493
492,73,Burgenland – Saalekreis,14730,Nordsachsen,309379.574949369765818,0.018023947921983
493,73,Burgenland – Saalekreis,15002,Halle (Saale),593561.378330451902002,0.034579914893474
494,73,Burgenland – Saalekreis,15084,Burgenlandkreis,1413459740.923391580581665,82.345852225028011
495,73,Burgenland – Saalekreis,15088,Saalekreis,298913395.724739730358124,17.414205441996248
496,73,Burgenland – Saalekreis,16052,Gera,27893.222972996878525,0.001625013539836
497,73,Burgenland – Saalekreis,16065,Kyffhäuserkreis,181091.981633368122857,0.010550122601283
498,73,Burgenland – Saalekreis,16068,Sömmerda,404861.752422470715828,0.023586583382111
499,73,Burgenland – Saalekreis,16071,Weimarer Land,353198.130836832453497,0.020576745305137
500,73,Burgenland – Saalekreis,16074,Saale-Holzland-Kreis,983626.170998707995750,0.057304451606676
501,73,Burgenland – Saalekreis,16076,Greiz,116509.096552617455018,0.006787629367728
502,73,Burgenland – Saalekreis,16077,Altenburger Land,519145.626402179419529,0.030244574922987
503,74,Mansfeld,15002,Halle (Saale),515715.608322175801732,0.022263714063099
504,74,Mansfeld,15082,Anhalt-Bitterfeld,54608.513438324458548,0.002357478247667
505,74,Mansfeld,15084,Burgenlandkreis,744254.737282315734774,0.032129868465430
506,74,Mansfeld,15085,Harz,2284660.010625971946865,0.098629974325303
507,74,Mansfeld,15087,Mansfeld-Südharz,1449999186.068740367889404,62.597227521169010
508,74,Mansfeld,15088,Saalekreis,859991000.052000641822815,37.126263803199599
509,74,Mansfeld,15089,Salzlandkreis,1100996.891823669429868,0.047530614913269
510,74,Mansfeld,16062,Nordhausen,981371.216611090581864,0.042366311594618
511,74,Mansfeld,16065,Kyffhäuserkreis,723427.344612368149683,0.031230738969248
512,75,Berlin-Mitte,11000,Berlin,45534844.085996225476265,99.999999969790252
513,76,Berlin-Pankow,11000,Berlin,94860730.595617666840553,99.186636445022913
514,76,Berlin-Pankow,12060,Barnim,702667.837010111426935,0.734711390619969
515,76,Berlin-Pankow,12065,Oberhavel,75222.209958360588644,0.078652546157765
516,77,Berlin-Reinickendorf,11000,Berlin,83694012.978930413722992,99.387697959333806
517,77,Berlin-Reinickendorf,12065,Oberhavel,515617.423273498134222,0.612302205413156
518,78,Berlin-Spandau – Charlottenburg Nord,11000,Berlin,83031116.966418102383614,99.152337773280195
519,78,Berlin-Spandau – Charlottenburg Nord,12054,Potsdam,132068.649522516381694,0.157710938081367
520,78,Berlin-Spandau – Charlottenburg Nord,12063,Havelland,549892.021650221315213,0.656658388583963
521,78,Berlin-Spandau – Charlottenburg Nord,12065,Oberhavel,27879.729586569756066,0.033292824015764
522,79,Berlin-Steglitz-Zehlendorf,11000,Berlin,105748148.614417970180511,99.108170718701288
523,79,Berlin-Steglitz-Zehlendorf,12054,Potsdam,555922.297494369908236,0.521015664938957
524,79,Berlin-Steglitz-Zehlendorf,12069,Potsdam-Mittelmark,373718.941619683522731,0.350252946762285
525,79,Berlin-Steglitz-Zehlendorf,12072,Teltow-Fläming,21938.346088385645999,0.020560826623467
526,80,Berlin-Charlottenburg-Wilmersdorf,11000,Berlin,64638910.980314739048481,99.999999925331394
527,81,Berlin-Tempelhof-Schöneberg,11000,Berlin,52073975.776946678757668,99.738588919780582
528,81,Berlin-Tempelhof-Schöneberg,12061,Dahme-Spreewald,13954.072630925013073,0.026726584500750
529,81,Berlin-Tempelhof-Schöneberg,12072,Teltow-Fläming,122529.683786157955183,0.234684169573789
530,82,Berlin-Neukölln,11000,Berlin,51588692.694107614457607,99.925116689192578
531,82,Berlin-Neukölln,12061,Dahme-Spreewald,38660.268928115045128,0.074883306440496
532,83,Berlin-Friedrichshain-Kreuzberg – Prenzlauer Berg Ost,11000,Berlin,28059153.331950906664133,99.999999654898303
533,84,Berlin-Treptow-Köpenick,11000,Berlin,166755121.148653745651245,99.502876636678195
534,84,Berlin-Treptow-Köpenick,12061,Dahme-Spreewald,377332.960745108022820,0.225154794559520
535,84,Berlin-Treptow-Köpenick,12064,Märkisch-Oderland,53023.731974232345237,0.031639291345931
536,84,Berlin-Treptow-Köpenick,12067,Oder-Spree,402763.876008729159366,0.240329436314469
537,85,Berlin-Marzahn-Hellersdorf,11000,Berlin,55831328.764335788786411,99.166107437981083
538,85,Berlin-Marzahn-Hellersdorf,12060,Barnim,312287.097725605533924,0.554675960073778
539,85,Berlin-Marzahn-Hellersdorf,12064,Märkisch-Oderland,157201.219944445765577,0.279216587020416
540,86,Berlin-Lichtenberg,11000,Berlin,54556755.406071849167347,99.814761562397280
541,86,Berlin-Lichtenberg,12060,Barnim,101247.651603270031046,0.185238475571227
542,87,Aachen I,05334,Städteregion Aachen,161787124.277866810560226,99.209253015110789
543,88,Aachen II,05334,Städteregion Aachen,537014966.135619401931763,98.463608041971924
544,88,Aachen II,05358,Düren,3343914.511549599934369,0.613118643900012
545,88,Aachen II,05366,Euskirchen,260769.418201206630329,0.047813002248083
546,88,Aachen II,05370,Heinsberg,621252.276983710820787,0.113908819220242
547,89,Heinsberg,05116,Mönchengladbach,295066.397548122797161,0.047029343496402
548,89,Heinsberg,05162,Rhein-Kreis Neuss,128224.004254377607140,0.020437063625924
549,89,Heinsberg,05166,Viersen,210704.509090730862226,0.033583270804845
550,89,Heinsberg,05334,Städteregion Aachen,761987.388686411548406,0.121449839562348
551,89,Heinsberg,05358,Düren,602027.871634807554074,0.095954591254002
552,89,Heinsberg,05370,Heinsberg,624453759.775035858154297,99.528955550725343
553,90,Düren,05334,Städteregion Aachen,3822852.113346820231527,0.405932252937286
554,90,Düren,05358,Düren,934359331.815964937210083,99.215605880441629
555,90,Düren,05362,Rhein-Erft-Kreis,1294693.448055239394307,0.137477938630509
556,90,Düren,05366,Euskirchen,1565889.626534115523100,0.166275096473357
557,90,Düren,05370,Heinsberg,703567.809368282672949,0.074708844988770
558,91,Rhein-Erft-Kreis I,05162,Rhein-Kreis Neuss,1831444.633934772340581,0.348869516663757
559,91,Rhein-Erft-Kreis I,05315,Köln,2220993.141890879720449,0.423074107493105
560,91,Rhein-Erft-Kreis I,05358,Düren,797295.805406038998626,0.151875845502601
561,91,Rhein-Erft-Kreis I,05362,Rhein-Erft-Kreis,520115775.436872422695160,99.076180531875991
562,92,Euskirchen – Rhein-Erft-Kreis II,05315,Köln,63441.282695054367650,0.004443628534223
563,92,Euskirchen – Rhein-Erft-Kreis II,05334,Städteregion Aachen,196157.197191768384073,0.013739471864470
564,92,Euskirchen – Rhein-Erft-Kreis II,05358,Düren,1345306.936813993845135,0.094229562167743
565,92,Euskirchen – Rhein-Erft-Kreis II,05362,Rhein-Erft-Kreis,178371913.106930553913116,12.493734191911560
566,92,Euskirchen – Rhein-Erft-Kreis II,05366,Euskirchen,1244301130.464333534240723,87.154795325859070
567,92,Euskirchen – Rhein-Erft-Kreis II,05382,Rhein-Sieg-Kreis,1866686.627976126968861,0.130748648390335
568,92,Euskirchen – Rhein-Erft-Kreis II,07131,Ahrweiler,515647.803315338212997,0.036117606629037
569,92,Euskirchen – Rhein-Erft-Kreis II,07232,Eifelkreis Bitburg-Prüm,9519.623353243330712,0.000666784594676
570,92,Euskirchen – Rhein-Erft-Kreis II,07233,Vulkaneifel,716106.802836485672742,0.050158390364380
571,93,Köln I,05315,Köln,128007353.715169981122017,99.588547059648889
572,93,Köln I,05378,Rheinisch-Bergischer Kreis,405949.353614264051430,0.315824873594408
573,93,Köln I,05382,Rhein-Sieg-Kreis,122917.117765881324885,0.095628390180628
574,94,Köln II,05315,Köln,91682615.678314298391342,99.178054030311060
575,94,Köln II,05362,Rhein-Erft-Kreis,759826.749747749418020,0.821945773281231
576,95,Köln III,05158,Mettmann,22399.363544945754256,0.017759594648258
577,95,Köln III,05162,Rhein-Kreis Neuss,269395.916829907218926,0.213593670784205
578,95,Köln III,05315,Köln,125253357.594444468617439,99.308574314939364
579,95,Köln III,05316,Leverkusen,113949.680045418412192,0.090346322735670
580,95,Köln III,05362,Rhein-Erft-Kreis,466318.758447102969512,0.369726225045710
581,96,Bonn,05314,Bonn,140179833.168376147747040,99.213246917214207
582,96,Bonn,05382,Rhein-Sieg-Kreis,1096930.302872032392770,0.776360012207298
583,96,Bonn,07131,Ahrweiler,14684.322793137134795,0.010392931066894
584,97,Rhein-Sieg-Kreis I,05314,Bonn,34971.167399950980325,0.005289697769960
585,97,Rhein-Sieg-Kreis I,05315,Köln,388232.991607021947857,0.058723667026672
586,97,Rhein-Sieg-Kreis I,05362,Rhein-Erft-Kreis,12085.040112967431924,0.001827968995268
587,97,Rhein-Sieg-Kreis I,05374,Oberbergischer Kreis,1131135.991424264851958,0.171094303570983
588,97,Rhein-Sieg-Kreis I,05378,Rheinisch-Bergischer Kreis,860466.404976997757331,0.130153139341269
589,97,Rhein-Sieg-Kreis I,05382,Rhein-Sieg-Kreis,657608628.391831398010254,99.469109947866784
590,97,Rhein-Sieg-Kreis I,07132,Altenkirchen (Westerwald),720862.583886697888374,0.109036829077622
591,97,Rhein-Sieg-Kreis I,07138,Neuwied,362057.894245044968557,0.054764452495436
592,98,Rhein-Sieg-Kreis II,05314,Bonn,1344775.112030571326613,0.273275369132446
593,98,Rhein-Sieg-Kreis II,05362,Rhein-Erft-Kreis,481988.028594552015420,0.097946084258437
594,98,Rhein-Sieg-Kreis II,05366,Euskirchen,918712.418206555652432,0.186694022640606
595,98,Rhein-Sieg-Kreis II,05382,Rhein-Sieg-Kreis,488390816.022540092468262,99.247211920755689
596,98,Rhein-Sieg-Kreis II,07131,Ahrweiler,346065.386566524801310,0.070324878421590
597,98,Rhein-Sieg-Kreis II,07138,Neuwied,612893.325319861411117,0.124547701855290
598,99,Oberbergischer Kreis,05120,Remscheid,183550.255594406451564,0.020016968345678
599,99,Oberbergischer Kreis,05124,Wuppertal,71529.370820451964391,0.007800594702865
600,99,Oberbergischer Kreis,05374,Oberbergischer Kreis,912130387.506415128707886,99.471858727303058
601,99,Oberbergischer Kreis,05378,Rheinisch-Bergischer Kreis,1476916.776287603657693,0.161064315952122
602,99,Oberbergischer Kreis,05382,Rhein-Sieg-Kreis,883751.267784135416150,0.096376990025979
603,99,Oberbergischer Kreis,05954,Ennepe-Ruhr-Kreis,259209.009357334551169,0.028267890548110
604,99,Oberbergischer Kreis,05962,Märkischer Kreis,1162150.027715772390366,0.126737607868658
605,99,Oberbergischer Kreis,05966,Olpe,580421.068857311038300,0.063297488335590
606,99,Oberbergischer Kreis,07132,Altenkirchen (Westerwald),225386.363881538651185,0.024579381253130
607,100,Rheinisch-Bergischer Kreis,05120,Remscheid,287623.350306581822224,0.065623123989533
608,100,Rheinisch-Bergischer Kreis,05122,Solingen,549370.569440127816051,0.125342441620759
609,100,Rheinisch-Bergischer Kreis,05158,Mettmann,329963.045855557138566,0.075283198832997
610,100,Rheinisch-Bergischer Kreis,05315,Köln,605654.344364447752014,0.138183948183146
611,100,Rheinisch-Bergischer Kreis,05316,Leverkusen,957413.702387572033331,0.218440116333002
612,100,Rheinisch-Bergischer Kreis,05374,Oberbergischer Kreis,1249363.344881355529651,0.285050311811387
613,100,Rheinisch-Bergischer Kreis,05378,Rheinisch-Bergischer Kreis,433935760.036833047866821,99.005244720347534
614,100,Rheinisch-Bergischer Kreis,05382,Rhein-Sieg-Kreis,380581.452285696403123,0.086832115003318
615,101,Leverkusen – Köln IV,05158,Mettmann,506383.431523108971305,0.370890248338678
616,101,Leverkusen – Köln IV,05315,Köln,58061405.935503065586090,42.525896239416788
617,101,Leverkusen – Köln IV,05316,Leverkusen,77483961.515089139342308,56.751552163065867
618,101,Leverkusen – Köln IV,05378,Rheinisch-Bergischer Kreis,480129.532498642161954,0.351661113807647
619,102,Wuppertal I,05120,Remscheid,144632.132616453396622,0.108017225443576
620,102,Wuppertal I,05122,Solingen,22902.056059614726109,0.017104197440503
621,102,Wuppertal I,05124,Wuppertal,131989081.766190201044083,98.574875052400756
622,102,Wuppertal I,05158,Mettmann,811267.420845955959521,0.605887877799135
623,102,Wuppertal I,05374,Oberbergischer Kreis,127984.584779662036453,0.095584151995520
624,102,Wuppertal I,05954,Ennepe-Ruhr-Kreis,801417.610773229738697,0.598531634508279
625,103,Solingen – Remscheid – Wuppertal II,05120,Remscheid,73437031.684902787208557,37.132382241871696
626,103,Solingen – Remscheid – Wuppertal II,05122,Solingen,87971305.991195708513260,44.481429674305353
627,103,Solingen – Remscheid – Wuppertal II,05124,Wuppertal,35020886.074409373104572,17.707808966785201
628,103,Solingen – Remscheid – Wuppertal II,05158,Mettmann,348877.733857283950783,0.176405024441230
629,103,Solingen – Remscheid – Wuppertal II,05374,Oberbergischer Kreis,253742.735934498603456,0.128301376643946
630,103,Solingen – Remscheid – Wuppertal II,05378,Rheinisch-Bergischer Kreis,739015.746523601934314,0.373672717334488
631,104,Mettmann I,05111,Düsseldorf,1161457.767943428596482,0.630862502742678
632,104,Mettmann I,05122,Solingen,421135.054281036893371,0.228745565847685
633,104,Mettmann I,05124,Wuppertal,365040.484369444719050,0.198276992868607
634,104,Mettmann I,05158,Mettmann,181859467.218408018350601,98.779587001258022
635,104,Mettmann I,05162,Rhein-Kreis Neuss,43677.124042901537905,0.023723858539512
636,104,Mettmann I,05315,Köln,32040.982705090609670,0.017403520900687
637,104,Mettmann I,05316,Leverkusen,200750.475990361039294,0.109040510301388
638,104,Mettmann I,05378,Rheinisch-Bergischer Kreis,22755.643045439846901,0.012360055026869
639,105,Mettmann II,05111,Düsseldorf,979351.140336667071097,0.439215246905023
640,105,Mettmann II,05112,Duisburg,22643.143403055571980,0.010154900944987
641,105,Mettmann II,05113,Essen,578136.571589652099647,0.259280238289488
642,105,Mettmann II,05117,Mülheim an der Ruhr,150107.695471163664479,0.067319662798419
643,105,Mettmann II,05124,Wuppertal,349507.247455163334962,0.156745528405005
644,105,Mettmann II,05158,Mettmann,220617363.888074547052383,98.941539924409199
645,105,Mettmann II,05954,Ennepe-Ruhr-Kreis,280381.605885780532844,0.125744353771229
646,106,Düsseldorf I,05111,Düsseldorf,121331159.508063912391663,98.384474626213347
647,106,Düsseldorf I,05112,Duisburg,375687.383584541501477,0.304635725954677
648,106,Düsseldorf I,05158,Mettmann,1284891.116123670479283,1.041886832073953
649,106,Düsseldorf I,05162,Rhein-Kreis Neuss,331743.891178296413273,0.269003020958216
650,107,Düsseldorf II,05111,Düsseldorf,93114800.322513818740845,99.206607107164899
651,107,Düsseldorf II,05158,Mettmann,597332.172909283661284,0.636411161115408
652,107,Düsseldorf II,05162,Rhein-Kreis Neuss,147342.110229416983202,0.156981605386487
653,108,Neuss I,05111,Düsseldorf,285639.911898419784848,0.082400770664960
654,108,Neuss I,05158,Mettmann,56912.290574872997240,0.016417931837710
655,108,Neuss I,05162,Rhein-Kreis Neuss,344647545.227033436298370,99.423162350623215
656,108,Neuss I,05315,Köln,331778.944082165660802,0.095710856725441
657,108,Neuss I,05362,Rhein-Erft-Kreis,1325260.122379394480959,0.382308111950534
658,109,Mönchengladbach,05116,Mönchengladbach,169467565.104065626859665,99.225327804834848
659,109,Mönchengladbach,05162,Rhein-Kreis Neuss,601995.357122860732488,0.352475629249903
660,109,Mönchengladbach,05166,Viersen,325210.463899576279800,0.190414695969593
661,109,Mönchengladbach,05370,Heinsberg,395861.814536930760369,0.231781924102840
662,110,Krefeld I – Neuss II,05111,Düsseldorf,323020.523188324936200,0.104370864208232
663,110,Krefeld I – Neuss II,05112,Duisburg,391706.158847032347694,0.126563816784845
664,110,Krefeld I – Neuss II,05114,Krefeld,78434350.671231985092163,25.342850919708653
665,110,Krefeld I – Neuss II,05116,Mönchengladbach,597458.250827567768283,0.193044186021756
666,110,Krefeld I – Neuss II,05162,Rhein-Kreis Neuss,228201583.380992680788040,73.734003759492367
667,110,Krefeld I – Neuss II,05166,Viersen,1357915.139588329475373,0.438754712057870
668,110,Krefeld I – Neuss II,05170,Wesel,342.110265792884150,0.000110538933387
669,110,Krefeld I – Neuss II,05358,Düren,24406.918227610120084,0.007886096904716
670,110,Krefeld I – Neuss II,05362,Rhein-Erft-Kreis,46627.378340844545164,0.015065729338693
671,110,Krefeld I – Neuss II,05370,Heinsberg,115593.587473264124128,0.037349337752390
672,111,Viersen,05114,Krefeld,244221.753857810981572,0.043394403632744
673,111,Viersen,05116,Mönchengladbach,266810.228338197048288,0.047408023892062
674,111,Viersen,05154,Kleve,547065.856921502854675,0.097205086090596
675,111,Viersen,05162,Rhein-Kreis Neuss,347513.702485945832450,0.061747774861876
676,111,Viersen,05166,Viersen,560610133.879527330398560,99.611693249646521
677,111,Viersen,05170,Wesel,25723.750385630872188,0.004570709977916
678,111,Viersen,05370,Heinsberg,148000.567565130157163,0.026297396793472
679,112,Kleve,05154,Kleve,1228678620.487234354019165,99.627000545230686
680,112,Kleve,05166,Viersen,445416.164784830645658,0.036116422758521
681,112,Kleve,05170,Wesel,2219121.264492224436253,0.179936715542286
682,112,Kleve,05554,Borken,160030.976384880952537,0.012976058918668
683,113,Wesel I,05112,Duisburg,184090.374677456915379,0.020821369211451
684,113,Wesel I,05154,Kleve,2553668.708045260980725,0.288830304719082
685,113,Wesel I,05170,Wesel,880279007.143364667892456,99.563131689720635
686,113,Wesel I,05512,Bottrop,108974.556913421329227,0.012325465077271
687,113,Wesel I,05554,Borken,603503.909246426308528,0.068258743766426
688,113,Wesel I,05562,Recklinghausen,412297.057678174867760,0.046632472109165
689,114,Krefeld II – Wesel II,05112,Duisburg,673619.964950218331069,0.397759693161642
690,114,Krefeld II – Wesel II,05114,Krefeld,57607232.454845316708088,34.015967900868269
691,114,Krefeld II – Wesel II,05154,Kleve,143021.653946166014066,0.084451548572052
692,114,Krefeld II – Wesel II,05166,Viersen,523356.853696410893463,0.309032202683765
693,114,Krefeld II – Wesel II,05170,Wesel,110406270.302763640880585,65.192788936999406
694,115,Duisburg I,05111,Düsseldorf,207077.785214259114582,0.175519970761123
695,115,Duisburg I,05112,Duisburg,117067710.626161009073257,99.227066413304868
696,115,Duisburg I,05114,Krefeld,297540.950259356410243,0.252196916418260
697,115,Duisburg I,05117,Mülheim an der Ruhr,105000.759793722958420,0.088999069938000
698,115,Duisburg I,05158,Mettmann,97414.730514243346988,0.082569120747894
699,115,Duisburg I,05162,Rhein-Kreis Neuss,29835.737721465317009,0.025288892321742
700,115,Duisburg I,05170,Wesel,175033.688724645006005,0.148359264589265
701,116,Duisburg II,05112,Duisburg,113541053.045217230916023,98.741219573947575
702,116,Duisburg II,05117,Mülheim an der Ruhr,47921.145337995192676,0.041674726516493
703,116,Duisburg II,05119,Oberhausen,460532.311848380370066,0.400502909789017
704,116,Duisburg II,05170,Wesel,938999.537644635420293,0.816602955844347
705,117,Oberhausen – Wesel III,05112,Duisburg,525383.489182937424630,0.422077594747072
706,117,Oberhausen – Wesel III,05113,Essen,52339.365416049382475,0.042047901999642
707,117,Oberhausen – Wesel III,05117,Mülheim an der Ruhr,121911.651583831815515,0.097940224105957
708,117,Oberhausen – Wesel III,05119,Oberhausen,76450553.076744720339775,61.418118810505852
709,117,Oberhausen – Wesel III,05170,Wesel,47082154.852090902626514,37.824414136775829
710,117,Oberhausen – Wesel III,05512,Bottrop,243226.325967907003360,0.195400854342332
711,118,Mülheim – Essen I,05112,Duisburg,295161.797647600527853,0.251079678339658
712,118,Mülheim – Essen I,05113,Essen,25933178.353678740561008,22.060084100519681
713,118,Mülheim – Essen I,05117,Mülheim an der Ruhr,90675494.781613200902939,77.133200314217078
714,118,Mülheim – Essen I,05119,Oberhausen,253295.499035265325801,0.215466069557510
715,118,Mülheim – Essen I,05158,Mettmann,337737.661524116469081,0.287296879523368
716,118,Mülheim – Essen I,05512,Bottrop,62156.755502215659362,0.052873706226596
717,119,Essen II,05113,Essen,77760763.358570203185081,99.222833323733340
718,119,Essen II,05512,Bottrop,18956.893586925460113,0.024189020419434
719,119,Essen II,05513,Gelsenkirchen,122612.846747725459863,0.156454148991545
720,119,Essen II,05562,Recklinghausen,4161.123710334827592,0.005309599166949
721,119,Essen II,05911,Bochum,317028.713513090508059,0.404529043197466
722,119,Essen II,05954,Ennepe-Ruhr-Kreis,146304.701312155171763,0.186684985663462
723,120,Essen III,05113,Essen,105623673.330570593476295,99.278233474554881
724,120,Essen III,05117,Mülheim an der Ruhr,162126.103356380248442,0.152386227763166
725,120,Essen III,05158,Mettmann,541035.811484554549679,0.508532584760170
726,120,Essen III,05954,Ennepe-Ruhr-Kreis,64736.740961614101252,0.060847621379863
727,121,Recklinghausen I,05562,Recklinghausen,164412989.923931449651718,99.261852705733105
728,121,Recklinghausen I,05911,Bochum,116653.513425494893454,0.070427792065609
729,121,Recklinghausen I,05913,Dortmund,563043.285147105809301,0.339928856370059
730,121,Recklinghausen I,05916,Herne,204985.843741425836924,0.123757098740409
731,121,Recklinghausen I,05978,Unna,337952.348703797440976,0.204033612393482
732,122,Recklinghausen II,05513,Gelsenkirchen,521178.714537951804232,0.134197267912100
733,122,Recklinghausen II,05554,Borken,160186.793933574168477,0.041246178137843
734,122,Recklinghausen II,05558,Coesfeld,785363.069865913363174,0.202221570749492
735,122,Recklinghausen II,05562,Recklinghausen,386848252.856633722782135,99.608785205193314
736,122,Recklinghausen II,05916,Herne,52622.605577518646896,0.013549689774226
737,123,Gelsenkirchen,05113,Essen,258963.939113222906599,0.248062875872938
738,123,Gelsenkirchen,05513,Gelsenkirchen,103407035.903338283300400,99.054126221269215
739,123,Gelsenkirchen,05562,Recklinghausen,550727.790093115298077,0.527544954334031
740,123,Gelsenkirchen,05911,Bochum,73871.214726345322561,0.070761612724900
741,123,Gelsenkirchen,05916,Herne,103877.116758523174212,0.099504419066015
742,124,Steinfurt I – Borken I,03454,Emsland,82063.918378450311138,0.008388907338605
743,124,Steinfurt I – Borken I,03456,Grafschaft Bentheim,301261.912183718290180,0.030796217337630
744,124,Steinfurt I – Borken I,05554,Borken,424088475.828792989253998,43.352047981569328
745,124,Steinfurt I – Borken I,05558,Coesfeld,304566.591775209759362,0.031134035119484
746,124,Steinfurt I – Borken I,05566,Steinfurt,553140473.092660188674927,56.544267757329351
747,125,Bottrop – Recklinghausen III,05113,Essen,37240.379493900640227,0.012066479379065
748,125,Bottrop – Recklinghausen III,05119,Oberhausen,302702.582841110648587,0.098080484771652
749,125,Bottrop – Recklinghausen III,05170,Wesel,513422.802956339030061,0.166357210877220
750,125,Bottrop – Recklinghausen III,05512,Bottrop,99785886.391148597002029,32.332225310908754
751,125,Bottrop – Recklinghausen III,05513,Gelsenkirchen,654134.583373020519502,0.211950081300776
752,125,Bottrop – Recklinghausen III,05554,Borken,355165.541292543755844,0.115079323530066
753,125,Bottrop – Recklinghausen III,05562,Recklinghausen,206978167.638367652893066,67.064241172250178
754,126,Borken II,05154,Kleve,336152.187102882540785,0.033738324286224
755,126,Borken II,05170,Wesel,553056.509481292217970,0.055508191174660
756,126,Borken II,05554,Borken,993325055.169301509857178,99.696280788070865
757,126,Borken II,05558,Coesfeld,598510.099354744073935,0.060070196165138
758,126,Borken II,05562,Recklinghausen,482116.558231533563230,0.048388216437204
759,127,Coesfeld – Steinfurt II,05515,Münster,995382.855515249073505,0.078881928650764
760,127,Coesfeld – Steinfurt II,05554,Borken,1186098.400660226587206,0.093995721239577
761,127,Coesfeld – Steinfurt II,05558,Coesfeld,1107628183.721930742263794,87.777127037919129
762,127,Coesfeld – Steinfurt II,05562,Recklinghausen,341853.947635801159777,0.027091182610766
763,127,Coesfeld – Steinfurt II,05566,Steinfurt,150008259.574442386627197,11.887828651269333
764,127,Coesfeld – Steinfurt II,05570,Warendorf,184297.486300609016325,0.014605175369787
765,127,Coesfeld – Steinfurt II,05915,Hamm,232168.150435989606194,0.018398821494863
766,127,Coesfeld – Steinfurt II,05978,Unna,1288003.443727101432160,0.102071474495537
767,128,Steinfurt III,03404,Osnabrück,174889.516254004091024,0.016035639196762
768,128,Steinfurt III,03454,Emsland,187766.719011474517174,0.017216351349813
769,128,Steinfurt III,03459,Osnabrück,1349222.103731894399971,0.123710324753359
770,128,Steinfurt III,05515,Münster,240825.323715251812246,0.022081300716347
771,128,Steinfurt III,05566,Steinfurt,1088427530.714212656021118,99.798041347466949
772,128,Steinfurt III,05570,Warendorf,249918.185810056194896,0.022915026253139
773,129,Münster,05515,Münster,300860979.148456990718842,99.207044122236965
774,129,Münster,05558,Coesfeld,865402.869040212593973,0.285361235130525
775,129,Münster,05566,Steinfurt,382792.784480971924495,0.126223549385376
776,129,Münster,05570,Warendorf,1156567.953778616385534,0.381371118134477
777,130,Warendorf,03459,Osnabrück,243008.339793273800751,0.018431189113820
778,130,Warendorf,05515,Münster,1259969.955364284804091,0.095563570142513
779,130,Warendorf,05558,Coesfeld,772631.976583961746655,0.058600976772722
780,130,Warendorf,05566,Steinfurt,265522.610778201778885,0.020138804525851
781,130,Warendorf,05570,Warendorf,1313003330.507625818252563,99.585934837661569
782,130,Warendorf,05754,Gütersloh,1230525.576788079226390,0.093330334401145
783,130,Warendorf,05915,Hamm,853161.414660225389525,0.064708805432742
784,130,Warendorf,05974,Soest,834474.418444306356832,0.063291473165389
785,131,Gütersloh I,03459,Osnabrück,383149.830990554532036,0.044253575697088
786,131,Gütersloh I,05570,Warendorf,1006150.262698099482805,0.116209751933972
787,131,Gütersloh I,05711,Bielefeld,505803.576018049789127,0.058420009689955
788,131,Gütersloh I,05754,Gütersloh,863342878.210726141929626,99.715584670014621
789,131,Gütersloh I,05774,Paderborn,164709.954683389369166,0.019023900986205
790,131,Gütersloh I,05974,Soest,402669.189046224055346,0.046508049846384
791,132,Bielefeld – Gütersloh II,03459,Osnabrück,13166.336435825000081,0.004478293875350
792,132,Bielefeld – Gütersloh II,05711,Bielefeld,257483590.242629826068878,87.578438452260514
793,132,Bielefeld – Gütersloh II,05754,Gütersloh,35583016.808461628854275,12.102926810089441
794,132,Bielefeld – Gütersloh II,05758,Herford,691990.945176878361963,0.235368344617952
795,132,Bielefeld – Gütersloh II,05766,Lippe,231639.338535943126772,0.078787978426028
796,133,Herford – Minden-Lübbecke II,03459,Osnabrück,526415.884949511033483,0.102255039250962
797,133,Herford – Minden-Lübbecke II,05711,Bielefeld,605000.854319975711405,0.117519983484709
798,133,Herford – Minden-Lübbecke II,05754,Gütersloh,204306.115651691769017,0.039685979227582
799,133,Herford – Minden-Lübbecke II,05758,Herford,447641553.521568119525909,86.953311885905265
800,133,Herford – Minden-Lübbecke II,05766,Lippe,511153.076875648519490,0.099290274920527
801,133,Herford – Minden-Lübbecke II,05770,Minden-Lübbecke,65318360.736688330769539,12.687936918125439
802,134,Minden-Lübbecke I,03251,Diepholz,551634.116365091758780,0.050732688129616
803,134,Minden-Lübbecke I,03256,Nienburg (Weser),1275346.354140559909865,0.117291057464316
804,134,Minden-Lübbecke I,03257,Schaumburg,1286075.543689680984244,0.118277799602141
805,134,Minden-Lübbecke I,03459,Osnabrück,569101.415253336075693,0.052339120728098
806,134,Minden-Lübbecke I,05758,Herford,539452.735421161749400,0.049612390849076
807,134,Minden-Lübbecke I,05766,Lippe,25164.128590705666284,0.002314294656498
808,134,Minden-Lübbecke I,05770,Minden-Lübbecke,1083087914.053882598876953,99.609432648442038
809,135,Lippe I,03252,Hameln-Pyrmont,456074.287486478395294,0.060098861730169
810,135,Lippe I,03257,Schaumburg,717127.425256061716937,0.094498951499550
811,135,Lippe I,05711,Bielefeld,196840.325668807548936,0.025938492565516
812,135,Lippe I,05754,Gütersloh,63391.670222595974337,0.008353391822522
813,135,Lippe I,05758,Herford,516933.684180509240832,0.068118565026871
814,135,Lippe I,05766,Lippe,756863410.156471252441406,99.735132375702875
815,135,Lippe I,05770,Minden-Lübbecke,59642.394336219265824,0.007859333684921
816,136,Höxter – Lippe II,03155,Northeim,22927.714056252174487,0.001359163159092
817,136,Höxter – Lippe II,03252,Hameln-Pyrmont,800606.321911552920938,0.047460231535023
818,136,Höxter – Lippe II,03255,Holzminden,1302281.101161424536258,0.077199693398916
819,136,Höxter – Lippe II,05754,Gütersloh,33812.199946969318262,0.002004399408638
820,136,Höxter – Lippe II,05762,Höxter,1197055926.515040397644043,70.961907092024646
821,136,Höxter – Lippe II,05766,Lippe,485322340.906375288963318,28.770083420700900
822,136,Höxter – Lippe II,05774,Paderborn,1197595.093531819991767,0.070993869107252
823,136,Höxter – Lippe II,05958,Hochsauerlandkreis,405039.768954388506245,0.024010903598125
824,136,Höxter – Lippe II,06633,Kassel,346105.109631500847172,0.020517235736218
825,136,Höxter – Lippe II,06635,Waldeck-Frankenberg,412681.870826821832452,0.024463930153566
826,137,Paderborn – Gütersloh III,05711,Bielefeld,199222.135233449604129,0.015167918906247
827,137,Paderborn – Gütersloh III,05754,Gütersloh,67821030.786262333393097,5.163602397387404
828,137,Paderborn – Gütersloh III,05762,Höxter,816883.366423556464724,0.062193995879298
829,137,Paderborn – Gütersloh III,05766,Lippe,357639.739416155498475,0.027229155830293
830,137,Paderborn – Gütersloh III,05774,Paderborn,1242427340.314261674880981,94.593088878942055
831,137,Paderborn – Gütersloh III,05958,Hochsauerlandkreis,878163.421351483091712,0.066859596429297
832,137,Paderborn – Gütersloh III,05974,Soest,943816.052422241074964,0.071858106172685
833,138,Hagen – Ennepe-Ruhr-Kreis I,05124,Wuppertal,172830.246583746775286,0.053409229824562
834,138,Hagen – Ennepe-Ruhr-Kreis I,05374,Oberbergischer Kreis,348684.070285310270265,0.107752826916254
835,138,Hagen – Ennepe-Ruhr-Kreis I,05913,Dortmund,145325.032540750864428,0.044909373305036
836,138,Hagen – Ennepe-Ruhr-Kreis I,05914,Hagen,159074732.954924911260605,49.158403344368125
837,138,Hagen – Ennepe-Ruhr-Kreis I,05954,Ennepe-Ruhr-Kreis,163095051.202203929424286,50.400790631785199
838,138,Hagen – Ennepe-Ruhr-Kreis I,05962,Märkischer Kreis,534711.630289764725603,0.165240384229701
839,138,Hagen – Ennepe-Ruhr-Kreis I,05978,Unna,224880.767676478164503,0.069494251390407
840,139,Ennepe-Ruhr-Kreis II,05113,Essen,29189.957653225941613,0.011885973481550
841,139,Ennepe-Ruhr-Kreis II,05124,Wuppertal,403829.259626632032450,0.164436822006333
842,139,Ennepe-Ruhr-Kreis II,05158,Mettmann,347968.717528458335437,0.141690748513126
843,139,Ennepe-Ruhr-Kreis II,05911,Bochum,241700.793442324153148,0.098419095205760
844,139,Ennepe-Ruhr-Kreis II,05913,Dortmund,256163.551804920221912,0.104308242576581
845,139,Ennepe-Ruhr-Kreis II,05914,Hagen,160215.455567703902489,0.065238760495483
846,139,Ennepe-Ruhr-Kreis II,05954,Ennepe-Ruhr-Kreis,244144162.670802801847458,99.414020316660768
847,140,Bochum I,05113,Essen,128394.063743865117431,0.131001093350379
848,140,Bochum I,05513,Gelsenkirchen,298179.269495426560752,0.304233772024252
849,140,Bochum I,05911,Bochum,96542337.354158878326416,98.502620597989207
850,140,Bochum I,05916,Herne,283230.342409165925346,0.288981308354109
851,140,Bochum I,05954,Ennepe-Ruhr-Kreis,757776.410187557688914,0.773162990212146
852,141,Herne – Bochum II,05513,Gelsenkirchen,258514.817602863797219,0.260704014663894
853,141,Herne – Bochum II,05562,Recklinghausen,341842.360254718048964,0.344737205112528
854,141,Herne – Bochum II,05911,Bochum,47274208.914715431630611,47.674544029655017
855,141,Herne – Bochum II,05913,Dortmund,277518.335179875080939,0.279868460907257
856,141,Herne – Bochum II,05916,Herne,50838301.396260291337967,51.268818536579275
857,141,Herne – Bochum II,05954,Ennepe-Ruhr-Kreis,169889.240105559874792,0.171327923692785
858,142,Dortmund I,05562,Recklinghausen,402806.361975174513645,0.297959575100209
859,142,Dortmund I,05911,Bochum,205929.739748590014642,0.152328124747365
860,142,Dortmund I,05913,Dortmund,133938715.517317235469818,99.075701211162055
861,142,Dortmund I,05954,Ennepe-Ruhr-Kreis,563535.386771501274779,0.416852314777285
862,142,Dortmund I,05978,Unna,77272.071160626845085,0.057158862579118
863,143,Dortmund II,05913,Dortmund,142799758.380269557237625,98.546086092902101
864,143,Dortmund II,05914,Hagen,2235.021773132388262,0.001542388100462
865,143,Dortmund II,05954,Ennepe-Ruhr-Kreis,96864.947571807308123,0.066846481892330
866,143,Dortmund II,05978,Unna,2007716.825750772375613,1.385524999515271
867,144,Unna I,05913,Dortmund,791824.868735355208628,0.227873265306447
868,144,Unna I,05914,Hagen,448316.853406848211307,0.129017702413025
869,144,Unna I,05915,Hamm,1278025.618106407113373,0.367793286422445
870,144,Unna I,05962,Märkischer Kreis,277579.907275361707434,0.079882613380558
871,144,Unna I,05974,Soest,511749.409104962192941,0.147272475866589
872,144,Unna I,05978,Unna,344177263.228271484375000,99.048160663763383
873,145,Hamm – Unna II,05558,Coesfeld,797230.004381838603877,0.189325177290639
874,145,Hamm – Unna II,05562,Recklinghausen,304640.705979536287487,0.072345691146237
875,145,Hamm – Unna II,05570,Warendorf,622560.992573516326956,0.147845000370514
876,145,Hamm – Unna II,05913,Dortmund,748116.648820477537811,0.177661799472587
877,145,Hamm – Unna II,05915,Hamm,224574833.350227087736130,53.331748561088318
878,145,Hamm – Unna II,05974,Soest,516525.261151573911775,0.122663768429591
879,145,Hamm – Unna II,05978,Unna,193526418.139957040548325,45.958410023942228
880,146,Soest,05570,Warendorf,1170754.135599784553051,0.088146401511691
881,146,Soest,05754,Gütersloh,26198.811948065504112,0.001972515771572
882,146,Soest,05774,Paderborn,1055438.888436750276014,0.079464284773623
883,146,Soest,05915,Hamm,637794.461159149883315,0.048019720747316
884,146,Soest,05958,Hochsauerlandkreis,1369886.272831972921267,0.103139115001750
885,146,Soest,05962,Märkischer Kreis,63506.542874663944531,0.004781425114490
886,146,Soest,05974,Soest,1323689299.245460987091064,99.660932129224605
887,146,Soest,05978,Unna,179895.342956687672995,0.013544369947683
888,147,Hochsauerlandkreis,05762,Höxter,119944.548037781394669,0.006127325607932
889,147,Hochsauerlandkreis,05774,Paderborn,984737.339389693457633,0.050304965214665
890,147,Hochsauerlandkreis,05958,Hochsauerlandkreis,1951215890.382215023040771,99.677186561049851
891,147,Hochsauerlandkreis,05962,Märkischer Kreis,710677.051572670694441,0.036304690528320
892,147,Hochsauerlandkreis,05966,Olpe,1040476.697438066941686,0.053152390975375
893,147,Hochsauerlandkreis,05970,Siegen-Wittgenstein,316070.535492788301781,0.016146353608567
894,147,Hochsauerlandkreis,05974,Soest,1447252.622287651989609,0.073932397918550
895,147,Hochsauerlandkreis,06635,Waldeck-Frankenberg,1700027.321589686674997,0.086845305703093
896,148,Siegen-Wittgenstein,05958,Hochsauerlandkreis,813568.705202802200802,0.071867894295292
897,148,Siegen-Wittgenstein,05966,Olpe,850184.500634584925137,0.075102409215545
898,148,Siegen-Wittgenstein,05970,Siegen-Wittgenstein,1129046918.754576683044434,99.736167446671914
899,148,Siegen-Wittgenstein,06532,Lahn-Dill-Kreis,468835.731774299987592,0.041415355086221
900,148,Siegen-Wittgenstein,06534,Marburg-Biedenkopf,208230.821376727399183,0.018394403034460
901,148,Siegen-Wittgenstein,06635,Waldeck-Frankenberg,196553.131159504380776,0.017362835570302
902,148,Siegen-Wittgenstein,07132,Altenkirchen (Westerwald),380918.791448108619079,0.033649071386121
903,148,Siegen-Wittgenstein,07143,Westerwaldkreis,68381.501873431523563,0.006040589463391
904,149,Olpe – Märkischer Kreis I,05374,Oberbergischer Kreis,1841504.389812532579526,0.158766247027304
905,149,Olpe – Märkischer Kreis I,05914,Hagen,48112.894305316483951,0.004148077900186
906,149,Olpe – Märkischer Kreis I,05954,Ennepe-Ruhr-Kreis,324491.835226903145667,0.027976230279431
907,149,Olpe – Märkischer Kreis I,05958,Hochsauerlandkreis,1401921.484424754278734,0.120867381006746
908,149,Olpe – Märkischer Kreis I,05962,Märkischer Kreis,447205662.869275450706482,38.556065972962919
909,149,Olpe – Märkischer Kreis I,05966,Olpe,707993310.631580471992493,61.040007002565787
910,149,Olpe – Märkischer Kreis I,05970,Siegen-Wittgenstein,978079.626075992011465,0.084325637443505
911,149,Olpe – Märkischer Kreis I,07132,Altenkirchen (Westerwald),90974.819830696113058,0.007843440829362
912,150,Märkischer Kreis II,05914,Hagen,527402.396750213578343,0.086039758693016
913,150,Märkischer Kreis II,05958,Hochsauerlandkreis,817651.959845188073814,0.133390704618414
914,150,Märkischer Kreis II,05962,Märkischer Kreis,610097019.716980099678040,99.530454694991448
915,150,Märkischer Kreis II,05966,Olpe,791284.736053417902440,0.129089189140996
916,150,Märkischer Kreis II,05974,Soest,75056.529244512785226,0.012244627070953
917,150,Märkischer Kreis II,05978,Unna,666800.724938707426190,0.108781025311166
918,151,Nordsachsen,12062,Elbe-Elster,846522.233115022769198,0.041709422098104
919,151,Nordsachsen,14522,Mittelsachsen,267186.294396093289834,0.013164670100615
920,151,Nordsachsen,14627,Meißen,1115878.210461873095483,0.054980995737069
921,151,Nordsachsen,14713,Leipzig,3453654.973089020699263,0.170166768714052
922,151,Nordsachsen,14729,Leipzig,4259366.827040311880410,0.209865402124114
923,151,Nordsachsen,14730,Nordsachsen,2016742823.071665763854980,99.367948507725757
924,151,Nordsachsen,15082,Anhalt-Bitterfeld,1076269.694047081517056,0.053029424632144
925,151,Nordsachsen,15088,Saalekreis,761533.684014464262873,0.037521908611428
926,151,Nordsachsen,15091,Wittenberg,1047519.794584265677258,0.051612873896601
927,152,Leipzig I,14713,Leipzig,166683691.045479148626328,97.968183236808784
928,152,Leipzig I,14729,Leipzig,532983.048467447631992,0.313260287355438
929,152,Leipzig I,14730,Nordsachsen,2923962.716328674927354,1.718556346899747
930,153,Leipzig II,14713,Leipzig,126087264.738688051700592,98.563109479494244
931,153,Leipzig II,14729,Leipzig,1838148.301627859473228,1.436890654011488
932,154,Leipzig-Land,14522,Mittelsachsen,1219865.002744270022959,0.073908285866461
933,154,Leipzig-Land,14713,Leipzig,2904651.788143437821418,0.175984911623566
934,154,Leipzig-Land,14729,Leipzig,1641014648.854589462280273,99.424591660345044
935,154,Leipzig-Land,14730,Nordsachsen,3530707.343161335214972,0.213915906302859
936,154,Leipzig-Land,15084,Burgenlandkreis,736835.591202417388558,0.044642854240968
937,154,Leipzig-Land,15088,Saalekreis,152194.573973604448838,0.009221053194624
938,154,Leipzig-Land,16077,Altenburger Land,952928.684913591714576,0.057735344072092
939,155,Meißen,12062,Elbe-Elster,1770645.847315266728401,0.121562963145032
940,155,Meißen,12066,Oberspreewald-Lausitz,216583.191783995047444,0.014869430044744
941,155,Meißen,14522,Mittelsachsen,1757630.848525753477588,0.120669423750589
942,155,Meißen,14612,Dresden,514224.839650669950061,0.035303895087488
943,155,Meißen,14625,Bautzen,482367.154884740186390,0.033116718829198
944,155,Meißen,14627,Meißen,1450391870.957992315292358,99.576057980456952
945,155,Meißen,14628,Sächsische Schweiz-Osterzgebirge,217404.792017436353490,0.014925836671202
946,155,Meißen,14730,Nordsachsen,1216141.585089851636440,0.083493700850216
947,156,Bautzen I,12066,Oberspreewald-Lausitz,461600.679713368765078,0.020714055550975
948,156,Bautzen I,12071,Spree-Neiße,700830.953425362822600,0.031449371586954
949,156,Bautzen I,14625,Bautzen,2222378198.909057617187500,99.727897922646406
950,156,Bautzen I,14626,Görlitz,2772060.722771966364235,0.124394573764127
951,156,Bautzen I,14627,Meißen,1291604.889708066591993,0.057960000084787
952,156,Bautzen I,14628,Sächsische Schweiz-Osterzgebirge,599242.288082450511865,0.026890640740697
953,157,Görlitz,12071,Spree-Neiße,674379.057247003307566,0.031832205266981
954,157,Görlitz,14625,Bautzen,3534338.602280473336577,0.166828715485451
955,157,Görlitz,14626,Görlitz,2108789781.911608219146729,99.539611263663403
956,158,Sächsische Schweiz-Osterzgebirge,14522,Mittelsachsen,2198458.944148047361523,0.132533120429195
957,158,Sächsische Schweiz-Osterzgebirge,14612,Dresden,2013066.528387094149366,0.121356821035427
958,158,Sächsische Schweiz-Osterzgebirge,14625,Bautzen,2041872.636921500554308,0.123093384486679
959,158,Sächsische Schweiz-Osterzgebirge,14627,Meißen,778100.969346153200604,0.046907471140604
960,158,Sächsische Schweiz-Osterzgebirge,14628,Sächsische Schweiz-Osterzgebirge,1649302781.826534032821655,99.427485234539716
961,159,Dresden I,14612,Dresden,78464327.036936745047569,99.355764110963975
962,159,Dresden I,14628,Sächsische Schweiz-Osterzgebirge,508773.238954840519000,0.644236123911090
963,160,Dresden II – Bautzen II,14612,Dresden,247701108.907046556472778,58.812071715752033
964,160,Dresden II – Bautzen II,14625,Bautzen,170185638.123412162065506,40.407449116673725
965,160,Dresden II – Bautzen II,14627,Meißen,2657569.042567194905132,0.630990881755306
966,160,Dresden II – Bautzen II,14628,Sächsische Schweiz-Osterzgebirge,629605.712110302993096,0.149488294407167
967,161,Mittelsachsen,14511,Chemnitz,555226.787686403491534,0.033067046622587
968,161,Mittelsachsen,14521,Erzgebirgskreis,2295592.593421660363674,0.136716147341242
969,161,Mittelsachsen,14522,Mittelsachsen,1669259554.156334161758423,99.414301915241339
970,161,Mittelsachsen,14627,Meißen,2142765.827090811915696,0.127614407440508
971,161,Mittelsachsen,14628,Sächsische Schweiz-Osterzgebirge,1672784.766366028226912,0.099624249199986
972,161,Mittelsachsen,14729,Leipzig,970439.267025623703375,0.057795411170344
973,161,Mittelsachsen,14730,Nordsachsen,1597058.885787602514029,0.095114324104230
974,162,Chemnitz,14511,Chemnitz,217533555.483853757381439,98.260208818352780
975,162,Chemnitz,14521,Erzgebirgskreis,784516.128030399908312,0.354367023469877
976,162,Chemnitz,14522,Mittelsachsen,2010393.102615360636264,0.908097353672978
977,162,Chemnitz,14524,Zwickau,1056731.297990028513595,0.477326993412270
978,163,Chemnitzer Umland – Erzgebirgskreis II,14511,Chemnitz,2154681.075737303122878,0.238392006255869
979,163,Chemnitzer Umland – Erzgebirgskreis II,14521,Erzgebirgskreis,266292066.239906221628189,29.462318407947897
980,163,Chemnitzer Umland – Erzgebirgskreis II,14522,Mittelsachsen,437722045.254868566989899,48.429179485425060
981,163,Chemnitzer Umland – Erzgebirgskreis II,14524,Zwickau,194757574.337572246789932,21.547805567454208
982,163,Chemnitzer Umland – Erzgebirgskreis II,14729,Leipzig,2714772.526637091301382,0.300360028424102
983,163,Chemnitzer Umland – Erzgebirgskreis II,16077,Altenburger Land,198342.336581364972517,0.021944420487811
984,164,Erzgebirgskreis I,14511,Chemnitz,1030812.063075481448323,0.065705015590819
985,164,Erzgebirgskreis I,14521,Erzgebirgskreis,1554913394.860730409622192,99.111770720728359
986,164,Erzgebirgskreis I,14522,Mittelsachsen,2027505.036447630496696,0.129235245494504
987,164,Erzgebirgskreis I,14523,Vogtlandkreis,1243174.538637849036604,0.079241217064927
988,164,Erzgebirgskreis I,14524,Zwickau,544484.131184885860421,0.034705975618600
989,165,Zwickau,14521,Erzgebirgskreis,1791891.440599049441516,0.237006018699817
990,165,Zwickau,14523,Vogtlandkreis,1584781.830460808705539,0.209612493053573
991,165,Zwickau,14524,Zwickau,751456584.595132827758789,99.392033080482790
992,165,Zwickau,16076,Greiz,350825.779050235694740,0.046402264816981
993,165,Zwickau,16077,Altenburger Land,869054.112886680522934,0.114946168424754
994,166,Vogtlandkreis,09475,Hof,1215487.028283192310482,0.085539314743857
995,166,Vogtlandkreis,14521,Erzgebirgskreis,737976.956455222214572,0.051934773208644
996,166,Vogtlandkreis,14523,Vogtlandkreis,1406397283.176264762878418,98.974532069206532
997,166,Vogtlandkreis,14524,Zwickau,1137624.674062548205256,0.080059789031612
998,166,Vogtlandkreis,16075,Saale-Orla-Kreis,921443.250944683328271,0.064846125402497
999,166,Vogtlandkreis,16076,Greiz,1837168.372071019373834,0.129289840170493
1000,167,Waldeck,03155,Northeim,741511.099695868673734,0.034183910509067
1001,167,Waldeck,03159,Göttingen,1125157.270692308433354,0.051870127723978
1002,167,Waldeck,05762,Höxter,1043650.158202248159796,0.048112622488581
1003,167,Waldeck,05958,Hochsauerlandkreis,1515244.368408175883815,0.069853273821899
1004,167,Waldeck,06611,Kassel,1102077.926742239622399,0.050806162223636
1005,167,Waldeck,06633,Kassel,1038868569.730544805526733,47.892189655579173
1006,167,Waldeck,06634,Schwalm-Eder-Kreis,2956747.497695516794920,0.136307051776551
1007,167,Waldeck,06635,Waldeck-Frankenberg,1121828650.256605625152588,51.716677204977991
1008,168,Kassel,03159,Göttingen,709278.283066360861994,0.199123129208787
1009,168,Kassel,06611,Kassel,103433630.793598055839539,29.038007677334495
1010,168,Kassel,06633,Kassel,249896505.277661651372910,70.156066098773493
1011,168,Kassel,06634,Schwalm-Eder-Kreis,378196.638785713643301,0.106175107809146
1012,168,Kassel,06636,Werra-Meißner-Kreis,1783240.783577143447474,0.500627882505446
1013,169,Werra-Meißner – Hersfeld-Rotenburg,03159,Göttingen,1099834.631464570993558,0.051898362743086
1014,169,Werra-Meißner – Hersfeld-Rotenburg,06535,Vogelsbergkreis,198973.889745423308341,0.009389065238526
1015,169,Werra-Meißner – Hersfeld-Rotenburg,06631,Fulda,917322.681390400510281,0.043286094026575
1016,169,Werra-Meißner – Hersfeld-Rotenburg,06632,Hersfeld-Rotenburg,1091645116.772826433181763,51.511920643516937
1017,169,Werra-Meißner – Hersfeld-Rotenburg,06633,Kassel,1820018.162406306480989,0.085881968151691
1018,169,Werra-Meißner – Hersfeld-Rotenburg,06634,Schwalm-Eder-Kreis,1721106.110011916840449,0.081214563227379
1019,169,Werra-Meißner – Hersfeld-Rotenburg,06636,Werra-Meißner-Kreis,1015714188.728173136711121,47.928935770751977
1020,169,Werra-Meißner – Hersfeld-Rotenburg,16056,Eisenach,128370.561094966382370,0.006057476055622
1021,169,Werra-Meißner – Hersfeld-Rotenburg,16061,Eichsfeld,920886.252613503020257,0.043454249771727
1022,169,Werra-Meißner – Hersfeld-Rotenburg,16063,Wartburgkreis,4629741.280667616054416,0.218465563382715
1023,169,Werra-Meißner – Hersfeld-Rotenburg,16064,Unstrut-Hainich-Kreis,413167.511320738180075,0.019496310411346
1024,170,Schwalm-Eder,05958,Hochsauerlandkreis,169876.673188861896051,0.007518071639070
1025,170,Schwalm-Eder,05970,Siegen-Wittgenstein,1041545.597609313204885,0.046094700768476
1026,170,Schwalm-Eder,06534,Marburg-Biedenkopf,1725506.450831422582269,0.076364110901828
1027,170,Schwalm-Eder,06535,Vogelsbergkreis,368690.659402903402224,0.016316794637044
1028,170,Schwalm-Eder,06632,Hersfeld-Rotenburg,1700242.594460405874997,0.075246032247996
1029,170,Schwalm-Eder,06633,Kassel,1562820.054240945260972,0.069164252549825
1030,170,Schwalm-Eder,06634,Schwalm-Eder-Kreis,1530947993.677531719207764,67.753720838186837
1031,170,Schwalm-Eder,06635,Waldeck-Frankenberg,721250766.926181316375732,31.919714659450243
1032,170,Schwalm-Eder,06636,Werra-Meißner-Kreis,810296.481606796849519,0.035860526835450
1033,171,Marburg,05970,Siegen-Wittgenstein,332018.355242313817143,0.026330653011916
1034,171,Marburg,06531,Gießen,606993.912353283958510,0.048137537681781
1035,171,Marburg,06532,Lahn-Dill-Kreis,839718.045851852279156,0.066593681174744
1036,171,Marburg,06534,Marburg-Biedenkopf,1256576888.141576051712036,99.652593002884799
1037,171,Marburg,06535,Vogelsbergkreis,288824.243178396660369,0.022905152105249
1038,171,Marburg,06634,Schwalm-Eder-Kreis,1200021.979601263301447,0.095167516652787
1039,171,Marburg,06635,Waldeck-Frankenberg,1113078.369900964898989,0.088272470091427
1040,172,Lahn-Dill,05970,Siegen-Wittgenstein,464619.018596986657940,0.040276210702889
1041,172,Lahn-Dill,06434,Hochtaunuskreis,273510.767284075031057,0.023709699456357
1042,172,Lahn-Dill,06440,Wetteraukreis,220949.568525355396559,0.019153351499712
1043,172,Lahn-Dill,06531,Gießen,88600383.580418109893799,7.680459849055365
1044,172,Lahn-Dill,06532,Lahn-Dill-Kreis,1061553060.697780489921570,92.022351719627409
1045,172,Lahn-Dill,06533,Limburg-Weilburg,1356755.548323792172596,0.117612431151901
1046,172,Lahn-Dill,06534,Marburg-Biedenkopf,932445.311521881492808,0.080830448889462
1047,172,Lahn-Dill,07143,Westerwaldkreis,180031.201284967333777,0.015606280211997
1048,173,Gießen,06440,Wetteraukreis,1732753.108958232915029,0.128986024672076
1049,173,Gießen,06531,Gießen,763585879.731171369552612,56.841281434184680
1050,173,Gießen,06532,Lahn-Dill-Kreis,1189835.972792523913085,0.088571309639496
1051,173,Gießen,06534,Marburg-Biedenkopf,1714998.704295304138213,0.127664387985319
1052,173,Gießen,06535,Vogelsbergkreis,573795791.692326307296753,42.713320069272221
1053,173,Gießen,06632,Hersfeld-Rotenburg,220727.881354356068186,0.016430968614626
1054,173,Gießen,06634,Schwalm-Eder-Kreis,1125012.473113753600046,0.083745852691436
1055,174,Fulda,06435,Main-Kinzig-Kreis,2315680.267779900692403,0.108584013962822
1056,174,Fulda,06440,Wetteraukreis,234786.343997002055403,0.011009310745344
1057,174,Fulda,06531,Gießen,1972.835254080633149,0.000092507749777
1058,174,Fulda,06535,Vogelsbergkreis,747821774.574006557464600,35.065933385482488
1059,174,Fulda,06631,Fulda,1377760893.231853246688843,64.604259124056682
1060,174,Fulda,06632,Hersfeld-Rotenburg,1873730.778079701587558,0.087860665308789
1061,174,Fulda,09672,Bad Kissingen,322773.736571546061896,0.015135106692565
1062,174,Fulda,09673,Rhön-Grabfeld,48458.861817184850224,0.002272272990962
1063,174,Fulda,16063,Wartburgkreis,1214948.230856488924474,0.056969849205437
1064,174,Fulda,16066,Schmalkalden-Meiningen,1021176.463860084535554,0.047883743258129
1065,175,Main-Kinzig – Wetterau II – Schotten,06435,Main-Kinzig-Kreis,1046470879.964584350585938,68.064295421449543
1066,175,Main-Kinzig – Wetterau II – Schotten,06440,Wetteraukreis,354381818.524543344974518,23.049612989576314
1067,175,Main-Kinzig – Wetterau II – Schotten,06531,Gießen,408939.416295972012449,0.026598134523520
1068,175,Main-Kinzig – Wetterau II – Schotten,06535,Vogelsbergkreis,134148268.948933050036430,8.725237923797033
1069,175,Main-Kinzig – Wetterau II – Schotten,06631,Fulda,352723.241166882333346,0.022941736218791
1070,175,Main-Kinzig – Wetterau II – Schotten,09671,Aschaffenburg,588492.627805360825732,0.038276589286120
1071,175,Main-Kinzig – Wetterau II – Schotten,09672,Bad Kissingen,573807.604241188848391,0.037321449681876
1072,175,Main-Kinzig – Wetterau II – Schotten,09677,Main-Spessart,549120.648623564979061,0.035715766931993
1073,176,Hochtaunus,06412,Frankfurt am Main,224604.719439350214088,0.027667084163576
1074,176,Hochtaunus,06434,Hochtaunuskreis,430078605.424987256526947,52.977608854116831
1075,176,Hochtaunus,06436,Main-Taunus-Kreis,216911.413153842499014,0.026719413281911
1076,176,Hochtaunus,06439,Rheingau-Taunus-Kreis,720606.211332551436499,0.088765154835123
1077,176,Hochtaunus,06440,Wetteraukreis,2295469.196892008185387,0.282758704375563
1078,176,Hochtaunus,06532,Lahn-Dill-Kreis,508082.507031846500468,0.062586224898478
1079,176,Hochtaunus,06533,Limburg-Weilburg,377522267.089438259601593,46.503654790779983
1080,176,Hochtaunus,07143,Westerwaldkreis,245489.834410376817686,0.030239738180427
1081,177,Wetterau I,06412,Frankfurt am Main,173879.297580393933458,0.023415029104680
1082,177,Wetterau I,06434,Hochtaunuskreis,274476.944402182009071,0.036961764460598
1083,177,Wetterau I,06435,Main-Kinzig-Kreis,544328.038028405862860,0.073300600073080
1084,177,Wetterau I,06440,Wetteraukreis,739295405.462891459465027,99.555402378285578
1085,177,Wetterau I,06531,Gießen,1619760.385224088560790,0.218121059208294
1086,177,Wetterau I,06532,Lahn-Dill-Kreis,214953.982066981639946,0.028946250740046
1087,177,Wetterau I,06535,Vogelsbergkreis,474169.774953392217867,0.063852909665452
1088,178,Rheingau-Taunus – Limburg,06414,Wiesbaden,2151265.777634310536087,0.183592129536614
1089,178,Rheingau-Taunus – Limburg,06434,Hochtaunuskreis,602654.726077679428272,0.051431425017869
1090,178,Rheingau-Taunus – Limburg,06436,Main-Taunus-Kreis,621891.472116458695382,0.053073116717394
1091,178,Rheingau-Taunus – Limburg,06439,Rheingau-Taunus-Kreis,807907878.528976082801819,68.948025590613938
1092,178,Rheingau-Taunus – Limburg,06533,Limburg-Weilburg,357989590.937560915946960,30.551348901409565
1093,178,Rheingau-Taunus – Limburg,07141,Rhein-Lahn-Kreis,1662562.702415565727279,0.141885503036393
1094,178,Rheingau-Taunus – Limburg,07143,Westerwaldkreis,434210.816493152175099,0.037056178412076
1095,178,Rheingau-Taunus – Limburg,07339,Mainz-Bingen,393562.247324197320268,0.033587170791571
1096,179,Wiesbaden,06414,Wiesbaden,201071778.943301409482956,98.600075020630499
1097,179,Wiesbaden,06433,Groß-Gerau,225391.318946290004533,0.110525709146731
1098,179,Wiesbaden,06436,Main-Taunus-Kreis,2147098.161664115730673,1.052877937069609
1099,179,Wiesbaden,06439,Rheingau-Taunus-Kreis,450840.036562582594343,0.221079565023938
1100,179,Wiesbaden,07315,Mainz,24673.476174078445183,0.012099194698376
1101,179,Wiesbaden,07339,Mainz-Bingen,6816.357193262139845,0.003342554256769
1102,180,Hanau,06412,Frankfurt am Main,34904.433062558637175,0.010128813951556
1103,180,Hanau,06413,Offenbach am Main,3094.996786784603501,0.000898127942024
1104,180,Hanau,06435,Main-Kinzig-Kreis,343025936.488248825073242,99.541679563181589
1105,180,Hanau,06438,Offenbach,270346.203046620648820,0.078450963184562
1106,180,Hanau,06440,Wetteraukreis,1141637.974515110254288,0.331288539285821
1107,180,Hanau,09671,Aschaffenburg,129413.006988490436925,0.037553976835794
1108,181,Main-Taunus,06412,Frankfurt am Main,823865.550213344278745,0.306599814221409
1109,181,Main-Taunus,06414,Wiesbaden,356142.089144969184417,0.132537521856565
1110,181,Main-Taunus,06433,Groß-Gerau,614409.794965383131057,0.228651299891614
1111,181,Main-Taunus,06434,Hochtaunuskreis,48719287.639359489083290,18.130779391563244
1112,181,Main-Taunus,06436,Main-Taunus-Kreis,218012603.105668574571609,81.132927081141531
1113,181,Main-Taunus,06439,Rheingau-Taunus-Kreis,184080.021219240530627,0.068504988821388
1114,182,Frankfurt am Main I,06412,Frankfurt am Main,110331084.683745309710503,99.192053051842706
1115,182,Frankfurt am Main I,06433,Groß-Gerau,168084.204157939850120,0.151114414797985
1116,182,Frankfurt am Main I,06434,Hochtaunuskreis,406261.469776475394610,0.365245292190304
1117,182,Frankfurt am Main I,06436,Main-Taunus-Kreis,324331.792101786471903,0.291587238725836
1118,183,Frankfurt am Main II,06412,Frankfurt am Main,134971346.807621449232101,97.669069009862241
1119,183,Frankfurt am Main II,06413,Offenbach am Main,830195.672321168123744,0.600752977053694
1120,183,Frankfurt am Main II,06433,Groß-Gerau,707198.317720105522312,0.511748626139983
1121,183,Frankfurt am Main II,06434,Hochtaunuskreis,192301.784737968962872,0.139154989029359
1122,183,Frankfurt am Main II,06435,Main-Kinzig-Kreis,674532.209423437365331,0.488110509895515
1123,183,Frankfurt am Main II,06438,Offenbach,319183.353820652991999,0.230970066969416
1124,183,Frankfurt am Main II,06440,Wetteraukreis,497760.977025983564090,0.360193866071892
1125,184,Groß-Gerau,06412,Frankfurt am Main,717389.771161885582842,0.158618991482072
1126,184,Groß-Gerau,06414,Wiesbaden,304.945227976831575,0.000067425138277
1127,184,Groß-Gerau,06431,Bergstraße,249182.980217061442090,0.055095785590185
1128,184,Groß-Gerau,06432,Darmstadt-Dieburg,956274.536816598498262,0.211437782788801
1129,184,Groß-Gerau,06433,Groß-Gerau,449587800.086241424083710,99.406440263044246
1130,184,Groß-Gerau,06436,Main-Taunus-Kreis,88525.327010221517412,0.019573457352535
1131,184,Groß-Gerau,06438,Offenbach,84536.538699049357092,0.018691513387640
1132,184,Groß-Gerau,07315,Mainz,5140.251588015236848,0.001136539097198
1133,184,Groß-Gerau,07331,Alzey-Worms,109318.256292914462392,0.024170893230993
1134,184,Groß-Gerau,07339,Mainz-Bingen,473833.406396608741488,0.104767282827879
1135,185,Offenbach,06411,Darmstadt,30223.660059695837845,0.012519066373443
1136,185,Offenbach,06412,Frankfurt am Main,680358.667821148759685,0.281814158291119
1137,185,Offenbach,06413,Offenbach am Main,44487740.455013856291771,18.427449702014052
1138,185,Offenbach,06432,Darmstadt-Dieburg,51146.203940055536805,0.021185479211006
1139,185,Offenbach,06433,Groß-Gerau,102417.309749140040367,0.042422694538202
1140,185,Offenbach,06435,Main-Kinzig-Kreis,721986.157243276597001,0.299056851664658
1141,185,Offenbach,06438,Offenbach,195347165.975575804710388,80.915551984169483
1142,186,Darmstadt,06411,Darmstadt,122788229.083971664309502,27.270398135315560
1143,186,Darmstadt,06431,Bergstraße,413273.378487025271170,0.091785097432758
1144,186,Darmstadt,06432,Darmstadt-Dieburg,325193163.172755897045135,72.223103930744031
1145,186,Darmstadt,06433,Groß-Gerau,955925.079846001230180,0.212304206269692
1146,186,Darmstadt,06438,Offenbach,911369.023130445159040,0.202408620878181
1147,187,Odenwald,06411,Darmstadt,3472.814977551260199,0.000311694942586
1148,187,Odenwald,06431,Bergstraße,402431.102090886444785,0.036119326849196
1149,187,Odenwald,06432,Darmstadt-Dieburg,330747918.718512117862701,29.685558891487830
1150,187,Odenwald,06435,Main-Kinzig-Kreis,680948.816668333602138,0.061117077554464
1151,187,Odenwald,06437,Odenwaldkreis,621216662.652630925178528,55.755948200668279
1152,187,Odenwald,06438,Offenbach,158921635.068227469921112,14.263665135756916
1153,187,Odenwald,08225,Neckar-Odenwald-Kreis,182904.166115556028672,0.016416164962606
1154,187,Odenwald,08226,Rhein-Neckar-Kreis,467142.290853785234503,0.041927338619617
1155,187,Odenwald,09671,Aschaffenburg,757912.446683820337057,0.068024780496872
1156,187,Odenwald,09676,Miltenberg,790074.084056442487054,0.070911378193302
1157,188,Bergstraße,06431,Bergstraße,715364370.441218495368958,99.465086201753522
1158,188,Bergstraße,06432,Darmstadt-Dieburg,295930.393482722749468,0.041146502836482
1159,188,Bergstraße,06433,Groß-Gerau,312929.623441418225411,0.043510095353904
1160,188,Bergstraße,06437,Odenwaldkreis,912554.554644034942612,0.126882636586288
1161,188,Bergstraße,07319,Worms,229695.999642333277734,0.031937196411573
1162,188,Bergstraße,07331,Alzey-Worms,1734.528584241799763,0.000241170852617
1163,188,Bergstraße,07338,Rhein-Pfalz-Kreis,2296.470989698048470,0.000319303972057
1164,188,Bergstraße,08222,Mannheim,102822.684725042709033,0.014296584541056
1165,188,Bergstraße,08226,Rhein-Neckar-Kreis,1989197.635002593975514,0.276580330826128
1166,189,Eichsfeld – Nordhausen – Unstrut-Hainich-Kreis I,03153,Goslar,5495.312894884697926,0.000286818982155
1167,189,Eichsfeld – Nordhausen – Unstrut-Hainich-Kreis I,03159,Göttingen,1457774.229981437325478,0.076086171770875
1168,189,Eichsfeld – Nordhausen – Unstrut-Hainich-Kreis I,06636,Werra-Meißner-Kreis,2618300.980214607436210,0.136657991361938
1169,189,Eichsfeld – Nordhausen – Unstrut-Hainich-Kreis I,15085,Harz,341929.750859854277223,0.017846471162977
1170,189,Eichsfeld – Nordhausen – Unstrut-Hainich-Kreis I,15087,Mansfeld-Südharz,699549.263919734279625,0.036511844126552
1171,189,Eichsfeld – Nordhausen – Unstrut-Hainich-Kreis I,16061,Eichsfeld,939937811.064651966094971,49.058536140754796
1172,189,Eichsfeld – Nordhausen – Unstrut-Hainich-Kreis I,16062,Nordhausen,710448882.368141412734985,37.080732109646966
1173,189,Eichsfeld – Nordhausen – Unstrut-Hainich-Kreis I,16064,Unstrut-Hainich-Kreis,259650914.040522396564484,13.552060147478009
1174,189,Eichsfeld – Nordhausen – Unstrut-Hainich-Kreis I,16065,Kyffhäuserkreis,790949.106001344858669,0.041282311282183
1175,190,Eisenach – Wartburgkreis – Unstrut-Hainich-Kreis II,06631,Fulda,496981.723730269121006,0.023395038192301
1176,190,Eisenach – Wartburgkreis – Unstrut-Hainich-Kreis II,06632,Hersfeld-Rotenburg,1751195.610952734248713,0.082436206894932
1177,190,Eisenach – Wartburgkreis – Unstrut-Hainich-Kreis II,06636,Werra-Meißner-Kreis,1551100.400970405666158,0.073016876452564
1178,190,Eisenach – Wartburgkreis – Unstrut-Hainich-Kreis II,16056,Eisenach,104317837.644496709108353,4.910683188735869
1179,190,Eisenach – Wartburgkreis – Unstrut-Hainich-Kreis II,16063,Wartburgkreis,1255702536.997728586196899,59.111245763183561
1180,190,Eisenach – Wartburgkreis – Unstrut-Hainich-Kreis II,16064,Unstrut-Hainich-Kreis,717139583.947637081146240,33.758802697483652
1181,190,Eisenach – Wartburgkreis – Unstrut-Hainich-Kreis II,16065,Kyffhäuserkreis,862773.649126970674843,0.040614416001324
1182,190,Eisenach – Wartburgkreis – Unstrut-Hainich-Kreis II,16066,Schmalkalden-Meiningen,41138282.816254585981369,1.936553502265780
1183,190,Eisenach – Wartburgkreis – Unstrut-Hainich-Kreis II,16067,Gotha,1019437.764437059522606,0.047989260560058
1184,190,Eisenach – Wartburgkreis – Unstrut-Hainich-Kreis II,16068,Sömmerda,324232.999327298370190,0.015263022844243
1185,191,Kyffhäuserkreis – Sömmerda – Weimarer Land I,15084,Burgenlandkreis,1587492.756624958477914,0.061918148338027
1186,191,Kyffhäuserkreis – Sömmerda – Weimarer Land I,15087,Mansfeld-Südharz,1159033.112496873829514,0.045206621503484
1187,191,Kyffhäuserkreis – Sömmerda – Weimarer Land I,15088,Saalekreis,566652.154727949411608,0.022101551031389
1188,191,Kyffhäuserkreis – Sömmerda – Weimarer Land I,16051,Erfurt,1057614.062137765809894,0.041250899640672
1189,191,Kyffhäuserkreis – Sömmerda – Weimarer Land I,16053,Jena,952122.785745628294535,0.037136345748846
1190,191,Kyffhäuserkreis – Sömmerda – Weimarer Land I,16055,Weimar,953573.636000035330653,0.037192934329105
1191,191,Kyffhäuserkreis – Sömmerda – Weimarer Land I,16061,Eichsfeld,136272.177272204426117,0.005315124022755
1192,191,Kyffhäuserkreis – Sömmerda – Weimarer Land I,16062,Nordhausen,1127707.204117482760921,0.043984794043948
1193,191,Kyffhäuserkreis – Sömmerda – Weimarer Land I,16064,Unstrut-Hainich-Kreis,1147362.299132906831801,0.044751416180448
1194,191,Kyffhäuserkreis – Sömmerda – Weimarer Land I,16065,Kyffhäuserkreis,1034849737.149943351745605,40.363005919249076
1195,191,Kyffhäuserkreis – Sömmerda – Weimarer Land I,16067,Gotha,134415.583987766091013,0.005242709948480
1196,191,Kyffhäuserkreis – Sömmerda – Weimarer Land I,16068,Sömmerda,805324749.225905299186707,31.410673891115042
1197,191,Kyffhäuserkreis – Sömmerda – Weimarer Land I,16070,Ilm-Kreis,524636.925618270761333,0.020462800128362
1198,191,Kyffhäuserkreis – Sömmerda – Weimarer Land I,16071,Weimarer Land,712638738.444559216499329,27.795573198233487
1199,191,Kyffhäuserkreis – Sömmerda – Weimarer Land I,16073,Saalfeld-Rudolstadt,745136.377085945219733,0.029063102515539
1200,191,Kyffhäuserkreis – Sömmerda – Weimarer Land I,16074,Saale-Holzland-Kreis,951717.857001829775982,0.037120552015035
1201,192,Gotha – Ilm-Kreis,16051,Erfurt,1057961.093693954171613,0.059498727926097
1202,192,Gotha – Ilm-Kreis,16054,Suhl,40018855.745227470993996,2.250622470043117
1203,192,Gotha – Ilm-Kreis,16063,Wartburgkreis,1233609.210824116133153,0.069377011347058
1204,192,Gotha – Ilm-Kreis,16064,Unstrut-Hainich-Kreis,459769.545172207115684,0.025857002908672
1205,192,Gotha – Ilm-Kreis,16066,Schmalkalden-Meiningen,903724.674854760640301,0.050824618097760
1206,192,Gotha – Ilm-Kreis,16067,Gotha,933152190.365327239036560,52.479593643969160
1207,192,Gotha – Ilm-Kreis,16068,Sömmerda,144551.154926600225735,0.008129419777008
1208,192,Gotha – Ilm-Kreis,16069,Hildburghausen,663801.890218024142087,0.037331588371563
1209,192,Gotha – Ilm-Kreis,16070,Ilm-Kreis,798925432.478310108184814,44.930808158827325
1210,192,Gotha – Ilm-Kreis,16071,Weimarer Land,302959.589080291858409,0.017038159787476
1211,192,Gotha – Ilm-Kreis,16073,Saalfeld-Rudolstadt,1261031.629403730854392,0.070919222144666
1212,193,Erfurt – Weimar – Weimarer Land II,16051,Erfurt,268147716.120624780654907,60.443306535317753
1213,193,Erfurt – Weimar – Weimarer Land II,16055,Weimar,83439066.343128725886345,18.808040347916776
1214,193,Erfurt – Weimar – Weimarer Land II,16067,Gotha,474074.939477965235710,0.106861461667974
1215,193,Erfurt – Weimar – Weimarer Land II,16068,Sömmerda,685719.233583378489129,0.154568304486317
1216,193,Erfurt – Weimar – Weimarer Land II,16070,Ilm-Kreis,844567.459054642124102,0.190374359908515
1217,193,Erfurt – Weimar – Weimarer Land II,16071,Weimarer Land,90043943.446786820888519,20.296848894117186
1218,194,Gera – Jena – Saale-Holzland-Kreis,15084,Burgenlandkreis,1776578.803018600679934,0.164028334266560
1219,194,Gera – Jena – Saale-Holzland-Kreis,16052,Gera,150903780.668833434581757,13.932675395866410
1220,194,Gera – Jena – Saale-Holzland-Kreis,16053,Jena,113959664.936645433306694,10.521691456282412
1221,194,Gera – Jena – Saale-Holzland-Kreis,16071,Weimarer Land,723482.154750085435808,0.066797809651676
1222,194,Gera – Jena – Saale-Holzland-Kreis,16073,Saalfeld-Rudolstadt,186720.504049610317452,0.017239569221827
1223,194,Gera – Jena – Saale-Holzland-Kreis,16074,Saale-Holzland-Kreis,812098738.296584606170654,74.979619860616481
1224,194,Gera – Jena – Saale-Holzland-Kreis,16075,Saale-Orla-Kreis,619438.362897698883899,0.057191632971347
1225,194,Gera – Jena – Saale-Holzland-Kreis,16076,Greiz,2824228.207879446912557,0.260755924668233
1226,195,Greiz – Altenburger Land,14522,Mittelsachsen,73244.472498500064830,0.005171540956588
1227,195,Greiz – Altenburger Land,14523,Vogtlandkreis,1490051.497316913446411,0.105207424982929
1228,195,Greiz – Altenburger Land,14524,Zwickau,1413127.662082512397319,0.099776096844677
1229,195,Greiz – Altenburger Land,14729,Leipzig,922966.156712995492853,0.065167474324891
1230,195,Greiz – Altenburger Land,15084,Burgenlandkreis,949740.979531786520965,0.067057952719907
1231,195,Greiz – Altenburger Land,16052,Gera,1363511.804190508089960,0.096272891313501
1232,195,Greiz – Altenburger Land,16074,Saale-Holzland-Kreis,799559.536989578045905,0.056454156221237
1233,195,Greiz – Altenburger Land,16075,Saale-Orla-Kreis,1101876.207276482135057,0.077799699289762
1234,195,Greiz – Altenburger Land,16076,Greiz,840887975.164254069328308,59.372215474056489
1235,195,Greiz – Altenburger Land,16077,Altenburger Land,567296746.057112932205200,40.054877271915842
1236,196,Sonneberg – Saalfeld-Rudolstadt – Saale-Orla-Kreis,09473,Coburg,961913.605541828670539,0.036701911365469
1237,196,Sonneberg – Saalfeld-Rudolstadt – Saale-Orla-Kreis,09475,Hof,497924.271123598853592,0.018998351161901
1238,196,Sonneberg – Saalfeld-Rudolstadt – Saale-Orla-Kreis,09476,Kronach,1919120.028506640112028,0.073224219701385
1239,196,Sonneberg – Saalfeld-Rudolstadt – Saale-Orla-Kreis,14523,Vogtlandkreis,988061.134667328908108,0.037699572996265
1240,196,Sonneberg – Saalfeld-Rudolstadt – Saale-Orla-Kreis,16069,Hildburghausen,408994.746391769265756,0.015605236109076
1241,196,Sonneberg – Saalfeld-Rudolstadt – Saale-Orla-Kreis,16070,Ilm-Kreis,1745000.558761654188856,0.066580673639903
1242,196,Sonneberg – Saalfeld-Rudolstadt – Saale-Orla-Kreis,16071,Weimarer Land,341037.988247174071148,0.013012339096561
1243,196,Sonneberg – Saalfeld-Rudolstadt – Saale-Orla-Kreis,16072,Sonneberg,458439169.752113580703735,17.491793106745284
1244,196,Sonneberg – Saalfeld-Rudolstadt – Saale-Orla-Kreis,16073,Saalfeld-Rudolstadt,1005887040.904867291450500,38.379722260159362
1245,196,Sonneberg – Saalfeld-Rudolstadt – Saale-Orla-Kreis,16074,Saale-Holzland-Kreis,772262.630671559250914,0.029465759147679
1246,196,Sonneberg – Saalfeld-Rudolstadt – Saale-Orla-Kreis,16075,Saale-Orla-Kreis,1148449619.634679317474365,43.819211938265035
1247,196,Sonneberg – Saalfeld-Rudolstadt – Saale-Orla-Kreis,16076,Greiz,471355.685807602421846,0.017984624089370
1248,197,Suhl – Schmalkalden-Meiningen – Hildburghausen,06631,Fulda,82091.934351941934437,0.003645602904441
1249,197,Suhl – Schmalkalden-Meiningen – Hildburghausen,09473,Coburg,1241283.247224899008870,0.055123878454576
1250,197,Suhl – Schmalkalden-Meiningen – Hildburghausen,09673,Rhön-Grabfeld,1739066.182917180703953,0.077229812861739
1251,197,Suhl – Schmalkalden-Meiningen – Hildburghausen,09674,Haßberge,244417.965151192271151,0.010854304392838
1252,197,Suhl – Schmalkalden-Meiningen – Hildburghausen,16054,Suhl,103011935.666552722454071,4.574634704648388
1253,197,Suhl – Schmalkalden-Meiningen – Hildburghausen,16063,Wartburgkreis,1935213.036724186735228,0.085940455942339
1254,197,Suhl – Schmalkalden-Meiningen – Hildburghausen,16066,Schmalkalden-Meiningen,1206103543.358935594558716,53.561590617121738
1255,197,Suhl – Schmalkalden-Meiningen – Hildburghausen,16067,Gotha,607548.469276649062522,0.026980488176686
1256,197,Suhl – Schmalkalden-Meiningen – Hildburghausen,16069,Hildburghausen,934904731.506845355033875,41.517981412709844
1257,197,Suhl – Schmalkalden-Meiningen – Hildburghausen,16070,Ilm-Kreis,1029415.944693922065198,0.045715109376828
1258,197,Suhl – Schmalkalden-Meiningen – Hildburghausen,16072,Sonneberg,844135.893940171110444,0.037487047795685
1259,197,Suhl – Schmalkalden-Meiningen – Hildburghausen,16073,Saalfeld-Rudolstadt,63423.158942943351576,0.002816545307118
1260,198,Neuwied,05374,Oberbergischer Kreis,660293.993885489413515,0.052019718306721
1261,198,Neuwied,05382,Rhein-Sieg-Kreis,1173160.934950732393190,0.092424740993736
1262,198,Neuwied,05966,Olpe,189174.897201223298907,0.014903701917993
1263,198,Neuwied,05970,Siegen-Wittgenstein,942319.982270523323677,0.074238476324847
1264,198,Neuwied,07131,Ahrweiler,121309.526910736574791,0.009557087412963
1265,198,Neuwied,07132,Altenkirchen (Westerwald),638740400.571828722953796,50.321668857449545
1266,198,Neuwied,07137,Mayen-Koblenz,482295.277262496761978,0.037996505641709
1267,198,Neuwied,07138,Neuwied,625349047.288121104240417,49.266662402726197
1268,198,Neuwied,07143,Westerwaldkreis,1656817.642533792881295,0.130528503739744
1269,199,Ahrweiler,05314,Bonn,25459.808495242690697,0.001903950360246
1270,199,Ahrweiler,05366,Euskirchen,1089600.700403364375234,0.081483159877080
1271,199,Ahrweiler,05382,Rhein-Sieg-Kreis,378911.692927132011391,0.028335996886425
1272,199,Ahrweiler,07131,Ahrweiler,785399651.628147959709167,58.734218285036320
1273,199,Ahrweiler,07135,Cochem-Zell,1135178.058471126016229,0.084891552651457
1274,199,Ahrweiler,07137,Mayen-Koblenz,548022478.931453585624695,40.982539062681120
1275,199,Ahrweiler,07138,Neuwied,222450.182566518546082,0.016635400274654
1276,199,Ahrweiler,07233,Vulkaneifel,935947.730785437277518,0.069992593209556
1277,200,Koblenz,06439,Rheingau-Taunus-Kreis,636420.380871486500837,0.099982699554090
1278,200,Koblenz,07111,Koblenz,105882045.895904868841171,16.634245384294697
1279,200,Koblenz,07135,Cochem-Zell,79162.120433143514674,0.012436500686061
1280,200,Koblenz,07137,Mayen-Koblenz,265350612.950604379177094,41.687022302466417
1281,200,Koblenz,07138,Neuwied,191308.748128519771853,0.030054922282675
1282,200,Koblenz,07140,Rhein-Hunsrück-Kreis,1686710.651707838755101,0.264985046665943
1283,200,Koblenz,07141,Rhein-Lahn-Kreis,261420108.458029627799988,41.069533514255447
1284,200,Koblenz,07143,Westerwaldkreis,1271536.670025532832369,0.199760524131993
1285,200,Koblenz,07339,Mainz-Bingen,12597.868708768230135,0.001979146111578
1286,201,Mosel/Rhein-Hunsrück,07133,Bad Kreuznach,419190.833311417081859,0.018344325382038
1287,201,Mosel/Rhein-Hunsrück,07134,Birkenfeld,733388.206219253130257,0.032094003058127
1288,201,Mosel/Rhein-Hunsrück,07135,Cochem-Zell,689810315.970282554626465,30.186979014029873
1289,201,Mosel/Rhein-Hunsrück,07137,Mayen-Koblenz,1715556.846678192494437,0.075074955142133
1290,201,Mosel/Rhein-Hunsrück,07140,Rhein-Hunsrück-Kreis,987664209.483229041099548,43.221445191989666
1291,201,Mosel/Rhein-Hunsrück,07141,Rhein-Lahn-Kreis,409130.614533465821296,0.017904077380384
1292,201,Mosel/Rhein-Hunsrück,07231,Bernkastel-Wittlich,602858363.982396006584167,26.381850721340864
1293,201,Mosel/Rhein-Hunsrück,07233,Vulkaneifel,705996.633587090997025,0.030895312912351
1294,201,Mosel/Rhein-Hunsrück,07235,Trier-Saarburg,542760.743906296906061,0.023751902235461
1295,201,Mosel/Rhein-Hunsrück,07339,Mainz-Bingen,266457.167041634325869,0.011660505393152
1296,202,Kreuznach,07133,Bad Kreuznach,861024974.094272136688232,51.817386443411891
1297,202,Kreuznach,07134,Birkenfeld,774008412.402855753898621,46.580638451422246
1298,202,Kreuznach,07140,Rhein-Hunsrück-Kreis,939415.814233141485602,0.056535029461110
1299,202,Kreuznach,07231,Bernkastel-Wittlich,779797.887849484337494,0.046929055158891
1300,202,Kreuznach,07235,Trier-Saarburg,149873.060101373586804,0.009019518023735
1301,202,Kreuznach,07331,Alzey-Worms,171481.050474561372539,0.010319909558384
1302,202,Kreuznach,07333,Donnersbergkreis,341672.401434342493303,0.020562203646643
1303,202,Kreuznach,07336,Kusel,22949284.770507551729679,1.381112038944293
1304,202,Kreuznach,07339,Mainz-Bingen,871778.259347380255349,0.052464530433727
1305,202,Kreuznach,10046,St. Wendel,415957.768481983977836,0.025032774985700
1306,203,Bitburg,05366,Euskirchen,1529198.226644959533587,0.049259527495236
1307,203,Bitburg,07131,Ahrweiler,389352.694371448073070,0.012542082131375
1308,203,Bitburg,07135,Cochem-Zell,1781694.425888927653432,0.057393099227391
1309,203,Bitburg,07137,Mayen-Koblenz,251000.781867720768787,0.008085400375376
1310,203,Bitburg,07231,Bernkastel-Wittlich,562659835.254278898239136,18.124764430300623
1311,203,Bitburg,07232,Eifelkreis Bitburg-Prüm,1626099561.047230005264282,52.380976280059002
1312,203,Bitburg,07233,Vulkaneifel,909169559.697070479393005,29.286760959688081
1313,203,Bitburg,07235,Trier-Saarburg,1167988.796632599551231,0.037624014492929
1314,204,Trier,07134,Birkenfeld,14655.156228425996233,0.001200309713019
1315,204,Trier,07211,Trier,115582396.126778006553650,9.466611652759092
1316,204,Trier,07231,Bernkastel-Wittlich,2048615.651070594787598,0.167788949220066
1317,204,Trier,07232,Eifelkreis Bitburg-Prüm,400681.371691463165917,0.032817237480848
1318,204,Trier,07235,Trier-Saarburg,1101285352.014581680297852,90.199209358481042
1319,204,Trier,10042,Merzig-Wadern,782449.629668819601648,0.064085423300926
1320,204,Trier,10046,St. Wendel,596693.124842039891519,0.048871301150005
1321,205,Montabaur,05970,Siegen-Wittgenstein,95079.482332312385552,0.006307953486424
1322,205,Montabaur,06439,Rheingau-Taunus-Kreis,1068460.642638502642512,0.070885956365246
1323,205,Montabaur,06532,Lahn-Dill-Kreis,114214.299326249296428,0.007577433847572
1324,205,Montabaur,06533,Limburg-Weilburg,1399504.457260545110330,0.092848728283857
1325,205,Montabaur,07111,Koblenz,7588.723906559015632,0.000503466323645
1326,205,Montabaur,07132,Altenkirchen (Westerwald),652657.917540348833427,0.043299939013149
1327,205,Montabaur,07137,Mayen-Koblenz,224693.058134801540291,0.014907036982836
1328,205,Montabaur,07138,Neuwied,573984.089335926575586,0.038080402297774
1329,205,Montabaur,07141,Rhein-Lahn-Kreis,517456678.545969665050507,34.330147571682623
1330,205,Montabaur,07143,Westerwaldkreis,985702373.762985587120056,65.395441504645603
1331,206,Mainz,06414,Wiesbaden,77491.174754073799704,0.014819287032480
1332,206,Mainz,06433,Groß-Gerau,115670.399706106574740,0.022120620313817
1333,206,Mainz,06439,Rheingau-Taunus-Kreis,402265.351782299345359,0.076928575804951
1334,206,Mainz,07133,Bad Kreuznach,792970.089129938511178,0.151646318387632
1335,206,Mainz,07140,Rhein-Hunsrück-Kreis,491255.818491594574880,0.093946968847832
1336,206,Mainz,07141,Rhein-Lahn-Kreis,22244.505113488925417,0.004254003210281
1337,206,Mainz,07315,Mainz,97012990.673669070005417,18.552607561247981
1338,206,Mainz,07331,Alzey-Worms,373569.341073480551131,0.071440797090398
1339,206,Mainz,07339,Mainz-Bingen,423619119.704854846000671,81.012235874289274
1340,207,Worms,06431,Bergstraße,192667.281856405956205,0.021980362200164
1341,207,Worms,06433,Groß-Gerau,179570.366502390388632,0.020486206366270
1342,207,Worms,07133,Bad Kreuznach,155112.425076774845365,0.017695932864586
1343,207,Worms,07315,Mainz,555293.700177877675742,0.063350437810586
1344,207,Worms,07319,Worms,108091977.886537238955498,12.331625805822787
1345,207,Worms,07331,Alzey-Worms,586605217.013213753700256,66.922598451696814
1346,207,Worms,07332,Bad Dürkheim,300876.425935741339345,0.034325354859614
1347,207,Worms,07333,Donnersbergkreis,677712.800048667704687,0.077316567033209
1348,207,Worms,07338,Rhein-Pfalz-Kreis,235690.523459706077119,0.026888649815756
1349,207,Worms,07339,Mainz-Bingen,179548679.689584791660309,20.483732235759756
1350,208,Ludwigshafen/Frankenthal,06431,Bergstraße,7436.900515049266687,0.002362462547780
1351,208,Ludwigshafen/Frankenthal,07311,Frankenthal (Pfalz),43755358.672813251614571,13.899661010664646
1352,208,Ludwigshafen/Frankenthal,07314,Ludwigshafen am Rhein,77872058.681320577859879,24.737432184402849
1353,208,Ludwigshafen/Frankenthal,07319,Worms,318266.702146968746092,0.101103028406294
1354,208,Ludwigshafen/Frankenthal,07332,Bad Dürkheim,368627.323410910088569,0.117100967517926
1355,208,Ludwigshafen/Frankenthal,07338,Rhein-Pfalz-Kreis,192320517.762856513261795,61.094002732062194
1356,208,Ludwigshafen/Frankenthal,08222,Mannheim,151454.682232371851569,0.048112249684652
1357,208,Ludwigshafen/Frankenthal,08226,Rhein-Neckar-Kreis,709.608893137415180,0.000225419774033
1358,209,Neustadt – Speyer,07312,Kaiserslautern,128846.084553071792470,0.014890847873153
1359,209,Neustadt – Speyer,07313,Landau in der Pfalz,61169.301023651139985,0.007069386386166
1360,209,Neustadt – Speyer,07316,Neustadt an der Weinstraße,116534475.028460487723351,13.467985043129621
1361,209,Neustadt – Speyer,07318,Speyer,42789116.871910899877548,4.945173399535883
1362,209,Neustadt – Speyer,07319,Worms,18681.930402927879186,0.002159086048845
1363,209,Neustadt – Speyer,07331,Alzey-Worms,90074.973101643845439,0.010410038661924
1364,209,Neustadt – Speyer,07332,Bad Dürkheim,590770067.723534822463989,68.275782201671049
1365,209,Neustadt – Speyer,07333,Donnersbergkreis,683438.182808267651126,0.078985512413537
1366,209,Neustadt – Speyer,07334,Germersheim,262360.983687131491024,0.030321274484105
1367,209,Neustadt – Speyer,07335,Kaiserslautern,1920869.045314764603972,0.221996414072246
1368,209,Neustadt – Speyer,07337,Südliche Weinstraße,634850.789823363767937,0.073370227478795
1369,209,Neustadt – Speyer,07338,Rhein-Pfalz-Kreis,111212695.929272219538689,12.852942659378350
1370,209,Neustadt – Speyer,07340,Südwestpfalz,50577.804706176051695,0.005845318453022
1371,209,Neustadt – Speyer,08215,Karlsruhe,14735.035410739352301,0.001702940151173
1372,209,Neustadt – Speyer,08226,Rhein-Neckar-Kreis,98343.854830215495895,0.011365680118382
1373,210,Kaiserslautern,07133,Bad Kreuznach,1245639.154444092651829,0.074409118502828
1374,210,Kaiserslautern,07134,Birkenfeld,740157.705528007703833,0.044213833697283
1375,210,Kaiserslautern,07312,Kaiserslautern,139614012.310048133134842,8.339939820910560
1376,210,Kaiserslautern,07331,Alzey-Worms,353768.343526268377900,0.021132597271112
1377,210,Kaiserslautern,07332,Bad Dürkheim,1372188.862274967832491,0.081968653038083
1378,210,Kaiserslautern,07333,Donnersbergkreis,642481052.505890369415283,38.379051108960688
1379,210,Kaiserslautern,07335,Kaiserslautern,337500388.387970149517059,20.160819692215334
1380,210,Kaiserslautern,07336,Kusel,549717885.271081924438477,32.837779000704792
1381,210,Kaiserslautern,10043,Neunkirchen,99633.744316613709088,0.005951690793666
1382,210,Kaiserslautern,10045,Saarpfalz-Kreis,342913.421979907026980,0.020484171006731
1383,210,Kaiserslautern,10046,St. Wendel,573364.221270396257751,0.034250309275828
1384,211,Pirmasens,07312,Kaiserslautern,499288.699876007682178,0.035996496770451
1385,211,Pirmasens,07313,Landau in der Pfalz,315281.081230680167209,0.022730365067591
1386,211,Pirmasens,07317,Pirmasens,61558634.535711146891117,4.438104026404767
1387,211,Pirmasens,07320,Zweibrücken,70117274.751072838902473,5.055143957306926
1388,211,Pirmasens,07332,Bad Dürkheim,172604.416214628232410,0.012444011475482
1389,211,Pirmasens,07335,Kaiserslautern,300803924.817645728588104,21.686626416593047
1390,211,Pirmasens,07336,Kusel,237511.114521413750481,0.017123496023322
1391,211,Pirmasens,07337,Südliche Weinstraße,1215331.675454706419259,0.087620013714303
1392,211,Pirmasens,07340,Südwestpfalz,951201508.030950427055359,68.577402253220370
1393,211,Pirmasens,10045,Saarpfalz-Kreis,592877.961450236150995,0.042743866684576
1394,212,Südpfalz,07313,Landau in der Pfalz,82552492.003313720226288,6.963994495175398
1395,212,Südpfalz,07316,Neustadt an der Weinstraße,584080.700009378721006,0.049272101676110
1396,212,Südpfalz,07332,Bad Dürkheim,578362.439429114921950,0.048789718476807
1397,212,Südpfalz,07334,Germersheim,462059796.977892816066742,38.978615963122508
1398,212,Südpfalz,07337,Südliche Weinstraße,637133500.484961867332458,53.747549981786158
1399,212,Südpfalz,07338,Rhein-Pfalz-Kreis,195058.201709191693226,0.016454793913273
1400,212,Südpfalz,07340,Südwestpfalz,1200670.586887533543631,0.101286625693482
1401,212,Südpfalz,08212,Karlsruhe,263372.623435076384339,0.022217687864688
1402,212,Südpfalz,08215,Karlsruhe,129904.689989732200047,0.010958549209510
1403,212,Südpfalz,08216,Rastatt,475.821653210527870,0.000040139543862
1404,213,Altötting,09171,Altötting,567889871.059335947036743,41.255168656603722
1405,213,Altötting,09175,Ebersberg,222553.139298953872640,0.016167689836954
1406,213,Altötting,09177,Erding,1011378.759847849723883,0.073473050743795
1407,213,Altötting,09183,Mühldorf a. Inn,802031372.710676193237305,58.264711584562058
1408,213,Altötting,09187,Rosenheim,918832.565753717557527,0.066749900639430
1409,213,Altötting,09189,Traunstein,1193269.466601213673130,0.086686760243810
1410,213,Altötting,09274,Landshut,1262726.677551336819306,0.091732578276837
1411,213,Altötting,09277,Rottal-Inn,1821023.750368640292436,0.132290864439964
1412,214,Erding – Ebersberg,09175,Ebersberg,547448192.999544858932495,38.538651468188171
1413,214,Erding – Ebersberg,09177,Erding,868705430.865627884864807,61.154162634491527
1414,214,Erding – Ebersberg,09178,Freising,557081.040662945946679,0.039216774007441
1415,214,Erding – Ebersberg,09183,Mühldorf a. Inn,817742.937746548792347,0.057566561496373
1416,214,Erding – Ebersberg,09184,München,672265.433299524476752,0.047325397287525
1417,214,Erding – Ebersberg,09187,Rosenheim,785847.237582420348190,0.055321203327915
1418,214,Erding – Ebersberg,09274,Landshut,1530692.113560258876532,0.107755967822972
1419,215,Freising,09161,Ingolstadt,485070.076186796242837,0.029859329327018
1420,215,Freising,09174,Dachau,33583661.199753485620022,2.067300476775415
1421,215,Freising,09176,Eichstätt,613178.767989713815041,0.037745281905804
1422,215,Freising,09177,Erding,827999.855539667070843,0.050968966306142
1423,215,Freising,09178,Freising,796472668.854603409767151,49.028255682670917
1424,215,Freising,09184,München,905000.985039999242872,0.055708904301034
1425,215,Freising,09185,Neuburg-Schrobenhausen,31638357.824052859097719,1.947553955628154
1426,215,Freising,09186,Pfaffenhofen a.d. Ilm,757662608.536507487297058,46.639235149082666
1427,215,Freising,09273,Kelheim,1462350.764833366498351,0.090017536068256
1428,215,Freising,09274,Landshut,804892.852294664597139,0.049546574669295
1429,215,Freising,09771,Aichach-Friedberg,61863.758979196303699,0.003808130914379
1430,216,Fürstenfeldbruck,09162,München,674053.580957265105098,0.068685458202519
1431,216,Fürstenfeldbruck,09174,Dachau,544364418.425203204154968,55.470248308128745
1432,216,Fürstenfeldbruck,09178,Freising,291422.260879116540309,0.029695668244162
1433,216,Fürstenfeldbruck,09179,Fürstenfeldbruck,432469575.380419969558716,44.068263685311130
1434,216,Fürstenfeldbruck,09181,Landsberg am Lech,1008063.094855057424866,0.102720729513577
1435,216,Fürstenfeldbruck,09184,München,246703.744939673168119,0.025138891388121
1436,216,Fürstenfeldbruck,09186,Pfaffenhofen a.d. Ilm,361909.822629869391676,0.036878287865518
1437,216,Fürstenfeldbruck,09188,Starnberg,518235.326290142664220,0.052807717143820
1438,216,Fürstenfeldbruck,09771,Aichach-Friedberg,1428483.668940935051069,0.145561210722570
1439,217,Ingolstadt,09161,Ingolstadt,132973776.324625149369240,6.466693584029266
1440,217,Ingolstadt,09176,Eichstätt,1209575819.369788169860840,58.823298899326062
1441,217,Ingolstadt,09185,Neuburg-Schrobenhausen,706305100.721370935440063,34.348566984001607
1442,217,Ingolstadt,09186,Pfaffenhofen a.d. Ilm,1376346.720489410683513,0.066933592117142
1443,217,Ingolstadt,09273,Kelheim,892592.399975600535981,0.043407968891432
1444,217,Ingolstadt,09373,Neumarkt i.d. OPf.,870218.148017833707854,0.042319878926764
1445,217,Ingolstadt,09576,Roth,1177742.719509430928156,0.057275212439600
1446,217,Ingolstadt,09577,Weißenburg-Gunzenhausen,672850.719191316631623,0.032721635416157
1447,217,Ingolstadt,09771,Aichach-Friedberg,1245834.504542939597741,0.060586607524947
1448,217,Ingolstadt,09779,Donau-Ries,1196669.200557258678600,0.058195632667883
1449,218,München-Nord,09162,München,88480346.403975799679756,99.484331781263023
1450,218,München-Nord,09174,Dachau,8123.104514955057311,0.009133346076314
1451,218,München-Nord,09184,München,450506.927451386174653,0.506534868610293
1452,219,München-Ost,09162,München,76728834.681674897670746,98.837119222514744
1453,219,München-Ost,09184,München,902762.631573599530384,1.162880398440105
1454,220,München-Süd,09162,München,47071478.115054756402969,99.415813530810084
1455,220,München-Süd,09184,München,276601.160101770365145,0.584186655194254
1456,221,München-West/Mitte,09162,München,95930991.502890944480896,99.652273521733548
1457,221,München-West/Mitte,09174,Dachau,36641.314451788624865,0.038062676437942
1458,221,München-West/Mitte,09179,Fürstenfeldbruck,289142.340734250086825,0.300358530378532
1459,221,München-West/Mitte,09184,München,8957.639173727719026,0.009305117095787
1460,222,München-Land,09162,München,2544352.479146983940154,0.354923383899383
1461,222,München-Land,09173,Bad Tölz-Wolfratshausen,406449.731357227545232,0.056697535117723
1462,222,München-Land,09174,Dachau,136722.580255138862412,0.019072059094531
1463,222,München-Land,09175,Ebersberg,998692.155784334056079,0.139312144174136
1464,222,München-Land,09177,Erding,46420.957926776434761,0.006475472092116
1465,222,München-Land,09178,Freising,68669.407004629640142,0.009579010182040
1466,222,München-Land,09179,Fürstenfeldbruck,32124.412837356132513,0.004481181520038
1467,222,München-Land,09182,Miesbach,3355652.229077397380024,0.468095302869730
1468,222,München-Land,09184,München,658712873.337547421455383,91.886876499685627
1469,222,München-Land,09187,Rosenheim,50862.223578906232433,0.007095004584948
1470,222,München-Land,09188,Starnberg,50520904.753945074975491,7.047392458351581
1471,223,Rosenheim,09163,Rosenheim,36746504.343345016241074,2.485236761523456
1472,223,Rosenheim,09175,Ebersberg,1359298.977264447836205,0.091932004106689
1473,223,Rosenheim,09182,Miesbach,1488808.554918765556067,0.100690985922987
1474,223,Rosenheim,09183,Mühldorf a. Inn,985666.946053420309909,0.066662551247386
1475,223,Rosenheim,09184,München,208518.357533842994599,0.014102497553334
1476,223,Rosenheim,09187,Rosenheim,1435430177.287760734558105,97.080903583737651
1477,223,Rosenheim,09189,Traunstein,2078714.011413706466556,0.140587426482509
1478,224,Starnberg,09173,Bad Tölz-Wolfratshausen,1109501957.643802404403687,45.975226355593506
1479,224,Starnberg,09179,Fürstenfeldbruck,939003.045565779670142,0.038910140961047
1480,224,Starnberg,09180,Garmisch-Partenkirchen,475412.230418185645249,0.019699996701322
1481,224,Starnberg,09181,Landsberg am Lech,102676.209177424243535,0.004254667534153
1482,224,Starnberg,09182,Miesbach,861711133.353629112243652,35.707340700147725
1483,224,Starnberg,09184,München,1724212.693418738199398,0.071447434877410
1484,224,Starnberg,09187,Rosenheim,1287207.885769408429042,0.053338954029996
1485,224,Starnberg,09188,Starnberg,434532110.051330447196960,18.006017908079517
1486,224,Starnberg,09190,Weilheim-Schongau,2271432.551114369183779,0.094122975601340
1487,225,Traunstein,09171,Altötting,812198.280296649318188,0.034162503044351
1488,225,Traunstein,09172,Berchtesgadener Land,839814179.019800901412964,35.324076821456124
1489,225,Traunstein,09183,Mühldorf a. Inn,578732.477408357663080,0.024342516477758
1490,225,Traunstein,09187,Rosenheim,2510517.062807689886540,0.105596809155689
1491,225,Traunstein,09189,Traunstein,1530727346.853850603103638,64.385112497242375
1492,226,Weilheim,09173,Bad Tölz-Wolfratshausen,1622617.118267776211724,0.058358269341201
1493,226,Weilheim,09179,Fürstenfeldbruck,484857.855256303970236,0.017438165165823
1494,226,Weilheim,09180,Garmisch-Partenkirchen,1009649494.273702859878540,36.312569652866479
1495,226,Weilheim,09181,Landsberg am Lech,799905479.482702732086182,28.769016974866169
1496,226,Weilheim,09188,Starnberg,1225800.379934250144288,0.044086548776903
1497,226,Weilheim,09190,Weilheim-Schongau,963176989.964368581771851,34.641161843278283
1498,226,Weilheim,09771,Aichach-Friedberg,455416.909910469723400,0.016379306240443
1499,226,Weilheim,09772,Augsburg,266707.637523861601949,0.009592279023032
1500,226,Weilheim,09777,Ostallgäu,2627020.855703032109886,0.094482172618599
1501,227,Deggendorf,09271,Deggendorf,859100281.922768115997314,46.479030788293976
1502,227,Deggendorf,09272,Freyung-Grafenau,982667661.027325868606567,53.164271311059686
1503,227,Deggendorf,09275,Passau,2461362.059418287593871,0.133164573854867
1504,227,Deggendorf,09276,Regen,1461319.489951041061431,0.079060285503520
1505,227,Deggendorf,09277,Rottal-Inn,16888.559093166910316,0.000913704575098
1506,227,Deggendorf,09278,Straubing-Bogen,835222.958927497966215,0.045187220211588
1507,227,Deggendorf,09279,Dingolfing-Landau,907372.958084587357007,0.049090678402397
1508,228,Landshut,09176,Eichstätt,889674.421202129218727,0.035887764501548
1509,228,Landshut,09177,Erding,598461.846169792930596,0.024140806217046
1510,228,Landshut,09178,Freising,1267576.009778396924958,0.051131591785310
1511,228,Landshut,09183,Mühldorf a. Inn,840381.408523085759953,0.033899378651130
1512,228,Landshut,09186,Pfaffenhofen a.d. Ilm,1518227.835088754538447,0.061242407005182
1513,228,Landshut,09261,Landshut,66209288.075629465281963,2.670756044736851
1514,228,Landshut,09273,Kelheim,1060450282.710451364517212,42.776536117661834
1515,228,Landshut,09274,Landshut,1342358693.664317607879639,54.148182218993831
1516,228,Landshut,09277,Rottal-Inn,429035.125443841796368,0.017306456359638
1517,228,Landshut,09278,Straubing-Bogen,611664.487963639083318,0.024673375534770
1518,228,Landshut,09279,Dingolfing-Landau,1367945.435209050308913,0.055180302434026
1519,228,Landshut,09373,Neumarkt i.d. OPf.,208722.749624618736561,0.008419476503014
1520,228,Landshut,09375,Regensburg,2296688.570374496746808,0.092644024131465
1521,229,Passau,09262,Passau,70181469.394541159272194,4.377152242427317
1522,229,Passau,09271,Deggendorf,787683.410402636975050,0.049127073512583
1523,229,Passau,09272,Freyung-Grafenau,1681061.656366065843031,0.104846234516054
1524,229,Passau,09275,Passau,1527766915.367978334426880,95.285385689421872
1525,229,Passau,09277,Rottal-Inn,1704737.563806380610913,0.106322878596577
1526,230,Rottal-Inn,09171,Altötting,1141733.551299646729603,0.052835279842785
1527,230,Rottal-Inn,09183,Mühldorf a. Inn,397430.343841001449618,0.018391632102736
1528,230,Rottal-Inn,09271,Deggendorf,1115291.916097421664745,0.051611657051092
1529,230,Rottal-Inn,09274,Landshut,1603808.867695097113028,0.074218446363911
1530,230,Rottal-Inn,09275,Passau,1874504.710480999900028,0.086745266294525
1531,230,Rottal-Inn,09277,Rottal-Inn,1278501890.823247194290161,59.164421597563575
1532,230,Rottal-Inn,09278,Straubing-Bogen,1631033.601803564466536,0.075478308127305
1533,230,Rottal-Inn,09279,Dingolfing-Landau,874617558.394784450531006,40.474122355955608
1534,231,Straubing,09263,Straubing,67701427.251194745302200,3.014727452929048
1535,231,Straubing,09271,Deggendorf,1353377.609554484020919,0.060265563066566
1536,231,Straubing,09272,Freyung-Grafenau,566069.712354027898982,0.025206941291998
1537,231,Straubing,09274,Landshut,609418.966232570353895,0.027137272616428
1538,231,Straubing,09276,Regen,973896096.703318595886230,43.367347162982071
1539,231,Straubing,09278,Straubing-Bogen,1196469229.190385103225708,53.278472526758392
1540,231,Straubing,09279,Dingolfing-Landau,1371961.209401864558458,0.061093086073227
1541,231,Straubing,09372,Cham,1708045.195429508341476,0.076058821070335
1542,231,Straubing,09375,Regensburg,1521940.546154865995049,0.067771628051430
1543,232,Amberg,09176,Eichstätt,1039434.112189232022502,0.039212415408941
1544,232,Amberg,09273,Kelheim,409169.513130627514329,0.015435826795947
1545,232,Amberg,09361,Amberg,50422570.035768076777458,1.902179983361001
1546,232,Amberg,09371,Amberg-Sulzbach,1249689928.572667598724365,47.144268248375838
1547,232,Amberg,09373,Neumarkt i.d. OPf.,1339347821.268227577209473,50.526591852960912
1548,232,Amberg,09374,Neustadt a.d. Waldnaab,2458164.538510956801474,0.092733697977839
1549,232,Amberg,09375,Regensburg,575156.687793400371447,0.021697655197677
1550,232,Amberg,09376,Schwandorf,2347956.536993900313973,0.088576126193155
1551,232,Amberg,09472,Bayreuth,221225.070839015796082,0.008345665468243
1552,232,Amberg,09574,Nürnberger Land,3164589.054032905958593,0.119383402112875
1553,232,Amberg,09576,Roth,1102064.084006560733542,0.041575116847303
1554,233,Regensburg,09273,Kelheim,1869057.621057515731081,0.126781027341392
1555,233,Regensburg,09274,Landshut,38810.398300074011786,0.002632568473319
1556,233,Regensburg,09278,Straubing-Bogen,1717026.363243990344927,0.116468515390745
1557,233,Regensburg,09362,Regensburg,79741703.529756948351860,5.409001296458256
1558,233,Regensburg,09372,Cham,1175253.477174476254731,0.079719234733073
1559,233,Regensburg,09373,Neumarkt i.d. OPf.,1425273.080459865508601,0.096678445515496
1560,233,Regensburg,09375,Regensburg,1386923309.724140405654907,94.077122111977488
1561,233,Regensburg,09376,Schwandorf,1350357.401693208608776,0.091596800834772
1562,234,Schwandorf,09276,Regen,538772.284030477516353,0.018036614170376
1563,234,Schwandorf,09278,Straubing-Bogen,785283.218585763475858,0.026289122228310
1564,234,Schwandorf,09371,Amberg-Sulzbach,2217775.862259305547923,0.074245035852071
1565,234,Schwandorf,09372,Cham,1525042384.173160076141357,51.054224376631510
1566,234,Schwandorf,09373,Neumarkt i.d. OPf.,935.093409626183529,0.000031304355370
1567,234,Schwandorf,09374,Neustadt a.d. Waldnaab,1484005.000098780263215,0.049680405631588
1568,234,Schwandorf,09375,Regensburg,2391791.464752218686044,0.080070599591747
1569,234,Schwandorf,09376,Schwandorf,1453691069.658939123153687,48.665578619253644
1570,235,Weiden,09363,Weiden i.d. OPf.,70602848.794927522540092,2.731682670237884
1571,235,Weiden,09371,Amberg-Sulzbach,1740774.910957137588412,0.067352022449669
1572,235,Weiden,09374,Neustadt a.d. Waldnaab,1423955104.103923797607422,55.094001835191307
1573,235,Weiden,09376,Schwandorf,1661105.238111427519470,0.064269536850705
1574,235,Weiden,09377,Tirschenreuth,1082698839.898839712142944,41.890514455428196
1575,235,Weiden,09472,Bayreuth,2058202.311790416948497,0.079633551378247
1576,235,Weiden,09479,Wunsiedel i. Fichtelgebirge,702302.449778349022381,0.027172663200850
1577,236,Bamberg,09461,Bamberg,54783751.308171547949314,5.458782649236820
1578,236,Bamberg,09471,Bamberg,609911792.160881042480469,60.773054584820684
1579,236,Bamberg,09474,Forchheim,333505414.782375454902649,33.231268910367753
1580,236,Bamberg,09572,Erlangen-Höchstadt,3816061.487585955765098,0.380241398944652
1581,236,Bamberg,09574,Nürnberger Land,39213.709826228659949,0.003907346862895
1582,236,Bamberg,09575,Neustadt a.d. Aisch-Bad Windsheim,88317.983735641057137,0.008800212941237
1583,236,Bamberg,09674,Haßberge,803703.235950564383529,0.080082892733343
1584,236,Bamberg,09675,Kitzingen,482659.208856780664064,0.048093305987404
1585,236,Bamberg,09678,Schweinfurt,158252.737168418796500,0.015768677303417
1586,237,Bayreuth,09371,Amberg-Sulzbach,161817.607758005528012,0.009820987020121
1587,237,Bayreuth,09374,Neustadt a.d. Waldnaab,463086.673121042840648,0.028105521203319
1588,237,Bayreuth,09377,Tirschenreuth,578091.940549143007956,0.035085387327319
1589,237,Bayreuth,09462,Bayreuth,67011659.197429835796356,4.067052061225330
1590,237,Bayreuth,09471,Bamberg,795051.578576646745205,0.048253038354177
1591,237,Bayreuth,09472,Bayreuth,1267909880.778545856475830,76.951616417611774
1592,237,Bayreuth,09474,Forchheim,306740761.934781193733215,18.616620794497919
1593,237,Bayreuth,09475,Hof,276680.395922111230902,0.016792205834217
1594,237,Bayreuth,09477,Kulmbach,1814035.425444457912818,0.110096908576062
1595,237,Bayreuth,09478,Lichtenfels,20618.935790156319854,0.001251398432899
1596,237,Bayreuth,09479,Wunsiedel i. Fichtelgebirge,574655.132251175120473,0.034876801561205
1597,237,Bayreuth,09574,Nürnberger Land,1325196.922526590758935,0.080428464834937
1598,238,Coburg,09463,Coburg,48004022.902214422821999,3.723443487310921
1599,238,Coburg,09471,Bamberg,6480.381812102403273,0.000502652361089
1600,238,Coburg,09473,Coburg,586621602.449675559997559,45.501444526983207
1601,238,Coburg,09475,Hof,820989.190652165096253,0.063680222412056
1602,238,Coburg,09476,Kronach,648158771.811123967170715,50.274589747607301
1603,238,Coburg,09477,Kulmbach,861122.755444368347526,0.066793191938642
1604,238,Coburg,09478,Lichtenfels,1464125.196585034951568,0.113565220126184
1605,238,Coburg,09674,Haßberge,907528.548729328322224,0.070392668364448
1606,238,Coburg,16069,Hildburghausen,495372.583435849985108,0.038423692600595
1607,238,Coburg,16072,Sonneberg,1297828.002835117513314,0.100666338624366
1608,238,Coburg,16073,Saalfeld-Rudolstadt,502401.008036426443141,0.038968854031302
1609,238,Coburg,16075,Saale-Orla-Kreis,97071.878971152065787,0.007529403447966
1610,239,Hof,09377,Tirschenreuth,1094201.122982667526230,0.070264321118797
1611,239,Hof,09464,Hof,58200192.092091411352158,3.737335760712047
1612,239,Hof,09472,Bayreuth,573065.943507377873175,0.036799532216790
1613,239,Hof,09475,Hof,889020594.668478012084961,57.088616738697716
1614,239,Hof,09476,Kronach,436996.708605208841618,0.028061821923190
1615,239,Hof,09477,Kulmbach,869245.173619505483657,0.055818734533627
1616,239,Hof,09479,Wunsiedel i. Fichtelgebirge,604598430.707122921943665,38.824396530800477
1617,239,Hof,14523,Vogtlandkreis,697966.575002838741057,0.044820048641975
1618,239,Hof,16075,Saale-Orla-Kreis,656653.205395655357279,0.042167103212102
1619,240,Kulmbach,09461,Bamberg,173951.345544989919290,0.010037424991139
1620,240,Kulmbach,09471,Bamberg,552669508.542528271675110,31.890404293829267
1621,240,Kulmbach,09472,Bayreuth,2250028.733061527367681,0.129832250306863
1622,240,Kulmbach,09473,Coburg,1507771.155374244553968,0.087002143205370
1623,240,Kulmbach,09474,Forchheim,342541.374407064402476,0.019765488684210
1624,240,Kulmbach,09475,Hof,1793829.715060211252421,0.103508433093071
1625,240,Kulmbach,09476,Kronach,888434.715063187992200,0.051264891248940
1626,240,Kulmbach,09477,Kulmbach,654442241.782223463058472,37.762943956205390
1627,240,Kulmbach,09478,Lichtenfels,518067447.740976929664612,29.893779382729761
1628,240,Kulmbach,09674,Haßberge,891846.512433917378075,0.051461760437197
1629,241,Ansbach,08127,Schwäbisch Hall,1802538.807345775654539,0.059313583393661
1630,241,Ansbach,08128,Main-Tauber-Kreis,318305.916469989519101,0.010474040527892
1631,241,Ansbach,08136,Ostalbkreis,475142.930945425701793,0.015634853321154
1632,241,Ansbach,09176,Eichstätt,1037544.960640027653426,0.034141017822641
1633,241,Ansbach,09561,Ansbach,99800732.045280709862709,3.284000887410917
1634,241,Ansbach,09571,Ansbach,1962871126.373378753662109,64.589411207512853
1635,241,Ansbach,09573,Fürth,557527.536669019376859,0.018345766485424
1636,241,Ansbach,09575,Neustadt a.d. Aisch-Bad Windsheim,1708467.225886171916500,0.056218103524301
1637,241,Ansbach,09576,Roth,1898840.923541101161391,0.062482460300310
1638,241,Ansbach,09577,Weißenburg-Gunzenhausen,966780624.815130352973938,31.812476369252245
1639,241,Ansbach,09779,Donau-Ries,1747476.842403645394370,0.057501737548176
1640,242,Erlangen,09471,Bamberg,1319159.963274970417842,0.205776801571359
1641,242,Erlangen,09474,Forchheim,1903513.545338532887399,0.296930577043198
1642,242,Erlangen,09562,Erlangen,77844509.332168832421303,12.143026316912643
1643,242,Erlangen,09563,Fürth,149793.874791145441122,0.023366464498345
1644,242,Erlangen,09564,Nürnberg,487565.703425057057757,0.076055758058043
1645,242,Erlangen,09572,Erlangen-Höchstadt,557657653.641079664230347,86.989456572925377
1646,242,Erlangen,09573,Fürth,180780.621464035735698,0.028200111515360
1647,242,Erlangen,09574,Nürnberger Land,735211.813259290764108,0.114686269763965
1648,242,Erlangen,09575,Neustadt a.d. Aisch-Bad Windsheim,785309.684023458743468,0.122501076078881
1649,243,Fürth,08128,Main-Tauber-Kreis,455469.223148957942612,0.027794549304759
1650,243,Fürth,09471,Bamberg,222067.883792919688858,0.013551468313079
1651,243,Fürth,09562,Erlangen,66954.234526109619765,0.004085814536122
1652,243,Fürth,09563,Fürth,62467073.243578225374222,3.811990051026542
1653,243,Fürth,09564,Nürnberg,1089814.276384459575638,0.066504815470466
1654,243,Fürth,09571,Ansbach,3289419.948915834072977,0.200733529967397
1655,243,Fürth,09572,Erlangen-Höchstadt,1146161.985486219171435,0.069943377505484
1656,243,Fürth,09573,Fürth,305755241.258483767509460,18.658404775613210
1657,243,Fürth,09575,Neustadt a.d. Aisch-Bad Windsheim,1262070374.729416131973267,77.016569888016278
1658,243,Fürth,09576,Roth,345503.756801463139709,0.021084017789402
1659,243,Fürth,09675,Kitzingen,1640064.923760088160634,0.100083305456507
1660,243,Fürth,09679,Würzburg,151651.532914404931944,0.009254381623395
1661,244,Nürnberg-Nord,09562,Erlangen,94733.315439106459962,0.111665701174297
1662,244,Nürnberg-Nord,09563,Fürth,680601.740589867113158,0.802250720679846
1663,244,Nürnberg-Nord,09564,Nürnberg,82690851.033775061368942,97.470798088146239
1664,244,Nürnberg-Nord,09572,Erlangen-Höchstadt,1073213.382673939224333,1.265036743730951
1665,244,Nürnberg-Nord,09574,Nürnberger Land,297138.834864112199284,0.350248655263655
1666,245,Nürnberg-Süd,09563,Fürth,36347.544863797054859,0.025568714071749
1667,245,Nürnberg-Süd,09564,Nürnberg,99846994.467068597674370,70.237460659819945
1668,245,Nürnberg-Süd,09565,Schwabach,40065577.696491941809654,28.184167708708110
1669,245,Nürnberg-Süd,09573,Fürth,258876.544392287178198,0.182106944726318
1670,245,Nürnberg-Süd,09574,Nürnberger Land,870945.781520789721981,0.612667616015008
1671,245,Nürnberg-Süd,09576,Roth,1077585.266180758364499,0.758028352730593
1672,246,Roth,09176,Eichstätt,771199.346165072056465,0.045534434434661
1673,246,Roth,09371,Amberg-Sulzbach,1573812.896587897092104,0.092923678564384
1674,246,Roth,09373,Neumarkt i.d. OPf.,2771005.022860743105412,0.163610287222109
1675,246,Roth,09472,Bayreuth,611237.202190565876663,0.036089683485306
1676,246,Roth,09474,Forchheim,303186.117058131028898,0.017901218974488
1677,246,Roth,09564,Nürnberg,3526229.961693185847253,0.208201534130825
1678,246,Roth,09565,Schwabach,748725.495263036689721,0.044207495951788
1679,246,Roth,09571,Ansbach,893421.232664406998083,0.052750862333569
1680,246,Roth,09572,Erlangen-Höchstadt,583926.439294995390810,0.034477155999886
1681,246,Roth,09573,Fürth,242270.839860427571693,0.014304557865501
1682,246,Roth,09574,Nürnberger Land,791138526.661849379539490,46.711716691870500
1683,246,Roth,09576,Roth,889386481.040680766105652,52.512635817708208
1684,246,Roth,09577,Weißenburg-Gunzenhausen,1111831.307264092145488,0.065646593211951
1685,247,Aschaffenburg,06432,Darmstadt-Dieburg,225140.836132811149582,0.029571955223327
1686,247,Aschaffenburg,06435,Main-Kinzig-Kreis,865754.907918542041443,0.113715778137379
1687,247,Aschaffenburg,06438,Offenbach,114044.500967571439105,0.014979596478403
1688,247,Aschaffenburg,09661,Aschaffenburg,61760475.718472301959991,8.112157944730471
1689,247,Aschaffenburg,09671,Aschaffenburg,695825179.420587420463562,91.395729901930366
1690,247,Aschaffenburg,09676,Miltenberg,920768.085988764301874,0.120941687335060
1691,247,Aschaffenburg,09677,Main-Spessart,1620900.290857020532712,0.212903139412815
1692,248,Bad Kissingen,06435,Main-Kinzig-Kreis,145518.445810592704220,0.004674335483549
1693,248,Bad Kissingen,06631,Fulda,766379.255149190430529,0.024617592128922
1694,248,Bad Kissingen,09471,Bamberg,1251966.046823177020997,0.040215584246148
1695,248,Bad Kissingen,09473,Coburg,491375.806715768761933,0.015783946538838
1696,248,Bad Kissingen,09672,Bad Kissingen,1133580499.939446687698364,36.412810244161463
1697,248,Bad Kissingen,09673,Rhön-Grabfeld,1019167686.021559476852417,32.737648151204567
1698,248,Bad Kissingen,09674,Haßberge,951172016.092498540878296,30.553494995179221
1699,248,Bad Kissingen,09677,Main-Spessart,688776.458831150317565,0.022124839389354
1700,248,Bad Kissingen,09678,Schweinfurt,3751425.937221202999353,0.120503096872572
1701,248,Bad Kissingen,16066,Schmalkalden-Meiningen,1220265.424510368378833,0.039197298606125
1702,248,Bad Kissingen,16069,Hildburghausen,900628.800704340799712,0.028929948620522
1703,249,Main-Spessart,06432,Darmstadt-Dieburg,41264.991736757401668,0.002028301526113
1704,249,Main-Spessart,06435,Main-Kinzig-Kreis,370003.624571911466774,0.018186818530686
1705,249,Main-Spessart,06437,Odenwaldkreis,849261.141815595561638,0.041743802616077
1706,249,Main-Spessart,08128,Main-Tauber-Kreis,1091536.055529284756631,0.053652361337215
1707,249,Main-Spessart,08225,Neckar-Odenwald-Kreis,577976.567016582237557,0.028409329642327
1708,249,Main-Spessart,09661,Aschaffenburg,134084.575818226905540,0.006590670161654
1709,249,Main-Spessart,09671,Aschaffenburg,1138813.586597346933559,0.055976197702625
1710,249,Main-Spessart,09672,Bad Kissingen,1001727.189438512781635,0.049237978770208
1711,249,Main-Spessart,09676,Miltenberg,712044434.828975319862366,34.999178553999087
1712,249,Main-Spessart,09677,Main-Spessart,1315832845.465749979019165,64.677239864579349
1713,249,Main-Spessart,09678,Schweinfurt,726323.881760404910892,0.035701057381162
1714,249,Main-Spessart,09679,Würzburg,652147.660968521260656,0.032055067511752
1715,250,Schweinfurt,09471,Bamberg,368857.419696878176183,0.023657114638440
1716,250,Schweinfurt,09575,Neustadt a.d. Aisch-Bad Windsheim,1782548.038834958802909,0.114325864280836
1717,250,Schweinfurt,09662,Schweinfurt,35679386.099490553140640,2.288340377912015
1718,250,Schweinfurt,09672,Bad Kissingen,1401638.154856061795726,0.089895750337056
1719,250,Schweinfurt,09673,Rhön-Grabfeld,55975.065171777918295,0.003590028186911
1720,250,Schweinfurt,09674,Haßberge,2037405.982709605712444,0.130671485306202
1721,250,Schweinfurt,09675,Kitzingen,680084876.234888076782227,43.618062215420544
1722,250,Schweinfurt,09677,Main-Spessart,587832.011362737510353,0.037701313673942
1723,250,Schweinfurt,09678,Schweinfurt,835561475.590932965278625,53.589741076004046
1724,250,Schweinfurt,09679,Würzburg,1621779.078978052129969,0.104014753508649
1725,251,Würzburg,08128,Main-Tauber-Kreis,2801420.279404697008431,0.265176451105782
1726,251,Würzburg,09575,Neustadt a.d. Aisch-Bad Windsheim,299286.838875845831353,0.028329851960888
1727,251,Würzburg,09663,Würzburg,87676899.532539486885071,8.299307759326133
1728,251,Würzburg,09675,Kitzingen,1266266.795366001315415,0.119862106166948
1729,251,Würzburg,09677,Main-Spessart,1588106.081671114079654,0.150326724559353
1730,251,Würzburg,09678,Schweinfurt,565908.446432231110521,0.053567682999558
1731,251,Würzburg,09679,Würzburg,962238408.952655076980591,91.083429458846183
1732,252,Augsburg-Stadt,09761,Augsburg,144932114.512234061956406,87.615460577489770
1733,252,Augsburg-Stadt,09771,Aichach-Friedberg,728848.849559647263959,0.440609231849381
1734,252,Augsburg-Stadt,09772,Augsburg,19757461.460383672267199,11.943930380919104
1735,253,Augsburg-Land,09174,Dachau,1118489.930640249280259,0.071381998389143
1736,253,Augsburg-Land,09179,Fürstenfeldbruck,375019.873657070274930,0.023933758618606
1737,253,Augsburg-Land,09181,Landsberg am Lech,687888.926036067889072,0.043901053433810
1738,253,Augsburg-Land,09761,Augsburg,1476935.093722763936967,0.094257959408394
1739,253,Augsburg-Land,09771,Aichach-Friedberg,511898463.808184444904327,32.669346695006787
1740,253,Augsburg-Land,09772,Augsburg,1047400496.031948089599609,66.845072514637820
1741,253,Augsburg-Land,09773,Dillingen a.d. Donau,1402088.612080798251554,0.089481258889561
1742,253,Augsburg-Land,09774,Günzburg,1515207.712342353537679,0.096700516936908
1743,253,Augsburg-Land,09777,Ostallgäu,252168.569736423261929,0.016093391585934
1744,253,Augsburg-Land,09778,Unterallgäu,612523.092570785083808,0.039091207895070
1745,253,Augsburg-Land,09779,Donau-Ries,168280.652494953887071,0.010739666881438
1746,254,Donau-Ries,08135,Heidenheim,2527653.241080893203616,0.108459762615607
1747,254,Donau-Ries,08136,Ostalbkreis,863410.106316834106110,0.037048299841554
1748,254,Donau-Ries,09174,Dachau,262443.840710773423780,0.011261274371340
1749,254,Donau-Ries,09176,Eichstätt,353434.549408541002776,0.015165619518527
1750,254,Donau-Ries,09185,Neuburg-Schrobenhausen,1998950.890184235526249,0.085773529179551
1751,254,Donau-Ries,09186,Pfaffenhofen a.d. Ilm,23310.346756847375218,0.001000230029438
1752,254,Donau-Ries,09571,Ansbach,976486.813327895011753,0.041900339116739
1753,254,Donau-Ries,09577,Weißenburg-Gunzenhausen,1378379.462422261713073,0.059145260456936
1754,254,Donau-Ries,09771,Aichach-Friedberg,263824088.671600610017776,11.320499807704824
1755,254,Donau-Ries,09772,Augsburg,1696828.456697729881853,0.072809675244118
1756,254,Donau-Ries,09773,Dillingen a.d. Donau,787166933.427385687828064,33.776760732370356
1757,254,Donau-Ries,09774,Günzburg,761622.849833738640882,0.032680682679506
1758,254,Donau-Ries,09779,Donau-Ries,1268665050.208243370056152,54.437494806630369
1759,255,Neu-Ulm,08135,Heidenheim,186840.310491815529531,0.011087238741530
1760,255,Neu-Ulm,08421,Ulm,475434.678543423709925,0.028212636626101
1761,255,Neu-Ulm,08425,Alb-Donau-Kreis,846168.383265214157291,0.050212241973376
1762,255,Neu-Ulm,08426,Biberach,387042.748473234532867,0.022967395762750
1763,255,Neu-Ulm,09764,Memmingen,167768.183416426356416,0.009955484969354
1764,255,Neu-Ulm,09772,Augsburg,1061214.442159338155761,0.062973230162211
1765,255,Neu-Ulm,09773,Dillingen a.d. Donau,1192711.192097032675520,0.070776342116247
1766,255,Neu-Ulm,09774,Günzburg,759633483.143486976623535,45.077198606136498
1767,255,Neu-Ulm,09775,Neu-Ulm,514129003.018876850605011,30.508785740134691
1768,255,Neu-Ulm,09778,Unterallgäu,407103767.071615457534790,24.157831070918192
1769,256,Oberallgäu,08435,Bodenseekreis,152676.925151112372987,0.007982128480682
1770,256,Oberallgäu,08436,Ravensburg,1495614.391301409807056,0.078192472222694
1771,256,Oberallgäu,09763,Kempten (Allgäu),63213005.513976708054543,3.304849971030059
1772,256,Oberallgäu,09776,Lindau (Bodensee),320368462.993622899055481,16.749238499810293
1773,256,Oberallgäu,09777,Ostallgäu,1398927.224217812065035,0.073137553875795
1774,256,Oberallgäu,09778,Unterallgäu,402561.672603761428036,0.021046395772911
1775,256,Oberallgäu,09780,Oberallgäu,1522694794.090148925781250,79.608267400349888
1776,257,Ostallgäu,08426,Biberach,88189.868863645577221,0.003790554750285
1777,257,Ostallgäu,08436,Ravensburg,384564.533763167448342,0.016529256013534
1778,257,Ostallgäu,09180,Garmisch-Partenkirchen,639417.543254173244350,0.027483283933048
1779,257,Ostallgäu,09181,Landsberg am Lech,1687095.289460802916437,0.072514305169646
1780,257,Ostallgäu,09190,Weilheim-Schongau,1712894.559063231572509,0.073623202883244
1781,257,Ostallgäu,09762,Kaufbeuren,40414109.646429546177387,1.737069090506062
1782,257,Ostallgäu,09764,Memmingen,69520322.293910279870033,2.988104997865268
1783,257,Ostallgäu,09772,Augsburg,969370.051261715823784,0.041665219598813
1784,257,Ostallgäu,09774,Günzburg,486624.641039793263189,0.020915977860804
1785,257,Ostallgäu,09777,Ostallgäu,1387879699.686873912811279,59.653495988371851
1786,257,Ostallgäu,09778,Unterallgäu,820097065.576129794120789,35.249205693014055
1787,257,Ostallgäu,09780,Oberallgäu,2209336.153794252779335,0.094961130577142
1788,258,Stuttgart I,08111,Stuttgart,114058805.525700435042381,99.514298829513805
1789,258,Stuttgart I,08115,Böblingen,248701.697428161016433,0.216987850461898
1790,258,Stuttgart I,08116,Esslingen,220237.565600169153186,0.192153396799175
1791,258,Stuttgart I,08118,Ludwigsburg,87749.485687417647569,0.076559880673713
1792,259,Stuttgart II,08111,Stuttgart,90979081.240168109536171,99.090299394912634
1793,259,Stuttgart II,08116,Esslingen,50388.082874359388370,0.054880420310856
1794,259,Stuttgart II,08118,Ludwigsburg,307501.801305962027982,0.334917050606901
1795,259,Stuttgart II,08119,Rems-Murr-Kreis,477345.558953903906513,0.519903187708723
1796,260,Böblingen,08111,Stuttgart,474975.263170908030588,0.081044001541292
1797,260,Böblingen,08115,Böblingen,581790243.056020259857178,99.269610463849673
1798,260,Böblingen,08116,Esslingen,141120.837468977028038,0.024079143181039
1799,260,Böblingen,08118,Ludwigsburg,528293.724347443087026,0.090141615216839
1800,260,Böblingen,08235,Calw,746818.383338111918420,0.127428005000211
1801,260,Böblingen,08236,Enzkreis,598824.755490420036949,0.102176172466199
1802,260,Böblingen,08416,Tübingen,1790567.583543129032478,0.305520672869737
1803,261,Esslingen,08111,Stuttgart,664905.839974901173264,0.318646998764003
1804,261,Esslingen,08116,Esslingen,207430415.507032096385956,99.408179895338250
1805,261,Esslingen,08117,Göppingen,148434.885540094372118,0.071135381802354
1806,261,Esslingen,08119,Rems-Murr-Kreis,421582.979250994685572,0.202037857079714
1807,262,Nürtingen,08111,Stuttgart,1677972.208646955899894,0.360690344017195
1808,262,Nürtingen,08115,Böblingen,32052216.250914543867111,6.889819060458762
1809,262,Nürtingen,08116,Esslingen,428965473.910021126270294,92.208740740031047
1810,262,Nürtingen,08117,Göppingen,810969.619356024544686,0.174322857962519
1811,262,Nürtingen,08415,Reutlingen,1643879.278117100941017,0.353361860995844
1812,262,Nürtingen,08416,Tübingen,60780.814368803599791,0.013065206164533
1813,263,Göppingen,08116,Esslingen,522330.720278199994937,0.081295773336366
1814,263,Göppingen,08117,Göppingen,638615052.131393671035767,99.394315730872378
1815,263,Göppingen,08119,Rems-Murr-Kreis,373750.889352576981764,0.058170745861720
1816,263,Göppingen,08135,Heidenheim,282282.769168264407199,0.043934609105209
1817,263,Göppingen,08136,Ostalbkreis,1278693.629012143006548,0.199016415070246
1818,263,Göppingen,08415,Reutlingen,216.187964463887027,0.000033647585859
1819,263,Göppingen,08425,Alb-Donau-Kreis,1434287.136364494683221,0.223233054098465
1820,264,Waiblingen,08111,Stuttgart,559147.222127651795745,0.109001925995677
1821,264,Waiblingen,08116,Esslingen,678052.857944712741300,0.132181766300492
1822,264,Waiblingen,08117,Göppingen,544454.508337348466739,0.106137681950696
1823,264,Waiblingen,08118,Ludwigsburg,441061.511814063123893,0.085981924558899
1824,264,Waiblingen,08119,Rems-Murr-Kreis,509893287.108149826526642,99.400208294992055
1825,264,Waiblingen,08136,Ostalbkreis,854035.524212286458351,0.166488383244823
1826,265,Ludwigsburg,08111,Stuttgart,1415007.116592567646876,0.417496315922318
1827,265,Ludwigsburg,08115,Böblingen,366415.368327633419540,0.108110457241010
1828,265,Ludwigsburg,08118,Ludwigsburg,336536543.549971818923950,99.294742378175599
1829,265,Ludwigsburg,08119,Rems-Murr-Kreis,86223.429624432290439,0.025440129446892
1830,265,Ludwigsburg,08236,Enzkreis,522660.947799041576218,0.154210546098191
1831,266,Neckar-Zaber,08118,Ludwigsburg,347127783.391239583492279,53.990075401201310
1832,266,Neckar-Zaber,08119,Rems-Murr-Kreis,997438.104360596160404,0.155135258654202
1833,266,Neckar-Zaber,08121,Heilbronn,631265.290880726999603,0.098183038879370
1834,266,Neckar-Zaber,08125,Heilbronn,294098778.836474835872650,45.742277064830375
1835,266,Neckar-Zaber,08215,Karlsruhe,27178.702383620613546,0.004227204681409
1836,266,Neckar-Zaber,08236,Enzkreis,64950.434254279287416,0.010101982643023
1837,267,Heilbronn,08118,Ludwigsburg,44106.325142021763895,0.004877167552271
1838,267,Heilbronn,08119,Rems-Murr-Kreis,292108.535051812941674,0.032300634077057
1839,267,Heilbronn,08121,Heilbronn,99934167.623933404684067,11.050471290211963
1840,267,Heilbronn,08125,Heilbronn,799972108.889420151710510,88.458922833272595
1841,267,Heilbronn,08126,Hohenlohekreis,1944792.393260032869875,0.215050297792201
1842,267,Heilbronn,08127,Schwäbisch Hall,46147.158963469300943,0.005102837871925
1843,267,Heilbronn,08215,Karlsruhe,540109.550037568318658,0.059723968470120
1844,267,Heilbronn,08225,Neckar-Odenwald-Kreis,1012334.687849895213731,0.111941447756571
1845,267,Heilbronn,08226,Rhein-Neckar-Kreis,557162.044656948302872,0.061609590842310
1846,268,Schwäbisch Hall – Hohenlohe,08119,Rems-Murr-Kreis,411034.872778131160885,0.018198060100427
1847,268,Schwäbisch Hall – Hohenlohe,08125,Heilbronn,1486135.532140668714419,0.065796810738914
1848,268,Schwäbisch Hall – Hohenlohe,08126,Hohenlohekreis,773264084.193273663520813,34.235309969056225
1849,268,Schwäbisch Hall – Hohenlohe,08127,Schwäbisch Hall,1477468918.366222858428955,65.413107143964083
1850,268,Schwäbisch Hall – Hohenlohe,08128,Main-Tauber-Kreis,1590000.107455689925700,0.070395286218896
1851,268,Schwäbisch Hall – Hohenlohe,08136,Ostalbkreis,1889822.131441216683015,0.083669535128831
1852,268,Schwäbisch Hall – Hohenlohe,08225,Neckar-Odenwald-Kreis,316437.751960909226909,0.014009889694535
1853,268,Schwäbisch Hall – Hohenlohe,09571,Ansbach,2247680.122983688954264,0.099513254649494
1854,269,Backnang – Schwäbisch Gmünd,08117,Göppingen,779377.798161591752432,0.093024915723400
1855,269,Backnang – Schwäbisch Gmünd,08118,Ludwigsburg,495911.662564273516182,0.059190986354897
1856,269,Backnang – Schwäbisch Gmünd,08119,Rems-Murr-Kreis,343737928.434529006481171,41.027845415899655
1857,269,Backnang – Schwäbisch Gmünd,08125,Heilbronn,363369.413712495530490,0.043371018736741
1858,269,Backnang – Schwäbisch Gmünd,08127,Schwäbisch Hall,1586298.877033097902313,0.189337340242700
1859,269,Backnang – Schwäbisch Gmünd,08135,Heidenheim,89601.425828295352403,0.010694640142476
1860,269,Backnang – Schwäbisch Gmünd,08136,Ostalbkreis,490763696.077964127063751,58.576535764098359
1861,270,Aalen – Heidenheim,08117,Göppingen,182263.939036823110655,0.011088459548573
1862,270,Aalen – Heidenheim,08127,Schwäbisch Hall,1456029.632641282398254,0.088581020296093
1863,270,Aalen – Heidenheim,08135,Heidenheim,623241022.307391047477722,37.916347585743097
1864,270,Aalen – Heidenheim,08136,Ostalbkreis,1013309882.003691315650940,61.647112951384827
1865,270,Aalen – Heidenheim,08425,Alb-Donau-Kreis,1086731.929964689072222,0.066113917592452
1866,270,Aalen – Heidenheim,09571,Ansbach,875820.994804671616293,0.053282650007474
1867,270,Aalen – Heidenheim,09773,Dillingen a.d. Donau,1568708.136960636358708,0.095436084680971
1868,270,Aalen – Heidenheim,09774,Günzburg,131379.594687327364227,0.007992789626389
1869,270,Aalen – Heidenheim,09779,Donau-Ries,1874579.846360629890114,0.114044516467631
1870,271,Karlsruhe-Stadt,07334,Germersheim,10399.795995925152965,0.006004970090805
1871,271,Karlsruhe-Stadt,08212,Karlsruhe,172111638.457640230655670,99.379376443783258
1872,271,Karlsruhe-Stadt,08215,Karlsruhe,1064436.398021792294458,0.614618665230519
1873,272,Karlsruhe-Land,07334,Germersheim,95939.555206856792211,0.013358116871713
1874,272,Karlsruhe-Land,08125,Heilbronn,516362.457401439489331,0.071895580913018
1875,272,Karlsruhe-Land,08212,Karlsruhe,1574702.873465254670009,0.219253309822186
1876,272,Karlsruhe-Land,08215,Karlsruhe,714280250.618926405906677,99.452608951040574
1877,272,Karlsruhe-Land,08216,Rastatt,469037.118060451117344,0.065306250656615
1878,272,Karlsruhe-Land,08235,Calw,249467.903144291805802,0.034734593033683
1879,272,Karlsruhe-Land,08236,Enzkreis,1025916.719889467349276,0.142843224730198
1880,273,Rastatt,07334,Germersheim,14300.719181872671470,0.001628259858278
1881,273,Rastatt,08211,Baden-Baden,139863212.287173181772232,15.924629476373358
1882,273,Rastatt,08215,Karlsruhe,448587.688429603178520,0.051075565969676
1883,273,Rastatt,08216,Rastatt,735935257.614302992820740,83.792557774550275
1884,273,Rastatt,08235,Calw,771381.703739053336903,0.087828440488526
1885,273,Rastatt,08237,Freudenstadt,367453.184551545942668,0.041837704984797
1886,273,Rastatt,08317,Ortenaukreis,697713.492290795082226,0.079440681103364
1887,274,Heidelberg,06431,Bergstraße,558397.274773846846074,0.182965090068667
1888,274,Heidelberg,08221,Heidelberg,108558794.791146010160446,35.570498933312841
1889,274,Heidelberg,08222,Mannheim,768459.252877891063690,0.251794238204059
1890,274,Heidelberg,08226,Rhein-Neckar-Kreis,195307691.662067025899887,63.994741755367734
1891,275,Mannheim,06431,Bergstraße,402844.200613289664034,0.278131645578738
1892,275,Mannheim,07311,Frankenthal (Pfalz),5384.732313480039920,0.003717726250171
1893,275,Mannheim,07314,Ludwigshafen am Rhein,63520.025659299499239,0.043855488640344
1894,275,Mannheim,07338,Rhein-Pfalz-Kreis,50197.527139115562022,0.034657370779896
1895,275,Mannheim,08221,Heidelberg,4413.127684505619982,0.003046911096578
1896,275,Mannheim,08222,Mannheim,143877082.828694671392441,99.335598594423573
1897,275,Mannheim,08226,Rhein-Neckar-Kreis,435955.488042446726467,0.300992336748877
1898,276,Odenwald – Tauber,06437,Odenwaldkreis,293540.769790594291408,0.012092795305235
1899,276,Odenwald – Tauber,08125,Heilbronn,586659.050810342421755,0.024168185633885
1900,276,Odenwald – Tauber,08126,Hohenlohekreis,1349789.019203695002943,0.055606321146218
1901,276,Odenwald – Tauber,08127,Schwäbisch Hall,601832.859036705689505,0.024793290477118
1902,276,Odenwald – Tauber,08128,Main-Tauber-Kreis,1297629831.269883871078491,53.457555291918027
1903,276,Odenwald – Tauber,08225,Neckar-Odenwald-Kreis,1121870433.485242128372192,46.216917400639026
1904,276,Odenwald – Tauber,08226,Rhein-Neckar-Kreis,944544.933571518980898,0.038911761887199
1905,276,Odenwald – Tauber,09571,Ansbach,619666.247747442102991,0.025527960211177
1906,276,Odenwald – Tauber,09575,Neustadt a.d. Aisch-Bad Windsheim,574939.760245205136016,0.023685394156477
1907,276,Odenwald – Tauber,09676,Miltenberg,945596.003924977150746,0.038955062102855
1908,276,Odenwald – Tauber,09677,Main-Spessart,132134.435717568150721,0.005443450615208
1909,276,Odenwald – Tauber,09679,Würzburg,1853153.709217902505770,0.076343086824686
1910,277,Rhein-Neckar,06431,Bergstraße,988056.985109752509743,0.136365030499770
1911,277,Rhein-Neckar,06437,Odenwaldkreis,991496.106635573087260,0.136839675099048
1912,277,Rhein-Neckar,08125,Heilbronn,664369.130681570619345,0.091691793220241
1913,277,Rhein-Neckar,08215,Karlsruhe,346848.475626957195345,0.047869711636536
1914,277,Rhein-Neckar,08221,Heidelberg,402393.505538492812775,0.055535665940939
1915,277,Rhein-Neckar,08225,Neckar-Odenwald-Kreis,957301.795091210282408,0.132120404442662
1916,277,Rhein-Neckar,08226,Rhein-Neckar-Kreis,720217248.135200738906860,99.399577644307627
1917,278,Bruchsal – Schwetzingen,07318,Speyer,79143.231319359038025,0.015633099914045
1918,278,Bruchsal – Schwetzingen,07334,Germersheim,123029.671514511253918,0.024301953750378
1919,278,Bruchsal – Schwetzingen,07338,Rhein-Pfalz-Kreis,107908.202347398429993,0.021315021900417
1920,278,Bruchsal – Schwetzingen,08125,Heilbronn,48224.265968347863236,0.009525701131946
1921,278,Bruchsal – Schwetzingen,08215,Karlsruhe,365692603.364409625530243,72.234970836031209
1922,278,Bruchsal – Schwetzingen,08221,Heidelberg,115726.100526586873457,0.022859285147136
1923,278,Bruchsal – Schwetzingen,08222,Mannheim,103171.172241965046851,0.020379320088657
1924,278,Bruchsal – Schwetzingen,08226,Rhein-Neckar-Kreis,139984435.100329041481018,27.651014797513628
1925,279,Pforzheim,08115,Böblingen,350813.765173708437942,0.052307198370453
1926,279,Pforzheim,08118,Ludwigsburg,525022.266486469656229,0.078282115949510
1927,279,Pforzheim,08125,Heilbronn,9172.565992009969705,0.001367652231869
1928,279,Pforzheim,08212,Karlsruhe,9002.698702026249521,0.001342324599615
1929,279,Pforzheim,08215,Karlsruhe,1016132.478530598338693,0.151507860869831
1930,279,Pforzheim,08231,Pforzheim,98181951.045077756047249,14.639171262763947
1931,279,Pforzheim,08235,Calw,929732.340211707632989,0.138625386967922
1932,279,Pforzheim,08236,Enzkreis,569657880.655829668045044,84.937396205083033
1933,280,Calw,08115,Böblingen,547038.422247463138774,0.032825199437743
1934,280,Calw,08215,Karlsruhe,87278.994494993123226,0.005237201418601
1935,280,Calw,08216,Rastatt,522365.195467206940521,0.031344675297396
1936,280,Calw,08231,Pforzheim,1357.860647684733522,0.000081478822613
1937,280,Calw,08235,Calw,794226634.338604807853699,47.657799910694663
1938,280,Calw,08236,Enzkreis,663568.109606355195865,0.039817597178761
1939,280,Calw,08237,Freudenstadt,867283425.564569354057312,52.041593890688588
1940,280,Calw,08317,Ortenaukreis,767616.741976681398228,0.046061065589532
1941,280,Calw,08325,Rottweil,1383649.252132898662239,0.083026275314533
1942,280,Calw,08416,Tübingen,841446.678471974213608,0.050491252376006
1943,280,Calw,08417,Zollernalbkreis,195341.024981365189888,0.011721494949190
1944,281,Freiburg,08311,Freiburg im Breisgau,153244358.655920237302780,33.853198931355088
1945,281,Freiburg,08315,Breisgau-Hochschwarzwald,298870854.345144450664520,66.023536368132085
1946,281,Freiburg,08316,Emmendingen,487647.058670529862866,0.107726072465284
1947,282,Lörrach – Müllheim,08311,Freiburg im Breisgau,14923.910628100693430,0.001292848691071
1948,282,Lörrach – Müllheim,08315,Breisgau-Hochschwarzwald,347942116.967506170272827,30.141999754593563
1949,282,Lörrach – Müllheim,08336,Lörrach,804980904.054939627647400,69.734973230453875
1950,282,Lörrach – Müllheim,08337,Waldshut,642620.555307860486209,0.055669801601498
1951,283,Emmendingen – Lahr,08311,Freiburg im Breisgau,94792.346497502818238,0.007941202769454
1952,283,Emmendingen – Lahr,08315,Breisgau-Hochschwarzwald,1181613.278772201389074,0.098989327604166
1953,283,Emmendingen – Lahr,08316,Emmendingen,678022949.793929219245911,56.801186230773283
1954,283,Emmendingen – Lahr,08317,Ortenaukreis,513840984.025095880031586,43.046887182040045
1955,283,Emmendingen – Lahr,08326,Schwarzwald-Baar-Kreis,438577.677729787479620,0.036741724387001
1956,284,Offenburg,08216,Rastatt,1159559.845117355929688,0.105003705191078
1957,284,Offenburg,08237,Freudenstadt,703814.371007788577117,0.063733766768257
1958,284,Offenburg,08316,Emmendingen,491.700159499696952,0.000044525807623
1959,284,Offenburg,08317,Ortenaukreis,1102324736.225596189498901,99.820791582990907
1960,285,Rottweil – Tuttlingen,08237,Freudenstadt,1216034.390543772839010,0.080976914588844
1961,285,Rottweil – Tuttlingen,08317,Ortenaukreis,472808.823743228043895,0.031484800129696
1962,285,Rottweil – Tuttlingen,08325,Rottweil,765124448.149158835411072,50.950382299554533
1963,285,Rottweil – Tuttlingen,08326,Schwarzwald-Baar-Kreis,1530354.954174437560141,0.101907827096389
1964,285,Rottweil – Tuttlingen,08327,Tuttlingen,730643450.118296146392822,48.654259053208918
1965,285,Rottweil – Tuttlingen,08335,Konstanz,936148.898765769321471,0.062339067058702
1966,285,Rottweil – Tuttlingen,08417,Zollernalbkreis,995626.734264602768235,0.066299754061119
1967,285,Rottweil – Tuttlingen,08437,Sigmaringen,786146.671936587663367,0.052350272659021
1968,286,Schwarzwald-Baar,08237,Freudenstadt,260101.379251423059031,0.020549900181886
1969,286,Schwarzwald-Baar,08315,Breisgau-Hochschwarzwald,913544.990181624190882,0.072176696693898
1970,286,Schwarzwald-Baar,08316,Emmendingen,666935.641967651899904,0.052692765065767
1971,286,Schwarzwald-Baar,08317,Ortenaukreis,240075710.360826939344406,18.967726731050654
1972,286,Schwarzwald-Baar,08325,Rottweil,1613626.061551853083074,0.127488191685931
1973,286,Schwarzwald-Baar,08326,Schwarzwald-Baar-Kreis,1021305210.922162771224976,80.690537666864813
1974,286,Schwarzwald-Baar,08327,Tuttlingen,511299.630423874070402,0.040396388510071
1975,286,Schwarzwald-Baar,08335,Konstanz,90744.406905719079077,0.007169467956471
1976,286,Schwarzwald-Baar,08337,Waldshut,145476.257886011415394,0.011493682144231
1977,287,Konstanz,08326,Schwarzwald-Baar-Kreis,271663.838887256977614,0.031460753714633
1978,287,Konstanz,08327,Tuttlingen,1516017.835504816146567,0.175566479311965
1979,287,Konstanz,08335,Konstanz,813319950.006164431571960,94.188680919586972
1980,287,Konstanz,08435,Bodenseekreis,197816.838326809083810,0.022908705320144
1981,287,Konstanz,08437,Sigmaringen,430616.026023350888863,0.049868634691263
1982,288,Waldshut,08311,Freiburg im Breisgau,394816.591959638055414,0.021220539003993
1983,288,Waldshut,08315,Breisgau-Hochschwarzwald,727518442.587938308715820,39.102544830841715
1984,288,Waldshut,08316,Emmendingen,670057.035830679233186,0.036014118335733
1985,288,Waldshut,08326,Schwarzwald-Baar-Kreis,1400091.565057953819633,0.075251897388628
1986,288,Waldshut,08336,Lörrach,1111017.027405999368057,0.059714765398157
1987,288,Waldshut,08337,Waldshut,1127802716.644052267074585,60.616959937188909
1988,289,Reutlingen,08115,Böblingen,11466.495024989117155,0.001050163291471
1989,289,Reutlingen,08116,Esslingen,1240016.416133255930617,0.113567373308663
1990,289,Reutlingen,08117,Göppingen,851.158938032193646,0.000077953713840
1991,289,Reutlingen,08415,Reutlingen,1086316364.124607086181641,99.490695809136071
1992,289,Reutlingen,08416,Tübingen,1738864.511589446337894,0.159254565142501
1993,289,Reutlingen,08417,Zollernalbkreis,563147.066980666248128,0.051576037503522
1994,289,Reutlingen,08425,Alb-Donau-Kreis,1078285.999998735962436,0.098755231867996
1995,289,Reutlingen,08426,Biberach,429632.918021015124395,0.039348093583093
1996,289,Reutlingen,08437,Sigmaringen,498712.462764198891819,0.045674769862352
1997,290,Tübingen,08115,Böblingen,1346981.791587025625631,0.171220416482809
1998,290,Tübingen,08235,Calw,3408.190099493262551,0.000433229114107
1999,290,Tübingen,08237,Freudenstadt,372701.193352300091647,0.047375587367246
2000,290,Tübingen,08415,Reutlingen,919217.458132694126107,0.116845526051478
2001,290,Tübingen,08416,Tübingen,515044124.700906217098236,65.469385027403675
2002,290,Tübingen,08417,Zollernalbkreis,268830552.919470012187958,34.172161436527951
2003,290,Tübingen,08437,Sigmaringen,177625.730107558483724,0.022578739873867
2004,291,Ulm,08117,Göppingen,1099455.601584399351850,0.074473367042395
2005,291,Ulm,08135,Heidenheim,689776.136330507113598,0.046723079407662
2006,291,Ulm,08415,Reutlingen,1840803.704426142387092,0.124689755307236
2007,291,Ulm,08421,Ulm,118663610.790425628423691,8.037867675817093
2008,291,Ulm,08425,Alb-Donau-Kreis,1349863588.217417955398560,91.435148738712513
2009,291,Ulm,08426,Biberach,2630985.664987917058170,0.178213982292293
2010,291,Ulm,09774,Günzburg,396088.897429632081185,0.026829708991601
2011,291,Ulm,09775,Neu-Ulm,1122786.240647600265220,0.076053704842106
2012,292,Biberach,08415,Reutlingen,305970.104193421371747,0.017494291841915
2013,292,Biberach,08425,Alb-Donau-Kreis,2133325.737080141901970,0.121976044479025
2014,292,Biberach,08426,Biberach,1403944480.972178936004639,80.272595731924852
2015,292,Biberach,08436,Ravensburg,340274728.586739361286163,19.455709321724282
2016,292,Biberach,08437,Sigmaringen,1268600.707294121384621,0.072534115915566
2017,292,Biberach,09764,Memmingen,76844.842285195831209,0.004393717160789
2018,292,Biberach,09775,Neu-Ulm,130634.181233876603073,0.007469201924350
2019,292,Biberach,09778,Unterallgäu,836489.743508832412772,0.047827534439317
2020,293,Bodensee,08335,Konstanz,528437.327831577393226,0.061363334367232
2021,293,Bodensee,08435,Bodenseekreis,661848091.212958693504333,76.855293111237515
2022,293,Bodensee,08436,Ravensburg,2159767.894786207005382,0.250797119172509
2023,293,Bodensee,08437,Sigmaringen,195578723.903199017047882,22.711042535991300
2024,293,Bodensee,09776,Lindau (Bodensee),282615.969049939361867,0.032818003749837
2025,294,Ravensburg,08426,Biberach,432450.565726007334888,0.033486767540897
2026,294,Ravensburg,08435,Bodenseekreis,1220445.782596861943603,0.094505100599135
2027,294,Ravensburg,08436,Ravensburg,1285745572.905941486358643,99.561583517311902
2028,294,Ravensburg,08437,Sigmaringen,1694807.319271831540391,0.131237240103473
2029,294,Ravensburg,09776,Lindau (Bodensee),1359688.695835445774719,0.105287362057181
2030,294,Ravensburg,09778,Unterallgäu,180693.923292424035026,0.013992016394262
2031,294,Ravensburg,09780,Oberallgäu,773656.650183136574924,0.059908027539883
2032,295,Zollernalb – Sigmaringen,08237,Freudenstadt,27311.216478547961742,0.001652195354725
2033,295,Zollernalb – Sigmaringen,08325,Rottweil,783671.040380460326560,0.047408274675939
2034,295,Zollernalb – Sigmaringen,08327,Tuttlingen,799298.739042628207244,0.048353674202722
2035,295,Zollernalb – Sigmaringen,08335,Konstanz,133911.624301043251762,0.008100999960497
2036,295,Zollernalb – Sigmaringen,08415,Reutlingen,357893.268609650200233,0.021650796710159
2037,295,Zollernalb – Sigmaringen,08416,Tübingen,14394.113488019165743,0.000870773641993
2038,295,Zollernalb – Sigmaringen,08417,Zollernalbkreis,646023224.194359064102173,39.081253334017866
2039,295,Zollernalb – Sigmaringen,08426,Biberach,966555.421590008772910,0.058471887507814
2040,295,Zollernalb – Sigmaringen,08436,Ravensburg,650930.868117661098950,0.039378141848636
2041,295,Zollernalb – Sigmaringen,08437,Sigmaringen,1003268670.252887368202209,60.692859940341890
2042,296,Saarbrücken,10041,Regionalverband Saarbrücken,324729846.751276969909668,99.556576209709021
2043,296,Saarbrücken,10044,Saarlouis,589372.470565709052607,0.180691445115982
2044,296,Saarbrücken,10045,Saarpfalz-Kreis,465568.790800437971484,0.142735369926397
2045,297,Saarlouis,07235,Trier-Saarburg,1247247.181465117726475,0.139599846116652
2046,297,Saarlouis,10041,Regionalverband Saarbrücken,616621.815172154456377,0.069016239755368
2047,297,Saarlouis,10042,Merzig-Wadern,554960760.785650849342346,62.114741935476999
2048,297,Saarlouis,10044,Saarlouis,334911992.355101644992828,37.485482661482386
2049,297,Saarlouis,10046,St. Wendel,481267.890729187522084,0.053866566695913
2050,298,St. Wendel,07134,Birkenfeld,775218.610713846632279,0.096782796415528
2051,298,St. Wendel,07235,Trier-Saarburg,308523.400643524597399,0.038517854268763
2052,298,St. Wendel,07336,Kusel,532008.329425866715610,0.066419011523441
2053,298,St. Wendel,10041,Regionalverband Saarbrücken,39535436.400088727474213,4.935833633799653
2054,298,St. Wendel,10042,Merzig-Wadern,865398.216470010229386,0.108041342461906
2055,298,St. Wendel,10043,Neunkirchen,162198865.571850836277008,20.249848969718045
2056,298,St. Wendel,10044,Saarlouis,122614363.858258947730064,15.307889737045747
2057,298,St. Wendel,10045,Saarpfalz-Kreis,24317.473108217549452,0.003035934659780
2058,298,St. Wendel,10046,St. Wendel,474133894.663841545581818,59.193630760098529
2059,299,Homburg,07320,Zweibrücken,651424.626983878668398,0.118398694800837
2060,299,Homburg,07335,Kaiserslautern,794.797894815636823,0.000144457285584
2061,299,Homburg,07336,Kusel,112269.435327832121402,0.020405360893995
2062,299,Homburg,07340,Südwestpfalz,462903.711368431511801,0.084134361788324
2063,299,Homburg,10041,Regionalverband Saarbrücken,45837851.751316763460636,8.331189204433400
2064,299,Homburg,10043,Neunkirchen,85783058.904526025056839,15.591369729671758
2065,299,Homburg,10045,Saarpfalz-Kreis,417109188.541423022747040,75.811047766793621
