dataset,variable,label,n_valid,n_total
ZA10100_cross2025,za_nr,ZA-Studiennummer,7337,7337
ZA10100_cross2025,version,GESIS Archiv Version,0,7337
ZA10100_cross2025,doi,Digital Object Identifier,0,7337
ZA10100_cross2025,field_start,Beginn Erhebungszeitraum,0,7337
ZA10100_cross2025,field_end,Ende Erhebungszeitraum,0,7337
ZA10100_cross2025,sample,Stichprobe,7337,7337
ZA10100_cross2025,lfdn,Laufende Nummer,7337,7337
ZA10100_cross2025,mode,Teilnahmemodus,7337,7337
ZA10100_cross2025,vpoint,Virtueller Samplepoint,7337,7337
ZA10100_cross2025,bula,Bundesland,7337,7337
ZA10100_cross2025,ostwest,Ost/West (Zuordnung von Berlin zu Ostdeutschland),7337,7337
ZA10100_cross2025,ostwest2,Ost/West (genaue Zuordnung von Berlin zu Ost- und Westdeutschland),7323,7337
ZA10100_cross2025,wknr,Wahlkreis,7337,7337
ZA10100_cross2025,veri_flag,Verifikation der Zielperson,7337,7337
ZA10100_cross2025,intyear,"Interview: Datum, Jahr",7337,7337
ZA10100_cross2025,intmon,"Interview: Datum, Monat",7073,7337
ZA10100_cross2025,intday,"Interview: Datum, Tag",7073,7337
ZA10100_cross2025,intdatestart,"Interview: Datum, Start",7073,7337
ZA10100_cross2025,intdateend,"Interview: Ende, Datum",7054,7337
ZA10100_cross2025,intstart_c,"Interview: Start, CAWI",0,7337
ZA10100_cross2025,intstart_p,"Interview: Start, PAPI",0,7337
ZA10100_cross2025,intend_c,"Interview: Ende, CAWI",0,7337
ZA10100_cross2025,intend_p,"Interview: Ende, PAPI",0,7337
ZA10100_cross2025,intdur_c,"Interview: Dauer, gesamt, CAWI, Minuten",4845,7337
ZA10100_cross2025,intdur_p,"Interview: Dauer, gesamt, PAPI, Minuten",1306,7337
ZA10100_cross2025,intdur_cont,"Interview: Dauer, inhaltlicher Teil, CAWI, Minuten",4975,7337
ZA10100_cross2025,intdur_socio,"Interview: Dauer, Soziodemographie, CAWI, Minuten",5265,7337
ZA10100_cross2025,lastscreen,Interview: letzter angezeigter Screen,0,7337
ZA10100_cross2025,intdatelast,"Interview: zuletzt aktiv, Datum, CAWI",5492,7337
ZA10100_cross2025,intlast,"Interview: zuletzt aktiv, Uhrzeit, CAWI",0,7337
ZA10100_cross2025,intdate_flag,Interview: Startdatum und Enddatum nicht gleicher Tag,6812,7337
ZA10100_cross2025,intstatus,"Interviewstatus: Anteil beantworteter Fragen, kategorial",7337,7337
ZA10100_cross2025,intstatus_prc,"Interviewstatus: Anteil beantworteter Fragen, prozentual",7337,7337
ZA10100_cross2025,w_ow_c,Gewicht: Ost/West CAWI (MZ2023),5492,7337
ZA10100_cross2025,w_ow_p,Gewicht: Ost/West PAPI (MZ2023),1845,7337
ZA10100_cross2025,w_ow,Gewicht: Ost/West (MZ2023),7337,7337
ZA10100_cross2025,w_ipfges_c,"Sozial- und regionalstrukturelles Gewicht, gesamt, CAWI (MZ2023)",5331,7337
ZA10100_cross2025,w_ipfges_p,"Sozial- und regionalstrukturelles Gewicht, gesamt, PAPI (MZ2023)",1757,7337
ZA10100_cross2025,w_ipfges,"Sozial- und regionalstrukturelles Gewicht, gesamt (MZ2023)",7088,7337
ZA10100_cross2025,w_ipfost_c,"Sozial- und regionalstrukturelles Gewicht, Ost, CAWI (MZ2023)",1758,7337
ZA10100_cross2025,w_ipfost_p,"Sozial- und regionalstrukturelles Gewicht, Ost, PAPI (MZ2023)",732,7337
ZA10100_cross2025,w_ipfost,"Sozial- und regionalstrukturelles Gewicht, Ost (MZ2023)",2490,7337
ZA10100_cross2025,w_ipfwes_c,"Sozial- und regionalstrukturelles Gewicht, West, CAWI (MZ2023)",3573,7337
ZA10100_cross2025,w_ipfwes_p,"Sozial- und regionalstrukturelles Gewicht, West, PAPI (MZ2023)",1025,7337
ZA10100_cross2025,w_ipfwes,"Sozial- und regionalstrukturelles Gewicht, West (MZ2023)",4598,7337
ZA10100_cross2025,d1,Geschlecht,7337,7337
ZA10100_cross2025,d2a,Geburtsdatum: Jahr,7219,7337
ZA10100_cross2025,d72,Bundesland,7318,7337
ZA10100_cross2025,q23,"Wirtschaftliche Lage: aktuell, allgemeine",7297,7337
ZA10100_cross2025,q24,"Wirtschaftliche Lage: retrospektiv, allgemeine",7255,7337
ZA10100_cross2025,q25,"Wirtschaftliche Lage: Verantwortung, allgemeine",7207,7337
ZA10100_cross2025,q26,"Wirtschaftliche Lage: prospektiv, allgemeine",7231,7337
ZA10100_cross2025,q111,Wahlbeteiligung: BTW 2025,7190,7337
ZA10100_cross2025,q112,"Wahlbeteiligung: Briefwahl, BTW 2025",6934,7337
ZA10100_cross2025,q113,"Wahlbeteiligung: hypothetisch, BTW 2025",123,7337
ZA10100_cross2025,q114aa,"Wahlentscheidung: BTW 2025, Erststimme (Version A)",6415,7337
ZA10100_cross2025,q114ab,"Wahlentscheidung: BTW 2025, Erststimme (Version B)",6415,7337
ZA10100_cross2025,q114ba,"Wahlentscheidung: BTW 2025, Zweitstimme (Version A)",6414,7337
ZA10100_cross2025,q114bb,"Wahlentscheidung: BTW 2025, Zweitstimme (Version B)",6414,7337
ZA10100_cross2025,q115,Wahlentscheidung: Zeitpunkt,6744,7337
ZA10100_cross2025,q116aa,"Wahlentscheidung: hypoth. u. 18 Jahre, BTW 2025, Erststimme (Version A)",112,7337
ZA10100_cross2025,q116ab,"Wahlentscheidung: hypoth. u. 18 Jahre, BTW 2025, Erststimme (Version B)",112,7337
ZA10100_cross2025,q116ba,"Wahlentscheidung: hypoth. u. 18 Jahre, BTW 2025, Zweitstimme (Version A)",113,7337
ZA10100_cross2025,q116bb,"Wahlentscheidung: hypoth. u. 18 Jahre, BTW 2025, Zweitstimme (Version B)",113,7337
ZA10100_cross2025,q149,"Wahlentscheidung: BTW 2025, Zufriedenheit, gueltig",6403,7337
ZA10100_cross2025,q150,"Wahlentscheidung: BTW 2025, Zufriedenheit, ungueltig",26,7337
ZA10100_cross2025,q151,"Wahlentscheidung: BTW 2025, Zufriedenheit, Nichtwahl",208,7337
ZA10100_cross2025,q148,Wahlmoeglichkeiten: Zufriedenheit,7215,7337
ZA10100_cross2025,q28,Kanzlerkandidat:in: Praeferenz,7236,7337
ZA10100_cross2025,q36a,"Spitzenpolitiker:in: Links-Rechts-Einstufung, O. Scholz",6684,7337
ZA10100_cross2025,q36b,"Spitzenpolitiker:in: Links-Rechts-Einstufung, F. Merz",6673,7337
ZA10100_cross2025,q36c,"Spitzenpolitiker:in: Links-Rechts-Einstufung, R. Habeck",6514,7337
ZA10100_cross2025,q36d,"Spitzenpolitiker:in: Links-Rechts-Einstufung, A. Weidel",6745,7337
ZA10100_cross2025,q57a,"Koalitionen: Skalometer, CDU/CSU, SPD",6868,7337
ZA10100_cross2025,q57b,"Koalitionen: Skalometer, CDU/CSU, GRUENE",6580,7337
ZA10100_cross2025,q57c,"Koalitionen: Skalometer, CDU/CSU, GRUENE, FDP",6581,7337
ZA10100_cross2025,q57d,"Koalitionen: Skalometer, CDU/CSU, SPD, GRUENE",6635,7337
ZA10100_cross2025,q57e,"Koalitionen: Skalometer, CDU/CSU, SPD, FDP",6606,7337
ZA10100_cross2025,q57f,"Koalitionen: Skalometer, SPD, GRUENE, FDP",6734,7337
ZA10100_cross2025,q57g,"Koalitionen: Skalometer, SPD, GRUENE",6758,7337
ZA10100_cross2025,q57h,"Koalitionen: Skalometer, CDU/CSU, FDP",6709,7337
ZA10100_cross2025,q57i,"Koalitionen: Skalometer, CDU/CSU, AfD",6841,7337
ZA10100_cross2025,q57j,"Koalitionen: Skalometer, AfD, BSW",6746,7337
ZA10100_cross2025,q58d,"Koalitionspartner: Erwartungen, SPD",6963,7337
ZA10100_cross2025,q58a,"Koalitionspartner: Erwartungen, CDU/CSU",6962,7337
ZA10100_cross2025,q58f,"Koalitionspartner: Erwartungen, GRUENE",6965,7337
ZA10100_cross2025,q58e,"Koalitionspartner: Erwartungen, FDP",6966,7337
ZA10100_cross2025,q58h,"Koalitionspartner: Erwartungen, AfD",6967,7337
ZA10100_cross2025,q58g,"Koalitionspartner: Erwartungen, DIE LINKE",6966,7337
ZA10100_cross2025,q58m,"Koalitionspartner: Erwartungen, BSW",6967,7337
ZA10100_cross2025,q58x,"Koalitionspartner: Erwartungen, andere",6967,7337
ZA10100_cross2025,q5,Politisches Wissen: Erst/Zweitstimme,6802,7337
ZA10100_cross2025,q5rf,"Politisches Wissen: Erst/Zweitstimme, richtig/falsch",6802,7337
ZA10100_cross2025,q19s,"Politische Probleme: wichtigstes, offen",0,7337
ZA10100_cross2025,q20a,"Politische Probleme: wichtigstes, Loesungskompetenz (Version A)",6097,7337
ZA10100_cross2025,q20b,"Politische Probleme: wichtigstes, Loesungskompetenz (Version B)",6097,7337
ZA10100_cross2025,q21s,"Politische Probleme: zweitwichtigstes, offen",0,7337
ZA10100_cross2025,q22a,"Politische Probleme: zweitwichtigstes, Loesungskompetenz (Version A)",6066,7337
ZA10100_cross2025,q22b,"Politische Probleme: zweitwichtigstes, Loesungskompetenz (Version B)",6066,7337
ZA10100_cross2025,q12a,"Einstellungen: Integritaet von Wahlen, faire Praesentationschancen im WK",7257,7337
ZA10100_cross2025,q12b,"Einstellungen: Integritaet von Wahlen, BTW korrekt und fair durchgefuehrt",7231,7337
ZA10100_cross2025,q12c,"Einstellungen: Integritaet von Wahlen, Briefwahl sicheres Verfahren",7153,7337
ZA10100_cross2025,q12d,"Einstellungen: Integritaet von Wahlen, Einfluss aus dem Ausland auf BTW",7179,7337
ZA10100_cross2025,q32,"Wahlberechtigung: Recall, BTW 2021",6962,7337
ZA10100_cross2025,q33,"Wahlbeteiligung: Recall, BTW 2021",6748,7337
ZA10100_cross2025,q34aa,"Wahlentscheidung: Recall, BTW 2021, Erststimme (Version A)",5666,7337
ZA10100_cross2025,q34ab,"Wahlentscheidung: Recall, BTW 2021, Erststimme (Version B)",5666,7337
ZA10100_cross2025,q34ba,"Wahlentscheidung: Recall, BTW 2021, Zweitstimme (Version A)",5647,7337
ZA10100_cross2025,q34bb,"Wahlentscheidung: Recall, BTW 2021, Zweitstimme (Version B)",5647,7337
ZA10100_cross2025,q117,"Einstellungen: Unterschied, wer regiert",7314,7337
ZA10100_cross2025,q118,"Einstellungen: Unterschied, was man waehlt",7132,7337
ZA10100_cross2025,q141,Parteien: Interessenvertretung,6447,7337
ZA10100_cross2025,q142a,"Parteien: Interessenvertretung, welche (Version A)",5136,7337
ZA10100_cross2025,q142b,"Parteien: Interessenvertretung, welche (Version B)",5136,7337
ZA10100_cross2025,q17d,"Parteien: Skalometer, SPD",7167,7337
ZA10100_cross2025,q17b,"Parteien: Skalometer, CDU",7176,7337
ZA10100_cross2025,q17c,"Parteien: Skalometer, CSU",7076,7337
ZA10100_cross2025,q17f,"Parteien: Skalometer, GRUENE",7122,7337
ZA10100_cross2025,q17e,"Parteien: Skalometer, FDP",7073,7337
ZA10100_cross2025,q17h,"Parteien: Skalometer, AfD",7112,7337
ZA10100_cross2025,q17g,"Parteien: Skalometer, DIE LINKE",7079,7337
ZA10100_cross2025,q17m,"Parteien: Skalometer, BSW",7013,7337
ZA10100_cross2025,q18a,"Spitzenpolitiker:in: Skalometer, O. Scholz",7218,7337
ZA10100_cross2025,q18b,"Spitzenpolitiker:in: Skalometer, F. Merz",7196,7337
ZA10100_cross2025,q18c,"Spitzenpolitiker:in: Skalometer, R. Habeck",7144,7337
ZA10100_cross2025,q18d,"Spitzenpolitiker:in: Skalometer, Ch. Lindner",7149,7337
ZA10100_cross2025,q18e,"Spitzenpolitiker:in: Skalometer, A. Weidel",7181,7337
ZA10100_cross2025,q18f,"Spitzenpolitiker:in: Skalometer, J. van Aken",5351,7337
ZA10100_cross2025,q18g,"Spitzenpolitiker:in: Skalometer, S. Wagenknecht",7150,7337
ZA10100_cross2025,q35d,"Parteien: Links-Rechts-Einstufung, SPD",6853,7337
ZA10100_cross2025,q35b,"Parteien: Links-Rechts-Einstufung, CDU",6861,7337
ZA10100_cross2025,q35c,"Parteien: Links-Rechts-Einstufung, CSU",6758,7337
ZA10100_cross2025,q35f,"Parteien: Links-Rechts-Einstufung, GRUENE",6777,7337
ZA10100_cross2025,q35e,"Parteien: Links-Rechts-Einstufung, FDP",6659,7337
ZA10100_cross2025,q35h,"Parteien: Links-Rechts-Einstufung, AfD",6878,7337
ZA10100_cross2025,q35g,"Parteien: Links-Rechts-Einstufung, DIE LINKE",6849,7337
ZA10100_cross2025,q35m,"Parteien: Links-Rechts-Einstufung, BSW",6423,7337
ZA10100_cross2025,q37,Links-Rechts-Einstufung: Ego,6981,7337
ZA10100_cross2025,q119,Demokratie: Zufriedenheit (4er Skala),7320,7337
ZA10100_cross2025,q120,Parteineigung,7291,7337
ZA10100_cross2025,q121,Parteineigung: Nachfrage,4490,7337
ZA10100_cross2025,q122a,Parteineigung: Partei (Version A),5276,7337
ZA10100_cross2025,q122b,Parteineigung: Partei (Version B),5276,7337
ZA10100_cross2025,q123,Parteineigung: Staerke,5273,7337
ZA10100_cross2025,q39d,"Positionsissue: Steuern vs. Sozialleistungen, SPD",6071,7337
ZA10100_cross2025,q39b,"Positionsissue: Steuern vs. Sozialleistungen, CDU",6110,7337
ZA10100_cross2025,q39c,"Positionsissue: Steuern vs. Sozialleistungen, CSU",5887,7337
ZA10100_cross2025,q39f,"Positionsissue: Steuern vs. Sozialleistungen, GRUENE",5834,7337
ZA10100_cross2025,q39e,"Positionsissue: Steuern vs. Sozialleistungen, FDP",5777,7337
ZA10100_cross2025,q39h,"Positionsissue: Steuern vs. Sozialleistungen, AfD",5443,7337
ZA10100_cross2025,q39g,"Positionsissue: Steuern vs. Sozialleistungen, DIE LINKE",5684,7337
ZA10100_cross2025,q39m,"Positionsissue: Steuern vs. Sozialleistungen, BSW",4679,7337
ZA10100_cross2025,q40,"Positionsissue: Steuern vs. Sozialleistungen, Ego",7197,7337
ZA10100_cross2025,q41,"Positionsissue: Steuern vs. Sozialleistungen, Salienz",7303,7337
ZA10100_cross2025,q42d,"Positionsissue: Zuwanderung, SPD",6650,7337
ZA10100_cross2025,q42b,"Positionsissue: Zuwanderung, CDU",6771,7337
ZA10100_cross2025,q42c,"Positionsissue: Zuwanderung, CSU",6596,7337
ZA10100_cross2025,q42f,"Positionsissue: Zuwanderung, GRUENE",6537,7337
ZA10100_cross2025,q42e,"Positionsissue: Zuwanderung, FDP",5989,7337
ZA10100_cross2025,q42h,"Positionsissue: Zuwanderung, AfD",6849,7337
ZA10100_cross2025,q42g,"Positionsissue: Zuwanderung, DIE LINKE",6158,7337
ZA10100_cross2025,q42m,"Positionsissue: Zuwanderung, BSW",5533,7337
ZA10100_cross2025,q43,"Positionsissue: Zuwanderung, Ego",7251,7337
ZA10100_cross2025,q44,"Positionsissue: Zuwanderung, Salienz",7308,7337
ZA10100_cross2025,q47d,"Positionsissue: Klimawandel, SPD",6413,7337
ZA10100_cross2025,q47b,"Positionsissue: Klimawandel, CDU",6528,7337
ZA10100_cross2025,q47c,"Positionsissue: Klimawandel, CSU",6368,7337
ZA10100_cross2025,q47f,"Positionsissue: Klimawandel, GRUENE",6694,7337
ZA10100_cross2025,q47e,"Positionsissue: Klimawandel, FDP",6139,7337
ZA10100_cross2025,q47h,"Positionsissue: Klimawandel, AfD",6144,7337
ZA10100_cross2025,q47g,"Positionsissue: Klimawandel, DIE LINKE",5564,7337
ZA10100_cross2025,q47m,"Positionsissue: Klimawandel, BSW",4741,7337
ZA10100_cross2025,q48,"Positionsissue: Klimawandel, Ego",7253,7337
ZA10100_cross2025,q49,"Positionsissue: Klimawandel, Salienz",7299,7337
ZA10100_cross2025,q128d,"Parteikontakt: Wahlveranstaltungen, SPD",7305,7337
ZA10100_cross2025,q128a,"Parteikontakt: Wahlveranstaltungen, CDU/DSU",7305,7337
ZA10100_cross2025,q128f,"Parteikontakt: Wahlveranstaltungen, GRUENE",7305,7337
ZA10100_cross2025,q128e,"Parteikontakt: Wahlveranstaltungen, FDP",7305,7337
ZA10100_cross2025,q128h,"Parteikontakt: Wahlveranstaltungen, AfD",7305,7337
ZA10100_cross2025,q128g,"Parteikontakt: Wahlveranstaltungen, DIE LINKE",7304,7337
ZA10100_cross2025,q128m,"Parteikontakt: Wahlveranstaltungen, BSW",7305,7337
ZA10100_cross2025,q128x,"Parteikontakt: Wahlveranstaltungen, andere",7304,7337
ZA10100_cross2025,q131d,"Parteikontakt: Informationsmaterial, SPD",7265,7337
ZA10100_cross2025,q131a,"Parteikontakt: Informationsmaterial, CDU/CSU",7266,7337
ZA10100_cross2025,q131f,"Parteikontakt: Informationsmaterial, GRUENE",7265,7337
ZA10100_cross2025,q131e,"Parteikontakt: Informationsmaterial, FDP",7266,7337
ZA10100_cross2025,q131h,"Parteikontakt: Informationsmaterial, AfD",7265,7337
ZA10100_cross2025,q131g,"Parteikontakt: Informationsmaterial, DIE LINKE",7266,7337
ZA10100_cross2025,q131m,"Parteikontakt: Informationsmaterial, BSW",7266,7337
ZA10100_cross2025,q131x,"Parteikontakt: Informationsmaterial, andere",7266,7337
ZA10100_cross2025,q132d,"Parteikontakt: Informationsmaterial, Kandidat:in, SPD",2031,7337
ZA10100_cross2025,q132a,"Parteikontakt: Informationsmaterial, Kandidat:in, CDU/CSU",2128,7337
ZA10100_cross2025,q132f,"Parteikontakt: Informationsmaterial, Kandidat:in, GRUENE",1648,7337
ZA10100_cross2025,q132e,"Parteikontakt: Informationsmaterial, Kandidat:in, FDP",885,7337
ZA10100_cross2025,q132h,"Parteikontakt: Informationsmaterial, Kandidat:in, AfD",1677,7337
ZA10100_cross2025,q132g,"Parteikontakt: Informationsmaterial, Kandidat:in, DIE LINKE",1195,7337
ZA10100_cross2025,q132m,"Parteikontakt: Informationsmaterial, Kandidat:in, BSW",813,7337
ZA10100_cross2025,q132x,"Parteikontakt: Informationsmaterial, Kandidat:in, andere",231,7337
ZA10100_cross2025,q134d,"Parteikontakt: Plakate, SPD",7293,7337
ZA10100_cross2025,q134a,"Parteikontakt: Plakate, CDU/CSU",7292,7337
ZA10100_cross2025,q134f,"Parteikontakt: Plakate, GRUENE",7293,7337
ZA10100_cross2025,q134e,"Parteikontakt: Plakate, FDP",7293,7337
ZA10100_cross2025,q134h,"Parteikontakt: Plakate, AfD",7293,7337
ZA10100_cross2025,q134g,"Parteikontakt: Plakate, DIE LINKE",7293,7337
ZA10100_cross2025,q134m,"Parteikontakt: Plakate, BSW",7293,7337
ZA10100_cross2025,q134x,"Parteikontakt: Plakate, andere",7292,7337
ZA10100_cross2025,q136d,"Parteikontakt: Strassenwahlkampf, SPD",7270,7337
ZA10100_cross2025,q136a,"Parteikontakt: Strassenwahlkampf, CDU/CSU",7270,7337
ZA10100_cross2025,q136f,"Parteikontakt: Strassenwahlkampf, GRUENE",7270,7337
ZA10100_cross2025,q136e,"Parteikontakt: Strassenwahlkampf, FDP",7270,7337
ZA10100_cross2025,q136h,"Parteikontakt: Strassenwahlkampf, AfD",7270,7337
ZA10100_cross2025,q136g,"Parteikontakt: Strassenwahlkampf, DIE LINKE",7270,7337
ZA10100_cross2025,q136m,"Parteikontakt: Strassenwahlkampf, BSW",7270,7337
ZA10100_cross2025,q136x,"Parteikontakt: Strassenwahlkampf, andere",7270,7337
ZA10100_cross2025,q137d,"Parteikontakt: Werbesendungen, SPD",7290,7337
ZA10100_cross2025,q137a,"Parteikontakt: Werbesendungen, CDU/CSU",7290,7337
ZA10100_cross2025,q137f,"Parteikontakt: Werbesendungen, GRUENE",7290,7337
ZA10100_cross2025,q137e,"Parteikontakt: Werbesendungen, FDP",7290,7337
ZA10100_cross2025,q137h,"Parteikontakt: Werbesendungen, AfD",7290,7337
ZA10100_cross2025,q137g,"Parteikontakt: Werbesendungen, DIE LINKE",7290,7337
ZA10100_cross2025,q137m,"Parteikontakt: Werbesendungen, BSW",7290,7337
ZA10100_cross2025,q137x,"Parteikontakt: Werbesendungen, andere",7291,7337
ZA10100_cross2025,q138d,"Parteikontakt: direkter Kontakt, SPD",7296,7337
ZA10100_cross2025,q138a,"Parteikontakt: direkter Kontakt, CDU/CSU",7295,7337
ZA10100_cross2025,q138f,"Parteikontakt: direkter Kontakt, GRUENE",7296,7337
ZA10100_cross2025,q138e,"Parteikontakt: direkter Kontakt, FDP",7296,7337
ZA10100_cross2025,q138h,"Parteikontakt: direkter Kontakt, AfD",7296,7337
ZA10100_cross2025,q138g,"Parteikontakt: direkter Kontakt, DIE LINKE",7296,7337
ZA10100_cross2025,q138m,"Parteikontakt: direkter Kontakt, BSW",7296,7337
ZA10100_cross2025,q138x,"Parteikontakt: direkter Kontakt, andere",7296,7337
ZA10100_cross2025,q139d,"Parteikontakt: soziale Netzwerke, SPD",7275,7337
ZA10100_cross2025,q139a,"Parteikontakt: soziale Netzwerke, CDU/CSU",7275,7337
ZA10100_cross2025,q139f,"Parteikontakt: soziale Netzwerke, GRUENE",7275,7337
ZA10100_cross2025,q139e,"Parteikontakt: soziale Netzwerke, FDP",7275,7337
ZA10100_cross2025,q139h,"Parteikontakt: soziale Netzwerke, AfD",7275,7337
ZA10100_cross2025,q139g,"Parteikontakt: soziale Netzwerke, DIE LINKE",7275,7337
ZA10100_cross2025,q139m,"Parteikontakt: soziale Netzwerke, BSW",7275,7337
ZA10100_cross2025,q139x,"Parteikontakt: soziale Netzwerke, andere",7274,7337
ZA10100_cross2025,q61d,"Wahlkreiskandidierende: Wahlkampffuehrung, SPD",3788,7337
ZA10100_cross2025,q61a,"Wahlkreiskandidierende: Wahlkampffuehrung, CDU/CSU",4107,7337
ZA10100_cross2025,q61f,"Wahlkreiskandidierende: Wahlkampffuehrung, GRUENE",3518,7337
ZA10100_cross2025,q61e,"Wahlkreiskandidierende: Wahlkampffuehrung, FDP",2946,7337
ZA10100_cross2025,q61h,"Wahlkreiskandidierende: Wahlkampffuehrung, AfD",3592,7337
ZA10100_cross2025,q61g,"Wahlkreiskandidierende: Wahlkampffuehrung, DIE LINKE",3081,7337
ZA10100_cross2025,q61m,"Wahlkreiskandidierende: Wahlkampffuehrung, BSW",2942,7337
ZA10100_cross2025,q1,Politisches Interesse,7315,7337
ZA10100_cross2025,q125a,"Einstellungen: Out-Groups, Minderheiten sollen sich anpassen",7281,7337
ZA10100_cross2025,q125b,"Einstellungen: Out-Groups, Wille der Mehrheit hat Vorrang",7244,7337
ZA10100_cross2025,q125c,"Einstellungen: Out-Groups, Immigration gut fuer Wirtschaft",7280,7337
ZA10100_cross2025,q125d,"Einstellungen: Out-Groups, deutsche Kultur durch Immigration bedroht",7277,7337
ZA10100_cross2025,q125e,"Einstellungen: Out-Groups, Immigration erhoeht Kriminalitaet in BRD",7290,7337
ZA10100_cross2025,q27f,"Einstellungen: Issuebatterie I, europ. Einigung vorantreiben",7265,7337
ZA10100_cross2025,q27g,"Einstellungen: Issuebatterie I, Massnahmen zur Gleichstellung zu weit",7278,7337
ZA10100_cross2025,q27h,"Einstellungen: Issuebatterie I, Abgaben auf fossile Brennstoffe erhoehen",7279,7337
ZA10100_cross2025,q27i,"Einstellungen: Issuebatterie I, Mietpreise staerker regulieren",7285,7337
ZA10100_cross2025,q27j,"Einstellungen: Issuebatterie I, Schuldenbremse lockern",7273,7337
ZA10100_cross2025,q126a,"Nat. Identitaet: Symb. Grenzen, in D geboren",7286,7337
ZA10100_cross2025,q126b,"Nat. Identitaet: Symb. Grenzen, dt. Vorfahren haben",7271,7337
ZA10100_cross2025,q126c,"Nat. Identitaet: Symb. Grenzen, deutsch sprechen",7287,7337
ZA10100_cross2025,q126d,"Nat. Identitaet: Symb. Grenzen, an dt. Traditionen halten",7285,7337
ZA10100_cross2025,q27a,"Einstellungen: Issuebatterie II, Anpassung an deutsche Kultur",7300,7337
ZA10100_cross2025,q27b,"Einstellungen: Issuebatterie II, gendergerechte Sprache sinnvoll",7291,7337
ZA10100_cross2025,q27c,"Einstellungen: Issuebatterie II, Staat aus Wirtschaft heraushalten",7286,7337
ZA10100_cross2025,q27d,"Einstellungen: Issuebatterie II, Einkommensunterschiede verringern",7279,7337
ZA10100_cross2025,q27e,"Einstellungen: Issuebatterie II, Waffenlieferung an UKR beenden",7284,7337
ZA10100_cross2025,q154d,"Affektive Polarisierung: Waehler:innen, SPD",7135,7337
ZA10100_cross2025,q154b,"Affektive Polarisierung: Waehler:innen, CDU",7140,7337
ZA10100_cross2025,q154c,"Affektive Polarisierung: Waehler:innen, CSU",7118,7337
ZA10100_cross2025,q154f,"Affektive Polarisierung: Waehler:innen, GRUENE",7137,7337
ZA10100_cross2025,q154e,"Affektive Polarisierung: Waehler:innen, FDP",7107,7337
ZA10100_cross2025,q154h,"Affektive Polarisierung: Waehler:innen, AfD",7139,7337
ZA10100_cross2025,q154g,"Affektive Polarisierung: Waehler:innen, DIE LINKE",7117,7337
ZA10100_cross2025,q154m,"Affektive Polarisierung: Waehler:innen, BSW",7115,7337
ZA10100_cross2025,q50a,"Einstellungen: Politik allgemein, pol. Fragen verstaendlich",7280,7337
ZA10100_cross2025,q50b,"Einstellungen: Politik allgemein, Parteien wollen nur Stimmen",7277,7337
ZA10100_cross2025,q50c,"Einstellungen: Politik allgemein, Probleme zu kompliziert",7281,7337
ZA10100_cross2025,q50d,"Einstellungen: Politik allgemein, Waehlen ist Buergerpflicht",7291,7337
ZA10100_cross2025,q50e,"Einstellungen: Politik allgemein, Sozialismus gute Idee",7224,7337
ZA10100_cross2025,q50f,"Einstellungen: Politik allgemein, Unuebersichtlichkeit der Welt",7279,7337
ZA10100_cross2025,q50g,"Einstellungen: Politik allgemein, Beteiligung an politischen Gespraechen",7291,7337
ZA10100_cross2025,q51a,"Einstellungen: Populismus, Kompromiss ist Prinzipienverrat",7232,7337
ZA10100_cross2025,q51b,"Einstellungen: Populismus, Volk soll entscheiden",7260,7337
ZA10100_cross2025,q51c,"Einstellungen: Populismus, Abgeordnete Volkswillen umsetzen",7248,7337
ZA10100_cross2025,q51d,"Einstellungen: Populismus, Unterschiede zw. Eliten/Volk",7111,7337
ZA10100_cross2025,q51e,"Einstellungen: Populismus, Buerger:innen bessere Vertretung",7225,7337
ZA10100_cross2025,q51f,"Einstellungen: Populismus, Politiker:innen reden zu viel",7243,7337
ZA10100_cross2025,q51g,"Einstellungen: Populismus, starke:r Fuehrer:in gut fuer Deutschland",7251,7337
ZA10100_cross2025,q51h,"Einstellungen: Populismus, Gerichte sollten Regierung stoppen koennen",7247,7337
ZA10100_cross2025,q51i,"Einstellungen: Populismus, Demokratie immer vorzuziehen",7250,7337
ZA10100_cross2025,q166a,"Einstellungen: Rechtsextremismus, starke voelkische Partei noetig",7244,7337
ZA10100_cross2025,q166b,"Einstellungen: Rechtsextremismus, starkes Nationalgefuehl",7239,7337
ZA10100_cross2025,q166c,"Einstellungen: Rechtsextremismus, BRD ueberfremdet",7267,7337
ZA10100_cross2025,q166d,"Einstellungen: Rechtsextremismus, juedischer Einfluss zu gross",7241,7337
ZA10100_cross2025,q166e,"Einstellungen: Rechtsextremismus, Staerkerer durchsetzen",7254,7337
ZA10100_cross2025,q166f,"Einstellungen: Rechtsextremismus, NS-Verbrechen uebertrieben",7240,7337
ZA10100_cross2025,q167a,"Einstellungen: liberale Demokratie, kritische Medien zensieren",7254,7337
ZA10100_cross2025,q167b,"Einstellungen: liberale Demokratie, Ein-Parteien-System",7253,7337
ZA10100_cross2025,q167c,"Einstellungen: liberale Demokratie, allg. Wahlrecht infrage stellen",7243,7337
ZA10100_cross2025,q167d,"Einstellungen: liberale Demokratie, Wahlrecht eigennuetzig aendern",7212,7337
ZA10100_cross2025,q167e,"Einstellungen: liberale Demokratie, pol. Gerichtsurteile ignorieren",7202,7337
ZA10100_cross2025,q167f,"Einstellungen: liberale Demokratie, Bundestag uebergehen",7206,7337
ZA10100_cross2025,q167g,"Einstellungen: liberale Demokratie, Gesetze beugen",7215,7337
ZA10100_cross2025,q27k,"Einstellungen: Issuebatterie III, Buergergeld senken",7269,7337
ZA10100_cross2025,q27l,"Einstellungen: Issuebatterie III, Besserverdienende mehr Steuern bezahlen",7268,7337
ZA10100_cross2025,q27m,"Einstellungen: Issuebatterie III, Tempolimit auf Autobahnen",7277,7337
ZA10100_cross2025,q27q,"Einstellungen: Issuebatterie III, Ablehnung jued. Personen wg. Politik IL",7158,7337
ZA10100_cross2025,q63a,Repraesentationsnorm: eigene Waehler:innen (Ranking),6211,7337
ZA10100_cross2025,q63b,Repraesentationsnorm: alle Buerger:innen im WK (Ranking),6192,7337
ZA10100_cross2025,q63c,Repraesentationsnorm: alle Waehler:innen der eigenen Partei (Ranking),6083,7337
ZA10100_cross2025,q63d,Repraesentationsnorm: bestimmte gesellschaftliche Gruppe (Ranking),5999,7337
ZA10100_cross2025,q63e,Repraesentationsnorm: alle Buerger:innen der Bundesrepublik (Ranking),6305,7337
ZA10100_cross2025,q156a,"Regierungsfuehrung: Personengruppen, Unternehmer:innen",7206,7337
ZA10100_cross2025,q156b,"Regierungsfuehrung: Personengruppen, Expert:innen",7211,7337
ZA10100_cross2025,q156c,"Regierungsfuehrung: Personengruppen, Buerger:innen",7223,7337
ZA10100_cross2025,q145d,"Wahlabsicht: Propensity to Vote, BTW 2025, SPD",7098,7337
ZA10100_cross2025,q145b,"Wahlabsicht: Propensity to Vote, BTW 2025, CDU",7100,7337
ZA10100_cross2025,q145c,"Wahalbsicht: Propensity to Vote, BTW 2025, CSU",7004,7337
ZA10100_cross2025,q145f,"Wahlabsicht: Propensity to Vote, BTW 2025, GRUENE",7091,7337
ZA10100_cross2025,q145e,"Wahlabsicht: Propensity to Vote, BTW 2025, FDP",7059,7337
ZA10100_cross2025,q145h,"Wahlabsicht: Propensity to Vote, BTW 2025, AfD",7113,7337
ZA10100_cross2025,q145g,"Wahlabsicht: Propensity to Vote, BTW 2025, DIE LINKE",7077,7337
ZA10100_cross2025,q145m,"Wahlabsicht: Propensity to Vote, BTW 2025, BSW",7007,7337
ZA10100_cross2025,q27n,"Einstellungen: Issuebatterie IV, Wahlberechtigung bei BTW ab 16",7288,7337
ZA10100_cross2025,q27o,"Einstellungen: Issuebatterie IV, IL mit Waffen unterstuetzen",7222,7337
ZA10100_cross2025,q27p,"Einstellungen: Issuebatterie IV, Brandmauer beibehalten",7235,7337
ZA10100_cross2025,q73a,"Partizipation: offline, Buerger:inneninitiative",7181,7337
ZA10100_cross2025,q73b,"Partizipation: offline, Demonstration",7172,7337
ZA10100_cross2025,q73c,"Partizipation: offline, Unterschriftensammlung",7149,7337
ZA10100_cross2025,q73d,"Partizipation: offline, Spenden",7176,7337
ZA10100_cross2025,q73e,"Partizipation: offline, Konsum/Boykott",7166,7337
ZA10100_cross2025,q73f,"Partizipation: offline, politische Leser:innenbriefe",7183,7337
ZA10100_cross2025,q73g,"Partizipation: offline, Versammlungen",7184,7337
ZA10100_cross2025,q73h,"Partizipation: offline, Wahlkampfunterstuetzung",7184,7337
ZA10100_cross2025,q74a,Partizipation: Partei (Version A),369,7337
ZA10100_cross2025,q74b,Partizipation: Partei (Version B),369,7337
ZA10100_cross2025,q72a,"Partizipation: online, Postings, Twitter",7203,7337
ZA10100_cross2025,q72b,"Partizipation: online, Beitraege geteilt",7202,7337
ZA10100_cross2025,q72c,"Partizipation: online, Likes",7202,7337
ZA10100_cross2025,q72d,"Partizipation: online, Kommentare",7202,7337
ZA10100_cross2025,q72e,"Partizipation: online, Blogbeitrag",7203,7337
ZA10100_cross2025,q72f,"Partizipation: online, Onlinepetition",7203,7337
ZA10100_cross2025,q72g,"Partizipation: online, Buergerplattform",7203,7337
ZA10100_cross2025,q72h,"Partizipation: online, Politiker:innen kontaktiert",7203,7337
ZA10100_cross2025,q75a,Parteiidentifikation (Version A),7133,7337
ZA10100_cross2025,q75b,Parteiidentifikation (Version B),7133,7337
ZA10100_cross2025,q76,Parteiidentifikation: Staerke,5795,7337
ZA10100_cross2025,q77,Parteiidentifikation: Dauer,5717,7337
ZA10100_cross2025,q103a,Parteiidentifikation: Vater (Version A),5077,7337
ZA10100_cross2025,q103b,Parteiidentifikation: Vater (Version B),5077,7337
ZA10100_cross2025,q104a,Parteiidentifikation: Mutter (Version A),5058,7337
ZA10100_cross2025,q104b,Parteiidentifikation: Mutter (Version B),5058,7337
ZA10100_cross2025,q152,"Einstellungen: Frauenanteil, Parlament",6986,7337
ZA10100_cross2025,q153a,"Politiker:innen: geschlechtsspez. Eignung, Gesundheit",7156,7337
ZA10100_cross2025,q153b,"Politiker:innen: geschlechtsspez. Eignung, Wirtschaft",7148,7337
ZA10100_cross2025,q155,Gesundheitsversorgung: Bewertung,7219,7337
ZA10100_cross2025,q110,Bundesregierung: Arbeit,6779,7337
ZA10100_cross2025,q53d,"Regierungsparteien: Leistung, SPD",7032,7337
ZA10100_cross2025,q53f,"Regierungsparteien: Leistung, GRUENE",7015,7337
ZA10100_cross2025,q53e,"Regierungsparteien: Leistung, FDP",6973,7337
ZA10100_cross2025,q54b,"Oppositionsparteien: Leistung, CDU",6971,7337
ZA10100_cross2025,q54c,"Oppositionsparteien: Leistung, CSU",6852,7337
ZA10100_cross2025,q54h,"Oppositionsparteien: Leistung, AfD",6914,7337
ZA10100_cross2025,q54g,"Oppositionsparteien: Leistung, DIE LINKE",6862,7337
ZA10100_cross2025,q55,Kanzler:in: Leistung,7114,7337
ZA10100_cross2025,q56a,"Bundesregierung: Arbeit, speziell, Bekaempfung Klimawandel",6914,7337
ZA10100_cross2025,q56b,"Bundesregierung: Arbeit, speziell, Zuwanderung nach Deutschland",7009,7337
ZA10100_cross2025,q56c,"Bundesregierung: Arbeit, speziell, Umgang Krieg in UKR",7010,7337
ZA10100_cross2025,q56d,"Bundesregierung: Arbeit, speziell, Modernisierung Infrastruktur",6919,7337
ZA10100_cross2025,q56e,"Bundesregierung: Arbeit, speziell, Foerderung Wirtschaft",6897,7337
ZA10100_cross2025,q56f,"Bundesregierung: Arbeit, speziell, steigende Preise",7013,7337
ZA10100_cross2025,q163,"Bundesregierung: Arbeit, speziell, Corona-Pandemie",7159,7337
ZA10100_cross2025,q164a,"Corona: Auswirkungen, Zusammenhalt",7186,7337
ZA10100_cross2025,q164b,"Corona: Auswirkungen, Demokratie",7145,7337
ZA10100_cross2025,q164c,"Corona: Auswirkungen, eigene wirtschaftliche Lage",7175,7337
ZA10100_cross2025,q124,Pol. Mediennutzung: Aufmerksamkeit,7227,7337
ZA10100_cross2025,q64,"Pol. Mediennutzung: Informationsquelle, wichtigste",6585,7337
ZA10100_cross2025,q65,"TV-Nachrichten: Nutzung, Haeufigkeit, oeff.-rechtl. Sender",7206,7337
ZA10100_cross2025,q66,"TV-Nachrichten: Nutzung, Haeufigkeit, private Sender",7184,7337
ZA10100_cross2025,q67a,"Print: Nutzung, Haeufigkeit, BILD",6854,7337
ZA10100_cross2025,q67b,"Print: Nutzung, Haeufigkeit, FAZ",6768,7337
ZA10100_cross2025,q67c,"Print: Nutzung, Haeufigkeit, Welt",6751,7337
ZA10100_cross2025,q67d,"Print: Nutzung, Haeufigkeit, SZ",6791,7337
ZA10100_cross2025,q67e,"Print: Nutzung, Haeufigkeit, FR",6708,7337
ZA10100_cross2025,q67f,"Print: Nutzung, Haeufigkeit, taz",6658,7337
ZA10100_cross2025,q67g,"Print: Nutzung, Haeufigkeit, 1. lokale Tageszeitung",7052,7337
ZA10100_cross2025,q67h,"Print: Nutzung, Haeufigkeit, 2. lokale Tageszeitung",6594,7337
ZA10100_cross2025,q67i,"Print: Nutzung, Haeufigkeit, andere Tageszeitung",6561,7337
ZA10100_cross2025,q157,"Radio-Nachrichten: Nutzung, Haeufigkeit",7171,7337
ZA10100_cross2025,q68,"Internet: Nutzung, Durchschnitt",6831,7337
ZA10100_cross2025,q69,"Internet: Nutzung, Nachrichten, Haeufigkeit",6593,7337
ZA10100_cross2025,q70a,"Soziale Medien: Nutzung, WhatsApp",6599,7337
ZA10100_cross2025,q70b,"Soziale Medien: Nutzung, Facebook",6602,7337
ZA10100_cross2025,q70c,"Soziale Medien: Nutzung, Instagram",6603,7337
ZA10100_cross2025,q70d,"Soziale Medien: Nutzung, YouTube",6603,7337
ZA10100_cross2025,q70e,"Soziale Medien: Nutzung, X/Twitter",6603,7337
ZA10100_cross2025,q70f,"Soziale Medien: Nutzung, Snapchat",6603,7337
ZA10100_cross2025,q70g,"Soziale Medien: Nutzung, TikTok",6603,7337
ZA10100_cross2025,q70h,"Soziale Medien: Nutzung, Telegram",6603,7337
ZA10100_cross2025,q70i,"Soziale Medien: Nutzung, XING",6603,7337
ZA10100_cross2025,q70j,"Soziale Medien: Nutzung, LinkedIn",6603,7337
ZA10100_cross2025,q70k,"Soziale Medien: Nutzung, Twitch",6603,7337
ZA10100_cross2025,q70l,"Soziale Medien: Nutzung, Discord",6603,7337
ZA10100_cross2025,q70m,"Soziale Medien: Nutzung, BlueSky",6603,7337
ZA10100_cross2025,q70n,"Soziale Medien: Nutzung, sonstige",6603,7337
ZA10100_cross2025,q70x,"Soziale Medien: Nutzung, keine",6599,7337
ZA10100_cross2025,q71a,"Soziale Medien: Nutzung, politisch, WhatsApp",5639,7337
ZA10100_cross2025,q71b,"Soziale Medien: Nutzung, politisch, Facebook",2008,7337
ZA10100_cross2025,q71c,"Soziale Medien: Nutzung, politisch, Instagram",2556,7337
ZA10100_cross2025,q71d,"Soziale Medien: Nutzung, politisch, YouTube",3791,7337
ZA10100_cross2025,q71e,"Soziale Medien: Nutzung, politisch, X/Twitter",423,7337
ZA10100_cross2025,q71f,"Soziale Medien: Nutzung, politisch, Snapchat",538,7337
ZA10100_cross2025,q71g,"Soziale Medien: Nutzung, politisch, TikTok",837,7337
ZA10100_cross2025,q71h,"Soziale Medien: Nutzung, politisch, Telegram",590,7337
ZA10100_cross2025,q71i,"Soziale Medien: Nutzung, politisch, XING",412,7337
ZA10100_cross2025,q71j,"Soziale Medien: Nutzung, politisch, LinkedIn",842,7337
ZA10100_cross2025,q71k,"Soziale Medien: Nutzung, politisch, Twitch",309,7337
ZA10100_cross2025,q71l,"Soziale Medien: Nutzung, politisch, Discord",430,7337
ZA10100_cross2025,q71m,"Soziale Medien: Nutzung, politisch, BlueSky",99,7337
ZA10100_cross2025,q71n,"Soziale Medien: Nutzung, politisch, sonstige",359,7337
ZA10100_cross2025,q71x,"Soziale Medien: Nutzung, politisch, keine",6117,7337
ZA10100_cross2025,q158,"Soziale Medien: Nutzung, politisch, Haeufigkeit",3314,7337
ZA10100_cross2025,q159,"Soziale Medien: Nutzung, politisch, Haeufigkeit pro Tag",702,7337
ZA10100_cross2025,q160d,"Soziale Medien: Parteienangebot, Nutzung, SPD",5644,7337
ZA10100_cross2025,q160a,"Soziale Medien: Parteienangebot, Nutzung, CDU/CSU",5604,7337
ZA10100_cross2025,q160f,"Soziale Medien: Parteienangebot, Nutzung, GRUENE",5604,7337
ZA10100_cross2025,q160e,"Soziale Medien: Parteienangebot, Nutzung, FDP",5604,7337
ZA10100_cross2025,q160h,"Soziale Medien: Parteienangebot, Nutzung, AfD",5604,7337
ZA10100_cross2025,q160g,"Soziale Medien: Parteienangebot, Nutzung, DIE LINKE",5604,7337
ZA10100_cross2025,q160m,"Soziale Medien: Parteienangebot, Nutzung, BSW",5604,7337
ZA10100_cross2025,q160n,"Soziale Medien: Parteienangebot, Nutzung, andere",5604,7337
ZA10100_cross2025,q160v,"Soziale Medien: Parteienangebot, Nutzung, keine",5644,7337
ZA10100_cross2025,q89,Persoenliche Netzwerke: Haeufigkeit politische Gespraeche,7163,7337
ZA10100_cross2025,q90,Persoenliche Netzwerke: Netzwerkgroesse,4680,7337
ZA10100_cross2025,q91,"Persoenliche Netzwerke: Person 1, Beziehung (A)",174,7337
ZA10100_cross2025,q92,"Persoenliche Netzwerke: Person 1, Beziehung (B)",5574,7337
ZA10100_cross2025,q93,"Persoenliche Netzwerke: Person 1, Meinungsverschiedenheiten",6185,7337
ZA10100_cross2025,q94a,"Persoenliche Netzwerke: Person 1, Wahlabsicht (Version A)",4648,7337
ZA10100_cross2025,q94b,"Persoenliche Netzwerke: Person 1, Wahlabsicht (Version B)",4648,7337
ZA10100_cross2025,q95,"Persoenliche Netzwerke: Person 2, Beziehung (A)",409,7337
ZA10100_cross2025,q96,"Persoenliche Netzwerke: Person 2, Beziehung (B)",5019,7337
ZA10100_cross2025,q97,"Persoenliche Netzwerke: Person 2, Meinungsverschiedenheiten",5682,7337
ZA10100_cross2025,q98a,"Persoenliche Netzwerke: Person 2, Wahlabsicht (Version A)",3910,7337
ZA10100_cross2025,q98b,"Persoenliche Netzwerke: Person 2, Wahlabsicht (Version B)",3910,7337
ZA10100_cross2025,q99,"Wahlbeteiligung: Nachbarschaft, BTW 2025",6247,7337
ZA10100_cross2025,q100,Gerechtigkeit: Gesellschaft,7153,7337
ZA10100_cross2025,q101,Gerechtigkeit: Entwicklung,7081,7337
ZA10100_cross2025,q102,Gerechtigkeit: Ego,7003,7337
ZA10100_cross2025,q161,Fairness: Gruppen,7015,7337
ZA10100_cross2025,q78,"Psychologische Konzepte: Vertrauen, allgemein",7112,7337
ZA10100_cross2025,q79a,"Vertrauen: Institutionen, Bundesregierung",7054,7337
ZA10100_cross2025,q79b,"Vertrauen: Institutionen, Bundestag",7029,7337
ZA10100_cross2025,q79c,"Vertrauen: Institutionen, Parteien",7029,7337
ZA10100_cross2025,q79d,"Vertrauen: Institutionen, Politiker:innen",7020,7337
ZA10100_cross2025,q79e,"Vertrauen: Institutionen, Polizei",7081,7337
ZA10100_cross2025,q79f,"Vertrauen: Institutionen, Justiz",7060,7337
ZA10100_cross2025,q79g,"Vertrauen: Institutionen, Wissenschaft",7033,7337
ZA10100_cross2025,q79h,"Vertrauen: Institutionen, soziale Medien",7048,7337
ZA10100_cross2025,q79i,"Vertrauen: Institutionen, oeffentlich-rechtlicher Rundfunk",7071,7337
ZA10100_cross2025,q170,Einstellungen: Pflichtjahr,7118,7337
ZA10100_cross2025,q162,Demokratie: Bewertung,7076,7337
ZA10100_cross2025,q13,"Wirtschaftliche Lage: aktuell, eigene",7165,7337
ZA10100_cross2025,q14,"Wirtschaftliche Lage: retrospektiv, eigene",7142,7337
ZA10100_cross2025,q15,"Wirtschaftliche Lage: Verantwortung, eigene",7108,7337
ZA10100_cross2025,q16,"Wirtschaftliche Lage: prospektiv, eigene",7098,7337
ZA10100_cross2025,q38a,"Psychologische Konzepte: Emotionen, Angst, Zuwanderung nach Deutschland",7120,7337
ZA10100_cross2025,q38b,"Psychologische Konzepte: Emotionen, Angst, Klimawandel",7104,7337
ZA10100_cross2025,q38c,"Psychologische Konzepte: Emotionen, Angst, Ausweitung R-UKR-Krieg nach BRD",7121,7337
ZA10100_cross2025,q38d,"Psychologische Konzepte: Emotionen, Angst, Globalisierung",7063,7337
ZA10100_cross2025,q38e,"Psychologische Konzepte: Emotionen, Angst, wirtschaftliche Lage",7101,7337
ZA10100_cross2025,q38f,"Psychologische Konzepte: Emotionen, Angst, steigende Preise",7133,7337
ZA10100_cross2025,q168,Psychologische Konzepte: Lebenszufriedenheit,7135,7337
ZA10100_cross2025,q169a,"Psychologische Konzepte: Emotionen, Einsamkeit, fehlende Gesellschaft",7138,7337
ZA10100_cross2025,q169b,"Psychologische Konzepte: Emotionen, Einsamkeit, Ausgeschlossenheit",7116,7337
ZA10100_cross2025,q169c,"Psychologische Konzepte: Emotionen, Einsamkeit, Isolation",7120,7337
ZA10100_cross2025,d3,Haushalt: Groesse,7152,7337
ZA10100_cross2025,d4a,"Haushalt: Alter, 2. Person",5551,7337
ZA10100_cross2025,d4b,"Haushalt: Alter, 3. Person",2240,7337
ZA10100_cross2025,d4c,"Haushalt: Alter, 4. Person",1226,7337
ZA10100_cross2025,d4d,"Haushalt: Alter, 5. Person",320,7337
ZA10100_cross2025,d4e,"Haushalt: Alter, 6. Person",108,7337
ZA10100_cross2025,d5,Familienstand,7115,7337
ZA10100_cross2025,d6,Partner:in,2926,7337
ZA10100_cross2025,d7,Bildung: Schule,7100,7337
ZA10100_cross2025,d65,"Bildung: Schule, angestrebt",125,7337
ZA10100_cross2025,d8a,"Bildung: Beruf, berufl.-betriebl. Anlernzeit mit Abschlusszeugnis, keine Lehre",6997,7337
ZA10100_cross2025,d8b,"Bildung: Beruf, Abschluss Teilfacharbeiter:in",6998,7337
ZA10100_cross2025,d8c,"Bildung: Beruf, abgeschl. gewerbliche oder landwirtschaftliche Lehre",6998,7337
ZA10100_cross2025,d8d,"Bildung: Beruf, abgeschl. kaufmaennische Lehre",6998,7337
ZA10100_cross2025,d8e,"Bildung: Beruf, berufliches Praktikum, Volontariat",6997,7337
ZA10100_cross2025,d8f,"Bildung: Beruf, Berufsfachschulabschluss",6997,7337
ZA10100_cross2025,d8n,"Bildung: Beruf, Fachakademie-/Berufsakademieabschluss",6998,7337
ZA10100_cross2025,d8g,"Bildung: Beruf, Fachschulabschluss",6998,7337
ZA10100_cross2025,d8h,"Bildung: Beruf, Meister:in, Abschluss Techniker:in",6998,7337
ZA10100_cross2025,d8i,"Bildung: Beruf, Fachhochschulabschluss",6998,7337
ZA10100_cross2025,d8o,"Bildung: Beruf, Hochschulabschluss: Bachelor",6998,7337
ZA10100_cross2025,d8p,"Bildung: Beruf, Hochschulabschluss: Master, Diplom, Magister, Staatsexamen",6998,7337
ZA10100_cross2025,d8q,"Bildung: Beruf, Promotion",6998,7337
ZA10100_cross2025,d8l,"Bildung: Beruf, noch in beruflicher Ausbildung",6997,7337
ZA10100_cross2025,d8m,"Bildung: Beruf, keine abgeschlossene Ausbildung",6993,7337
ZA10100_cross2025,d8k,"Bildung: Beruf, anderer",6996,7337
ZA10100_cross2025,d9,Erwerbstaetigkeit: aktuell,7040,7337
ZA10100_cross2025,d10,Erwerbstaetigkeit: frueher,2808,7337
ZA10100_cross2025,d11,Beruf: aktuell,4102,7337
ZA10100_cross2025,d13,"Beruf: aktuell, Arbeitsverhaeltnis",3592,7337
ZA10100_cross2025,d14,"Beruf: aktuell, Aufsichtsfunktion",3611,7337
ZA10100_cross2025,d15,"Beruf: aktuell, Beschaeftigungssektor",3310,7337
ZA10100_cross2025,d16,"Beruf: aktuell, Wirtschaftssektor",4118,7337
ZA10100_cross2025,d17a,"Arbeitslosigkeit: vergangene 10 Jahre, Jahre",6691,7337
ZA10100_cross2025,d17b,"Arbeitslosigkeit: vergangene 10 Jahre, Monate",6691,7337
ZA10100_cross2025,d17c,"Arbeitslosigkeit: vergangene 10 Jahre, Wochen",6691,7337
ZA10100_cross2025,d18,Stellenverlust: Angst,3656,7337
ZA10100_cross2025,d19,Betriebsverlust: Angst,426,7337
ZA10100_cross2025,d20,Beruf: frueher,2228,7337
ZA10100_cross2025,d22,"Beruf: frueher, Aufsichtsfunktion",1867,7337
ZA10100_cross2025,d23,"Beruf: frueher, Beschaeftigungssektor",1663,7337
ZA10100_cross2025,d24,"Beruf: frueher, Wirtschaftssektor",2236,7337
ZA10100_cross2025,d25,"Bildung: Schule, Partner:in",4770,7337
ZA10100_cross2025,d26,"Erwerbstaetigkeit: aktuell, Partner:in",4785,7337
ZA10100_cross2025,d27,"Erwerbstaetigkeit: frueher, Partner:in",1760,7337
ZA10100_cross2025,d28,"Beruf: aktuell, Partner:in",2914,7337
ZA10100_cross2025,d30,"Beruf: aktuell, Aufsichtsfunktion, Partner:in",2455,7337
ZA10100_cross2025,d31,"Beruf: aktuell, Beschaeftigungssektor, Partner:in",2292,7337
ZA10100_cross2025,d32,"Beruf: aktuell, Wirtschaftssektor, Partner:in",2867,7337
ZA10100_cross2025,d33,"Beruf: frueher, Partner:in",1566,7337
ZA10100_cross2025,d35,"Beruf: frueher, Aufsichtsfunktion, Partner:in",1327,7337
ZA10100_cross2025,d36,"Beruf: frueher, Beschaeftigungssektor, Partner:in",1206,7337
ZA10100_cross2025,d37,"Beruf: frueher, Wirtschaftssektor, Partner:in",1542,7337
ZA10100_cross2025,d64ba,"Wahlentscheidung: Partner:in, BTW 2025, Zweitstimme (Version A)",3922,7337
ZA10100_cross2025,d64bb,"Wahlentscheidung: Partner:in, BTW 2025, Zweitstimme (Version B)",3922,7337
ZA10100_cross2025,d66,Geschlecht: Partner:in,5546,7337
ZA10100_cross2025,d69,Sexuelle Orientierung,6958,7337
ZA10100_cross2025,d38,"Schichtzugehoerigkeit: subjektiv, eigene",7017,7337
ZA10100_cross2025,q46a,"Abgehaengtheit: subjektiv, zu wenig Aufmerksamkeit fuer finanz. Lage",6960,7337
ZA10100_cross2025,q46b,"Abgehaengtheit: subjektiv, zu wenig Anerkennung fuer Arbeit",6912,7337
ZA10100_cross2025,q46c,"Abgehaengtheit: subjektiv, zu wenig Zugang zu grundlegender Infrastruktur",6910,7337
ZA10100_cross2025,q46d,"Abgehaengtheit: subjektiv, keine freie Meinungsaeusserung moeglich",6943,7337
ZA10100_cross2025,d70,Sozialer Status: subjektiv,6990,7337
ZA10100_cross2025,d39,Religionszugehoerigkeit,6779,7337
ZA10100_cross2025,d40,Gottesdiensthaeufigkeit,7018,7337
ZA10100_cross2025,d41,Religiositaet,7064,7337
ZA10100_cross2025,d42,"Staatsbuergerschaft: deutsch, seit Geburt",7100,7337
ZA10100_cross2025,d43,Geburtsland: Deutschland,7078,7337
ZA10100_cross2025,d44,Geburtsland: anderes Land,438,7337
ZA10100_cross2025,d45,Zuzug: Jahr,438,7337
ZA10100_cross2025,d46,Geburtsland: Bundesland,6563,7337
ZA10100_cross2025,d47,"Zuzug: Jahr, Ostdeutschland",183,7337
ZA10100_cross2025,d48,"Zuzug: Jahr, Westdeutschland",256,7337
ZA10100_cross2025,d49,"Geburtsland: Deutschland, Eltern",7006,7337
ZA10100_cross2025,d50,"Geburtsland: anderes Land, Vater",1256,7337
ZA10100_cross2025,d51,"Geburtsland: anderes Land, Mutter",1206,7337
ZA10100_cross2025,d57,"Haushalt: Sprache, deutsch",1825,7337
ZA10100_cross2025,d61a,"Mitgliedschaft: Organisation, Gewerkschaft",6390,7337
ZA10100_cross2025,d61b,"Mitgliedschaft: Organisation, Unternehmer-/Arbeitgeberverband",6046,7337
ZA10100_cross2025,d61c,"Mitgliedschaft: Organisation, Berufsvereinigung/-verband",6133,7337
ZA10100_cross2025,d61d,"Mitgliedschaft: Organisation, Bauern- bzw. Landwirtschaftsverband",5977,7337
ZA10100_cross2025,d61e,"Mitgliedschaft: Organisation, religioese/kirchliche Gruppe",6100,7337
ZA10100_cross2025,d61f,"Mitgliedschaft: Organisation, Sport-/Hobbyverein",6480,7337
ZA10100_cross2025,d61g,"Mitgliedschaft: Organisation, Umweltschutzgruppe",6059,7337
ZA10100_cross2025,d61h,"Mitgliedschaft: Organisation, globalisierungskritische Organisation",6017,7337
ZA10100_cross2025,d61j,"Mitgliedschaft: Organisation, Querdenker-Bewegung",6022,7337
ZA10100_cross2025,d61i,"Mitgliedschaft: Organisation, Partei",5401,7337
ZA10100_cross2025,d62,"Mitgliedschaft: Gewerkschaft, HH",5419,7337
ZA10100_cross2025,d63,Haushaltsnettoeinkommen,5936,7337
ZA10100_cross2025,wum6,Wohnort: Stadt-Land,7102,7337
ZA10100_cross2025,d67a,Regionale Verbundenheit: Wohnort,7079,7337
ZA10100_cross2025,d67b,Regionale Verbundenheit: Region,6983,7337
ZA10100_cross2025,d67c,Regionale Verbundenheit: Bundesland,6971,7337
ZA10100_cross2025,d67d,Regionale Verbundenheit: BRD,6997,7337
ZA10100_cross2025,d67e,Regionale Verbundenheit: EU,6966,7337
ZA10100_cross2025,wum7,Wohnumfeld: Gebaeude,7013,7337
ZA10100_cross2025,wum8,Wohnumfeld: Wohnverhaeltnis,6955,7337
ZA10100_cross2025,wum9,Wohnumfeld: Schicht,6696,7337
ZA10100_cross2025,int1,Interview: Bewertung Umfrage,6107,7337
ZA10100_cross2025,int3a,"Interview: Anwesenheit anderer Personen, allein",6073,7337
ZA10100_cross2025,int3b,"Interview: Anwesenheit anderer Personen, (Ehe-)Partner:in",6076,7337
ZA10100_cross2025,int3c,"Interview: Anwesenheit anderer Personen, Kinder",6092,7337
ZA10100_cross2025,int3d,"Interview: Anwesenheit anderer Personen, andere Familienangehoerige",6096,7337
ZA10100_cross2025,int3e,"Interview: Anwesenheit anderer Personen, sonstige Personen",6096,7337
ZA10100_cross2025,int4,Interview: Abstimmung mit anderen Personen,801,7337
ZA10100_cross2025,int5,Interview: Unterbrechung,1747,7337
ZA10101_rcs2025,za_nr,ZA-Studiennummer,8562,8562
ZA10101_rcs2025,version,GESIS Archiv Version,0,8562
ZA10101_rcs2025,doi,Digital Object Identifier,0,8562
ZA10101_rcs2025,field_start,Beginn Erhebungszeitraum,0,8562
ZA10101_rcs2025,field_end,Ende Erhebungszeitraum,0,8562
ZA10101_rcs2025,sample,Stichprobe,8562,8562
ZA10101_rcs2025,lfdn,Laufende Nummer,8562,8562
ZA10101_rcs2025,wave,Teilnahmestatus: Vorwahl/Ergaenzungswelle/Nachwahl,8562,8562
ZA10101_rcs2025,w_pre_ipf,"Sozial- und regionalstrukturelles Gewicht, Vorwahl, gesamt (MZ2023)",8562,8562
ZA10101_rcs2025,w_pre_ipf_east,"Sozial- und regionalstrukturelles Gewicht, Vorwahl, Ost (MZ2023)",1712,8562
ZA10101_rcs2025,w_pre_ipf_west,"Sozial- und regionalstrukturelles Gewicht, Vorwahl, West (MZ2023)",6850,8562
ZA10101_rcs2025,w_pre_sozw,"Soziodemographisches Gewicht, Vorwahl, Wochen (MZ2023)",8562,8562
ZA10101_rcs2025,w_pre_sozd,"Soziodemographisches Gewicht, Vorwahl, Tage (MZ2023)",8562,8562
ZA10101_rcs2025,w_pos_ipf,"Sozial- und regionalstrukturelles Gewicht, Nachwahl, gesamt (MZ2023)",7938,8562
ZA10101_rcs2025,w_pos_ipf_east,"Sozial- und regionalstrukturelles Gewicht, Nachwahl, Ost (MZ2023)",1582,8562
ZA10101_rcs2025,w_pos_ipf_west,"Sozial- und regionalstrukturelles Gewicht, Nachwahl, West (MZ2023)",6850,8562
ZA10101_rcs2025,w_pos_sozw,"Soziodemographisches Gewicht, Nachwahl, Wochen (MZ2023)",7495,8562
ZA10101_rcs2025,w_pos_sozd,"Soziodemographisches Gewicht, Nachwahl, Tage (MZ2023)",7495,8562
ZA10101_rcs2025,elecdist25,Wahlkreis,8560,8562
ZA10101_rcs2025,elecdist25_flag,Abweichung Wohnort (PAYBACK-Panel) von Selbstauskunft,8269,8562
ZA10101_rcs2025,ostwest,Ost/West (Zuordnung von Berliner:innen zu Ostdeutschland),8269,8562
ZA10101_rcs2025,ostwest2,Ost/West (genaue Zuordnung von Berliner:innen zu Ost- und Westdeutschland),8269,8562
ZA10101_rcs2025,bula,Bundesland (PAYBACK-Panel),8562,8562
ZA10101_rcs2025,bula_flag,Abweichung Bundesland (PAYBACK-Panel) von Selbstauskunft (sup004),8269,8562
ZA10101_rcs2025,pre_speederindex,Zeitunterschreiter-Index,7582,8562
ZA10101_rcs2025,pre_speederflag,Zeitunterschreiter (10% der Befragten mit den niedrigsten Indexwerten),7582,8562
ZA10101_rcs2025,pre_field_start,"Beginn Erhebungszeitraum, Vorwahl",0,8562
ZA10101_rcs2025,pre_field_end,"Ende Erhebungszeitraum, Vorwahl",0,8562
ZA10101_rcs2025,pre_replicate,"Replikat: Replikatsnummer, Vorwahl",8562,8562
ZA10101_rcs2025,pre_replicate_date,"Replikat: Datum, Vorwahl",0,8562
ZA10101_rcs2025,pre_fieldday,"Interview: Feldtag des beendeten Interviews, Vorwahl",8562,8562
ZA10101_rcs2025,pre_startdate,"Interview: Datum, Start, Vorwahl",0,8562
ZA10101_rcs2025,pre_start_datetime,"Interview: Zeitpunkt, Interviewstart, Vorwahl",0,8562
ZA10101_rcs2025,pre_end_datetime,"Interview: Zeitpunkt, letzter Zugriff, Vorwahl",0,8562
ZA10101_rcs2025,pre_enddate,"Interview: Datum, Ende, Vorwahl",0,8562
ZA10101_rcs2025,pre_intdate_flag,"Interview: Startdatum und Enddatum nicht gleicher Tag, Vorwahl",8562,8562
ZA10101_rcs2025,pre_intstatus,"Interviewstatus: Anteil beantworteter Fragen, Vorwahl",8562,8562
ZA10101_rcs2025,pre_intstatus_prc,"Interviewstatus: Anteil beantworteter Fragen, prozentual, Vorwahl",8562,8562
ZA10101_rcs2025,pre_dispcode,"disposition code, Vorwahl",8562,8562
ZA10101_rcs2025,pre_lastquestion,"Interview: Letzte Frage, Vorwahl",0,8562
ZA10101_rcs2025,pre_intdur,"Interview: Dauer, Sekunden, Vorwahl",7595,8562
ZA10101_rcs2025,pre_participant_device,"Geraet, Vorwahl",8486,8562
ZA10101_rcs2025,pre_participant_os,"Betriebssystem, Vorwahl",8559,8562
ZA10101_rcs2025,pre_device_type,"Geraetetyp, Vorwahl",8562,8562
ZA10101_rcs2025,pre_smartphone,"Geraetetyp: Smartphone, Vorwahl",8562,8562
ZA10101_rcs2025,pre_tablet,"Geraetetyp: Tablet, Vorwahl",8562,8562
ZA10101_rcs2025,pre_participant_browser,"Browser, Vorwahl",8530,8562
ZA10101_rcs2025,pre_browser,"Information zum Browser, Vorwahl",0,8562
ZA10101_rcs2025,pre001,Geschlecht,8562,8562
ZA10101_rcs2025,pre001_flag,Abweichung Geschlecht in Wellen,8562,8562
ZA10101_rcs2025,pre002a,Geburtsdatum: Jahr,8558,8562
ZA10101_rcs2025,pre003,Bildung: Schule,8562,8562
ZA10101_rcs2025,pre004a,"Bildung: Beruf, berufl.-betriebl. Anlernzeit mit Abschlusszeugnis, keine Lehre",8521,8562
ZA10101_rcs2025,pre004b,"Bildung: Beruf, Abschluss Teilfacharbeiter:in",8521,8562
ZA10101_rcs2025,pre004c,"Bildung: Beruf, abgeschl. gewerbliche oder landwirtschaftliche Lehre",8521,8562
ZA10101_rcs2025,pre004d,"Bildung: Beruf, abgeschl. kaufmaennische Lehre",8521,8562
ZA10101_rcs2025,pre004e,"Bildung: Beruf, berufliches Praktikum, Volontariat",8521,8562
ZA10101_rcs2025,pre004f,"Bildung: Beruf, Berufsfachschulabschluss",8521,8562
ZA10101_rcs2025,pre004g,"Bildung: Beruf, Fachschulabschluss",8521,8562
ZA10101_rcs2025,pre004h,"Bildung: Beruf, Meister:in, Abschluss Techniker:in",8521,8562
ZA10101_rcs2025,pre004i,"Bildung: Beruf, Fachhochschulabschluss",8521,8562
ZA10101_rcs2025,pre004j,"Bildung: Beruf, Hochschulabschluss",8521,8562
ZA10101_rcs2025,pre004k,"Bildung: Beruf, anderen beruflichen Ausbildungsabschluss",8521,8562
ZA10101_rcs2025,pre004l,"Bildung: Beruf, noch in beruflicher Ausbildung",8521,8562
ZA10101_rcs2025,pre004m,"Bildung: Beruf, keine abgeschlossene Ausbildung",8521,8562
ZA10101_rcs2025,pre005,Politisches Interesse,8555,8562
ZA10101_rcs2025,pre006,Wahlkampf: Interesse,8541,8562
ZA10101_rcs2025,pre007,"Wahlkampf: Wahlausgang, Wichtigkeit",8549,8562
ZA10101_rcs2025,pre008,Demokratie: Zufriedenheit,8550,8562
ZA10101_rcs2025,pre009,"Wahlbeteiligung: Absicht, BTW 2025",8500,8562
ZA10101_rcs2025,pre010,"Wahlentscheidung: Zeitpunkt, vor Wahltermin",1183,8562
ZA10101_rcs2025,pre011aa,"Wahlentscheidung: Briefwahl, BTW 2025, Erststimme (Version A)",1121,8562
ZA10101_rcs2025,pre011ab,"Wahlentscheidung: Briefwahl, BTW 2025, Erststimme (Version B)",1121,8562
ZA10101_rcs2025,pre011ba,"Wahlentscheidung: Briefwahl, BTW 2025, Zweitstimme (Version A)",1118,8562
ZA10101_rcs2025,pre011bb,"Wahlentscheidung: Briefwahl, BTW 2025, Zweitstimme (Version B)",1118,8562
ZA10101_rcs2025,pre012aa,"Wahlabsicht: BTW 2025, Erststimme (Version A)",5398,8562
ZA10101_rcs2025,pre012ab,"Wahlabsicht: BTW 2025, Erststimme (Version B)",5398,8562
ZA10101_rcs2025,pre012ba,"Wahlabsicht: BTW 2025, Zweitstimme (Version A)",5401,8562
ZA10101_rcs2025,pre012bb,"Wahlabsicht: BTW 2025, Zweitstimme (Version B)",5401,8562
ZA10101_rcs2025,pre013,"Wahlabsicht: Sicherheit, BTW 2025",5428,8562
ZA10101_rcs2025,pre085d,"Wahlabsicht: Alternative zu Zweitstimme, BTW 2025, SPD",2776,8562
ZA10101_rcs2025,pre085a,"Wahlabsicht: Alternative zu Zweitstimme, BTW 2025, CDU/CSU",2550,8562
ZA10101_rcs2025,pre085f,"Wahlabsicht: Alternative zu Zweitstimme, BTW 2025, GRUENE",2883,8562
ZA10101_rcs2025,pre085e,"Wahlabsicht: Alternative zu Zweitstimme, BTW 2025, FDP",3175,8562
ZA10101_rcs2025,pre085h,"Wahlabsicht: Alternative zu Zweitstimme, BTW 2025, AfD",2811,8562
ZA10101_rcs2025,pre085g,"Wahlabsicht: Alternative zu Zweitstimme, BTW 2025, DIE LINKE",3146,8562
ZA10101_rcs2025,pre085m,"Wahlabsicht: Alternative zu Zweitstimme, BTW 2025, BSW",3132,8562
ZA10101_rcs2025,pre085x,"Wahlabsicht: Alternative zu Zweitstimme, BTW 2025, andere",3391,8562
ZA10101_rcs2025,pre014a,"Einstellungen: Integritaet von Wahlen, faire Praesentationschancen im WK",8549,8562
ZA10101_rcs2025,pre014b,"Einstellungen: Integritaet von Wahlen, BTW korrekt und fair durchgefuehrt",8528,8562
ZA10101_rcs2025,pre014c,"Einstellungen: Integritaet von Wahlen, Briefwahl sicheres Verfahren",8529,8562
ZA10101_rcs2025,pre014d,"Einstellungen: Integritaet von Wahlen, Einfluss aus dem Ausland auf BTW",8539,8562
ZA10101_rcs2025,pre015,"Wirtschaftliche Lage: aktuell, eigene",8550,8562
ZA10101_rcs2025,pre016,"Wirtschaftliche Lage: retrospektiv, eigene",8548,8562
ZA10101_rcs2025,pre017,"Wirtschaftliche Lage: Verantwortung, eigene",8341,8562
ZA10101_rcs2025,pre018,"Wirtschaftliche Lage: prospektiv, eigene",8547,8562
ZA10101_rcs2025,pre019d,"Parteien: Skalometer, SPD",8496,8562
ZA10101_rcs2025,pre019b,"Parteien: Skalometer, CDU",8512,8562
ZA10101_rcs2025,pre019c,"Parteien: Skalometer, CSU",8447,8562
ZA10101_rcs2025,pre019f,"Parteien: Skalometer, GRUENE",8512,8562
ZA10101_rcs2025,pre019e,"Parteien: Skalometer, FDP",8495,8562
ZA10101_rcs2025,pre019h,"Parteien: Skalometer, AfD",8513,8562
ZA10101_rcs2025,pre019g,"Parteien: Skalometer, DIE LINKE",8463,8562
ZA10101_rcs2025,pre019m,"Parteien: Skalometer, BSW",7745,8562
ZA10101_rcs2025,pre021a,"Politische Probleme: wichtigstes, Loesungskompetenz (Version A)",8302,8562
ZA10101_rcs2025,pre021b,"Politische Probleme: wichtigstes, Loesungskompetenz (Version B)",8302,8562
ZA10101_rcs2025,pre023a,"Politische Probleme: zweitwichtigstes, Loesungskompetenz (Version A)",8235,8562
ZA10101_rcs2025,pre023b,"Politische Probleme: zweitwichtigstes, Loesungskompetenz (Version B)",8235,8562
ZA10101_rcs2025,pre024,"Wirtschaftliche Lage: aktuell, allgemeine",8552,8562
ZA10101_rcs2025,pre025,"Wirtschaftliche Lage: retrospektiv, allgemeine",8544,8562
ZA10101_rcs2025,pre026,"Wirtschaftliche Lage: Verantwortung, allgemeine",8404,8562
ZA10101_rcs2025,pre027,"Wirtschaftliche Lage: prospektiv, allgemeine",8540,8562
ZA10101_rcs2025,pre028d,"Positionsissue: Steuern vs. Sozialleistungen, SPD",6877,8562
ZA10101_rcs2025,pre028b,"Positionsissue: Steuern vs. Sozialleistungen, CDU",6962,8562
ZA10101_rcs2025,pre028c,"Positionsissue: Steuern vs. Sozialleistungen, CSU",6553,8562
ZA10101_rcs2025,pre028f,"Positionsissue: Steuern vs. Sozialleistungen, GRUENE",6550,8562
ZA10101_rcs2025,pre028e,"Positionsissue: Steuern vs. Sozialleistungen, FDP",6448,8562
ZA10101_rcs2025,pre028h,"Positionsissue: Steuern vs. Sozialleistungen, AfD",5808,8562
ZA10101_rcs2025,pre028g,"Positionsissue: Steuern vs. Sozialleistungen, DIE LINKE",5682,8562
ZA10101_rcs2025,pre028m,"Positionsissue: Steuern vs. Sozialleistungen, BSW",4925,8562
ZA10101_rcs2025,pre029,"Positionsissue: Steuern vs. Sozialleistungen, Ego",8529,8562
ZA10101_rcs2025,pre030,"Positionsissue: Steuern vs. Sozialleistungen, Salienz",8547,8562
ZA10101_rcs2025,pre031d,"Positionsissue: Zuwanderung, SPD",7411,8562
ZA10101_rcs2025,pre031b,"Positionsissue: Zuwanderung, CDU",7565,8562
ZA10101_rcs2025,pre031c,"Positionsissue: Zuwanderung, CSU",7272,8562
ZA10101_rcs2025,pre031f,"Positionsissue: Zuwanderung, GRUENE",7199,8562
ZA10101_rcs2025,pre031e,"Positionsissue: Zuwanderung, FDP",6646,8562
ZA10101_rcs2025,pre031h,"Positionsissue: Zuwanderung, AfD",7534,8562
ZA10101_rcs2025,pre031g,"Positionsissue: Zuwanderung, DIE LINKE",6433,8562
ZA10101_rcs2025,pre031m,"Positionsissue: Zuwanderung, BSW",5733,8562
ZA10101_rcs2025,pre032,"Positionsissue: Zuwanderung, Ego",8541,8562
ZA10101_rcs2025,pre033,"Positionsissue: Zuwanderung, Salienz",8538,8562
ZA10101_rcs2025,pre034a,"Einstellungen: Itembatterie A, Anpassung an deutsche Kultur",8541,8562
ZA10101_rcs2025,pre034b,"Einstellungen: Itembatterie A, gendergerechte Sprache sinnvoll",8532,8562
ZA10101_rcs2025,pre034c,"Einstellungen: Itembatterie A, Staat aus Wirtschaft heraushalten",8531,8562
ZA10101_rcs2025,pre034d,"Einstellungen: Itembatterie A, Einkommensunterschiede verringern",8528,8562
ZA10101_rcs2025,pre034e,"Einstellungen: Itembatterie A, Waffenlieferung an UKR beenden",8527,8562
ZA10101_rcs2025,pre034f,"Einstellungen: Itembatterie A, Massnahmen zur Gleichstellung zu weit",8531,8562
ZA10101_rcs2025,pre034g,"Einstellungen: Itembatterie A, Brandmauer aufgeben",4803,8562
ZA10101_rcs2025,pre035d,"Positionsissue: Klimawandel, SPD",6922,8562
ZA10101_rcs2025,pre035b,"Positionsissue: Klimawandel, CDU",6972,8562
ZA10101_rcs2025,pre035c,"Positionsissue: Klimawandel, CSU",6731,8562
ZA10101_rcs2025,pre035f,"Positionsissue: Klimawandel, GRUENE",7320,8562
ZA10101_rcs2025,pre035e,"Positionsissue: Klimawandel, FDP",6556,8562
ZA10101_rcs2025,pre035h,"Positionsissue: Klimawandel, AfD",6209,8562
ZA10101_rcs2025,pre035g,"Positionsissue: Klimawandel, DIE LINKE",5554,8562
ZA10101_rcs2025,pre035m,"Positionsissue: Klimawandel, BSW",4878,8562
ZA10101_rcs2025,pre036,"Positionsissue: Klimawandel, Ego",8534,8562
ZA10101_rcs2025,pre037,"Positionsissue: Klimawandel, Salienz",8537,8562
ZA10101_rcs2025,pre038a,"Einstellungen: Itembatterie B, Schuldenbremse lockern",8531,8562
ZA10101_rcs2025,pre038b,"Einstellungen: Itembatterie B, Mietpreise staerker regulieren",8528,8562
ZA10101_rcs2025,pre038c,"Einstellungen: Itembatterie B, Buergergeld senken",8527,8562
ZA10101_rcs2025,pre038ac,"Einstellungen: Itembatterie B, Attention Check",8532,8562
ZA10101_rcs2025,pre038ac_flag,"Attentioncheck, bestanden vs. nicht bestanden, Vorwahl",8562,8562
ZA10101_rcs2025,pre038d,"Einstellungen: Itembatterie B, Besserverdienende mehr Steuern bezahlen",8528,8562
ZA10101_rcs2025,pre038e,"Einstellungen: Itembatterie B, Tempolimit auf Autobahnen",8526,8562
ZA10101_rcs2025,pre038f,"Einstellungen: Itembatterie B, Wahlberechtigung bei BTW ab 16",8535,8562
ZA10101_rcs2025,pre039a,"Psychologische Konzepte: Emotionen, Angst, Zuwanderung nach BRD",8537,8562
ZA10101_rcs2025,pre039b,"Psychologische Konzepte: Emotionen, Angst, Klimawandel",8530,8562
ZA10101_rcs2025,pre039c,"Psychologische Konzepte: Emotionen, Angst, Ausweitung R-UKR-Krieg nach BRD",8540,8562
ZA10101_rcs2025,pre039d,"Psychologische Konzepte: Emotionen, Angst, wirtschaftliche Lage",8539,8562
ZA10101_rcs2025,pre040a,"Koalitionen: Skalometer, CDU/CSU, SPD",8017,8562
ZA10101_rcs2025,pre040b,"Koalitionen: Skalometer, CDU/CSU, GRUENE",8071,8562
ZA10101_rcs2025,pre040c,"Koalitionen: Skalometer, CDU/CSU, GRUENE, FDP",8066,8562
ZA10101_rcs2025,pre040d,"Koalitionen: Skalometer, CDU/CSU, SPD, GRUENE",8037,8562
ZA10101_rcs2025,pre040e,"Koalitionen: Skalometer, CDU/CSU, SPD, FDP",8028,8562
ZA10101_rcs2025,pre040f,"Koalitionen: Skalometer, SPD, GRUENE, FDP",8061,8562
ZA10101_rcs2025,pre040g,"Koalitionen: Skalometer, SPD, GRUENE",8090,8562
ZA10101_rcs2025,pre040h,"Koalitionen: Skalometer, CDU/CSU, FDP",8024,8562
ZA10101_rcs2025,pre040i,"Koalitionen: Skalometer, CDU/CSU, AfD",8153,8562
ZA10101_rcs2025,pre040j,"Koalitionen: Skalometer, AfD, BSW",8024,8562
ZA10101_rcs2025,pre041d,"Koalitionspartner: Erwartungen, SPD",7322,8562
ZA10101_rcs2025,pre041a,"Koalitionspartner: Erwartungen, CDU/CSU",7322,8562
ZA10101_rcs2025,pre041f,"Koalitionspartner: Erwartungen, GRUENE",7322,8562
ZA10101_rcs2025,pre041e,"Koalitionspartner: Erwartungen, FDP",7322,8562
ZA10101_rcs2025,pre041h,"Koalitionspartner: Erwartungen, AfD",7322,8562
ZA10101_rcs2025,pre041g,"Koalitionspartner: Erwartungen, DIE LINKE",7322,8562
ZA10101_rcs2025,pre041m,"Koalitionspartner: Erwartungen, BSW",7322,8562
ZA10101_rcs2025,pre041x,"Koalitionspartner: Erwartungen, andere",7322,8562
ZA10101_rcs2025,pre041_s,"Koalitionspartner: Erwartungen, Koalitionen",0,8562
ZA10101_rcs2025,pre042d,"Wahlergebnis: Schaetzung Stimmenanteil, SPD",8009,8562
ZA10101_rcs2025,pre042a,"Wahlergebnis: Schaetzung Stimmenanteil, CDU/CSU",8037,8562
ZA10101_rcs2025,pre042f,"Wahlergebnis: Schaetzung Stimmenanteil, GRUENE",7768,8562
ZA10101_rcs2025,pre042h,"Wahlergebnis: Schaetzung Stimmenanteil, AfD",7846,8562
ZA10101_rcs2025,pre043e,"Einzugswahrscheinlichkeit: kleine Parteien, FDP",8515,8562
ZA10101_rcs2025,pre043g,"Einzugswahrscheinlichkeit: kleine Parteien, DIE LINKE",8510,8562
ZA10101_rcs2025,pre043m,"Einzugswahrscheinlichkeit: kleine Parteien, BSW",8514,8562
ZA10101_rcs2025,pre044a,"Spitzenpolitiker:in: Skalometer, O. Scholz",8488,8562
ZA10101_rcs2025,pre044b,"Spitzenpolitiker:in: Skalometer, F. Merz",8383,8562
ZA10101_rcs2025,pre044c,"Spitzenpolitiker:in: Skalometer, R. Habeck",8371,8562
ZA10101_rcs2025,pre044e,"Spitzenpolitiker:in: Skalometer, Ch. Lindner",8398,8562
ZA10101_rcs2025,pre044d,"Spitzenpolitiker:in: Skalometer, A. Weidel",8254,8562
ZA10101_rcs2025,pre044g,"Spitzenpolitiker:in: Skalometer, J. v. Aken",3846,8562
ZA10101_rcs2025,pre044f,"Spitzenpolitiker:in: Skalometer, S. Wagenknecht",8380,8562
ZA10101_rcs2025,pre045,Kanzlerkandidat:in: Praeferenz,8435,8562
ZA10101_rcs2025,pre046a,"Kanzlerkandidat:in: Gefuehle, negativ, O. Scholz",8408,8562
ZA10101_rcs2025,pre046b,"Kanzlerkandidat:in: Gefuehle, negativ, F. Merz",8271,8562
ZA10101_rcs2025,pre046c,"Kanzlerkandidat:in: Gefuehle, negativ, R. Habeck",8270,8562
ZA10101_rcs2025,pre046d,"Kanzlerkandidat:in: Gefuehle, negativ, A. Weidel",8132,8562
ZA10101_rcs2025,pre047a,"Kanzlerkandidat:in: Gefuehle, positiv, O. Scholz",8387,8562
ZA10101_rcs2025,pre047b,"Kanzlerkandidat:in: Gefuehle, positiv, F. Merz",8256,8562
ZA10101_rcs2025,pre047c,"Kanzlerkandidat:in: Gefuehle, positiv, R. Habeck",8237,8562
ZA10101_rcs2025,pre047d,"Kanzlerkandidat:in: Gefuehle, positiv, A. Weidel",8065,8562
ZA10101_rcs2025,pre048a,"Kanzlerkandidat:in: Eigenschaft, SPD, durchsetzungsfaehig",8218,8562
ZA10101_rcs2025,pre048b,"Kanzlerkandidat:in: Eigenschaft, SPD, vertrauenswuerdig",8249,8562
ZA10101_rcs2025,pre048c,"Kanzlerkandidat:in: Eigenschaft, SPD, BRD voranbringen",8208,8562
ZA10101_rcs2025,pre049a,"Kanzlerkandidat:in: Eigenschaft, CDU/CSU, durchsetzungsfaehig",7805,8562
ZA10101_rcs2025,pre049b,"Kanzlerkandidat:in: Eigenschaft, CDU/CSU, vertrauenswuerdig",7944,8562
ZA10101_rcs2025,pre049c,"Kanzlerkandidat:in: Eigenschaft, CDU/CSU, BRD voranbringen",7925,8562
ZA10101_rcs2025,pre050a,"Kanzlerkandidat:in: Eigenschaft, GRUENE, durchsetzungsfaehig",7815,8562
ZA10101_rcs2025,pre050b,"Kanzlerkandidat:in: Eigenschaft, GRUENE, vertrauenswuerdig",7924,8562
ZA10101_rcs2025,pre050c,"Kanzlerkandidat:in: Eigenschaft, GRUENE, BRD voranbringen",7890,8562
ZA10101_rcs2025,pre051a,"Kanzlerkandidat:in: Eigenschaft, AfD, durchsetzungsfaehig",7412,8562
ZA10101_rcs2025,pre051b,"Kanzlerkandidat:in: Eigenschaft, AfD, vertrauenswuerdig",7736,8562
ZA10101_rcs2025,pre051c,"Kanzlerkandidat:in: Eigenschaft, AfD, BRD voranbringen",7771,8562
ZA10101_rcs2025,pre052,Bundesregierung: Leistung,8532,8562
ZA10101_rcs2025,pre053d,"Regierungsparteien: Leistung, SPD",8448,8562
ZA10101_rcs2025,pre053f,"Regierungsparteien: Leistung, GRUENE",8460,8562
ZA10101_rcs2025,pre053e,"Regierungsparteien: Leistung, FDP",8449,8562
ZA10101_rcs2025,pre054b,"Oppositionsparteien: Leistung, CDU",8473,8562
ZA10101_rcs2025,pre054c,"Oppositionsparteien: Leistung, CSU",8356,8562
ZA10101_rcs2025,pre054h,"Oppositionsparteien: Leistung, AfD",8451,8562
ZA10101_rcs2025,pre054g,"Oppositionsparteien: Leistung, DIE LINKE",8339,8562
ZA10101_rcs2025,pre054m,"Oppositionsparteien: Leistung, BSW",7568,8562
ZA10101_rcs2025,pre055,Kanzler:in: Leistung,8467,8562
ZA10101_rcs2025,pre056a,"Bundesregierung: Arbeit, speziell, Bekaempfung Klimawandel",8233,8562
ZA10101_rcs2025,pre056b,"Bundesregierung: Arbeit, speziell, Zuwanderung nach BRD",8380,8562
ZA10101_rcs2025,pre056c,"Bundesregierung: Arbeit, speziell, Modernisierung Infrastruktur",8283,8562
ZA10101_rcs2025,pre056d,"Bundesregierung: Arbeit, speziell, Foerderung Wirtschaft",8245,8562
ZA10101_rcs2025,pre056e,"Bundesregierung: Arbeit, speziell, Umgang Krieg in UKR",8332,8562
ZA10101_rcs2025,pre057,Regierungsbruch: Bewertung,8520,8562
ZA10101_rcs2025,pre058d,"Regierungsbruch: Verantwortlichkeit, SPD",8505,8562
ZA10101_rcs2025,pre058f,"Regierungsbruch: Verantwortlichkeit, GRUENE",8513,8562
ZA10101_rcs2025,pre058e,"Regierungsbruch: Verantwortlichkeit, FDP",8502,8562
ZA10101_rcs2025,pre059a,"Pol. Mediennutzung: Informationsquelle, Fernsehen",8496,8562
ZA10101_rcs2025,pre059b,"Pol. Mediennutzung: Informationsquelle, Tageszeitung",8496,8562
ZA10101_rcs2025,pre059c,"Pol. Mediennutzung: Informationsquelle, Radio",8496,8562
ZA10101_rcs2025,pre059d,"Pol. Mediennutzung: Informationsquelle, Internet/Apps",8496,8562
ZA10101_rcs2025,pre060,"TV-Nachrichten: Nutzung, haeufigste",6582,8562
ZA10101_rcs2025,pre061,"TV-Nachrichten: Nutzung, haeufigste, Haeufigkeit",6567,8562
ZA10101_rcs2025,pre062,"Print: Nutzung, haeufigste, Tageszeitung",3464,8562
ZA10101_rcs2025,pre063,"Print: Nutzung, politisch, Haeufigkeit",3455,8562
ZA10101_rcs2025,pre064,"Internet: Nutzung, Nachrichten, Angebot",4830,8562
ZA10101_rcs2025,pre065,"Internet: Nutzung, Nachrichten, Haeufigkeit",4818,8562
ZA10101_rcs2025,pre066a,"Soziale Medien: Nutzung, politisch, WhatsApp",8527,8562
ZA10101_rcs2025,pre066b,"Soziale Medien: Nutzung, politisch, Facebook",8527,8562
ZA10101_rcs2025,pre066c,"Soziale Medien: Nutzung, politisch, Instagram",8527,8562
ZA10101_rcs2025,pre066d,"Soziale Medien: Nutzung, politisch, YouTube",8527,8562
ZA10101_rcs2025,pre066e,"Soziale Medien: Nutzung, politisch, X/Twitter",8527,8562
ZA10101_rcs2025,pre066f,"Soziale Medien: Nutzung, politisch, Snapchat",8527,8562
ZA10101_rcs2025,pre066g,"Soziale Medien: Nutzung, politisch, TikTok",8527,8562
ZA10101_rcs2025,pre066h,"Soziale Medien: Nutzung, politisch, Telegram",8527,8562
ZA10101_rcs2025,pre066i,"Soziale Medien: Nutzung, politisch, Signal",8527,8562
ZA10101_rcs2025,pre066j,"Soziale Medien: Nutzung, politisch, Threema",8527,8562
ZA10101_rcs2025,pre066k,"Soziale Medien: Nutzung, politisch, XING",8527,8562
ZA10101_rcs2025,pre066l,"Soziale Medien: Nutzung, politisch, LinkedIn",8527,8562
ZA10101_rcs2025,pre066m,"Soziale Medien: Nutzung, politisch, Discord",8527,8562
ZA10101_rcs2025,pre066n,"Soziale Medien: Nutzung, politisch, BlueSky",8527,8562
ZA10101_rcs2025,pre066o,"Soziale Medien: Nutzung, politisch, sonstige",8527,8562
ZA10101_rcs2025,pre066x,"Soziale Medien: Nutzung, politisch, keine",8527,8562
ZA10101_rcs2025,pre067,"Soziale Medien: Nutzung, politisch, haeufigstes",2781,8562
ZA10101_rcs2025,pre068,"Soziale Medien: Nutzung, politischer Inhalt",4619,8562
ZA10101_rcs2025,pre069,Meinungsumfragen: Wahrnehmung,8542,8562
ZA10101_rcs2025,pre086,"TV-Debatte: Rezeption, ARD/ZDF",1077,8562
ZA10101_rcs2025,pre087,"TV-Debatte: Bewertung, ARD/ZDF, O. Scholz",378,8562
ZA10101_rcs2025,pre088,"TV-Debatte: Bewertung, ARD/ZDF, F. Merz",377,8562
ZA10101_rcs2025,pre089,"TV-Debatte: Rezeption, RTL",1102,8562
ZA10101_rcs2025,pre090,"TV-Debatte: Bewertung, RTL, O. Scholz",417,8562
ZA10101_rcs2025,pre091,"TV-Debatte: Bewertung, RTL, F. Merz",419,8562
ZA10101_rcs2025,pre092,"TV-Debatte: Bewertung, RTL, A. Weidel",417,8562
ZA10101_rcs2025,pre093,"TV-Debatte: Bewertung, RTL, R. Habeck",414,8562
ZA10101_rcs2025,pre070d,"Parteikontakt: direkter Kontakt, SPD",8562,8562
ZA10101_rcs2025,pre070a,"Parteikontakt: direkter Kontakt, CDU/CSU",8562,8562
ZA10101_rcs2025,pre070b,"Parteikontakt: direkter Kontakt, CDU",148,8562
ZA10101_rcs2025,pre070c,"Parteikontakt: direkter Kontakt, CSU",148,8562
ZA10101_rcs2025,pre070f,"Parteikontakt: direkter Kontakt, GRUENE",8562,8562
ZA10101_rcs2025,pre070e,"Parteikontakt: direkter Kontakt, FDP",8562,8562
ZA10101_rcs2025,pre070h,"Parteikontakt: direkter Kontakt, AfD",8562,8562
ZA10101_rcs2025,pre070g,"Parteikontakt: direkter Kontakt, DIE LINKE",8562,8562
ZA10101_rcs2025,pre070m,"Parteikontakt: direkter Kontakt, BSW",8562,8562
ZA10101_rcs2025,pre070x,"Parteikontakt: direkter Kontakt, andere",8562,8562
ZA10101_rcs2025,pre070w,"Parteikontakt: direkter Kontakt, keine",8562,8562
ZA10101_rcs2025,pre071d,"Affektive Polarisierung: Waehler:innen, SPD",8518,8562
ZA10101_rcs2025,pre071b,"Affektive Polarisierung: Waehler:innen, CDU",8522,8562
ZA10101_rcs2025,pre071c,"Affektive Polarisierung: Waehler:innen, CSU",8513,8562
ZA10101_rcs2025,pre071f,"Affektive Polarisierung: Waehler:innen, GRUENE",8507,8562
ZA10101_rcs2025,pre071e,"Affektive Polarisierung: Waehler:innen, FDP",8518,8562
ZA10101_rcs2025,pre071h,"Affektive Polarisierung: Waehler:innen, AfD",8524,8562
ZA10101_rcs2025,pre071g,"Affektive Polarisierung: Waehler:innen, DIE LINKE",8508,8562
ZA10101_rcs2025,pre071m,"Affektive Polarisierung: Waehler:innen, BSW",8505,8562
ZA10101_rcs2025,pre072a,Parteiidentifikation (Version A),8521,8562
ZA10101_rcs2025,pre072b,Parteiidentifikation (Version B),8521,8562
ZA10101_rcs2025,pre073,Parteiidentifikation: Staerke,6591,8562
ZA10101_rcs2025,pre074,Parteiidentifikation: Dauer,6606,8562
ZA10101_rcs2025,pre075,"Wahlberechtigung: Recall, BTW 2021",8242,8562
ZA10101_rcs2025,pre076,"Wahlbeteiligung: Recall, BTW 2021",8060,8562
ZA10101_rcs2025,pre077ba,"Wahlentscheidung: Recall, BTW 2021, Zweitstimme (Version A)",6787,8562
ZA10101_rcs2025,pre077bb,"Wahlentscheidung: Recall, BTW 2021, Zweitstimme (Version B)",6787,8562
ZA10101_rcs2025,pre078,Partner:in,8540,8562
ZA10101_rcs2025,pre079,"Persoenliche Netzwerke: Haeufigkeit politische Gespraeche, Familie",8541,8562
ZA10101_rcs2025,pre080v,"Persoenliche Netzwerke: Parteipraeferenz, Familie, keine Partei",6394,8562
ZA10101_rcs2025,pre080d,"Persoenliche Netzwerke: Parteipraeferenz, Familie, SPD",6394,8562
ZA10101_rcs2025,pre080a,"Persoenliche Netzwerke: Parteipraeferenz, Familie, CDU/CSU",6394,8562
ZA10101_rcs2025,pre080f,"Persoenliche Netzwerke: Parteipraeferenz, Familie, GRUENE",6394,8562
ZA10101_rcs2025,pre080e,"Persoenliche Netzwerke: Parteipraeferenz, Familie, FDP",6394,8562
ZA10101_rcs2025,pre080h,"Persoenliche Netzwerke: Parteipraeferenz, Familie, AfD",6394,8562
ZA10101_rcs2025,pre080g,"Persoenliche Netzwerke: Parteipraeferenz, Familie, DIE LINKE",6394,8562
ZA10101_rcs2025,pre080m,"Persoenliche Netzwerke: Parteipraeferenz, Familie, BSW",6394,8562
ZA10101_rcs2025,pre080x,"Persoenliche Netzwerke: Parteipraeferenz, Familie, andere Partei",6394,8562
ZA10101_rcs2025,pre081,"Persoenliche Netzwerke: Haeufigkeit politische Gespraeche, Freundeskreis",8532,8562
ZA10101_rcs2025,pre082v,"Persoenliche Netzwerke: Parteipraeferenz, Freundeskreis, keine Partei",4825,8562
ZA10101_rcs2025,pre082d,"Persoenliche Netzwerke: Parteipraeferenz, Freundeskreis, SPD",4825,8562
ZA10101_rcs2025,pre082a,"Persoenliche Netzwerke: Parteipraeferenz, Freundeskreis, CDU/CSU",4825,8562
ZA10101_rcs2025,pre082f,"Persoenliche Netzwerke: Parteipraeferenz, Freundeskreis, GRUENE",4825,8562
ZA10101_rcs2025,pre082e,"Persoenliche Netzwerke: Parteipraeferenz, Freundeskreis, FDP",4825,8562
ZA10101_rcs2025,pre082h,"Persoenliche Netzwerke: Parteipraeferenz, Freundeskreis, AfD",4825,8562
ZA10101_rcs2025,pre082g,"Persoenliche Netzwerke: Parteipraeferenz, Freundeskreis, DIE LINKE",4825,8562
ZA10101_rcs2025,pre082m,"Persoenliche Netzwerke: Parteipraeferenz, Freundeskreis, BSW",4825,8562
ZA10101_rcs2025,pre082x,"Persoenliche Netzwerke: Parteipraeferenz, Freundeskreis, andere Partei",4825,8562
ZA10101_rcs2025,pre083ba,"Wahlabsicht: Partner:in, BTW 2025, Zweitstimme (Version A)",3568,8562
ZA10101_rcs2025,pre083bb,"Wahlabsicht: Partner:in, BTW 2025, Zweitstimme (Version B)",3568,8562
ZA10101_rcs2025,sup_speederindex,Zeitunterschreiter-Index,7642,8562
ZA10101_rcs2025,sup_speederflag,Zeitunterschreiter (10% der Befragten mit den niedrigsten Indexwerten),7642,8562
ZA10101_rcs2025,sup_field_start,"Beginn Erhebungszeitraum, Ergaenzungswelle",0,8562
ZA10101_rcs2025,sup_field_end,"Ende Erhebungszeitraum, Ergaenzungswelle",0,8562
ZA10101_rcs2025,sup_veri_flag,"Verifikation: nicht die Zielperson, Ergaenzungswelle",8562,8562
ZA10101_rcs2025,sup_fieldday,"Interview: Feldtag des beendeten Interviews, Ergaenzungswelle",8237,8562
ZA10101_rcs2025,sup_startdate,"Interview: Datum, Start, Ergaenzungswelle",0,8562
ZA10101_rcs2025,sup_start_datetime,"Interview: Zeitpunkt, Interviewstart, Ergaenzungswelle",0,8562
ZA10101_rcs2025,sup_enddate,"Interview: Datum, Ende, Ergaenzungswelle",0,8562
ZA10101_rcs2025,sup_end_datetime,"Interview: Zeitpunkt, letzter Zugriff, Ergaenzungswelle",0,8562
ZA10101_rcs2025,sup_intdate_flag,"Interview: Startdatum und Enddatum nicht gleicher Tag, Ergaenzungswelle",8272,8562
ZA10101_rcs2025,sup_intstatus,"Interviewstatus: Anteil beantworteter Fragen, Ergaenzungswelle",8272,8562
ZA10101_rcs2025,sup_intstatus_prc,"Interviewstatus: Anteil beantworteter Fragen, prozentual, Ergaenzungswelle",8272,8562
ZA10101_rcs2025,sup_dispcode,"disposition code, Ergaenzungswelle",8272,8562
ZA10101_rcs2025,sup_lastquestion,"Interview: Letzte Frage, Ergaenzungswelle",0,8562
ZA10101_rcs2025,sup_intdur,"Interview: Dauer, Sekunden, Ergaenzungswelle",7671,8562
ZA10101_rcs2025,sup_participant_device,"Geraet, Ergaenzungswelle",8192,8562
ZA10101_rcs2025,sup_participant_os,"Betriebssystem, Ergaenzungswelle",8290,8562
ZA10101_rcs2025,sup_device_type,"Geraetetyp, Ergaenzungswelle",8272,8562
ZA10101_rcs2025,sup_smartphone,"Geraetetyp: Smartphone, Ergaenzungswelle",8272,8562
ZA10101_rcs2025,sup_tablet,"Geraetetyp: Tablet, Ergaenzungswelle",8272,8562
ZA10101_rcs2025,sup_participant_browser,"Browser, Ergaenzungswelle",8242,8562
ZA10101_rcs2025,sup_browser,"Information zum Browser, Ergaenzungswelle",0,8562
ZA10101_rcs2025,sup003,Wohnort: Stadt-Land,8260,8562
ZA10101_rcs2025,sup004,Bundesland,8269,8562
ZA10101_rcs2025,sup005,"Wahlbeteiligung: Nachbarschaft, BTW 2025",7749,8562
ZA10101_rcs2025,sup006,Psychologische Konzepte: Lebenszufriedenheit,8265,8562
ZA10101_rcs2025,sup007,"Staatsbuergerschaft: deutsch, seit Geburt",8256,8562
ZA10101_rcs2025,sup008,Geburtsland: Deutschland,8268,8562
ZA10101_rcs2025,sup009,Geburtsland: anderes Land,297,8562
ZA10101_rcs2025,sup010,Zuzug: Jahr,303,8562
ZA10101_rcs2025,sup011,Geburtsland: Bundesland,7947,8562
ZA10101_rcs2025,sup012,"Zuzug: Jahr, Ostdeutschland",158,8562
ZA10101_rcs2025,sup013,"Zuzug: Jahr, Westdeutschland",393,8562
ZA10101_rcs2025,sup014a,"Einstellungen: Politik allgemein, pol. Fragen schwer zu verstehen",8234,8562
ZA10101_rcs2025,sup014b,"Einstellungen: Politik allgemein, Parteien wollen nur Stimmen",8228,8562
ZA10101_rcs2025,sup014c,"Einstellungen: Politik allgemein, Probleme zu kompliziert",8227,8562
ZA10101_rcs2025,sup014ac,"Einstellungen: Politik allgemein, Attention Check",8223,8562
ZA10101_rcs2025,sup014ac_flag,"Attentioncheck, bestanden vs. nicht bestanden, Ergaenzungswelle",8261,8562
ZA10101_rcs2025,sup014d,"Einstellungen: Politik allgemein, Waehlen ist Buergerpflicht",8214,8562
ZA10101_rcs2025,sup014e,"Einstellungen: Politik allgemein, Sozialismus gute Idee",8221,8562
ZA10101_rcs2025,sup014f,"Einstellungen: Politik allgemein, Unuebersichtlichkeit der Welt",8235,8562
ZA10101_rcs2025,sup015a,"Psychologische Konzepte: Big five, zurueckhaltend",8230,8562
ZA10101_rcs2025,sup015b,"Psychologische Konzepte: Big five, vertrauensvoll",8212,8562
ZA10101_rcs2025,sup015c,"Psychologische Konzepte: Big five, gruendlich",8222,8562
ZA10101_rcs2025,sup015d,"Psychologische Konzepte: Big five, entspannt",8229,8562
ZA10101_rcs2025,sup015e,"Psychologische Konzepte: Big five, fantasievoll",8229,8562
ZA10101_rcs2025,sup015f,"Psychologische Konzepte: Big five, gesellig",8229,8562
ZA10101_rcs2025,sup015g,"Psychologische Konzepte: Big five, kritisch",8221,8562
ZA10101_rcs2025,sup015h,"Psychologische Konzepte: Big five, bequem",8218,8562
ZA10101_rcs2025,sup015i,"Psychologische Konzepte: Big five, nervoes",8213,8562
ZA10101_rcs2025,sup015j,"Psychologische Konzepte: Big five, wenig kuenstlerisch",8229,8562
ZA10101_rcs2025,sup016,"Psychologische Konzepte: Vertrauen, allgemein",8242,8562
ZA10101_rcs2025,sup017a,"Vertrauen: Institutionen, Bundesregierung",8240,8562
ZA10101_rcs2025,sup017b,"Vertrauen: Institutionen, Bundestag",8226,8562
ZA10101_rcs2025,sup017c,"Vertrauen: Institutionen, Parteien",8220,8562
ZA10101_rcs2025,sup017d,"Vertrauen: Institutionen, Politiker:innen",8211,8562
ZA10101_rcs2025,sup017e,"Vertrauen: Institutionen, Polizei",8226,8562
ZA10101_rcs2025,sup017f,"Vertrauen: Institutionen, Justiz",8222,8562
ZA10101_rcs2025,sup017g,"Vertrauen: Institutionen, Wissenschaft",8218,8562
ZA10101_rcs2025,sup017h,"Vertrauen: Institutionen, soziale Medien",8209,8562
ZA10101_rcs2025,sup017i,"Vertrauen: Institutionen, oeffentlich-rechtlicher Rundfunk",8233,8562
ZA10101_rcs2025,sup018,Sozialer Status: subjektiv,8238,8562
ZA10101_rcs2025,sup019,Haushalt: Groesse,8240,8562
ZA10101_rcs2025,sup020a1,"Haushalt: Alter, 2. Person",6000,8562
ZA10101_rcs2025,sup020a2,"Haushalt: Geschlecht, 2. Person",5988,8562
ZA10101_rcs2025,sup020b1,"Haushalt: Alter, 3. Person",2046,8562
ZA10101_rcs2025,sup020b2,"Haushalt: Geschlecht, 3. Person",2078,8562
ZA10101_rcs2025,sup020c1,"Haushalt: Alter, 4. Person",939,8562
ZA10101_rcs2025,sup020c2,"Haushalt: Geschlecht, 4. Person",955,8562
ZA10101_rcs2025,sup020d1,"Haushalt: Alter, 5. Person",236,8562
ZA10101_rcs2025,sup020d2,"Haushalt: Geschlecht, 5. Person",247,8562
ZA10101_rcs2025,sup020e1,"Haushalt: Alter, 6. Person",63,8562
ZA10101_rcs2025,sup020e2,"Haushalt: Geschlecht, 6. Person",62,8562
ZA10101_rcs2025,sup021,Familienstand,8239,8562
ZA10101_rcs2025,sup022,Partner:in,4150,8562
ZA10101_rcs2025,sup023a,"Bildung: Beruf, berufl.-betriebl. Anlernzeit mit Abschlusszeugnis, keine Lehre",8233,8562
ZA10101_rcs2025,sup023b,"Bildung: Beruf, Abschluss Teilfacharbeiter:in",8233,8562
ZA10101_rcs2025,sup023c,"Bildung: Beruf, abgeschl. gewerbliche oder landwirtschaftliche Lehre",8233,8562
ZA10101_rcs2025,sup023d,"Bildung: Beruf, abgeschl. kaufmaennische Lehre",8233,8562
ZA10101_rcs2025,sup023e,"Bildung: Beruf, berufliches Praktikum, Volontariat",8233,8562
ZA10101_rcs2025,sup023f,"Bildung: Beruf, Berufsfachschulabschluss",8233,8562
ZA10101_rcs2025,sup023g,"Bildung: Beruf, Fachschulabschluss",8233,8562
ZA10101_rcs2025,sup023h,"Bildung: Beruf, Meister:in, Abschluss Techniker:in",8233,8562
ZA10101_rcs2025,sup023i,"Bildung: Beruf, Fachhochschulabschluss",8233,8562
ZA10101_rcs2025,sup023n,"Bildung: Beruf, Hochschulabschluss, Bachelor",8233,8562
ZA10101_rcs2025,sup023o,"Bildung: Beruf, Hochschulabschluss, Master, Diplom, Magister, Staatsexamen",8233,8562
ZA10101_rcs2025,sup023p,"Bildung: Beruf, Promotion",8233,8562
ZA10101_rcs2025,sup023l,"Bildung: Beruf, noch in beruflicher Ausbildung",8233,8562
ZA10101_rcs2025,sup023m,"Bildung: Beruf, keine abgeschlossene Ausbildung",8233,8562
ZA10101_rcs2025,sup023k,"Bildung: Beruf, anderen beruflichen Ausbildungsabschluss",8233,8562
ZA10101_rcs2025,sup024,Erwerbstaetigkeit: aktuell,8249,8562
ZA10101_rcs2025,sup025,Erwerbstaetigkeit: frueher,3932,8562
ZA10101_rcs2025,sup026,Beruf: aktuell,4444,8562
ZA10101_rcs2025,sup027s_isco08,"Beruf, Taetigkeit, aktuell, ISCO08",4089,8562
ZA10101_rcs2025,sup027s_isco88,"Beruf, Taetigkeit, aktuell, ISCO88",4250,8562
ZA10101_rcs2025,sup028,"Beruf: aktuell, Arbeitsverhaeltnis",4049,8562
ZA10101_rcs2025,sup029,"Beruf: aktuell, Aufsichtsfunktion",4053,8562
ZA10101_rcs2025,sup030,"Beruf: aktuell, Beschaeftigungssektor",3769,8562
ZA10101_rcs2025,sup031,"Beruf: aktuell, Wirtschaftssektor",4428,8562
ZA10101_rcs2025,sup032a,"Arbeitslosigkeit: vergangene 10 Jahre, Jahre",6036,8562
ZA10101_rcs2025,sup032b,"Arbeitslosigkeit: vergangene 10 Jahre, Monate",5892,8562
ZA10101_rcs2025,sup032c,"Arbeitslosigkeit: vergangene 10 Jahre, Tage",5441,8562
ZA10101_rcs2025,sup033,Stellenverlust: Angst,4101,8562
ZA10101_rcs2025,sup034,Betriebsverlust: Angst,331,8562
ZA10101_rcs2025,sup035,Beruf: frueher,3642,8562
ZA10101_rcs2025,sup036s_isco08,"Beruf, Taetigkeit, frueher, ISCO08",3344,8562
ZA10101_rcs2025,sup036s_isco88,"Beruf, Taetigkeit, frueher, ISCO88",3489,8562
ZA10101_rcs2025,sup037,"Beruf: frueher, Aufsichtsfunktion",3304,8562
ZA10101_rcs2025,sup038,"Beruf: frueher, Beschaeftigungssektor",3010,8562
ZA10101_rcs2025,sup039,"Beruf: frueher, Wirtschaftssektor",3646,8562
ZA10101_rcs2025,sup040,"Bildung: Schule, Partner:in",77,8562
ZA10101_rcs2025,sup041,"Erwerbstaetigkeit: aktuell, Partner:in",74,8562
ZA10101_rcs2025,sup042,"Erwerbstaetigkeit: frueher, Partner:in",47,8562
ZA10101_rcs2025,sup043,"Beruf: aktuell, Partner:in",19,8562
ZA10101_rcs2025,sup044s_isco08,"Partner, Beruf, Taetigkeit, aktuell, ISCO08",12,8562
ZA10101_rcs2025,sup044s_isco88,"Partner, Beruf, Taetigkeit, aktuell, ISCO88",13,8562
ZA10101_rcs2025,sup045,"Beruf: aktuell, Aufsichtsfunktion, Partner:in",15,8562
ZA10101_rcs2025,sup046,"Beruf: aktuell, Beschaeftigungssektor, Partner:in",9,8562
ZA10101_rcs2025,sup047,"Beruf: aktuell, Wirtschaftssektor, Partner:in",16,8562
ZA10101_rcs2025,sup048,"Beruf: frueher, Partner:in",24,8562
ZA10101_rcs2025,sup049s_isco08,"Partner, Beruf, Taetigkeit, frueher, ISCO08",17,8562
ZA10101_rcs2025,sup049s_isco88,"Partner, Beruf, Taetigkeit, frueher, ISCO88",18,8562
ZA10101_rcs2025,sup050,"Beruf: frueher, Aufsichtsfunktion, Partner:in",20,8562
ZA10101_rcs2025,sup051,"Beruf: frueher, Beschaeftigungssektor, Partner:in",19,8562
ZA10101_rcs2025,sup052,"Beruf: frueher, Wirtschaftssektor, Partner:in",20,8562
ZA10101_rcs2025,sup053,"Schichtzugehoerigkeit: subjektiv, eigene",8222,8562
ZA10101_rcs2025,sup054,Gerechtigkeit: Gesellschaft,8226,8562
ZA10101_rcs2025,sup055,Gerechtigkeit: Entwicklung,8227,8562
ZA10101_rcs2025,sup056,Gerechtigkeit: Ego,8212,8562
ZA10101_rcs2025,sup057,Links-Rechts-Einstufung: Ego,7739,8562
ZA10101_rcs2025,sup058,Politisches Wissen: Erst/Zweitstimme,7448,8562
ZA10101_rcs2025,sup058rf,"Politisches Wissen: Erst/Zweitstimme, richtig/falsch",7448,8562
ZA10101_rcs2025,sup059a,"Abgehaengtheit: subjektiv, zu wenig Aufmerksamkeit fuer finanz. Lage",8219,8562
ZA10101_rcs2025,sup059b,"Abgehaengtheit: subjektiv, zu wenig Anerkennung fuer Arbeit",8217,8562
ZA10101_rcs2025,sup059c,"Abgehaengtheit: subjektiv, zu wenig Zugang zu grundlegender Infrastruktur",8216,8562
ZA10101_rcs2025,sup059d,"Abgehaengtheit: subjektiv, keine freie Meinungsaeusserung moeglich",8205,8562
ZA10101_rcs2025,sup060a,"Einstellungen: Populismus, Kompromiss ist Prinzipienverrat",8211,8562
ZA10101_rcs2025,sup060b,"Einstellungen: Populismus, Volk soll entscheiden",8209,8562
ZA10101_rcs2025,sup060c,"Einstellungen: Populismus, Abgeordnete Volkswillen umsetzen",8197,8562
ZA10101_rcs2025,sup060d,"Einstellungen: Populismus, Unterschiede zw. Eliten/Volk",8188,8562
ZA10101_rcs2025,sup060e,"Einstellungen: Populismus, Buerger:innen bessere Vertretung",8202,8562
ZA10101_rcs2025,sup060f,"Einstellungen: Populismus, Politiker:innen reden zu viel",8189,8562
ZA10101_rcs2025,sup061a,"Partizipation: online, Postings",8208,8562
ZA10101_rcs2025,sup061b,"Partizipation: online, Beitraege geteilt",8208,8562
ZA10101_rcs2025,sup061c,"Partizipation: online, Likes",8208,8562
ZA10101_rcs2025,sup061d,"Partizipation: online, Kommentare",8208,8562
ZA10101_rcs2025,sup061e,"Partizipation: online, Blogbeitrag",8208,8562
ZA10101_rcs2025,sup061f,"Partizipation: online, Onlinepetition",8208,8562
ZA10101_rcs2025,sup061g,"Partizipation: online, Buergerbeteiligungsplattform",8208,8562
ZA10101_rcs2025,sup061h,"Partizipation: online, Politiker:innen kontaktiert",8208,8562
ZA10101_rcs2025,sup061z,"Partizipation: online, keine",8208,8562
ZA10101_rcs2025,sup062a,"Partizipation: offline, Buergerinititative",8191,8562
ZA10101_rcs2025,sup062b,"Partizipation: offline, Demonstration",8191,8562
ZA10101_rcs2025,sup062c,"Partizipation: offline, Unterschriftensammlung",8191,8562
ZA10101_rcs2025,sup062d,"Partizipation: offline, Spenden",8191,8562
ZA10101_rcs2025,sup062e,"Partizipation: offline, Konsum/Boykott",8191,8562
ZA10101_rcs2025,sup062f,"Partizipation: offline, politische Leser:innenbriefe",8191,8562
ZA10101_rcs2025,sup062g,"Partizipation: offline, Versammlungen",8191,8562
ZA10101_rcs2025,sup062h,"Partizipation: offline, Wahlkampfunterstuetzung",8191,8562
ZA10101_rcs2025,sup062z,"Partizipation: offline, keine",8191,8562
ZA10101_rcs2025,sup063a,Partizipation: Partei (Version A),308,8562
ZA10101_rcs2025,sup063b,Partizipation: Partei (Version B),308,8562
ZA10101_rcs2025,sup064,"Geburtsland: Deutschland, Eltern",8128,8562
ZA10101_rcs2025,sup065,"Geburtsland: anderes Land, Vater",1130,8562
ZA10101_rcs2025,sup070,"Zuzug: Jahr, Vater",813,8562
ZA10101_rcs2025,sup066,"Geburtsland: anderes Land, Mutter",1102,8562
ZA10101_rcs2025,sup071,"Zuzug: Jahr, Mutter",856,8562
ZA10101_rcs2025,sup069,"Geburtsland: Deutschland, Grosseltern",6147,8562
ZA10101_rcs2025,sup067,"Geburtsland: Deutschland, Partner:in",5074,8562
ZA10101_rcs2025,sup068,"Geburtsland: anderes Land, Partner:in",479,8562
ZA10101_rcs2025,sup072,"Haushalt: Sprache, deutsch",1938,8562
ZA10101_rcs2025,sup073,"Haushalt: Sprache, andere",169,8562
ZA10101_rcs2025,sup074,Herkunft: Ausgesiedelte,1456,8562
ZA10101_rcs2025,sup075,Herkunft: Asylsuchende,1542,8562
ZA10101_rcs2025,sup076,Religionszugehoerigkeit,7952,8562
ZA10101_rcs2025,sup077,Gottesdiensthaeufigkeit,4332,8562
ZA10101_rcs2025,sup078a,Parteiidentifikation: Vater (Version A),5692,8562
ZA10101_rcs2025,sup078b,Parteiidentifikation: Vater (Version B),5692,8562
ZA10101_rcs2025,sup079a,Parteiidentifikation: Mutter (Version A),5855,8562
ZA10101_rcs2025,sup079b,Parteiidentifikation: Mutter (Version B),5855,8562
ZA10101_rcs2025,sup080a,"Mitgliedschaft: Organisation, Gewerkschaft",7900,8562
ZA10101_rcs2025,sup080b,"Mitgliedschaft: Organisation, Unternehmer-/Arbeitgeberverband",7754,8562
ZA10101_rcs2025,sup080c,"Mitgliedschaft: Organisation, Berufsvereinigung/-verband",7784,8562
ZA10101_rcs2025,sup080d,"Mitgliedschaft: Organisation, Bauern- bzw. Landwirtschaftsverband",7742,8562
ZA10101_rcs2025,sup080e,"Mitgliedschaft: Organisation, religioese/kirchliche Gruppe",7800,8562
ZA10101_rcs2025,sup080f,"Mitgliedschaft: Organisation, Sport-/Hobbyverein",7937,8562
ZA10101_rcs2025,sup080g,"Mitgliedschaft: Organisation, Umweltschutzgruppe",7766,8562
ZA10101_rcs2025,sup080h,"Mitgliedschaft: Organisation, globalisierungskritische Organisation",7765,8562
ZA10101_rcs2025,sup080j,"Mitgliedschaft: Organisation, Querdenker-Bewegung",7772,8562
ZA10101_rcs2025,sup080i,"Mitgliedschaft: Organisation, Partei",7053,8562
ZA10101_rcs2025,sup081,"Mitgliedschaft: Gewerkschaft, HH",5874,8562
ZA10101_rcs2025,sup082,Haushaltsnettoeinkommen,6827,8562
ZA10101_rcs2025,sup083a,"Psychologische Konzepte: Emotionen, Einsamkeit, fehlende Gesellschaft",8212,8562
ZA10101_rcs2025,sup083b,"Psychologische Konzepte: Emotionen, Einsamkeit, Ausgeschlossenheit",8201,8562
ZA10101_rcs2025,sup083c,"Psychologische Konzepte: Emotionen, Einsamkeit, Isolation",8192,8562
ZA10101_rcs2025,sup084a,"Einstellungen: liberale Demokratie, kritische Medien zensieren",8216,8562
ZA10101_rcs2025,sup084b,"Einstellungen: liberale Demokratie, Ein-Parteien-System",8207,8562
ZA10101_rcs2025,sup084c,"Einstellungen: liberale Demokratie, allg. Wahlrecht infrage stellen",8210,8562
ZA10101_rcs2025,sup084d,"Einstellungen: liberale Demokratie, Wahlrecht eigennuetzig aendern",8202,8562
ZA10101_rcs2025,sup084e,"Einstellungen: liberale Demokratie, pol. Gerichtsurteile ignorieren",8200,8562
ZA10101_rcs2025,sup084f,"Einstellungen: liberale Demokratie, Bundestag uebergehen",8194,8562
ZA10101_rcs2025,sup084g,"Einstellungen: liberale Demokratie, Gesetze beugen",8201,8562
ZA10101_rcs2025,sup085a,"Einstellungen: Rechtsextremismus, starke voelkische Partei noetig",8210,8562
ZA10101_rcs2025,sup085b,"Einstellungen: Rechtsextremismus, starkes Nationalgefuehl",8205,8562
ZA10101_rcs2025,sup085c,"Einstellungen: Rechtsextremismus, BRD ueberfremdet",8203,8562
ZA10101_rcs2025,sup085d,"Einstellungen: Rechtsextremismus, juedischer Einfluss zu gross",8200,8562
ZA10101_rcs2025,sup085e,"Einstellungen: Rechtsextremismus, Staerkerer durchsetzen",8210,8562
ZA10101_rcs2025,sup085f,"Einstellungen: Rechtsextremismus, NS-Verbrechen uebertrieben",8211,8562
ZA10101_rcs2025,sup086a,Psychologische Konzepte: unvorhersehbare Situationen,8201,8562
ZA10101_rcs2025,sup086b,Psychologische Konzepte: Fragen mit vielen Antworten,8207,8562
ZA10101_rcs2025,sup086c,Psychologische Konzepte: zu allem Meinung bilden,8200,8562
ZA10101_rcs2025,sup086d,Psychologische Konzepte: angestrengtes Nachdenken,8205,8562
ZA10101_rcs2025,sup086e,Psychologische Konzepte: politische Streitgespraeche,8200,8562
ZA10101_rcs2025,sup086f,Psychologische Konzepte: das Ganze versus Details,8207,8562
ZA10101_rcs2025,sup086g,Psychologische Konzepte: luegen,8193,8562
ZA10101_rcs2025,sup086h,Psychologische Konzepte: Ausdruck des eigenen politischen Standpunkts,8198,8562
ZA10101_rcs2025,sup086i,Psychologische Konzepte: beeinflussen der Kanzler:innenfrage,8199,8562
ZA10101_rcs2025,sup086j,"Psychologische Konzepte: beeinflussen, welche Koalition sich bildet",8194,8562
ZA10101_rcs2025,pos_speederindex,Zeitunterschreiter-Index,7413,8562
ZA10101_rcs2025,pos_speederflag,Zeitunterschreiter (10% der Befragten mit den niedrigsten Indexwerten),7413,8562
ZA10101_rcs2025,pos_field_start,"Beginn Erhebungszeitraum, Nachwahl",0,8562
ZA10101_rcs2025,pos_field_end,"Ende Erhebungszeitraum, Nachwahl",0,8562
ZA10101_rcs2025,pos_veri_flag,"Verifikation: nicht die Zielperson, Nachwahl",8562,8562
ZA10101_rcs2025,pos_replicate,"Replikat: Replikatsnummer, Nachwahl",8539,8562
ZA10101_rcs2025,pos_replicate_date,"Replikat: Datum, Nachwahl",0,8562
ZA10101_rcs2025,pos_fieldday,"Interview: Feldtag des beendeten Interviews, Nachwahl",7885,8562
ZA10101_rcs2025,pos_startdate,"Interview: Datum, Start, Nachwahl",0,8562
ZA10101_rcs2025,pos_start_datetime,"Interview: Zeitpunkt, Interviewstart, Nachwahl",0,8562
ZA10101_rcs2025,pos_enddate,"Interview: Datum, Ende, Nachwahl",0,8562
ZA10101_rcs2025,pos_end_datetime,"Interview: Zeitpunkt, letzter Zugriff, Nachwahl",0,8562
ZA10101_rcs2025,pos_intdate_flag,"Interview: Startdatum und Enddatum nicht gleicher Tag, Nachwahl",7938,8562
ZA10101_rcs2025,pos_intstatus,"Interviewstatus: Anteil beantworteter Fragen, Nachwahl",7938,8562
ZA10101_rcs2025,pos_intstatus_prc,"Interviewstatus: Anteil beantworteter Fragen, prozentual, Nachwahl",7938,8562
ZA10101_rcs2025,pos_dispcode,"disposition code, Nachwahl",7938,8562
ZA10101_rcs2025,pos_lastquestion,"Interview: Letzte Frage, Nachwahl",0,8562
ZA10101_rcs2025,pos_intdur,"Interview: Dauer, Sekunden, Nachwahl",7426,8562
ZA10101_rcs2025,pos_participant_device,"Geraet, Nachwahl",7859,8562
ZA10101_rcs2025,pos_participant_os,"Betriebssystem, Nachwahl",7939,8562
ZA10101_rcs2025,pos_device_type,"Geraetetyp, Nachwahl",7885,8562
ZA10101_rcs2025,pos_smartphone,"Geraetetyp: Smartphone, Nachwahl",7938,8562
ZA10101_rcs2025,pos_tablet,"Geraetetyp: Tablet, Nachwahl",7938,8562
ZA10101_rcs2025,pos_participant_browser,"Browser, Nachwahl",7854,8562
ZA10101_rcs2025,pos_browser,"Information zum Browser, Nachwahl",0,8562
ZA10101_rcs2025,pos003,Wahlkampf: Interessantheit,7924,8562
ZA10101_rcs2025,pos004,Demokratie: Zufriedenheit,7922,8562
ZA10101_rcs2025,pos005,Wahlergebnis: Zufriedenheit,7920,8562
ZA10101_rcs2025,pos006a,"Wahlergebnis: Emotionen, hoffnungsvoll",7735,8562
ZA10101_rcs2025,pos006b,"Wahlergebnis: Emotionen, besorgt",7723,8562
ZA10101_rcs2025,pos006c,"Wahlergebnis: Emotionen, wuetend",7582,8562
ZA10101_rcs2025,pos007,Wahlbeteiligung: BTW 2025,7905,8562
ZA10101_rcs2025,pos008,"Wahlbeteiligung: vor Wahltermin, BTW 2025",7565,8562
ZA10101_rcs2025,pos008_flag,Abweichung Briefwahl VW/NW,1093,8562
ZA10101_rcs2025,pos009,"Wahlentscheidung: Zeitpunkt, vor Wahltermin",3834,8562
ZA10101_rcs2025,pos010a_flag,Abweichung Erststimme VW/NW (Briefwahl),1023,8562
ZA10101_rcs2025,pos010b_flag,Abweichung Zweitstimme VW/NW (Briefwahl),1020,8562
ZA10101_rcs2025,pos010aa,"Wahlentscheidung: BTW 2025, Erststimme (Version A)",7108,8562
ZA10101_rcs2025,pos010ab,"Wahlentscheidung: BTW 2025, Erststimme (Version B)",7108,8562
ZA10101_rcs2025,pos010ba,"Wahlentscheidung: BTW 2025, Zweitstimme (Version A)",7107,8562
ZA10101_rcs2025,pos010bb,"Wahlentscheidung: BTW 2025, Zweitstimme (Version B)",7107,8562
ZA10101_rcs2025,pos011,Wahlentscheidung: Zeitpunkt,7204,8562
ZA10101_rcs2025,pos012,Wahlentscheidung: Schwierigkeit,7244,8562
ZA10101_rcs2025,pos013,"Wahlentscheidung: BTW 2025, Zufriedenheit",7167,8562
ZA10101_rcs2025,pos014,"Wahlentscheidung: Zeitpunkt, Nichtwahl",333,8562
ZA10101_rcs2025,pos015,"Wahlentscheidung: Schwierigkeit, Nichtwahl",333,8562
ZA10101_rcs2025,pos016d,"Wahlentscheidung: Alternative zu Zweitstimme, SPD",2978,8562
ZA10101_rcs2025,pos016a,"Wahlentscheidung: Alternative zu Zweitstimme, CDU/CSU",2788,8562
ZA10101_rcs2025,pos016f,"Wahlentscheidung: Alternative zu Zweitstimme, GRUENE",3159,8562
ZA10101_rcs2025,pos016e,"Wahlentscheidung: Alternative zu Zweitstimme, FDP",3416,8562
ZA10101_rcs2025,pos016h,"Wahlentscheidung: Alternative zu Zweitstimme, AfD",3123,8562
ZA10101_rcs2025,pos016g,"Wahlentscheidung: Alternative zu Zweitstimme, DIE LINKE",3238,8562
ZA10101_rcs2025,pos016m,"Wahlentscheidung: Alternative zu Zweitstimme, BSW",3424,8562
ZA10101_rcs2025,pos016x,"Wahlentscheidung: Alternative zu Zweitstimme, andere",3657,8562
ZA10101_rcs2025,pos017a,"Koalitionen: Skalometer, CDU/CSU, SPD",7612,8562
ZA10101_rcs2025,pos017b,"Koalitionen: Skalometer, CDU/CSU, SPD, GRUENE",7645,8562
ZA10101_rcs2025,pos017c,"Koalitionen: Skalometer, CDU/CSU, AfD",7270,8562
ZA10101_rcs2025,pos019,Koalitionsbildung: Kompromissbereitschaft,7905,8562
ZA10101_rcs2025,pos020d,"Koalitionspartner: Erwartungen, SPD",7243,8562
ZA10101_rcs2025,pos020a,"Koalitionspartner: Erwartungen, CDU/CSU",7243,8562
ZA10101_rcs2025,pos020f,"Koalitionspartner: Erwartungen, GRUENE",7243,8562
ZA10101_rcs2025,pos020h,"Koalitionspartner: Erwartungen, AfD",7243,8562
ZA10101_rcs2025,pos020g,"Koalitionspartner: Erwartungen, DIE LINKE",7243,8562
ZA10101_rcs2025,pos020_s,"Koalitionspartner: Erwartungen, Koalitionen",0,8562
ZA10101_rcs2025,pos062a,"Koalitionen: Erwartungen, CDU/CSU, SPD",7848,8562
ZA10101_rcs2025,pos062b,"Koalitionen: Erwartungen, CDU/CSU, SPD, GRUENE",7541,8562
ZA10101_rcs2025,pos062c,"Koalitionen: Erwartungen, CDU/CSU, AfD",7549,8562
ZA10101_rcs2025,pos022a,"Politische Probleme: wichtigstes, Loesungskompetenz (Version A)",7684,8562
ZA10101_rcs2025,pos022b,"Politische Probleme: wichtigstes, Loesungskompetenz (Version B)",7684,8562
ZA10101_rcs2025,pos024a,"Politische Probleme: zweitwichtigstes, Loesungskompetenz (Version A)",7628,8562
ZA10101_rcs2025,pos024b,"Politische Probleme: zweitwichtigstes, Loesungskompetenz (Version B)",7628,8562
ZA10101_rcs2025,pos025a,"Einstellungen: Integritaet von Wahlen, faire Praesentationschancen im WK",7886,8562
ZA10101_rcs2025,pos025b,"Einstellungen: Integritaet von Wahlen, BTW korrekt und fair durchgefuehrt",7880,8562
ZA10101_rcs2025,pos025c,"Einstellungen: Integritaet von Wahlen, Briefwahl sicheres Verfahren",7871,8562
ZA10101_rcs2025,pos025d,"Einstellungen: Integritaet von Wahlen, Einfluss aus dem Ausland auf BTW",7867,8562
ZA10101_rcs2025,pos025e,"Einstellungen: Integritaet von Wahlen, neues Wahlrecht bewaehrt",7859,8562
ZA10101_rcs2025,pos025f,"Einstellungen: Integritaet von Wahlen, im WK richtige Themen angesprochen",7869,8562
ZA10101_rcs2025,pos025g,"Einstellungen: Integritaet von Wahlen, WK war zu negativ",7871,8562
ZA10101_rcs2025,pos025h,"Einstellungen: Integritaet von Wahlen, WK Hilfe fuer Wahlentscheidung",7871,8562
ZA10101_rcs2025,pos025i,"Einstellungen: Integritaet von Wahlen, keine neuen Gesetze mit alten Mehrheiten",5169,8562
ZA10101_rcs2025,pos026d,"Wahlentscheidung: Wahlergebnis, Gewinner:in, SPD",7433,8562
ZA10101_rcs2025,pos026b,"Wahlentscheidung: Wahlergebnis, Gewinner:in, CDU",7433,8562
ZA10101_rcs2025,pos026c,"Wahlentscheidung: Wahlergebnis, Gewinner:in, CSU",7433,8562
ZA10101_rcs2025,pos026f,"Wahlentscheidung: Wahlergebnis, Gewinner:in, GRUENE",7433,8562
ZA10101_rcs2025,pos026e,"Wahlentscheidung: Wahlergebnis, Gewinner:in, FDP",7433,8562
ZA10101_rcs2025,pos026h,"Wahlentscheidung: Wahlergebnis, Gewinner:in, AfD",7433,8562
ZA10101_rcs2025,pos026g,"Wahlentscheidung: Wahlergebnis, Gewinner:in, DIE LINKE",7433,8562
ZA10101_rcs2025,pos026m,"Wahlentscheidung: Wahlergebnis, Gewinner:in, BSW",7433,8562
ZA10101_rcs2025,pos026x,"Wahlentscheidung: Wahlergebnis, Gewinner:in, andere",7433,8562
ZA10101_rcs2025,pos027d,"Wahlentscheidung: Wahlergebnis, Verlierer:in, SPD",7537,8562
ZA10101_rcs2025,pos027b,"Wahlentscheidung: Wahlergebnis, Verlierer:in, CDU",7537,8562
ZA10101_rcs2025,pos027c,"Wahlentscheidung: Wahlergebnis, Verlierer:in, CSU",7537,8562
ZA10101_rcs2025,pos027f,"Wahlentscheidung: Wahlergebnis, Verlierer:in, GRUENE",7537,8562
ZA10101_rcs2025,pos027e,"Wahlentscheidung: Wahlergebnis, Verlierer:in, FDP",7537,8562
ZA10101_rcs2025,pos027h,"Wahlentscheidung: Wahlergebnis, Verlierer:in, AfD",7537,8562
ZA10101_rcs2025,pos027g,"Wahlentscheidung: Wahlergebnis, Verlierer:in, DIE LINKE",7537,8562
ZA10101_rcs2025,pos027m,"Wahlentscheidung: Wahlergebnis, Verlierer:in, BSW",7537,8562
ZA10101_rcs2025,pos027x,"Wahlentscheidung: Wahlergebnis, Verlierer:in, andere",7537,8562
ZA10101_rcs2025,pos028,"Wahlentscheidung: Wahlergebnis, Gewinner:in/Verlierer:in, Ego",7892,8562
ZA10101_rcs2025,pos060a,Wahlkreiskandidierende: Gewinner:in (Version A),5382,8562
ZA10101_rcs2025,pos060b,Wahlkreiskandidierende: Gewinner:in (Version B),5364,8562
ZA10101_rcs2025,pos061,"Wahlkreiskandidierende: Gewinner:in, Einzug Bundestag",3620,8562
ZA10101_rcs2025,pos029,"Wirtschaftliche Lage: aktuell, allgemeine",7892,8562
ZA10101_rcs2025,pos030,"Wirtschaftliche Lage: prospektiv, allgemeine",7883,8562
ZA10101_rcs2025,pos031d,"Parteien: Skalometer, SPD",7829,8562
ZA10101_rcs2025,pos031b,"Parteien: Skalometer, CDU",7840,8562
ZA10101_rcs2025,pos031c,"Parteien: Skalometer, CSU",7790,8562
ZA10101_rcs2025,pos031f,"Parteien: Skalometer, GRUENE",7835,8562
ZA10101_rcs2025,pos031e,"Parteien: Skalometer, FDP",7814,8562
ZA10101_rcs2025,pos031h,"Parteien: Skalometer, AfD",7821,8562
ZA10101_rcs2025,pos031g,"Parteien: Skalometer, DIE LINKE",7806,8562
ZA10101_rcs2025,pos031m,"Parteien: Skalometer, BSW",7565,8562
ZA10101_rcs2025,pos032a,"Spitzenpolitiker:in: Skalometer, O. Scholz",7842,8562
ZA10101_rcs2025,pos032b,"Spitzenpolitiker:in: Skalometer, F. Merz",7828,8562
ZA10101_rcs2025,pos032c,"Spitzenpolitiker:in: Skalometer, R. Habeck",7783,8562
ZA10101_rcs2025,pos032e,"Spitzenpolitiker:in: Skalometer, Ch. Lindner",7769,8562
ZA10101_rcs2025,pos032d,"Spitzenpolitiker:in: Skalometer, A. Weidel",7748,8562
ZA10101_rcs2025,pos032g,"Spitzenpolitiker:in: Skalometer, J. v. Aken",5424,8562
ZA10101_rcs2025,pos032f,"Spitzenpolitiker:in: Skalometer, S. Wagenknecht",7766,8562
ZA10101_rcs2025,pos033a,"Kanzlerkandidat:in: Gefuehle, negativ, O. Scholz",7825,8562
ZA10101_rcs2025,pos033b,"Kanzlerkandidat:in: Gefuehle, negativ, F. Merz",7779,8562
ZA10101_rcs2025,pos033c,"Kanzlerkandidat:in: Gefuehle, negativ, R. Habeck",7732,8562
ZA10101_rcs2025,pos033d,"Kanzlerkandidat:in: Gefuehle, negativ, A. Weidel",7692,8562
ZA10101_rcs2025,pos034a,"Kanzlerkandidat:in: Gefuehle, positiv, O. Scholz",7806,8562
ZA10101_rcs2025,pos034b,"Kanzlerkandidat:in: Gefuehle, positiv, F. Merz",7786,8562
ZA10101_rcs2025,pos034c,"Kanzlerkandidat:in: Gefuehle, positiv, R. Habeck",7710,8562
ZA10101_rcs2025,pos034d,"Kanzlerkandidat:in: Gefuehle, positiv, A. Weidel",7604,8562
ZA10101_rcs2025,pos055a,"Kanzlerkandidat:in: Eigenschaft, SPD, durchsetzungsfaehig",7664,8562
ZA10101_rcs2025,pos055b,"Kanzlerkandidat:in: Eigenschaft, SPD, vertrauenswuerdig",7711,8562
ZA10101_rcs2025,pos055c,"Kanzlerkandidat:in: Eigenschaft, SPD, BRD voranbringen",7689,8562
ZA10101_rcs2025,pos056a,"Kanzlerkandidat:in: Eigenschaft, CDU/CSU, durchsetzungsfaehig",7438,8562
ZA10101_rcs2025,pos056b,"Kanzlerkandidat:in: Eigenschaft, CDU/CSU, vertrauenswuerdig",7594,8562
ZA10101_rcs2025,pos056c,"Kanzlerkandidat:in: Eigenschaft, CDU/CSU, BRD voranbringen",7588,8562
ZA10101_rcs2025,pos057a,"Kanzlerkandidat:in: Eigenschaft, GRUENE, durchsetzungsfaehig",7390,8562
ZA10101_rcs2025,pos057b,"Kanzlerkandidat:in: Eigenschaft, GRUENE, vertrauenswuerdig",7484,8562
ZA10101_rcs2025,pos057c,"Kanzlerkandidat:in: Eigenschaft, GRUENE, BRD voranbringen",7472,8562
ZA10101_rcs2025,pos058a,"Kanzlerkandidat:in: Eigenschaft, AfD, durchsetzungsfaehig",7093,8562
ZA10101_rcs2025,pos058b,"Kanzlerkandidat:in: Eigenschaft, AfD, vertrauenswuerdig",7419,8562
ZA10101_rcs2025,pos058c,"Kanzlerkandidat:in: Eigenschaft, AfD, BRD voranbringen",7445,8562
ZA10101_rcs2025,pos049,"TV Debatte: Rezeption, ARD/ZDF",7868,8562
ZA10101_rcs2025,pos050,"TV Debatte: Rezeption, RTL",7865,8562
ZA10101_rcs2025,pos035d,"Parteikontakt: Wahlveranstaltungen, SPD",7858,8562
ZA10101_rcs2025,pos035b,"Parteikontakt: Wahlveranstaltungen, CDU",7858,8562
ZA10101_rcs2025,pos035c,"Parteikontakt: Wahlveranstaltungen, CSU",7858,8562
ZA10101_rcs2025,pos035f,"Parteikontakt: Wahlveranstaltungen, GRUENE",7858,8562
ZA10101_rcs2025,pos035e,"Parteikontakt: Wahlveranstaltungen, FDP",7858,8562
ZA10101_rcs2025,pos035h,"Parteikontakt: Wahlveranstaltungen, AfD",7858,8562
ZA10101_rcs2025,pos035g,"Parteikontakt: Wahlveranstaltungen, DIE LINKE",7858,8562
ZA10101_rcs2025,pos035m,"Parteikontakt: Wahlveranstaltungen, BSW",7858,8562
ZA10101_rcs2025,pos035x,"Parteikontakt: Wahlveranstaltungen, andere",7858,8562
ZA10101_rcs2025,pos035w,"Parteikontakt: Wahlveranstaltungen, keine",7858,8562
ZA10101_rcs2025,pos036d,"Parteikontakt: direkter Kontakt, SPD",7857,8562
ZA10101_rcs2025,pos036b,"Parteikontakt: direkter Kontakt, CDU",7857,8562
ZA10101_rcs2025,pos036c,"Parteikontakt: direkter Kontakt, CSU",7857,8562
ZA10101_rcs2025,pos036f,"Parteikontakt: direkter Kontakt, GRUENE",7857,8562
ZA10101_rcs2025,pos036e,"Parteikontakt: direkter Kontakt, FDP",7857,8562
ZA10101_rcs2025,pos036h,"Parteikontakt: direkter Kontakt, AfD",7857,8562
ZA10101_rcs2025,pos036g,"Parteikontakt: direkter Kontakt, DIE LINKE",7857,8562
ZA10101_rcs2025,pos036m,"Parteikontakt: direkter Kontakt, BSW",7857,8562
ZA10101_rcs2025,pos036x,"Parteikontakt: direkter Kontakt, andere",7857,8562
ZA10101_rcs2025,pos036w,"Parteikontakt: direkter Kontakt, keine",7857,8562
ZA10101_rcs2025,pos037d,"Parteikontakt: Medien, allgemein, SPD",7860,8562
ZA10101_rcs2025,pos037b,"Parteikontakt: Medien, allgemein, CDU",7860,8562
ZA10101_rcs2025,pos037c,"Parteikontakt: Medien, allgemein, CSU",7860,8562
ZA10101_rcs2025,pos037f,"Parteikontakt: Medien, allgemein, GRUENE",7860,8562
ZA10101_rcs2025,pos037e,"Parteikontakt: Medien, allgemein, FDP",7860,8562
ZA10101_rcs2025,pos037h,"Parteikontakt: Medien, allgemein, AfD",7860,8562
ZA10101_rcs2025,pos037g,"Parteikontakt: Medien, allgemein, DIE LINKE",7860,8562
ZA10101_rcs2025,pos037m,"Parteikontakt: Medien, allgemein, BSW",7860,8562
ZA10101_rcs2025,pos037x,"Parteikontakt: Medien, allgemein, andere",7860,8562
ZA10101_rcs2025,pos037w,"Parteikontakt: Medien, allgemein, keine",7860,8562
ZA10101_rcs2025,pos038d,"Parteikontakt: Informationsmaterial, SPD",7840,8562
ZA10101_rcs2025,pos038b,"Parteikontakt: Informationsmaterial, CDU",7840,8562
ZA10101_rcs2025,pos038c,"Parteikontakt: Informationsmaterial, CSU",7840,8562
ZA10101_rcs2025,pos038f,"Parteikontakt: Informationsmaterial, GRUENE",7840,8562
ZA10101_rcs2025,pos038e,"Parteikontakt: Informationsmaterial, FDP",7840,8562
ZA10101_rcs2025,pos038h,"Parteikontakt: Informationsmaterial, AfD",7840,8562
ZA10101_rcs2025,pos038g,"Parteikontakt: Informationsmaterial, DIE LINKE",7840,8562
ZA10101_rcs2025,pos038m,"Parteikontakt: Informationsmaterial, BSW",7840,8562
ZA10101_rcs2025,pos038x,"Parteikontakt: Informationsmaterial, andere",7840,8562
ZA10101_rcs2025,pos038w,"Parteikontakt: Informationsmaterial, keine",7840,8562
ZA10101_rcs2025,pos039v,"Soziale Medien: Parteiendarstellung, positiv, keine",7851,8562
ZA10101_rcs2025,pos039d,"Soziale Medien: Parteiendarstellung, positiv, SPD",7851,8562
ZA10101_rcs2025,pos039b,"Soziale Medien: Parteiendarstellung, positiv, CDU",7851,8562
ZA10101_rcs2025,pos039c,"Soziale Medien: Parteiendarstellung, positiv, CSU",7851,8562
ZA10101_rcs2025,pos039f,"Soziale Medien: Parteiendarstellung, positiv, GRUENE",7851,8562
ZA10101_rcs2025,pos039e,"Soziale Medien: Parteiendarstellung, positiv, FDP",7851,8562
ZA10101_rcs2025,pos039h,"Soziale Medien: Parteiendarstellung, positiv, AfD",7851,8562
ZA10101_rcs2025,pos039g,"Soziale Medien: Parteiendarstellung, positiv, DIE LINKE",7851,8562
ZA10101_rcs2025,pos039m,"Soziale Medien: Parteiendarstellung, positiv, BSW",7851,8562
ZA10101_rcs2025,pos039x,"Soziale Medien: Parteiendarstellung, positiv, andere",7851,8562
ZA10101_rcs2025,pos039z,"Soziale Medien: Parteiendarstellung, positiv, keine Nutzung",7851,8562
ZA10101_rcs2025,pos040a,"Soziale Medien: Parteiendarstellung, positiv, Medium, WhatsApp",2589,8562
ZA10101_rcs2025,pos040b,"Soziale Medien: Parteiendarstellung, positiv, Medium, Facebook",2589,8562
ZA10101_rcs2025,pos040c,"Soziale Medien: Parteiendarstellung, positiv, Medium, Instagram",2589,8562
ZA10101_rcs2025,pos040d,"Soziale Medien: Parteiendarstellung, positiv, Medium, Youtube",2589,8562
ZA10101_rcs2025,pos040e,"Soziale Medien: Parteiendarstellung, positiv, Medium, X/Twitter",2589,8562
ZA10101_rcs2025,pos040f,"Soziale Medien: Parteiendarstellung, positiv, Medium, Snapchat",2589,8562
ZA10101_rcs2025,pos040g,"Soziale Medien: Parteiendarstellung, positiv, Medium, TikTok",2589,8562
ZA10101_rcs2025,pos040h,"Soziale Medien: Parteiendarstellung, positiv, Medium, Telegram",2589,8562
ZA10101_rcs2025,pos040i,"Soziale Medien: Parteiendarstellung, positiv, Medium, Signal",2589,8562
ZA10101_rcs2025,pos040j,"Soziale Medien: Parteiendarstellung, positiv, Medium, Threema",2589,8562
ZA10101_rcs2025,pos040k,"Soziale Medien: Parteiendarstellung, positiv, Medium, XING",2589,8562
ZA10101_rcs2025,pos040l,"Soziale Medien: Parteiendarstellung, positiv, Medium, LinkedIn",2589,8562
ZA10101_rcs2025,pos040m,"Soziale Medien: Parteiendarstellung, positiv, Medium, Discord",2589,8562
ZA10101_rcs2025,pos040n,"Soziale Medien: Parteiendarstellung, positiv, Medium, BlueSky",2589,8562
ZA10101_rcs2025,pos040o,"Soziale Medien: Parteiendarstellung, positiv, Medium, anderes",2589,8562
ZA10101_rcs2025,pos041v,"Soziale Medien: Parteiendarstellung, negativ, keine",5539,8562
ZA10101_rcs2025,pos041d,"Soziale Medien: Parteiendarstellung, negativ, SPD",5539,8562
ZA10101_rcs2025,pos041b,"Soziale Medien: Parteiendarstellung, negativ, CDU",5539,8562
ZA10101_rcs2025,pos041c,"Soziale Medien: Parteiendarstellung, negativ, CSU",5539,8562
ZA10101_rcs2025,pos041f,"Soziale Medien: Parteiendarstellung, negativ, GRUENE",5539,8562
ZA10101_rcs2025,pos041e,"Soziale Medien: Parteiendarstellung, negativ, FDP",5539,8562
ZA10101_rcs2025,pos041h,"Soziale Medien: Parteiendarstellung, negativ, AfD",5539,8562
ZA10101_rcs2025,pos041g,"Soziale Medien: Parteiendarstellung, negativ, DIE LINKE",5539,8562
ZA10101_rcs2025,pos041m,"Soziale Medien: Parteiendarstellung, negativ, BSW",5539,8562
ZA10101_rcs2025,pos041x,"Soziale Medien: Parteiendarstellung, negativ, andere",5539,8562
ZA10101_rcs2025,pos042a,"Soziale Medien: Parteiendarstellung, negativ, Medium, WhatsApp",2447,8562
ZA10101_rcs2025,pos042b,"Soziale Medien: Parteiendarstellung, negativ, Medium, Facebook",2447,8562
ZA10101_rcs2025,pos042c,"Soziale Medien: Parteiendarstellung, negativ, Medium, Instagram",2447,8562
ZA10101_rcs2025,pos042d,"Soziale Medien: Parteiendarstellung, negativ, Medium, Youtube",2447,8562
ZA10101_rcs2025,pos042e,"Soziale Medien: Parteiendarstellung, negativ, Medium, X/Twitter",2447,8562
ZA10101_rcs2025,pos042f,"Soziale Medien: Parteiendarstellung, negativ, Medium, Snapchat",2447,8562
ZA10101_rcs2025,pos042g,"Soziale Medien: Parteiendarstellung, negativ, Medium, TikTok",2447,8562
ZA10101_rcs2025,pos042h,"Soziale Medien: Parteiendarstellung, negativ, Medium, Telegram",2447,8562
ZA10101_rcs2025,pos042i,"Soziale Medien: Parteiendarstellung, negativ, Medium, Signal",2447,8562
ZA10101_rcs2025,pos042j,"Soziale Medien: Parteiendarstellung, negativ, Medium, Threema",2447,8562
ZA10101_rcs2025,pos042k,"Soziale Medien: Parteiendarstellung, negativ, Medium, XING",2447,8562
ZA10101_rcs2025,pos042l,"Soziale Medien: Parteiendarstellung, negativ, Medium, LinkedIn",2447,8562
ZA10101_rcs2025,pos042m,"Soziale Medien: Parteiendarstellung, negativ, Medium, Discord",2447,8562
ZA10101_rcs2025,pos042n,"Soziale Medien: Parteiendarstellung, negativ, Medium, BlueSky",2447,8562
ZA10101_rcs2025,pos042o,"Soziale Medien: Parteiendarstellung, negativ, Medium, anderes",2447,8562
ZA10101_rcs2025,pos043,"Pol. Mediennutzung: Informationsquelle, hilfreichste",7873,8562
ZA10101_rcs2025,pos059a,"Einstellungen: Itembatterie A, Anpassung an deutsche Kultur",7861,8562
ZA10101_rcs2025,pos059b,"Einstellungen: Itembatterie A, gendergerechte Sprache sinnvoll",7857,8562
ZA10101_rcs2025,pos059c,"Einstellungen: Itembatterie A, Staat aus Wirtschaft heraushalten",7859,8562
ZA10101_rcs2025,pos059d,"Einstellungen: Itembatterie A, Einkommensunterschiede verringern",7849,8562
ZA10101_rcs2025,pos059e,"Einstellungen: Itembatterie A, Waffenlieferung an UKR beenden",7849,8562
ZA10101_rcs2025,pos059f,"Einstellungen: Itembatterie A, Massnahmen zur Gleichstellung zu weit",7854,8562
ZA10101_rcs2025,pos059g,"Einstellungen: Itembatterie A, Brandmauer aufgeben",7863,8562
ZA10101_rcs2025,pos044,"Positionsissue: Steuern vs. Sozialleistungen, Ego",7867,8562
ZA10101_rcs2025,pos051,"Positionsissue: Steuern vs. Sozialleistungen, Salienz",7869,8562
ZA10101_rcs2025,pos052d,"Positionsissue: Zuwanderung, SPD",6920,8562
ZA10101_rcs2025,pos052b,"Positionsissue: Zuwanderung, CDU",7064,8562
ZA10101_rcs2025,pos052c,"Positionsissue: Zuwanderung, CSU",6906,8562
ZA10101_rcs2025,pos052f,"Positionsissue: Zuwanderung, GRUENE",6735,8562
ZA10101_rcs2025,pos052e,"Positionsissue: Zuwanderung, FDP",5968,8562
ZA10101_rcs2025,pos052h,"Positionsissue: Zuwanderung, AfD",7105,8562
ZA10101_rcs2025,pos052g,"Positionsissue: Zuwanderung, DIE LINKE",6225,8562
ZA10101_rcs2025,pos052m,"Positionsissue: Zuwanderung, BSW",5785,8562
ZA10101_rcs2025,pos045,"Positionsissue: Zuwanderung, Ego",7862,8562
ZA10101_rcs2025,pos053,"Positionsissue: Zuwanderung, Salienz",7859,8562
ZA10101_rcs2025,pos046,"Positionsissue: Klimawandel, Ego",7861,8562
ZA10101_rcs2025,pos054,"Positionsissue: Klimawandel, Salienz",7857,8562
ZA10101_rcs2025,pos047a,"Einstellungen: Itembatterie B, Schuldenbremse lockern",7861,8562
ZA10101_rcs2025,pos047b,"Einstellungen: Itembatterie B, Mietpreise staerker regulieren",7860,8562
ZA10101_rcs2025,pos047c,"Einstellungen: Itembatterie B, Buergergeld senken",7859,8562
ZA10101_rcs2025,pos047d,"Einstellungen: Itembatterie B, Besserverdienende mehr Steuern bezahlen",7864,8562
ZA10101_rcs2025,pos047e,"Einstellungen: Itembatterie B, Tempolimit auf Autobahnen",7866,8562
ZA10101_rcs2025,pos047f,"Einstellungen: Itembatterie B, Wahlberechtigung bei BTW ab 16",7861,8562
ZA10101_rcs2025,pos047ac,"Einstellungen: Itembatterie B, Attention Check",7868,8562
ZA10101_rcs2025,pos047ac_flag,"Attentioncheck, bestanden vs. nicht bestanden, Nachwahl",7886,8562
ZA10101_rcs2025,pos047g,"Einstellungen: Itembatterie B, Finanzpaket Verteidigung Infrastruktur sinnvoll",5165,8562
ZA6835_cross_cum0921,za_nr,ZA-Studiennummer,21040,21040
ZA6835_cross_cum0921,version,GESIS Archivversion,0,21040
ZA6835_cross_cum0921,doi,Digital Object Identifier,0,21040
ZA6835_cross_cum0921,field_start,Beginn Erhebungszeitraum,0,21040
ZA6835_cross_cum0921,field_end,Ende Erhebungszeitraum,0,21040
ZA6835_cross_cum0921,sample,Stichprobe,21040,21040
ZA6835_cross_cum0921,pre,Vorwahlbefragung,21040,21040
ZA6835_cross_cum0921,za_nr_od,ZA-Studiennummer (original dataset),21040,21040
ZA6835_cross_cum0921,mode,Teilnahmemodus,21040,21040
ZA6835_cross_cum0921,lfdn,Laufende Nummer: gesamt,21040,21040
ZA6835_cross_cum0921,lfdn_pre09,Laufende Nummer: Vorwahlquerschnitt 2009,2173,21040
ZA6835_cross_cum0921,lfdn_post09,Laufende Nummer: Nachwahlquerschnitt 2009,2115,21040
ZA6835_cross_cum0921,lfdn_pre13,Laufende Nummer: Vorwahlquerschnitt 2013,2003,21040
ZA6835_cross_cum0921,lfdn_post13,Laufende Nummer: Nachwahlquerschnitt 2013,1908,21040
ZA6835_cross_cum0921,lfdn_pre17,Laufende Nummer: Vorwahlquerschnitt 2017,2179,21040
ZA6835_cross_cum0921,lfdn_post17,Laufende Nummer: Nachwahlquerschnitt 2017,2112,21040
ZA6835_cross_cum0921,lfdn_pre21,Laufende Nummer: Vorwahlquerschnitt 2021,5119,21040
ZA6835_cross_cum0921,lfdn_post21,Laufende Nummer: Nachwahlquerschnitt 2021,3431,21040
ZA6835_cross_cum0921,intnum,Interviewer:innennummer,8202,21040
ZA6835_cross_cum0921,vpoint_pre09,Virtueller Sample Point: Vorwahlquerschnitt 2009,2173,21040
ZA6835_cross_cum0921,vpoint_post09,Virtueller Sample Point: Nachwahlquerschnitt 2009,2115,21040
ZA6835_cross_cum0921,vpoint_pre13,Virtueller Sample Point: Vorwahlquerschnitt 2013,2003,21040
ZA6835_cross_cum0921,vpoint_post13,Virtueller Sample Point: Nachwahlquerschnitt 2013,1908,21040
ZA6835_cross_cum0921,vpoint_pre17,Virtueller Sample Point: Vorwahlquerschnitt 2017,2179,21040
ZA6835_cross_cum0921,vpoint_post17,Virtueller Sample Point: Nachwahlquerschnitt 2017,2112,21040
ZA6835_cross_cum0921,vpoint_pre21,Virtueller Sample Point: Vorwahlquerschnitt 2021,5119,21040
ZA6835_cross_cum0921,vpoint_post21,Virtueller Sample Point: Nachwahlquerschnitt 2021,3431,21040
ZA6835_cross_cum0921,intyear,"Interview: Datum, Jahr",21040,21040
ZA6835_cross_cum0921,intmon,"Interview: Datum, Monat",20750,21040
ZA6835_cross_cum0921,intday,"Interview: Datum, Tag",20742,21040
ZA6835_cross_cum0921,intdate,Interview: Datum,20742,21040
ZA6835_cross_cum0921,intstart_c,"Interview: Start, CAPI/CAWI",14398,21040
ZA6835_cross_cum0921,intstart_p,"Interview: Start, PAPI",0,21040
ZA6835_cross_cum0921,intend_c,"Interview: Ende, CAPI/CAWI",10317,21040
ZA6835_cross_cum0921,intend_p,"Interview: Ende, PAPI",0,21040
ZA6835_cross_cum0921,intdur_c,"Interview: Dauer, gesamt, CAPI/CAWI, Minuten",17676,21040
ZA6835_cross_cum0921,intdur_p,"Interview: Dauer, gesamt, PAPI, Minuten",1518,21040
ZA6835_cross_cum0921,intdur_cont,"Interview: Dauer, inhaltlicher Teil, CAPI/CAWI, Minuten",9791,21040
ZA6835_cross_cum0921,intdur_socio,"Interview: Dauer, Soziodemographie, CAPI/CAWI, Minuten",9791,21040
ZA6835_cross_cum0921,intdur_panel,"Interview: Dauer, Panelabfrage, CAPI/CAWI, Minuten",8826,21040
ZA6835_cross_cum0921,bula,Bundesland,21040,21040
ZA6835_cross_cum0921,ostwest,Ost/West (Zuordnung von Berlin zu Ostdeutschland),21040,21040
ZA6835_cross_cum0921,ostwest2,Ost/West (genaue Zuordnung von Berlin zu Ost- und Westdeutschland),17129,21040
ZA6835_cross_cum0921,wknr_09,Wahlkreisnummer 2009,4288,21040
ZA6835_cross_cum0921,wknr_13,Wahlkreisnummer 2013,3911,21040
ZA6835_cross_cum0921,wknr_17,Wahlkreisnummer 2017,4291,21040
ZA6835_cross_cum0921,wknr_21,Wahlkreisnummer 2021,8550,21040
ZA6835_cross_cum0921,w_ow,Gewicht: Ost/West,21040,21040
ZA6835_cross_cum0921,w_ow_c,"Gewicht: Ost/West, CAWI",18689,21040
ZA6835_cross_cum0921,w_ow_p,"Gewicht: Ost/West, PAPI",14841,21040
ZA6835_cross_cum0921,w_tran,Transformationsgewicht,21040,21040
ZA6835_cross_cum0921,w_trow,Kombination Transformations- und Ost/West-Gewicht,21040,21040
ZA6835_cross_cum0921,w_ipfges_1,"Sozial- und regionalstrukturelles Gewicht, gesamt (mit Tran.- & mit OW-Gewicht)",20698,21040
ZA6835_cross_cum0921,w_ipfges_2,"Sozial- und regionalstrukturelles Gewicht, gesamt (ohne Tran.- & mit OW-Gewicht)",20698,21040
ZA6835_cross_cum0921,w_ipfges_c,"Sozial- und regionalstrukturelles Gewicht, gesamt, CAWI",18499,21040
ZA6835_cross_cum0921,w_ipfges_p,"Sozial- und regionalstrukturelles Gewicht, gesamt, PAPI",14689,21040
ZA6835_cross_cum0921,w_ipfost_1,"Sozial- und regionalstrukturelles Gewicht, Ost (mit Transformationsgewicht)",7167,21040
ZA6835_cross_cum0921,w_ipfost_2,"Sozial- und regionalstrukturelles Gewicht, Ost (ohne Transformationsgewicht)",7167,21040
ZA6835_cross_cum0921,w_ipfost_c,"Sozial- und regionalstrukturelles Gewicht, Ost, CAWI",14396,21040
ZA6835_cross_cum0921,w_ipfost_p,"Sozial- und regionalstrukturelles Gewicht, Ost, PAPI",13301,21040
ZA6835_cross_cum0921,w_ipfwes_1,"Sozial- und regionalstrukturelles Gewicht, West (mit Transformationsgewicht)",13531,21040
ZA6835_cross_cum0921,w_ipfwes_2,"Sozial- und regionalstrukturelles Gewicht, West (ohne Transformationsgewicht)",13531,21040
ZA6835_cross_cum0921,w_ipfwes_c,"Sozial- und regionalstrukturelles Gewicht, West, CAWI",16593,21040
ZA6835_cross_cum0921,w_ipfwes_p,"Sozial- und regionalstrukturelles Gewicht, West, PAPI",13878,21040
ZA6835_cross_cum0921,v1,Wahlberechtigung: BTW,20866,21040
ZA6835_cross_cum0921,v2,"Wahlberechtigung: Recall, BTW",19749,21040
ZA6835_cross_cum0921,v3,"Wahlbeteiligung: Absicht, BTW",11123,21040
ZA6835_cross_cum0921,v4,Wahlbeteiligung: BTW,9325,21040
ZA6835_cross_cum0921,v5,"Wahlbeteiligung: Recall, BTW",18932,21040
ZA6835_cross_cum0921,v6a,"Wahlbeteiligung: hypothetisch, BTW (5er-Skala)",219,21040
ZA6835_cross_cum0921,v6b,"Wahlbeteiligung: hypothetisch, BTW (2er-Skala)",174,21040
ZA6835_cross_cum0921,v7,"Wahlbeteiligung: hypothetisch, EPW",5867,21040
ZA6835_cross_cum0921,v8,Wahlbeteiligung: Nachbarschaft,11213,21040
ZA6835_cross_cum0921,v9aa,"Wahlabsicht: BTW, Erststimme (Version A)",7471,21040
ZA6835_cross_cum0921,v9ab,"Wahlabsicht: BTW, Erststimme (Version B)",7471,21040
ZA6835_cross_cum0921,v9ba,"Wahlabsicht: BTW, Zweitstimme (Version A)",7563,21040
ZA6835_cross_cum0921,v9bb,"Wahlabsicht: BTW, Zweitstimme (Version B)",7563,21040
ZA6835_cross_cum0921,v10,"Wahlabsicht: Sicherheit, BTW",7576,21040
ZA6835_cross_cum0921,v11a,"Wahlabsicht: Propensity to Vote, BTW, CDU/CSU",3200,21040
ZA6835_cross_cum0921,v11b,"Wahlabsicht: Propensity to Vote, BTW, CDU",3849,21040
ZA6835_cross_cum0921,v11c,"Wahlabsicht: Propensity to Vote, BTW, CSU",3658,21040
ZA6835_cross_cum0921,v11d,"Wahlabsicht: Propensity to Vote, BTW, SPD",7059,21040
ZA6835_cross_cum0921,v11e,"Wahlabsicht: Propensity to Vote, BTW, FDP",6973,21040
ZA6835_cross_cum0921,v11f,"Wahlabsicht: Propensity to Vote, BTW, GRUENE",7049,21040
ZA6835_cross_cum0921,v11g,"Wahlabsicht: Propensity to Vote, BTW, DIE LINKE",7023,21040
ZA6835_cross_cum0921,v11h,"Wahlabsicht: Propensity to Vote, BTW, AfD",6616,21040
ZA6835_cross_cum0921,v12,"Wahlbeteiligung: Briefwahl, BTW",6572,21040
ZA6835_cross_cum0921,v13aa,"Wahlentscheidung: BTW, Erststimme (Version A)",7553,21040
ZA6835_cross_cum0921,v13ab,"Wahlentscheidung: BTW, Erststimme (Version B)",7553,21040
ZA6835_cross_cum0921,v13ba,"Wahlentscheidung: BTW, Zweitstimme (Version A)",7566,21040
ZA6835_cross_cum0921,v13bb,"Wahlentscheidung: BTW, Zweitstimme (Version B)",7566,21040
ZA6835_cross_cum0921,v14aa,"Wahlentscheidung: Briefwahl, BTW, Erststimme (Version A)",1419,21040
ZA6835_cross_cum0921,v14ab,"Wahlentscheidung: Briefwahl, BTW, Erststimme (Version B)",1419,21040
ZA6835_cross_cum0921,v14ba,"Wahlentscheidung: Briefwahl, BTW, Zweitstimme  (Version A)",1421,21040
ZA6835_cross_cum0921,v14bb,"Wahlentscheidung: Briefwahl, BTW, Zweitstimme (Version B)",1421,21040
ZA6835_cross_cum0921,v15aa,"Wahlentscheidung: Recall, BTW, Erststimme (Version A)",14988,21040
ZA6835_cross_cum0921,v15ab,"Wahlentscheidung: Recall, BTW, Erststimme (Version B)",14988,21040
ZA6835_cross_cum0921,v15ba,"Wahlentscheidung: Recall, BTW, Zweitstimme (Version A)",15112,21040
ZA6835_cross_cum0921,v15bb,"Wahlentscheidung: Recall, BTW, Zweitstimme (Version B)",15112,21040
ZA6835_cross_cum0921,v16a,Wahlentscheidung: EPW (Version A),4143,21040
ZA6835_cross_cum0921,v16b,Wahlentscheidung: EPW (Version B),4143,21040
ZA6835_cross_cum0921,v17aa,"Wahlentscheidung: hypothetisch unter 18 Jahre, BTW, Erststimme (Version A)",209,21040
ZA6835_cross_cum0921,v17ab,"Wahlentscheidung: hypothetisch unter 18 Jahre, BTW, Erststimme (Version B)",209,21040
ZA6835_cross_cum0921,v17ba,"Wahlentscheidung: hypothetisch unter 18 Jahre, BTW, Zweitstimme (Version A)",208,21040
ZA6835_cross_cum0921,v17bb,"Wahlentscheidung: hypothetisch unter 18 Jahre, BTW, Zweitstimme (Version B)",208,21040
ZA6835_cross_cum0921,v18,Wahlentscheidung: Zeitpunkt,7665,21040
ZA6835_cross_cum0921,v19,Wahlentscheidung: Schwierigkeit,2965,21040
ZA6835_cross_cum0921,v20,"Wahlentscheidung: Schwierigkeit, Nichtwahl",680,21040
ZA6835_cross_cum0921,v21_c1,"Wahlentscheidung: Gruende, codiert, 1. Nennung",5552,21040
ZA6835_cross_cum0921,v21_c2,"Wahlentscheidung: Gruende, codiert, 2. Nennung",1116,21040
ZA6835_cross_cum0921,v21_c3,"Wahlentscheidung: Gruende, codiert, 3. Nennung",158,21040
ZA6835_cross_cum0921,v22_c1,"Wahlentscheidung: Gruende, Nichtwahl, codiert, 1. Nennung",858,21040
ZA6835_cross_cum0921,v22_c2,"Wahlentscheidung: Gruende, Nichtwahl, codiert, 2. Nennung",181,21040
ZA6835_cross_cum0921,v22_c3,"Wahlentscheidung: Gruende, Nichtwahl, codiert, 3. Nennung",5,21040
ZA6835_cross_cum0921,v23a,"Partizipation: offline, Buerger:inneninitiative",20529,21040
ZA6835_cross_cum0921,v23b,"Partizipation: offline, Demonstration",20530,21040
ZA6835_cross_cum0921,v23c,"Partizipation: offline, Wahlkampfunterstuetzung",20524,21040
ZA6835_cross_cum0921,v23d,"Partizipation: offline, Unterschriftensammlung",12326,21040
ZA6835_cross_cum0921,v23e,"Partizipation: offline, Spenden",12366,21040
ZA6835_cross_cum0921,v23f,"Partizipation: offline, Konsum/Boykott",12313,21040
ZA6835_cross_cum0921,v23g,"Partizipation: offline, politische Leser:innenbriefe",12372,21040
ZA6835_cross_cum0921,v23h,"Partizipation: offline, Versammlungen",12374,21040
ZA6835_cross_cum0921,v181a,"Partizipation: online, Postings, Twitter",11407,21040
ZA6835_cross_cum0921,v181b,"Partizipation: online, Beitraege geteilt",11401,21040
ZA6835_cross_cum0921,v181c,"Partizipation: online, Likes",11396,21040
ZA6835_cross_cum0921,v181d,"Partizipation: online, Kommentare",11404,21040
ZA6835_cross_cum0921,v181e,"Partizipation: online, Blogbeitrag",11408,21040
ZA6835_cross_cum0921,v181f,"Partizipation: online, Onlinepetition",11409,21040
ZA6835_cross_cum0921,v181g,"Partizipation: online, Buergerplattform",11404,21040
ZA6835_cross_cum0921,v181h,"Partizipation: online, Politiker:innen kontaktiert",11407,21040
ZA6835_cross_cum0921,v24a,Partizipation: Partei (Version A),870,21040
ZA6835_cross_cum0921,v24b,Partizipation: Partei (Version B),870,21040
ZA6835_cross_cum0921,v25a,Parteiidentifikation (Version A),19989,21040
ZA6835_cross_cum0921,v25b,Parteiidentifikation (Version B),19989,21040
ZA6835_cross_cum0921,v26,Parteiidentifikation: Staerke,15218,21040
ZA6835_cross_cum0921,v27,Parteiidentifikation: Dauer,15109,21040
ZA6835_cross_cum0921,v28,Parteiidentifikation: Art,5643,21040
ZA6835_cross_cum0921,v29a,Parteiidentifikation: Mutter (Version A),15551,21040
ZA6835_cross_cum0921,v29b,Parteiidentifikation: Mutter (Version B),15551,21040
ZA6835_cross_cum0921,v30a,Parteiidentifikation: Vater (Version A),15076,21040
ZA6835_cross_cum0921,v30b,Parteiidentifikation: Vater (Version B),15076,21040
ZA6835_cross_cum0921,v31b,"Parteien: Links-Rechts-Einstufung, CDU",19037,21040
ZA6835_cross_cum0921,v31c,"Parteien: Links-Rechts-Einstufung, CSU",18841,21040
ZA6835_cross_cum0921,v31d,"Parteien: Links-Rechts-Einstufung, SPD",19124,21040
ZA6835_cross_cum0921,v31e,"Parteien: Links-Rechts-Einstufung, FDP",18536,21040
ZA6835_cross_cum0921,v31f,"Parteien: Links-Rechts-Einstufung, GRUENE",18781,21040
ZA6835_cross_cum0921,v31g,"Parteien: Links-Rechts-Einstufung, DIE LINKE",19293,21040
ZA6835_cross_cum0921,v31h,"Parteien: Links-Rechts-Einstufung, AfD",13692,21040
ZA6835_cross_cum0921,v32,Parteineigung,9381,21040
ZA6835_cross_cum0921,v33,Parteineigung: Nachfrage,5330,21040
ZA6835_cross_cum0921,v34a,Parteineigung: Partei (Version A),6479,21040
ZA6835_cross_cum0921,v34b,Parteineigung: Partei (Version B),6479,21040
ZA6835_cross_cum0921,v35,Parteineigung: Staerke,6435,21040
ZA6835_cross_cum0921,v36,Bundesregierung: Leistung,20794,21040
ZA6835_cross_cum0921,v37,Bundesregierung: Arbeit,7322,21040
ZA6835_cross_cum0921,v38b,"Regierungsparteien: Leistung, CDU",20487,21040
ZA6835_cross_cum0921,v38c,"Regierungsparteien: Leistung, CSU",19733,21040
ZA6835_cross_cum0921,v38d,"Regierungsparteien: Leistung, SPD",16560,21040
ZA6835_cross_cum0921,v38e,"Regierungsparteien: Leistung, FDP",3726,21040
ZA6835_cross_cum0921,v39d,"Oppositionsparteien: Leistung, SPD",3782,21040
ZA6835_cross_cum0921,v39e,"Oppositionsparteien: Leistung, FDP",10057,21040
ZA6835_cross_cum0921,v39f,"Oppositionsparteien: Leistung, GRUENE",17696,21040
ZA6835_cross_cum0921,v39g,"Oppositionsparteien: Leistung, DIE LINKE",17161,21040
ZA6835_cross_cum0921,v39h,"Oppositionsparteien: Leistung, AfD",8110,21040
ZA6835_cross_cum0921,v40,Parteien: Interessenvertretung,8685,21040
ZA6835_cross_cum0921,v41a,"Parteien: Interessenvertretung, welche (Version A)",5024,21040
ZA6835_cross_cum0921,v41b,"Parteien: Interessenvertretung, welche (Version B)",5024,21040
ZA6835_cross_cum0921,v42b,"Parteien: Skalometer, CDU",20655,21040
ZA6835_cross_cum0921,v42c,"Parteien: Skalometer, CSU",20197,21040
ZA6835_cross_cum0921,v42d,"Parteien: Skalometer, SPD",20573,21040
ZA6835_cross_cum0921,v42e,"Parteien: Skalometer, FDP",20268,21040
ZA6835_cross_cum0921,v42f,"Parteien: Skalometer, GRUENE",20484,21040
ZA6835_cross_cum0921,v42g,"Parteien: Skalometer, DIE LINKE",20329,21040
ZA6835_cross_cum0921,v42h,"Parteien: Skalometer, AfD",15118,21040
ZA6835_cross_cum0921,v43e,"Einzugswahrscheinlichkeit: kleine Parteien, FDP",3998,21040
ZA6835_cross_cum0921,v43f,"Einzugswahrscheinlichkeit: kleine Parteien, GRUENE",2112,21040
ZA6835_cross_cum0921,v43g,"Einzugswahrscheinlichkeit: kleine Parteien, DIE LINKE",4010,21040
ZA6835_cross_cum0921,v43h,"Einzugswahrscheinlichkeit: kleine Parteien, AfD",3542,21040
ZA6835_cross_cum0921,v44a,"Koalitionen: Skalometer, CDU/CSU, SPD",13856,21040
ZA6835_cross_cum0921,v44b,"Koalitionen: Skalometer, CDU/CSU, FDP",13812,21040
ZA6835_cross_cum0921,v44c,"Koalitionen: Skalometer, SPD, GRUENE",13876,21040
ZA6835_cross_cum0921,v44d,"Koalitionen: Skalometer, SPD, FDP",1977,21040
ZA6835_cross_cum0921,v44e,"Koalitionen: Skalometer, CDU/CSU, GRUENE",13669,21040
ZA6835_cross_cum0921,v44f,"Koalitionen: Skalometer, SPD, FDP, GRUENE",13739,21040
ZA6835_cross_cum0921,v44g,"Koalitionen: Skalometer, CDU/CSU, FDP, GRUENE",11807,21040
ZA6835_cross_cum0921,v44h,"Koalitionen: Skalometer, SPD, GRUENE, DIE LINKE",13804,21040
ZA6835_cross_cum0921,v44i,"Koalitionen: Skalometer, CDU/CSU, AfD",7917,21040
ZA6835_cross_cum0921,v44j,"Koalitionen: Skalometer, CDU/CSU, AfD, FDP",7923,21040
ZA6835_cross_cum0921,v45a,"Koalitionen: Signale, CDU/CSU, SPD",2005,21040
ZA6835_cross_cum0921,v45b,"Koalitionen: Signale, CDU/CSU, FDP",1976,21040
ZA6835_cross_cum0921,v45c,"Koalitionen: Signale, SPD, GRUENE",1944,21040
ZA6835_cross_cum0921,v45d,"Koalitionen: Signale, SPD, FDP, GRUENE",1906,21040
ZA6835_cross_cum0921,v45e,"Koalitionen: Signale, CDU/CSU, FDP, GRUENE",1889,21040
ZA6835_cross_cum0921,v45f,"Koalitionen: Signale, SPD, DIE LINKE, GRUENE",1897,21040
ZA6835_cross_cum0921,v46,"Koalitionen: Beteiligung, AfD",4143,21040
ZA6835_cross_cum0921,v47,Koalitionen: Mehrheiten,1771,21040
ZA6835_cross_cum0921,v48,Koalitionen: Erwartungen,403,21040
ZA6835_cross_cum0921,v49a,"Koalitionen: Erwartungen, CDU/CSU, FDP",1860,21040
ZA6835_cross_cum0921,v49b,"Koalitionen: Erwartungen, SPD, GRUENE",1846,21040
ZA6835_cross_cum0921,v49c,"Koalitionen: Erwartungen, CDU/CSU, SPD",1839,21040
ZA6835_cross_cum0921,v49d,"Koalitionen: Erwartungen, CDU/CSU, GRUENE",1809,21040
ZA6835_cross_cum0921,v49e,"Koalitionen: Erwartungen, SPD, FDP, GRUENE",1788,21040
ZA6835_cross_cum0921,v49f,"Koalitionen: Erwartungen, SPD, DIE LINKE, GRUENE",1806,21040
ZA6835_cross_cum0921,v50a,"Koalitionspartner: Erwartungen, CDU/CSU",9809,21040
ZA6835_cross_cum0921,v50d,"Koalitionspartner: Erwartungen, SPD",9808,21040
ZA6835_cross_cum0921,v50e,"Koalitionspartner: Erwartungen, FDP",9811,21040
ZA6835_cross_cum0921,v50f,"Koalitionspartner: Erwartungen, GRUENE",9813,21040
ZA6835_cross_cum0921,v50g,"Koalitionspartner: Erwartungen, DIE LINKE",9816,21040
ZA6835_cross_cum0921,v50h,"Koalitionspartner: Erwartungen, AfD",9817,21040
ZA6835_cross_cum0921,v50x,"Koalitionspartner: Erwartungen, andere Partei",9817,21040
ZA6835_cross_cum0921,v51,"Koalitionen: Glaubwuerdigkeit SPD, DIE LINKE",1841,21040
ZA6835_cross_cum0921,v52a,"Koalitionen: Praeferenzen, 1. Nennung",1775,21040
ZA6835_cross_cum0921,v52b,"Koalitionen: Praeferenzen, 2. Nennung",796,21040
ZA6835_cross_cum0921,v52c,"Koalitionen: Praeferenzen, 3. Nennung",158,21040
ZA6835_cross_cum0921,v52d,"Koalitionen: Praeferenzen, 4. Nennung",9,21040
ZA6835_cross_cum0921,v52e,"Koalitionen: Praeferenzen, 5. Nennung",3,21040
ZA6835_cross_cum0921,v52f,"Koalitionen: Praeferenzen, 6. Nennung",0,21040
ZA6835_cross_cum0921,v52g,"Koalitionen: Praeferenzen, andere Partei",86,21040
ZA6835_cross_cum0921,v52h_n1,"Koalitionen: Praeferenzen, andere Partei, codiert, 1. Nennung",21,21040
ZA6835_cross_cum0921,v52h_n2,"Koalitionen: Praeferenzen, andere Partei, codiert, 2. Nennung",7,21040
ZA6835_cross_cum0921,v52h_n3,"Koalitionen: Praeferenzen, andere Partei, codiert, 3. Nennung",1,21040
ZA6835_cross_cum0921,v53a,"Koalitionen: Praeferenzen, CDU/CSU, FDP",1742,21040
ZA6835_cross_cum0921,v53b,"Koalitionen: Praeferenzen, SPD, GRUENE",1812,21040
ZA6835_cross_cum0921,v53c,"Koalitionen: Praeferenzen, CDU/CSU, SPD",1838,21040
ZA6835_cross_cum0921,v53d,"Koalitionen: Praeferenzen, CDU/CSU, GRUENE",1798,21040
ZA6835_cross_cum0921,v53e,"Koalitionen: Praeferenzen, SPD, FDP, GRUENE",1752,21040
ZA6835_cross_cum0921,v53f,"Koalitionen: Praeferenzen, SPD, DIE LINKE, GRUENE",1812,21040
ZA6835_cross_cum0921,v54,Kanzlerkandidat:in: Praeferenz,20043,21040
ZA6835_cross_cum0921,v55a,"Abgeordnete: Erwartungen, Buerger:innen bei Problemen helfen",5927,21040
ZA6835_cross_cum0921,v55b,"Abgeordnete: Erwartungen, Durchsetzung politischer Waehler:inneninteressen",5986,21040
ZA6835_cross_cum0921,v55c,"Abgeordnete: Erwartungen, Sorge fuer wirtschaftliches Wohl im WK",5995,21040
ZA6835_cross_cum0921,v55d,"Abgeordnete: Erwartungen, ansprechbar fuer Waehler:innen sein",5946,21040
ZA6835_cross_cum0921,v56a,"Kanzlerkandidat:in: Eigenschaften, CDU/CSU, durchsetzungsfaehig",16891,21040
ZA6835_cross_cum0921,v56b,"Kanzlerkandidat:in: Eigenschaften, CDU/CSU, vertrauenswuerdig",16963,21040
ZA6835_cross_cum0921,v56c,"Kanzlerkandidat:in: Eigenschaften, CDU/CSU, sympathisch",12235,21040
ZA6835_cross_cum0921,v56d,"Kanzlerkandidat:in: Eigenschaften, CDU/CSU, Wirtschaft",11707,21040
ZA6835_cross_cum0921,v56e,"Kanzlerkandidat:in: Eigenschaften, CDU/CSU, repraesentiert Werte",7855,21040
ZA6835_cross_cum0921,v57a,"Kanzlerkandidat:in: Eigenschaften, SPD, durchsetzungsfaehig",15862,21040
ZA6835_cross_cum0921,v57b,"Kanzlerkandidat:in: Eigenschaften, SPD, vertrauenswuerdig",16236,21040
ZA6835_cross_cum0921,v57c,"Kanzlerkandidat:in: Eigenschaften, SPD, sympathisch",11812,21040
ZA6835_cross_cum0921,v57d,"Kanzlerkandidat:in: Eigenschaften, SPD, Wirtschaft",10932,21040
ZA6835_cross_cum0921,v57e,"Kanzlerkandidat:in: Eigenschaften, SPD, repraesentiert Werte",7446,21040
ZA6835_cross_cum0921,v182a,"Kanzlerkandidat:in: Eigenschaft, GRUENE, durchsetzungsfaehig",4663,21040
ZA6835_cross_cum0921,v182b,"Kanzlerkandidat:in: Eigenschaft, GRUENE, vertrauenswuerdig",4702,21040
ZA6835_cross_cum0921,v58,Spitzenpolitiker:in: Interessenvertretung,5586,21040
ZA6835_cross_cum0921,v59,"Spitzenpolitiker:in: Interessenvertretung, welche:r",2964,21040
ZA6835_cross_cum0921,v60a,"Spitzenpolitiker:in: Links-Rechts-Einstufung, CDU/CSU",18735,21040
ZA6835_cross_cum0921,v60b,"Spitzenpolitiker:in: Links-Rechts-Einstufung, SPD",18471,21040
ZA6835_cross_cum0921,v60c,"Spitzenpolitiker:in: Links-Rechts-Einstufung, GRUENE",7427,21040
ZA6835_cross_cum0921,v61a,"Wahlkreiskandidierende: Kenntnis, CDU/CSU",12537,21040
ZA6835_cross_cum0921,v61d,"Wahlkreiskandidierende: Kenntnis, SPD",12537,21040
ZA6835_cross_cum0921,v61e,"Wahlkreiskandidierende: Kenntnis, FDP",12537,21040
ZA6835_cross_cum0921,v61f,"Wahlkreiskandidierende: Kenntnis, GRUENE",12532,21040
ZA6835_cross_cum0921,v61g,"Wahlkreiskandidierende: Kenntnis, DIE LINKE",12537,21040
ZA6835_cross_cum0921,v61h,"Wahlkreiskandidierende: Kenntnis, AfD",8452,21040
ZA6835_cross_cum0921,v62,"Wahlkreiskandidierende: Wahlkampffuehrung, CDU/CSU",6341,21040
ZA6835_cross_cum0921,v63,"Wahlkreiskandidierende: Wahlkampffuehrung, SPD",5852,21040
ZA6835_cross_cum0921,v64,"Wahlkreiskandidierende: Wahlkampffuehrung, FDP",3348,21040
ZA6835_cross_cum0921,v65,"Wahlkreiskandidierende: Wahlkampffuehrung, GRUENE",3757,21040
ZA6835_cross_cum0921,v66,"Wahlkreiskandidierende: Wahlkampffuehrung, DIE LINKE",3280,21040
ZA6835_cross_cum0921,v183,"Wahlkreiskandidierende: Wahlkampffuehrung, AfD",2424,21040
ZA6835_cross_cum0921,v184,Politiker:innen: Korruption,5147,21040
ZA6835_cross_cum0921,v67a,"Spitzenpolitiker:in: Skalometer, A. Merkel",20735,21040
ZA6835_cross_cum0921,v67b,"Spitzenpolitiker:in: Skalometer, G. Gysi",7768,21040
ZA6835_cross_cum0921,v67c,"Spitzenpolitiker:in: Skalometer, H. Seehofer",7787,21040
ZA6835_cross_cum0921,v67d,"Spitzenpolitiker:in: Skalometer, S. Gabriel",3777,21040
ZA6835_cross_cum0921,v67e,"Spitzenpolitiker:in: Skalometer, C. Lindner",11608,21040
ZA6835_cross_cum0921,v67f,"Spitzenpolitiker:in: Skalometer, W. Kubicki",4201,21040
ZA6835_cross_cum0921,v67g,"Spitzenpolitiker:in: Skalometer, D. Bartsch",7690,21040
ZA6835_cross_cum0921,v68,"Einstellungen: Unterschied, wer regiert",9503,21040
ZA6835_cross_cum0921,v69,"Einstellungen: Unterschied, was man waehlt",9454,21040
ZA6835_cross_cum0921,v70,Demokratie: Zufriedenheit (4er Skala),9418,21040
ZA6835_cross_cum0921,v71,Demokratie: Zufriedenheit (5er Skala),20755,21040
ZA6835_cross_cum0921,v72a,"Einstellungen: Issue A, Anpassung an deutsche Kultur",16636,21040
ZA6835_cross_cum0921,v72b,"Einstellungen: Issue B, gesetzlich verankerte Frauenquote",16263,21040
ZA6835_cross_cum0921,v72c,"Einstellungen: Issue C, Staat aus Wirtschaft heraushalten",16335,21040
ZA6835_cross_cum0921,v72d,"Einstellungen: Issue D, Einkommensunterschiede verringern",16599,21040
ZA6835_cross_cum0921,v72e,"Einstellungen: Issue E, finanzielle Unterstuetzung schwacher EU-Staaten",8035,21040
ZA6835_cross_cum0921,v72f,"Einstellungen: Issue F, Volksentscheid auf Bundesebene",16344,21040
ZA6835_cross_cum0921,v72g,"Einstellungen: Issue G, Sicherung der Energieversorgung durch Atomkraft",7964,21040
ZA6835_cross_cum0921,v72h,"Einstellungen: Issue H, europaeische Einigung vorantreiben",12640,21040
ZA6835_cross_cum0921,v73a,Einstellungen: politische Fragen schwer zu verstehen,20891,21040
ZA6835_cross_cum0921,v73b,Einstellungen: Parteien wollen nur Waehler:innenstimmen,20776,21040
ZA6835_cross_cum0921,v73c,Einstellungen: Probleme zu komplex fuer Politik,20604,21040
ZA6835_cross_cum0921,v73d,Einstellungen: Wahlpflicht in Demokratien,17308,21040
ZA6835_cross_cum0921,v73e,"Einstellungen: Sozialismus gute Idee, schlechte Ausfuehrung",16689,21040
ZA6835_cross_cum0921,v73f,Einstellungen: Unuebersichtlichkeit der Welt,15268,21040
ZA6835_cross_cum0921,v74,Links-Rechts-Einstufung: Ego,19060,21040
ZA6835_cross_cum0921,v185a,"Einstellungen: Populismus, Kompromiss ist Prinzipienverrat",12378,21040
ZA6835_cross_cum0921,v185b,"Einstellungen: Populismus, Volk soll entscheiden",12646,21040
ZA6835_cross_cum0921,v185c,"Einstellungen: Populismus, Abgeordnete Volkswillen umsetzen",12608,21040
ZA6835_cross_cum0921,v185d,"Einstellungen: Populismus, Unterschiede zw. Eliten/Volk",12058,21040
ZA6835_cross_cum0921,v185e,"Einstellungen: Populismus, Buerger:innen bessere Vertretung",12484,21040
ZA6835_cross_cum0921,v185f,"Einstellungen: Populismus, Politiker:innen reden zu viel",12662,21040
ZA6835_cross_cum0921,v185g,"Einstellungen: Populismus, Politiker:innen vertrauenswuerdig",5422,21040
ZA6835_cross_cum0921,v185h,"Einstellungen: Populismus, Politiker:innen groesstes Problem",5390,21040
ZA6835_cross_cum0921,v185i,"Einstellungen: Populismus, starke:r Fuehrer:in gut fuer Deutschland",5416,21040
ZA6835_cross_cum0921,v185j,"Einstellungen: Populismus, Politiker:innen kuemmern sich um Reiche",5439,21040
ZA6835_cross_cum0921,v185k,"Einstellungen: Populismus, Beteiligung an politischen Gespraechen",5462,21040
ZA6835_cross_cum0921,v185l,"Einstellungen: Populismus, Politiker:innen kuemmern sich um einfache Leute",5423,21040
ZA6835_cross_cum0921,v75_c1,"Politische Probleme: wichtigstes, codiert, 1. Nennung (2009-2017)",11891,21040
ZA6835_cross_cum0921,v75_c2,"Politische Probleme: wichtigstes, codiert, 2. Nennung (2009-2017)",1990,21040
ZA6835_cross_cum0921,v75_c3,"Politische Probleme: wichtigstes, codiert, 3. Nennung (2009-2017)",312,21040
ZA6835_cross_cum0921,v75_c4,"Politische Probleme: wichtigstes, codiert, 4. Nennung (2009-2017)",56,21040
ZA6835_cross_cum0921,v75_c5,"Politische Probleme: wichtigstes, codiert, 5. Nennung (2009-2017)",8,21040
ZA6835_cross_cum0921,v76_c1,"Politische Probleme: zweitwichtigstes, codiert, 1. Nennung (2009-2017)",11035,21040
ZA6835_cross_cum0921,v76_c2,"Politische Probleme: zweitwichtigstes, codiert, 2. Nennung (2009-2017)",1685,21040
ZA6835_cross_cum0921,v76_c3,"Politische Probleme: zweitwichtigstes, codiert, 3. Nennung (2009-2017)",247,21040
ZA6835_cross_cum0921,v76_c4,"Politische Probleme: zweitwichtigstes, codiert, 4. Nennung (2009-2017)",37,21040
ZA6835_cross_cum0921,v76_c5,"Politische Probleme: zweitwichtigstes, codiert, 5. Nennung (2009-2017)",6,21040
ZA6835_cross_cum0921,v77a,"Politische Probleme: wichtigstes, Loesungskompetenz (Version A)",18868,21040
ZA6835_cross_cum0921,v77b,"Politische Probleme: wichtigstes, Loesungskompetenz (Version B)",18867,21040
ZA6835_cross_cum0921,v78a,"Politische Probleme: zweitwichtigstes, Loesungskompetenz (Version A)",17903,21040
ZA6835_cross_cum0921,v78b,"Politische Probleme: zweitwichtigstes, Loesungskompetenz (Version B)",17903,21040
ZA6835_cross_cum0921,v79b,"Positionsissue: Steuern vs. Sozialleistungen, CDU",17965,21040
ZA6835_cross_cum0921,v79c,"Positionsissue: Steuern vs. Sozialleistungen, CSU",17344,21040
ZA6835_cross_cum0921,v79d,"Positionsissue: Steuern vs. Sozialleistungen, SPD",17962,21040
ZA6835_cross_cum0921,v79e,"Positionsissue: Steuern vs. Sozialleistungen, FDP",17026,21040
ZA6835_cross_cum0921,v79f,"Positionsissue: Steuern vs. Sozialleistungen, GRUENE",16859,21040
ZA6835_cross_cum0921,v79g,"Positionsissue: Steuern vs. Sozialleistungen, DIE LINKE",16628,21040
ZA6835_cross_cum0921,v79h,"Positionsissue: Steuern vs. Sozialleistungen, AfD",7899,21040
ZA6835_cross_cum0921,v80,"Positionsissue: Steuern vs. Sozialleistungen, Ego",20092,21040
ZA6835_cross_cum0921,v81,"Positionsissue: Steuern vs. Sozialleistungen, Salienz",20844,21040
ZA6835_cross_cum0921,v82b,"Positionsissue: Steuern vs. Sozialleistungen, Partei-Salienz, CDU",3562,21040
ZA6835_cross_cum0921,v82c,"Positionsissue: Steuern vs. Sozialleistungen, Partei-Salienz, CSU",3464,21040
ZA6835_cross_cum0921,v82d,"Positionsissue: Steuern vs. Sozialleistungen, Partei-Salienz, SPD",3557,21040
ZA6835_cross_cum0921,v82e,"Positionsissue: Steuern vs. Sozialleistungen, Partei-Salienz, FDP",3273,21040
ZA6835_cross_cum0921,v82f,"Positionsissue: Steuern vs. Sozialleistungen, Partei-Salienz, GRUENE",3289,21040
ZA6835_cross_cum0921,v82g,"Positionsissue: Steuern vs. Sozialleistungen, Partei-Salienz, DIE LINKE",3301,21040
ZA6835_cross_cum0921,v82h,"Positionsissue: Steuern vs. Sozialleistungen, Partei-Salienz, AfD",1246,21040
ZA6835_cross_cum0921,v83a,Staatsausgaben: Gesundheit,3967,21040
ZA6835_cross_cum0921,v83b,Staatsausgaben: Bildung,3969,21040
ZA6835_cross_cum0921,v83c,Staatsausgaben: Arbeitslosenunterstuetzung,3921,21040
ZA6835_cross_cum0921,v83d,Staatsausgaben: Bundeswehr,3841,21040
ZA6835_cross_cum0921,v83e,Staatsausgaben: Renten,3979,21040
ZA6835_cross_cum0921,v83f,Staatsausgaben: Wirtschafts- und Industriefoerderung,3804,21040
ZA6835_cross_cum0921,v83g,Staatsausgaben: Kriminalitaetsbekaempfung,3957,21040
ZA6835_cross_cum0921,v83h,Staatsausgaben: Sozialleistungen,3958,21040
ZA6835_cross_cum0921,v84b,"Positionsissue: Klimawandel vs. Wirtschaftswachstum, CDU",7321,21040
ZA6835_cross_cum0921,v84c,"Positionsissue: Klimawandel vs. Wirtschaftswachstum, CSU",7115,21040
ZA6835_cross_cum0921,v84d,"Positionsissue: Klimawandel vs. Wirtschaftswachstum, SPD",7172,21040
ZA6835_cross_cum0921,v84e,"Positionsissue: Klimawandel vs. Wirtschaftswachstum, FDP",6647,21040
ZA6835_cross_cum0921,v84f,"Positionsissue: Klimawandel vs. Wirtschaftswachstum, GRUENE",7448,21040
ZA6835_cross_cum0921,v84g,"Positionsissue: Klimawandel vs. Wirtschaftswachstum, DIE LINKE",6258,21040
ZA6835_cross_cum0921,v84h,"Positionsissue: Klimawandel vs. Wirtschaftswachstum, AfD",2185,21040
ZA6835_cross_cum0921,v85,"Positionsissue: Klimawandel vs. Wirtschaftswachstum, Ego",7845,21040
ZA6835_cross_cum0921,v86,"Positionsissue: Klimawandel vs. Wirtschaftswachstum, Salienz",8112,21040
ZA6835_cross_cum0921,v192b,"Positionsissue: Politik genug getan gg. Klimawandel, CDU",7574,21040
ZA6835_cross_cum0921,v192c,"Positionsissue: Politik genug getan gg. Klimawandel, CSU",7434,21040
ZA6835_cross_cum0921,v192d,"Positionsissue: Politik genug getan gg. Klimawandel, SPD",7455,21040
ZA6835_cross_cum0921,v192e,"Positionsissue: Politik genug getan gg. Klimawandel, FDP",7081,21040
ZA6835_cross_cum0921,v192f,"Positionsissue: Politik genug getan gg. Klimawandel, GRUENE",7664,21040
ZA6835_cross_cum0921,v192g,"Positionsissue: Politik genug getan gg. Klimawandel, DIE LINKE",6714,21040
ZA6835_cross_cum0921,v192h,"Positionsissue: Politik genug getan gg. Klimawandel, AfD",6790,21040
ZA6835_cross_cum0921,v193,"Positionsissue: Politik genug getan gg. Klimawandel, Ego",8456,21040
ZA6835_cross_cum0921,v194,"Positionsissue: Politik genug getan gg. Klimawandel, Salienz",8486,21040
ZA6835_cross_cum0921,v87b,"Positionsissue: Zuwanderung, CDU",18748,21040
ZA6835_cross_cum0921,v87c,"Positionsissue: Zuwanderung, CSU",18412,21040
ZA6835_cross_cum0921,v87d,"Positionsissue: Zuwanderung, SPD",18380,21040
ZA6835_cross_cum0921,v87e,"Positionsissue: Zuwanderung, FDP",16829,21040
ZA6835_cross_cum0921,v87f,"Positionsissue: Zuwanderung, GRUENE",17742,21040
ZA6835_cross_cum0921,v87g,"Positionsissue: Zuwanderung, DIE LINKE",17147,21040
ZA6835_cross_cum0921,v87h,"Positionsissue: Zuwanderung, AfD",11480,21040
ZA6835_cross_cum0921,v88,"Positionsissue: Zuwanderung, Ego",20549,21040
ZA6835_cross_cum0921,v89,"Positionsissue: Zuwanderung, Salienz",20873,21040
ZA6835_cross_cum0921,v186a,"Einstellungen: Out-Groups, Minderheiten sollen sich anpassen",5500,21040
ZA6835_cross_cum0921,v186b,"Einstellungen: Out-Groups, Wille der Mehrheit hat Vorrang",5458,21040
ZA6835_cross_cum0921,v186c,"Einstellungen: Out-Groups, Immigration gut fuer Wirtschaft",5474,21040
ZA6835_cross_cum0921,v186d,"Einstellungen: Out-Groups, deutsche Kultur durch Immigration bedroht",5492,21040
ZA6835_cross_cum0921,v186e,"Einstellungen: Out-Groups, Immigration erhoeht Kriminalitaet in BRD",5487,21040
ZA6835_cross_cum0921,v187a,"Nat. Identitaet: symb. Grenzen, in D geboren",5498,21040
ZA6835_cross_cum0921,v187b,"Nat. Identitaet: symb. Grenzen, dt. Vorfahren haben",5483,21040
ZA6835_cross_cum0921,v187c,"Nat. Identitaet: symb. Grenzen, Deutsch sprechen",5507,21040
ZA6835_cross_cum0921,v187d,"Nat. Identitaet: symb. Grenzen, an dt. Traditionen halten",5488,21040
ZA6835_cross_cum0921,v90,Gerechtigkeit: Gesellschaft,18584,21040
ZA6835_cross_cum0921,v91,Gerechtigkeit: Entwicklung,16359,21040
ZA6835_cross_cum0921,v92,Gerechtigkeit: Ego,15981,21040
ZA6835_cross_cum0921,v93,Gerechtigkeit: Wichtigkeit,8140,21040
ZA6835_cross_cum0921,v94a,Gerechtigkeit: Partei (Version A),6926,21040
ZA6835_cross_cum0921,v94b,Gerechtigkeit: Partei (Version B),6926,21040
ZA6835_cross_cum0921,v95,"Wirtschaftliche Lage: aktuell, eigene",20979,21040
ZA6835_cross_cum0921,v96,"Wirtschaftliche Lage: aktuell, allgemeine",20892,21040
ZA6835_cross_cum0921,v97,"Wirtschaftliche Lage: aktuell, allgemeine, Region",10273,21040
ZA6835_cross_cum0921,v98,"Wirtschaftliche Lage: aktuell, allgemeine, Europa",8002,21040
ZA6835_cross_cum0921,v99,"Wirtschaftliche Lage: prospektiv, eigene",20496,21040
ZA6835_cross_cum0921,v100,"Wirtschaftliche Lage: prospektiv, allgemeine",20363,21040
ZA6835_cross_cum0921,v101,"Wirtschaftliche Lage: retrospektiv, eigene",20951,21040
ZA6835_cross_cum0921,v102a,"Wirtschaftliche Lage: retrospektiv, allgemeine (5er-Skala)",18856,21040
ZA6835_cross_cum0921,v102b,"Wirtschaftliche Lage: retrospektiv, allgemeine (3er-Skala)",20705,21040
ZA6835_cross_cum0921,v103,"Wirtschaftliche Lage: Verantwortung, eigene",20494,21040
ZA6835_cross_cum0921,v104,"Wirtschaftliche Lage: Verantwortung, allgemeine",20293,21040
ZA6835_cross_cum0921,v105,Wahlkampf: Interesse,11413,21040
ZA6835_cross_cum0921,v106,"Wahlkampf: Wahlausgang, Wichtigkeit",11402,21040
ZA6835_cross_cum0921,v107a,"Parteikontakt: allgemein, Wahlveranstaltungen",12464,21040
ZA6835_cross_cum0921,v107b,"Parteikontakt: allgemein, E-Mail/SMS",12450,21040
ZA6835_cross_cum0921,v107c,"Parteikontakt: allgemein, Informationsmaterial",12412,21040
ZA6835_cross_cum0921,v107d,"Parteikontakt: allgemein, Wahlanzeigen",12352,21040
ZA6835_cross_cum0921,v107e,"Parteikontakt: allgemein, Plakate",12402,21040
ZA6835_cross_cum0921,v107f,"Parteikontakt: allgemein, Strassenwahlkampf",12447,21040
ZA6835_cross_cum0921,v107g,"Parteikontakt: allgemein, Werbesendungen",9793,21040
ZA6835_cross_cum0921,v107h,"Parteikontakt: allgemein, direkter Kontakt",8196,21040
ZA6835_cross_cum0921,v107i,"Parteikontakt: allgemein, soziale Netzwerke",8188,21040
ZA6835_cross_cum0921,v108a,"Parteikontakt: Wahlveranstaltungen, CDU/CSU",4303,21040
ZA6835_cross_cum0921,v108d,"Parteikontakt: Wahlveranstaltungen, SPD",4302,21040
ZA6835_cross_cum0921,v108e,"Parteikontakt: Wahlveranstaltungen, FDP",4302,21040
ZA6835_cross_cum0921,v108f,"Parteikontakt: Wahlveranstaltungen, GRUENE",4303,21040
ZA6835_cross_cum0921,v108g,"Parteikontakt: Wahlveranstaltungen, DIE LINKE",4301,21040
ZA6835_cross_cum0921,v108h,"Parteikontakt: Wahlveranstaltungen, AfD",3921,21040
ZA6835_cross_cum0921,v108i,"Parteikontakt: Wahlveranstaltungen, NPD",886,21040
ZA6835_cross_cum0921,v108j,"Parteikontakt: Wahlveranstaltungen, PIRATEN",886,21040
ZA6835_cross_cum0921,v108x,"Parteikontakt: Wahlveranstaltungen, andere Partei",4299,21040
ZA6835_cross_cum0921,v109a,"Parteikontakt: E-Mail/SMS, CDU/CSU",3823,21040
ZA6835_cross_cum0921,v109d,"Parteikontakt: E-Mail/SMS, SPD",3822,21040
ZA6835_cross_cum0921,v109e,"Parteikontakt: E-Mail/SMS, FDP",3822,21040
ZA6835_cross_cum0921,v109f,"Parteikontakt: E-Mail/SMS, GRUENE",3822,21040
ZA6835_cross_cum0921,v109g,"Parteikontakt: E-Mail/SMS, DIE LINKE",3821,21040
ZA6835_cross_cum0921,v109h,"Parteikontakt: E-Mail/SMS, AfD",3707,21040
ZA6835_cross_cum0921,v109i,"Parteikontakt: E-Mail/SMS, NPD",417,21040
ZA6835_cross_cum0921,v109j,"Parteikontakt: E-Mail/SMS, PIRATEN",417,21040
ZA6835_cross_cum0921,v109x,"Parteikontakt: E-Mail/SMS, andere Partei(en)",3746,21040
ZA6835_cross_cum0921,v110a,"Parteikontakt: E-Mail/SMS, Kandidat:in, CDU/CSU",229,21040
ZA6835_cross_cum0921,v110d,"Parteikontakt: E-Mail/SMS, Kandidat:in, SPD",201,21040
ZA6835_cross_cum0921,v110e,"Parteikontakt: E-Mail/SMS, Kandidat:in, FDP",88,21040
ZA6835_cross_cum0921,v110f,"Parteikontakt: E-Mail/SMS, Kandidat:in, GRUENE",134,21040
ZA6835_cross_cum0921,v110g,"Parteikontakt: E-Mail/SMS, Kandidat:in, DIE LINKE",54,21040
ZA6835_cross_cum0921,v110h,"Parteikontakt: E-Mail/SMS, Kandidat:in, AfD",39,21040
ZA6835_cross_cum0921,v110i,"Parteikontakt: E-Mail/SMS, Kandidat:in, NPD",11,21040
ZA6835_cross_cum0921,v110j,"Parteikontakt: E-Mail/SMS, Kandidat:in, PIRATEN",26,21040
ZA6835_cross_cum0921,v111a,"Parteikontakt: Informationsmaterial, CDU/CSU",8216,21040
ZA6835_cross_cum0921,v111d,"Parteikontakt: Informationsmaterial, SPD",8220,21040
ZA6835_cross_cum0921,v111e,"Parteikontakt: Informationsmaterial, FDP",8172,21040
ZA6835_cross_cum0921,v111f,"Parteikontakt: Informationsmaterial, GRUENE",8183,21040
ZA6835_cross_cum0921,v111g,"Parteikontakt: Informationsmaterial, DIE LINKE",8184,21040
ZA6835_cross_cum0921,v111h,"Parteikontakt: Informationsmaterial, AfD",6600,21040
ZA6835_cross_cum0921,v111i,"Parteikontakt: Informationsmaterial, NPD",4756,21040
ZA6835_cross_cum0921,v111j,"Parteikontakt: Informationsmaterial, PIRATEN",4745,21040
ZA6835_cross_cum0921,v111x,"Parteikontakt: Informationsmaterial, andere Partei",7525,21040
ZA6835_cross_cum0921,v112a,"Parteikontakt: Informationsmaterial, Kandidat:in, CDU/CSU",4151,21040
ZA6835_cross_cum0921,v112d,"Parteikontakt: Informationsmaterial, Kandidat:in, SPD",4228,21040
ZA6835_cross_cum0921,v112e,"Parteikontakt: Informationsmaterial, Kandidat:in, FDP",2275,21040
ZA6835_cross_cum0921,v112f,"Parteikontakt: Informationsmaterial, Kandidat:in, GRUENE",2580,21040
ZA6835_cross_cum0921,v112g,"Parteikontakt: Informationsmaterial, Kandidat:in, DIE LINKE",1928,21040
ZA6835_cross_cum0921,v112h,"Parteikontakt: Informationsmaterial, Kandidat:in, AfD",1171,21040
ZA6835_cross_cum0921,v112i,"Parteikontakt: Informationsmaterial, Kandidat:in, NPD",250,21040
ZA6835_cross_cum0921,v112j,"Parteikontakt: Informationsmaterial, Kandidat:in, PIRATEN",235,21040
ZA6835_cross_cum0921,v113a,"Parteikontakt: Wahlanzeigen, CDU/CSU",8934,21040
ZA6835_cross_cum0921,v113d,"Parteikontakt: Wahlanzeigen, SPD",8921,21040
ZA6835_cross_cum0921,v113e,"Parteikontakt: Wahlanzeigen, FDP",8883,21040
ZA6835_cross_cum0921,v113f,"Parteikontakt: Wahlanzeigen, GRUENE",8879,21040
ZA6835_cross_cum0921,v113g,"Parteikontakt: Wahlanzeigen, DIE LINKE",8885,21040
ZA6835_cross_cum0921,v113h,"Parteikontakt: Wahlanzeigen, AfD",6657,21040
ZA6835_cross_cum0921,v113i,"Parteikontakt: Wahlanzeigen, NPD",5445,21040
ZA6835_cross_cum0921,v113j,"Parteikontakt: Wahlanzeigen, PIRATEN",5437,21040
ZA6835_cross_cum0921,v113x,"Parteikontakt: Wahlanzeigen, andere Partei",8119,21040
ZA6835_cross_cum0921,v114a,"Parteikontakt: Plakate, CDU/CSU",13380,21040
ZA6835_cross_cum0921,v114d,"Parteikontakt: Plakate, SPD",13372,21040
ZA6835_cross_cum0921,v114e,"Parteikontakt: Plakate, FDP",13265,21040
ZA6835_cross_cum0921,v114f,"Parteikontakt: Plakate, GRUENE",13293,21040
ZA6835_cross_cum0921,v114g,"Parteikontakt: Plakate, DIE LINKE",13307,21040
ZA6835_cross_cum0921,v114h,"Parteikontakt: Plakate, AfD",9838,21040
ZA6835_cross_cum0921,v114i,"Parteikontakt: Plakate, NPD",9787,21040
ZA6835_cross_cum0921,v114j,"Parteikontakt: Plakate, PIRATEN",9763,21040
ZA6835_cross_cum0921,v114x,"Parteikontakt: Plakate, andere Partei",11745,21040
ZA6835_cross_cum0921,v115a,"Parteikontakt: Plakate, Kandidat:in, CDU/CSU",11247,21040
ZA6835_cross_cum0921,v115d,"Parteikontakt: Plakate, Kandidat:in, SPD",11081,21040
ZA6835_cross_cum0921,v115e,"Parteikontakt: Plakate, Kandidat:in, FDP",8562,21040
ZA6835_cross_cum0921,v115f,"Parteikontakt: Plakate, Kandidat:in, GRUENE",8366,21040
ZA6835_cross_cum0921,v115g,"Parteikontakt: Plakate, Kandidat:in, DIE LINKE",7387,21040
ZA6835_cross_cum0921,v115h,"Parteikontakt: Plakate, Kandidat:in, AfD",5154,21040
ZA6835_cross_cum0921,v115i,"Parteikontakt: Plakate, Kandidat:in, NPD",1444,21040
ZA6835_cross_cum0921,v115j,"Parteikontakt: Plakate, Kandidat:in, PIRATEN",1395,21040
ZA6835_cross_cum0921,v116a,"Parteikontakt: Strassenwahlkampf, CDU/CSU",4626,21040
ZA6835_cross_cum0921,v116d,"Parteikontakt: Strassenwahlkampf, SPD",4626,21040
ZA6835_cross_cum0921,v116e,"Parteikontakt: Strassenwahlkampf, FDP",4627,21040
ZA6835_cross_cum0921,v116f,"Parteikontakt: Strassenwahlkampf, GRUENE",4626,21040
ZA6835_cross_cum0921,v116g,"Parteikontakt: Strassenwahlkampf, DIE LINKE",4626,21040
ZA6835_cross_cum0921,v116h,"Parteikontakt: Strassenwahlkampf, AfD",4098,21040
ZA6835_cross_cum0921,v116i,"Parteikontakt: Strassenwahlkampf, NPD",1212,21040
ZA6835_cross_cum0921,v116j,"Parteikontakt: Strassenwahlkampf, PIRATEN",1213,21040
ZA6835_cross_cum0921,v116x,"Parteikontakt: Strassenwahlkampf, andere Partei",4550,21040
ZA6835_cross_cum0921,v117a,"Parteikontakt: Werbesendungen, CDU/CSU",9488,21040
ZA6835_cross_cum0921,v117d,"Parteikontakt: Werbesendungen, SPD",9483,21040
ZA6835_cross_cum0921,v117e,"Parteikontakt: Werbesendungen, FDP",9435,21040
ZA6835_cross_cum0921,v117f,"Parteikontakt: Werbesendungen, GRUENE",9454,21040
ZA6835_cross_cum0921,v117g,"Parteikontakt: Werbesendungen, DIE LINKE",9462,21040
ZA6835_cross_cum0921,v117h,"Parteikontakt: Werbesendungen, AfD",7293,21040
ZA6835_cross_cum0921,v117i,"Parteikontakt: Werbesendungen, NPD",5988,21040
ZA6835_cross_cum0921,v117j,"Parteikontakt: Werbesendungen, PIRATEN",5997,21040
ZA6835_cross_cum0921,v117x,"Parteikontakt: Werbesendungen, andere Partei",9080,21040
ZA6835_cross_cum0921,v118a,"Parteikontakt: direkter Kontakt, CDU/CSU",4086,21040
ZA6835_cross_cum0921,v118d,"Parteikontakt: direkter Kontakt, SPD",4086,21040
ZA6835_cross_cum0921,v118e,"Parteikontakt: direkter Kontakt, FDP",4083,21040
ZA6835_cross_cum0921,v118f,"Parteikontakt: direkter Kontakt, GRUENE",4082,21040
ZA6835_cross_cum0921,v118g,"Parteikontakt: direkter Kontakt, DIE LINKE",4080,21040
ZA6835_cross_cum0921,v118h,"Parteikontakt: direkter Kontakt, AfD",4078,21040
ZA6835_cross_cum0921,v118i,"Parteikontakt: direkter Kontakt, NPD",665,21040
ZA6835_cross_cum0921,v118j,"Parteikontakt: direkter Kontakt, PIRATEN",667,21040
ZA6835_cross_cum0921,v118x,"Parteikontakt: direkter Kontakt, andere Partei",3962,21040
ZA6835_cross_cum0921,v119,"Parteikontakt: direkter Kontakt, Kandidat:in, allgemein",8109,21040
ZA6835_cross_cum0921,v120a,"Parteikontakt: direkter Kontakt, Kandidat:in, CDU/CSU",461,21040
ZA6835_cross_cum0921,v120d,"Parteikontakt: direkter Kontakt, Kandidat:in, SPD",461,21040
ZA6835_cross_cum0921,v120e,"Parteikontakt: direkter Kontakt, Kandidat:in, FDP",459,21040
ZA6835_cross_cum0921,v120f,"Parteikontakt: direkter Kontakt, Kandidat:in, GRUENE",458,21040
ZA6835_cross_cum0921,v120g,"Parteikontakt: direkter Kontakt, Kandidat:in, DIE LINKE",459,21040
ZA6835_cross_cum0921,v120h,"Parteikontakt: direkter Kontakt, Kandidat:in, AfD",144,21040
ZA6835_cross_cum0921,v120i,"Parteikontakt: direkter Kontakt, Kandidat:in, NPD",459,21040
ZA6835_cross_cum0921,v120j,"Parteikontakt: direkter Kontakt, Kandidat:in, PIRATEN",459,21040
ZA6835_cross_cum0921,v120x,"Parteikontakt: direkter Kontakt, Kandidat:in, andere Partei",459,21040
ZA6835_cross_cum0921,v121a,"Parteikontakt: soziale Netzwerke, CDU/CSU",3664,21040
ZA6835_cross_cum0921,v121d,"Parteikontakt: soziale Netzwerke, SPD",3664,21040
ZA6835_cross_cum0921,v121e,"Parteikontakt: soziale Netzwerke, FDP",3664,21040
ZA6835_cross_cum0921,v121f,"Parteikontakt: soziale Netzwerke, GRUENE",3664,21040
ZA6835_cross_cum0921,v121g,"Parteikontakt: soziale Netzwerke, DIE LINKE",3664,21040
ZA6835_cross_cum0921,v121h,"Parteikontakt: soziale Netzwerke, AfD",3664,21040
ZA6835_cross_cum0921,v121i,"Parteikontakt: soziale Netzwerke, NPD",250,21040
ZA6835_cross_cum0921,v121j,"Parteikontakt: soziale Netzwerke, PIRATEN",250,21040
ZA6835_cross_cum0921,v121x,"Parteikontakt: soziale Netzwerke, andere Partei",3599,21040
ZA6835_cross_cum0921,v122,Wahlkampf: Aufmerksamkeit,3993,21040
ZA6835_cross_cum0921,v123,Wahlkampf: Parteiunterschiede,5828,21040
ZA6835_cross_cum0921,v124a,Wahlkreiskandidierende: Gewinner:in (Version A),9322,21040
ZA6835_cross_cum0921,v124b,Wahlkreiskandidierende: Gewinner:in (Version B),9322,21040
ZA6835_cross_cum0921,v125,"Wahlkreiskandidierende: Bewertung, CDU/CSU",7223,21040
ZA6835_cross_cum0921,v126,"Wahlkreiskandidierende: Bewertung, SPD",6596,21040
ZA6835_cross_cum0921,v127,"Wahlkreiskandidierende: Bewertung, FDP",3437,21040
ZA6835_cross_cum0921,v128,"Wahlkreiskandidierende: Bewertung, GRUENE",3895,21040
ZA6835_cross_cum0921,v129,"Wahlkreiskandidierende: Bewertung, DIE LINKE",3503,21040
ZA6835_cross_cum0921,v188,"Wahlkreiskandidierende: Bewertung, AfD",2500,21040
ZA6835_cross_cum0921,v130a,Repraesentationsnorm: eigene Waehler:innen im WK,18153,21040
ZA6835_cross_cum0921,v130b,Repraesentationsnorm: alle Buerger:innen im WK,18073,21040
ZA6835_cross_cum0921,v130c,Repraesentationsnorm: alle Waehler:innen der eigenen Partei,17865,21040
ZA6835_cross_cum0921,v130d,Repraesentationsnorm: bestimmte gesellschaftliche Gruppe,17688,21040
ZA6835_cross_cum0921,v130e,Repraesentationsnorm: alle Buerger:innen der Bundesrepublik,17796,21040
ZA6835_cross_cum0921,v131,"Wahlempfehlung: Nutzung, Voting Advice Application",3126,21040
ZA6835_cross_cum0921,v132,Politisches Interesse,20972,21040
ZA6835_cross_cum0921,v133,Politisches Wissen: Erst/Zweitstimme,19147,21040
ZA6835_cross_cum0921,v133rf,Politisches Wissen: Erst/Zweitstimme (richtig/falsch),19147,21040
ZA6835_cross_cum0921,v134,Politisches Wissen: 5 Prozent-Klausel,6406,21040
ZA6835_cross_cum0921,v134rf,Politisches Wissen: 5 Prozent-Klausel (richtig/falsch),11417,21040
ZA6835_cross_cum0921,v135a,"Politisches Wissen: Kandidierendenzuordnung, SPD",5877,21040
ZA6835_cross_cum0921,v135arf,"Politisches Wissen: Kandidierendenzuordnung, SPD (richtig/falsch)",5877,21040
ZA6835_cross_cum0921,v135b,"Politisches Wissen: Kandidierendenzuordnung, FDP",5134,21040
ZA6835_cross_cum0921,v135brf,"Politisches Wissen: Kandidierendenzuordnung, FDP (richtig/falsch)",5134,21040
ZA6835_cross_cum0921,v135c,"Politisches Wissen: Kandidierendenzuordnung, GRUENE",3995,21040
ZA6835_cross_cum0921,v135crf,"Politisches Wissen: Kandidierendenzuordnung, GRUENE (richtig/falsch)",3995,21040
ZA6835_cross_cum0921,v136rf,Politisches Wissen: Arbeitslosenquote (richtig/falsch),5657,21040
ZA6835_cross_cum0921,v137a,Interessenvertretung: Gewerkschaften,5201,21040
ZA6835_cross_cum0921,v137b,Interessenvertretung: Unternehmer-/Arbeitgeberverbaende,4588,21040
ZA6835_cross_cum0921,v137c,Interessenvertretung: Bauern- und Landwirtschaftsverbaende,3524,21040
ZA6835_cross_cum0921,v137d,Interessenvertretung: roemisch-katholische Kirche,4567,21040
ZA6835_cross_cum0921,v137e,Interessenvertretung: protestantische Kirche(n),4498,21040
ZA6835_cross_cum0921,v137f,Interessenvertretung: Umweltschutzgruppen,5265,21040
ZA6835_cross_cum0921,v137g,Interessenvertretung: globalisierungskritische Gruppen,3611,21040
ZA6835_cross_cum0921,v138a,"Mitgliedschaft: Organisation, Gewerkschaft (2er-Skala)",17633,21040
ZA6835_cross_cum0921,v138b,"Mitgliedschaft: Organisation, Unternehmer-/Arbeitgeberverband (2er-Skala)",15131,21040
ZA6835_cross_cum0921,v138c,"Mitgliedschaft: Organisation, Berufsvereinigung/-verband (2er-Skala)",17276,21040
ZA6835_cross_cum0921,v138d,"Mitgliedschaft: Organisation, Bauern-/Landwirtschaftsverband (2er-Skala)",15083,21040
ZA6835_cross_cum0921,v138e,"Mitgliedschaft: Organisation, religioese/kirchliche Gruppe (2er-Skala)",17263,21040
ZA6835_cross_cum0921,v138f,"Mitgliedschaft: Organisation, Sport-/Hobbyverein (2er-Skala)",17651,21040
ZA6835_cross_cum0921,v138g,"Mitgliedschaft: Organisation, Umweltschutzgruppe (2er-Skala)",15116,21040
ZA6835_cross_cum0921,v138h,"Mitgliedschaft: Organisation, globalisierungskritische Organisation (2er-Skala)",15050,21040
ZA6835_cross_cum0921,v138i,"Mitgliedschaft: Organisation, Partei (2er-Skala)",15074,21040
ZA6835_cross_cum0921,v138j,"Mitgliedschaft: Organisation, Querdenker-Bewegung (2er-Skala)",6930,21040
ZA6835_cross_cum0921,v139,"Mitgliedschaft: Gewerkschaft, HH",15739,21040
ZA6835_cross_cum0921,v140,"Persoenliche Netzwerke: Person 1, Beziehung (A)",2046,21040
ZA6835_cross_cum0921,v141,"Persoenliche Netzwerke: Person 1, Beziehung (B)",5869,21040
ZA6835_cross_cum0921,v142,"Persoenliche Netzwerke: Person 2, Beziehung (A)",1018,21040
ZA6835_cross_cum0921,v143,"Persoenliche Netzwerke: Person 2, Beziehung (B)",5236,21040
ZA6835_cross_cum0921,v144,"Persoenliche Netzwerke: Person 1, Haeufigkeit",2276,21040
ZA6835_cross_cum0921,v145,"Persoenliche Netzwerke: Person 2, Haeufigkeit",1955,21040
ZA6835_cross_cum0921,v146,Persoenliche Netzwerke: Netzwerkgroesse,6030,21040
ZA6835_cross_cum0921,v147,Persoenliche Netzwerke: Haeufigkeit politische Gespraeche,18373,21040
ZA6835_cross_cum0921,v148a,"Persoenliche Netzwerke: Person 1, Wahlabsicht (Version A)",5932,21040
ZA6835_cross_cum0921,v148b,"Persoenliche Netzwerke: Person 1, Wahlabsicht (Version B)",5932,21040
ZA6835_cross_cum0921,v149a,"Persoenliche Netzwerke: Person 2, Wahlabsicht (Version A)",4395,21040
ZA6835_cross_cum0921,v149b,"Persoenliche Netzwerke: Person 2, Wahlabsicht (Version B)",4395,21040
ZA6835_cross_cum0921,v150,"Persoenliche Netzwerke: Person 1, Verstaendnis von Politik",3765,21040
ZA6835_cross_cum0921,v151,"Persoenliche Netzwerke: Person 2, Verstaendnis von Politik",2422,21040
ZA6835_cross_cum0921,v152,"Persoenliche Netzwerke: Person 1, Meinungsverschiedenheiten",8250,21040
ZA6835_cross_cum0921,v153,"Persoenliche Netzwerke: Person 2, Meinungsverschiedenheiten",6467,21040
ZA6835_cross_cum0921,v154a,"Print: Nutzung, Bild",7991,21040
ZA6835_cross_cum0921,v154b,"Print: Nutzung, FAZ",8015,21040
ZA6835_cross_cum0921,v154c,"Print: Nutzung, Die Welt",8022,21040
ZA6835_cross_cum0921,v154d,"Print: Nutzung, SZ",8014,21040
ZA6835_cross_cum0921,v154e,"Print: Nutzung, FR",8013,21040
ZA6835_cross_cum0921,v154f,"Print: Nutzung, taz",8015,21040
ZA6835_cross_cum0921,v154g,"Print: Nutzung, Lokalzeitung 1",8027,21040
ZA6835_cross_cum0921,v154h,"Print: Nutzung, Lokalzeitung 2",7975,21040
ZA6835_cross_cum0921,v154i,"Print: Nutzung, weitere Tageszeitungen",8014,21040
ZA6835_cross_cum0921,v155,"Print: Nutzung, Haeufigkeit, Bild",13592,21040
ZA6835_cross_cum0921,v156,"Print: Nutzung, Haeufigkeit, FAZ",11486,21040
ZA6835_cross_cum0921,v157,"Print: Nutzung, Haeufigkeit, Die Welt",11495,21040
ZA6835_cross_cum0921,v158,"Print: Nutzung, Haeufigkeit, SZ",11612,21040
ZA6835_cross_cum0921,v159,"Print: Nutzung, Haeufigkeit, FR",11124,21040
ZA6835_cross_cum0921,v160,"Print: Nutzung, Haeufigkeit, taz",11249,21040
ZA6835_cross_cum0921,v161,"Print: Nutzung, Haeufigkeit, 1. Lokalzeitung bei zwei genannten Zeitungen",523,21040
ZA6835_cross_cum0921,v162,"Print: Nutzung, Haeufigkeit, 1. Lokalzeitung",17601,21040
ZA6835_cross_cum0921,v163,"Print: Nutzung, Haeufigkeit, 2. Lokalzeitung",11370,21040
ZA6835_cross_cum0921,v164,"Print: Nutzung, Haeufigkeit, weitere ueberregionale Tageszeitung",11098,21040
ZA6835_cross_cum0921,v165a,"TV-Nachrichten: Nutzung, ARD",7991,21040
ZA6835_cross_cum0921,v165b,"TV-Nachrichten: Nutzung, ZDF",7956,21040
ZA6835_cross_cum0921,v165c,"TV-Nachrichten: Nutzung, RTL",7876,21040
ZA6835_cross_cum0921,v165d,"TV-Nachrichten: Nutzung, Sat.1",7826,21040
ZA6835_cross_cum0921,v166,"TV-Nachrichten: Nutzung, Haeufigkeit, oeff.-rechtliche Sender",17838,21040
ZA6835_cross_cum0921,v167,"TV-Nachrichten: Nutzung, Haeufigkeit, private Sender",14995,21040
ZA6835_cross_cum0921,v168,"TV-Nachrichten: Nutzung, Haeufigkeit, ARD",6561,21040
ZA6835_cross_cum0921,v169,"TV-Nachrichten: Nutzung, Haeufigkeit, ZDF",5541,21040
ZA6835_cross_cum0921,v170,"TV-Nachrichten: Nutzung, Haeufigkeit, RTL",3424,21040
ZA6835_cross_cum0921,v171,"TV-Nachrichten: Nutzung, Haeufigkeit, Sat.1",2536,21040
ZA6835_cross_cum0921,v172,"Internet: Nutzung, Durchschnitt",17547,21040
ZA6835_cross_cum0921,v173,"Internet: Parteienangebot, Nutzung, allgemein",7738,21040
ZA6835_cross_cum0921,v174a,"Internet: Parteienangebot, Nutzung, CDU/CSU",1376,21040
ZA6835_cross_cum0921,v174d,"Internet: Parteienangebot, Nutzung, SPD",1378,21040
ZA6835_cross_cum0921,v174e,"Internet: Parteienangebot, Nutzung, FDP",1374,21040
ZA6835_cross_cum0921,v174f,"Internet: Parteienangebot, Nutzung, GRUENE",1375,21040
ZA6835_cross_cum0921,v174g,"Internet: Parteienangebot, Nutzung, DIE LINKE",1375,21040
ZA6835_cross_cum0921,v174h,"Internet: Parteienangebot, Nutzung, AfD",1004,21040
ZA6835_cross_cum0921,v174i,"Internet: Parteienangebot, Nutzung, NPD",926,21040
ZA6835_cross_cum0921,v174j,"Internet: Parteienangebot, Nutzung, PIRATEN",928,21040
ZA6835_cross_cum0921,v174x,"Internet: Parteienangebot, Nutzung, andere Partei",1384,21040
ZA6835_cross_cum0921,v175,"Internet: Wahlkampf, Onlineanmeldung",7433,21040
ZA6835_cross_cum0921,v176,"Internet: Nutzung, Nachrichten",13097,21040
ZA6835_cross_cum0921,v189a,"Soziale Medien: Nutzung, WhatsApp",11853,21040
ZA6835_cross_cum0921,v189b,"Soziale Medien: Nutzung, Facebook",11854,21040
ZA6835_cross_cum0921,v189c,"Soziale Medien: Nutzung, YouTube",11855,21040
ZA6835_cross_cum0921,v189d,"Soziale Medien: Nutzung, Twitter",11856,21040
ZA6835_cross_cum0921,v189w,"Soziale Medien: Nutzung, sonstige",11855,21040
ZA6835_cross_cum0921,v189x,"Soziale Medien: Nutzung, keine",11851,21040
ZA6835_cross_cum0921,v190a,"Soziale Medien: Nutzung, politisch, WhatsApp",9015,21040
ZA6835_cross_cum0921,v190b,"Soziale Medien: Nutzung, politisch, Facebook",4796,21040
ZA6835_cross_cum0921,v190c,"Soziale Medien: Nutzung, politisch, YouTube",6626,21040
ZA6835_cross_cum0921,v190d,"Soziale Medien: Nutzung, politisch, Twitter",2196,21040
ZA6835_cross_cum0921,v190w,"Soziale Medien: Nutzung, politisch, sonstige",1947,21040
ZA6835_cross_cum0921,v190x,"Soziale Medien: Nutzung, politisch, keine",10060,21040
ZA6835_cross_cum0921,v177,"Pol. Mediennutzung: Informationsquelle, wichtigste",19790,21040
ZA6835_cross_cum0921,v178a,"Psychologische Konzepte: Big five, zurueckhaltend",17433,21040
ZA6835_cross_cum0921,v178b,"Psychologische Konzepte: Big five, vertrauensvoll",17439,21040
ZA6835_cross_cum0921,v178c,"Psychologische Konzepte: Big five, gruendlich",17417,21040
ZA6835_cross_cum0921,v178d,"Psychologische Konzepte: Big five, entspannt",9286,21040
ZA6835_cross_cum0921,v178e,"Psychologische Konzepte: Big five, fantasievoll",17316,21040
ZA6835_cross_cum0921,v178f,"Psychologische Konzepte: Big five, gesellig",9283,21040
ZA6835_cross_cum0921,v178g,"Psychologische Konzepte: Big five, kritisch",9268,21040
ZA6835_cross_cum0921,v178h,"Psychologische Konzepte: Big five, bequem",9269,21040
ZA6835_cross_cum0921,v178i,"Psychologische Konzepte: Big five, nervoes",17391,21040
ZA6835_cross_cum0921,v178j,"Psychologische Konzepte: Big five, wenig kuenstlerisch",9268,21040
ZA6835_cross_cum0921,v191a,"Psychologische Konzepte: Emotionen, Angst, Klimawandel",12744,21040
ZA6835_cross_cum0921,v191b,"Psychologische Konzepte: Emotionen, Angst, internationaler Terrorismus",12777,21040
ZA6835_cross_cum0921,v191c,"Psychologische Konzepte: Emotionen, Angst, Globalisierung",12556,21040
ZA6835_cross_cum0921,v179a,"Psychologische Konzepte: Needs, Bilde mir zu allem eine Meinung",8132,21040
ZA6835_cross_cum0921,v179b,"Psychologische Konzepte: Needs, Wenig Befriedigung lange nachzudenken",8004,21040
ZA6835_cross_cum0921,v179c,"Psychologische Konzepte: Needs, Treffe wichtige Entscheidungen schnell",8102,21040
ZA6835_cross_cum0921,v180,"Psychologische Konzepte: Vertrauen, allgemein",16765,21040
ZA6835_cross_cum0921,d1,Geschlecht,20953,21040
ZA6835_cross_cum0921,d2,Alter,20297,21040
ZA6835_cross_cum0921,d3c,Geburtsdatum: Jahr,20713,21040
ZA6835_cross_cum0921,d4,Familienstand,20711,21040
ZA6835_cross_cum0921,d5,Bildung: Schule,20721,21040
ZA6835_cross_cum0921,d6a,"Bildung: Beruf, berufl.-betriebl. Anlernzeit mit Abschlusszeugnis, keine Lehre",20333,21040
ZA6835_cross_cum0921,d6b,"Bildung: Beruf, Teilfacharbeiterabschluss",20333,21040
ZA6835_cross_cum0921,d6c,"Bildung: Beruf, abgeschl. gewerbliche oder landwirtschaftliche Lehre",20333,21040
ZA6835_cross_cum0921,d6d,"Bildung: Beruf, abgeschl. kaufmaennische Lehre",20333,21040
ZA6835_cross_cum0921,d6e,"Bildung: Beruf, berufliches Praktikum, Volontariat",20333,21040
ZA6835_cross_cum0921,d6f,"Bildung: Beruf, Berufsfachschulabschluss",20333,21040
ZA6835_cross_cum0921,d6g,"Bildung: Beruf, Fachakademie-/Berufsakademieabschluss",6239,21040
ZA6835_cross_cum0921,d6h,"Bildung: Beruf, Fachschulabschluss",20333,21040
ZA6835_cross_cum0921,d6i,"Bildung: Beruf, Meister, Technikerabschluss",20333,21040
ZA6835_cross_cum0921,d6j,"Bildung: Beruf, Fachhochschulabschluss",20333,21040
ZA6835_cross_cum0921,d6k,"Bildung: Beruf, Hochschulabschluss",20380,21040
ZA6835_cross_cum0921,d6l,"Bildung: Beruf, Hochschulabschluss: Bachelor",6239,21040
ZA6835_cross_cum0921,d6m,"Bildung: Beruf, Hochschulabschluss: Master, Diplom, Magister, Staatsexamen",6239,21040
ZA6835_cross_cum0921,d6n,"Bildung: Beruf, Promotion",6239,21040
ZA6835_cross_cum0921,d6o,"Bildung: Beruf, (Fach-)Hochschule ohne Abschluss",2082,21040
ZA6835_cross_cum0921,d6p,"Bildung: Beruf, anderen beruflichen Ausbildungsabschluss",20371,21040
ZA6835_cross_cum0921,d6q,"Bildung: Beruf, noch in beruflicher Ausbildung",20333,21040
ZA6835_cross_cum0921,d6r,"Bildung: Beruf, keine abgeschlossene Ausbildung",20333,21040
ZA6835_cross_cum0921,d7,"Staatsbuergerschaft: Deutsch, seit Geburt",20790,21040
ZA6835_cross_cum0921,d8,Geburtsland: Deutschland,20760,21040
ZA6835_cross_cum0921,d8_c,Geburtsland: anderes Land,1516,21040
ZA6835_cross_cum0921,d9,Geburtsland: Bundesland,15145,21040
ZA6835_cross_cum0921,d10,Zuzug: Jahr,1613,21040
ZA6835_cross_cum0921,d11,"Zuzug: Jahr, Ostdeutschland",337,21040
ZA6835_cross_cum0921,d12,"Zuzug: Jahr, Westdeutschland",731,21040
ZA6835_cross_cum0921,d13,"Geburtsland: Deutschland, Eltern",20545,21040
ZA6835_cross_cum0921,d14,"Geburtsland: anderes Land, Mutter",3055,21040
ZA6835_cross_cum0921,d15,"Geburtsland: anderes Land, Vater",3020,21040
ZA6835_cross_cum0921,d16,"Geburtsland: Deutschland, Grosseltern",12557,21040
ZA6835_cross_cum0921,d17,"Zuzug: Jahr, Vater",1814,21040
ZA6835_cross_cum0921,d18,"Zuzug: Jahr, Mutter",1971,21040
ZA6835_cross_cum0921,d19,Herkunft: Ausgesiedelte,3585,21040
ZA6835_cross_cum0921,d20,Herkunft: Asylsuchende,3571,21040
ZA6835_cross_cum0921,d21,"Haushalt: Sprache, deutsch",6101,21040
ZA6835_cross_cum0921,d23,"Schichtzugehoerigkeit: subjektiv, eigene",20320,21040
ZA6835_cross_cum0921,d24,Religionszugehoerigkeit,20214,21040
ZA6835_cross_cum0921,d25,Gottesdiensthaeufigkeit,19001,21040
ZA6835_cross_cum0921,d26,Religiositaet,20452,21040
ZA6835_cross_cum0921,d27,Erwerbstaetigkeit: aktuell,20658,21040
ZA6835_cross_cum0921,d28,Erwerbstaetigkeit: frueher,9899,21040
ZA6835_cross_cum0921,d29,Arbeitslosigkeit: vergangene 10 Jahre (in Wochen),18351,21040
ZA6835_cross_cum0921,d30,Beruf: aktuell,10646,21040
ZA6835_cross_cum0921,d31_i88,"Berufstaetigkeit: aktuell, ISCO-88",10068,21040
ZA6835_cross_cum0921,d31_i08,"Berufstaetigkeit: aktuell, ISCO-08",8176,21040
ZA6835_cross_cum0921,d31a,"Berufstaetigkeit: aktuell, SIOPS",3319,21040
ZA6835_cross_cum0921,d31b,"Berufstaetigkeit: aktuell, ISEI",3319,21040
ZA6835_cross_cum0921,d31c,"Berufstaetigkeit: aktuell, MPS",3324,21040
ZA6835_cross_cum0921,d32,"Beruf: aktuell, Aufsichtsfunktion",9214,21040
ZA6835_cross_cum0921,d33,"Beruf: aktuell, Beschaeftigungssektor",8658,21040
ZA6835_cross_cum0921,d34,"Beruf: aktuell, Wirtschaftssektor",10754,21040
ZA6835_cross_cum0921,d35,"Beruf: aktuell, Arbeitsverhaeltnis",9160,21040
ZA6835_cross_cum0921,d36,Stellenverlust: Angst,8880,21040
ZA6835_cross_cum0921,d37,Betriebsverlust: Angst,1149,21040
ZA6835_cross_cum0921,d38,Beruf: frueher,8081,21040
ZA6835_cross_cum0921,d39_i88,"Berufstaetigkeit: frueher, ISCO-88",7823,21040
ZA6835_cross_cum0921,d39_i08,"Berufstaetigkeit: frueher, ISCO-08",5860,21040
ZA6835_cross_cum0921,d39a,"Berufstaetigkeit: frueher, SIOPS",3657,21040
ZA6835_cross_cum0921,d39b,"Berufstaetigkeit: frueher, ISEI",3657,21040
ZA6835_cross_cum0921,d39c,"Berufstaetigkeit: frueher, MPS",3671,21040
ZA6835_cross_cum0921,d40,"Beruf: frueher, Aufsichtsfunktion",7306,21040
ZA6835_cross_cum0921,d41,"Beruf: frueher, Beschaeftigungssektor",6763,21040
ZA6835_cross_cum0921,d42,"Beruf: frueher, Wirtschaftssektor",8210,21040
ZA6835_cross_cum0921,d43,Haushaltsnettoeinkommen,16751,21040
ZA6835_cross_cum0921,d44,Haushaltsnettoeinkommen: prospektiv,3751,21040
ZA6835_cross_cum0921,d45,Haushalt: Groesse,20757,21040
ZA6835_cross_cum0921,d46a,"Haushalt: Alter, 2. Person",15118,21040
ZA6835_cross_cum0921,d46b,"Haushalt: Alter, 3. Person",6266,21040
ZA6835_cross_cum0921,d46c,"Haushalt: Alter, 4. Person",3241,21040
ZA6835_cross_cum0921,d46d,"Haushalt: Alter, 5. Person",873,21040
ZA6835_cross_cum0921,d46e,"Haushalt: Alter, 6. Person",234,21040
ZA6835_cross_cum0921,d47,Partner:in,7322,21040
ZA6835_cross_cum0921,d48,"Bildung: Schule, Partner:in",12719,21040
ZA6835_cross_cum0921,d49,"Erwerbstaetigkeit: aktuell, Partner:in",12766,21040
ZA6835_cross_cum0921,d50,"Erwerbstaetigkeit: frueher, Partner:in",4320,21040
ZA6835_cross_cum0921,d51,"Beruf: aktuell, Partner:in",6055,21040
ZA6835_cross_cum0921,d52_i88,"Berufstaetigkeit: aktuell, ISCO-88, Partner:in",5576,21040
ZA6835_cross_cum0921,d52_i08,"Berufstaetigkeit: aktuell, ISCO-08, Partner:in",5429,21040
ZA6835_cross_cum0921,d52a,"Berufstaetigkeit: aktuell, SIOPS, Partner:in",986,21040
ZA6835_cross_cum0921,d52b,"Berufstaetigkeit: aktuell, ISEI, Partner:in",986,21040
ZA6835_cross_cum0921,d52c,"Berufstaetigkeit: aktuell, MPS, Partner:in",987,21040
ZA6835_cross_cum0921,d53,"Beruf: aktuell, Aufsichtsfunktion, Partner:in",5265,21040
ZA6835_cross_cum0921,d54,"Beruf: aktuell, Beschaeftigungssektor, Partner:in",4866,21040
ZA6835_cross_cum0921,d55,"Beruf: aktuell, Wirtschaftssektor, Partner:in",6034,21040
ZA6835_cross_cum0921,d56,"Beruf: frueher, Partner:in",3738,21040
ZA6835_cross_cum0921,d57_i88,"Berufstaetigkeit: frueher, ISCO-88, Partner:in",3594,21040
ZA6835_cross_cum0921,d57_i08,"Berufstaetigkeit: frueher, ISCO-08, Partner:in",3493,21040
ZA6835_cross_cum0921,d57a,"Berufstaetigkeit: frueher, SIOPS, Partner:in",820,21040
ZA6835_cross_cum0921,d57b,"Berufstaetigkeit: frueher, ISEI, Partner:in",820,21040
ZA6835_cross_cum0921,d57c,"Berufstaetigkeit: frueher, MPS, Partner:in",821,21040
ZA6835_cross_cum0921,d58,"Beruf: frueher, Aufsichtsfunktion, Partner:in",3334,21040
ZA6835_cross_cum0921,d59,"Beruf: frueher, Beschaeftigungssektor, Partner:in",3038,21040
ZA6835_cross_cum0921,d60,"Beruf: frueher, Wirtschaftssektor, Partner:in",3788,21040
ZA6835_cross_cum0921,d61,"Geburtsland: Deutschland, Partner:in",12921,21040
ZA6835_cross_cum0921,d61_c,"Geburtsland: anderes Land, Partner:in",1139,21040
ZA6835_cross_cum0921,d62,Interviewer:inneneinschaetzung: Teilnahmeschwierigkeit,8194,21040
ZA6835_cross_cum0921,d63,Wohnumfeld,4020,21040
ZA6835_cross_cum0921,d64,"Wohnumfeld, Gebaeude",16394,21040
ZA6835_cross_cum0921,d65,"Wohnumfeld, Zustand",8169,21040
ZA6835_cross_cum0921,d66,"Wohnumfeld, Sprechanlage",8090,21040
ZA6835_cross_cum0921,d67,"Wohnumfeld, Umfeld",8155,21040
ZA6835_cross_cum0921,d68,"Wohnumfeld, Schicht",16079,21040
ZA6834_unknown,study,Studiennummer,21540,21540
ZA6834_unknown,version,GESIS Archivversion,0,21540
ZA6834_unknown,doi,Digital Object Identifier,0,21540
ZA6834_unknown,year,Erhebungsjahr,21540,21540
ZA6834_unknown,field_start,Beginn Erhebungszeitraum,0,21540
ZA6834_unknown,field_end,Ende Erhebungszeitraum,0,21540
ZA6834_unknown,sample,Stichprobe,21540,21540
ZA6834_unknown,lfdn,Laufende Nummer,21540,21540
ZA6834_unknown,welle,Welle,21540,21540
ZA6834_unknown,tagnr,Tag der Stichproben-Freigabe,21540,21540
ZA6834_unknown,stichprobe,Hauptstichprobe vs. Ueberziehung vs. nachgezogene Stichprobe,21540,21540
ZA6834_unknown,generiert,Generierte oder eingetragene Telefonnummer,7882,21540
ZA6834_unknown,pre_zeitstart,Uhrzeit Start des Interviews (Vorwahl),21537,21540
ZA6834_unknown,pre_zeitende,Uhrzeit Ende des Interviews (Vorwahl),7650,21540
ZA6834_unknown,pre_intdatum,Datum des Interviews,21540,21540
ZA6834_unknown,pre_intdauer,Interviewdauer in Sekunden,21537,21540
ZA6834_unknown,pre_feldtag,Nummer des Feldtages des Interviews,21540,21540
ZA6834_unknown,pre_iname,Interviewerkennung (anonymisiert),6008,21540
ZA6834_unknown,pre_kontakt,Anzahl Kontaktversuche,15532,21540
ZA6834_unknown,pre_woche,Erhebungswoche (Kalenderwoche),21540,21540
ZA6834_unknown,pre_inta,Interviews aelter als 14 Tage,13890,21540
ZA6834_unknown,pre_verw,Verweigerungskonversion,13890,21540
ZA6834_unknown,pos_zeitstart,Uhrzeit Start des Interviews (Nachwahl),8136,21540
ZA6834_unknown,pos_zeitende,Uhrzeit Ende des Interviews (Nachwahl),4238,21540
ZA6834_unknown,pos_intdatum,Datum des Interviews,13624,21540
ZA6834_unknown,pos_intdauer,Interviewdauer in Sekunden,13624,21540
ZA6834_unknown,pos_feldtag,Nummer des Feldtages des Interviews,13624,21540
ZA6834_unknown,pos_iname,Interviewerkennung (anonymisiert),4027,21540
ZA6834_unknown,pos_kontakt,Anzahl Kontaktversuche,9597,21540
ZA6834_unknown,pos_compl,Kennung vollstaendige Interviews,5353,21540
ZA6834_unknown,tvduell,TV-Duell,21540,21540
ZA6834_unknown,wkampf,Heisse Wahlkampfphase,21540,21540
ZA6834_unknown,w_trang,Transformationsgewicht (gesamt),21540,21540
ZA6834_unknown,w_tranw,Transformationsgewicht (Woche),21540,21540
ZA6834_unknown,w_trant,Transformationsgewicht (Tag),21540,21540
ZA6834_unknown,w_bil1g,Bildungsgewicht mit Transformationsgewicht(gesamt),21540,21540
ZA6834_unknown,w_bil2g,Bildungsgewicht ohne Transformationsgewicht (gesamt),21540,21540
ZA6834_unknown,w_bil1w,Bildungsgewicht mit Transformationsgewicht (Woche),21540,21540
ZA6834_unknown,w_bil2w,Bildungsgewicht ohne Transformationsgewicht (Woche),21540,21540
ZA6834_unknown,w_bil1t,Bildungsgewicht mit Transformationsgewicht (Tag),21540,21540
ZA6834_unknown,w_bil2t,Bildungsgewicht ohne Transformationsgewicht (Tag),21540,21540
ZA6834_unknown,w_soz1g,Soziodemographisches Gewicht mit Transformationsgewicht (gesamt),21540,21540
ZA6834_unknown,w_soz2g,Soziodemographisches Gewicht ohne Transformationsgewicht (gesamt),21540,21540
ZA6834_unknown,w_soz1w,Soziodemographisches Gewicht mit Transformationsgewicht (Woche),21540,21540
ZA6834_unknown,w_soz2w,Soziodemographisches Gewicht ohne Transformationsgewicht (Woche),21540,21540
ZA6834_unknown,w_ipf1g,Sozial- und regionalstrukturelles Gewicht mit Transformationsgewicht (gesamt),21540,21540
ZA6834_unknown,w_ipf2g,Sozial- und regionalstrukturelles Gewicht ohne Transformationsgewicht (gesamt),21540,21540
ZA6834_unknown,w_ipf1w,Sozial- und regionalstrukturelles Gewicht mit Transformationsgewicht (Woche),21540,21540
ZA6834_unknown,w_ipf2w,Sozial- und regionalstrukturelles Gewicht ohne Transformationsgewicht (Woche),21540,21540
ZA6834_unknown,w_panel1,"Panelgewicht, ohne Transformationsgewicht",13624,21540
ZA6834_unknown,w_panel2,"Panelgewicht, mit Transformationsgewicht",13624,21540
ZA6834_unknown,bula,Bundesland,21540,21540
ZA6834_unknown,ostwest,Ost/West,21540,21540
ZA6834_unknown,ostwest2,Ost/West (genaue Zuordnung von Berlinern zu Ost- und Westdeutschland),6008,21540
ZA6834_unknown,elecdist_name,Wahlkreisname,0,21540
ZA6834_unknown,elecdist,Wahlkreis (Electoral District),19670,21540
ZA6834_unknown,elecdist1,Wahlkreis nicht eindeutig zuordenbar: 1. Moeglichkeit,1615,21540
ZA6834_unknown,elecdist2,Wahlkreis nicht eindeutig zuordenbar: 2. Moeglichkeit,1615,21540
ZA6834_unknown,elecdist3,Wahlkreis nicht eindeutig zuordenbar: 3. Moeglichkeit,278,21540
ZA6834_unknown,elecdist4,Wahlkreis nicht eindeutig zuordenbar: 4. Moeglichkeit,109,21540
ZA6834_unknown,elecdist5,Wahlkreis nicht eindeutig zuordenbar: 5. Moeglichkeit,15,21540
ZA6834_unknown,elecdist6,Nicht eindeutige Wahlkreisnummer: 6. moegliche Wahlkreisnummer,14,21540
ZA6834_unknown,elecdist7,Nicht eindeutige Wahlkreisnummer: 7. moegliche Wahlkreisnummer,11,21540
ZA6834_unknown,elecdist8,Nicht eindeutige Wahlkreisnummer: 8. moegliche Wahlkreisnummer,11,21540
ZA6834_unknown,elecdist9,Nicht eindeutige Wahlkreisnummer: 9. moegliche Wahlkreisnummer,11,21540
ZA6834_unknown,elecdist10,Nicht eindeutige Wahlkreisnummer: 10. moegliche Wahlkreisnummer,11,21540
ZA6834_unknown,elecdist11,Nicht eindeutige Wahlkreisnummer: 11. moegliche Wahlkreisnummer,11,21540
ZA6834_unknown,elecdist12,Nicht eindeutige Wahlkreisnummer: 12. moegliche Wahlkreisnummer,11,21540
ZA6834_unknown,elecdist_flag,Wahlkreis (nachtraegliche Korrektur),7213,21540
ZA6834_unknown,pre0301,Politisches Interesse,21535,21540
ZA6834_unknown,pre0302,Interesse am Wahlkampf,21501,21540
ZA6834_unknown,pre0401,Wahlbeteiligungsabsicht,21440,21540
ZA6834_unknown,pre0402a,Wahlabsicht Erststimme (Version A),12119,21540
ZA6834_unknown,pre0402b,Wahlabsicht Erststimme (Version B),12119,21540
ZA6834_unknown,pre0403a,Wahlabsicht Zweitstimme (Version A),14031,21540
ZA6834_unknown,pre0403b,Wahlabsicht Zweitstimme (Version B),14031,21540
ZA6834_unknown,pre0404a,Erststimme Briefwaehler (Version A),384,21540
ZA6834_unknown,pre0404b,Erststimme Briefwaehler (Version B),384,21540
ZA6834_unknown,pre0405a,Zweitstimme Briefwaehler (Version A),395,21540
ZA6834_unknown,pre0405b,Zweitstimme Briefwaehler (Version B),395,21540
ZA6834_unknown,pre0406,Wahlabsicht (Hypothetisch),191,21540
ZA6834_unknown,pre0407a,Moegliche andere Partei (Version A),2384,21540
ZA6834_unknown,pre0407b,Moegliche andere Partei (Version B),2384,21540
ZA6834_unknown,pre0408,Sicherheit der Wahlabsicht,4926,21540
ZA6834_unknown,pre0501,Interesse am Ausgang der Wahl,21468,21540
ZA6834_unknown,pre0601a,Einzugswahrscheinlichkeiten kleine Parteien: LINKE,15088,21540
ZA6834_unknown,pre0601b,Einzugswahrscheinlichkeiten kleine Parteien: GRUENE,7498,21540
ZA6834_unknown,pre0601c,Einzugswahrscheinlichkeiten kleine Parteien: FDP,15120,21540
ZA6834_unknown,pre0601d,Einzugswahrscheinlichkeiten kleine Parteien: AfD,13800,21540
ZA6834_unknown,pre0701a,Skalometer Koalitionen: CDU/CSU-SPD,21064,21540
ZA6834_unknown,pre0701b,Skalometer Koalitionen: CDU/CSU-FDP,21038,21540
ZA6834_unknown,pre0701c,Skalometer Koalitionen: CDU/CSU-GRUENE,20998,21540
ZA6834_unknown,pre0701d,Skalometer Koalitionen: CDU/CSU-FDP-GRUENE,13313,21540
ZA6834_unknown,pre0701e,Skalometer Koalitionen: SPD-FDP-GRUENE,20957,21540
ZA6834_unknown,pre0701f,Skalometer Koalitionen: SPD-GRUENE-LINKE,21023,21540
ZA6834_unknown,pre0701g,Skalometer Koalitionen: SPD-GRUENE,13567,21540
ZA6834_unknown,pre0701h,Skalometer Koalitionen: AfD,7493,21540
ZA6834_unknown,pre0801a,Wahrnehmung Koalitionssignale: CDU/CSU-FDP (2013),7713,21540
ZA6834_unknown,pre0802a,Wahrnehmung Koalitionssignale: CDU/CSU-FDP (2009),5817,21540
ZA6834_unknown,pre0801b,Wahrnehmung Koalitionssignale: SPD-GRUENE (2013),7733,21540
ZA6834_unknown,pre0802b,Wahrnehmung Koalitionssignale: SPD-GRUENE (2009),5824,21540
ZA6834_unknown,pre0801c,Wahrnehmung Koalitionssignale: CDU/CSU-SPD (2013),7699,21540
ZA6834_unknown,pre0802c,Wahrnehmung Koalitionssignale: CDU/CSU-SPD (2009),5870,21540
ZA6834_unknown,pre0801d,Wahrnehmung Koalitionssignale: CDU/CSU-GRUENE (2013),7679,21540
ZA6834_unknown,pre0802d,Wahrnehmung Koalitionssignale: CDU/CSU-GRUENE (2009),5818,21540
ZA6834_unknown,pre0801e,Wahrnehmung Koalitionssignale: SPD-FDP-GRUENE (2013),7657,21540
ZA6834_unknown,pre0802e,Wahrnehmung Koalitionssignale: SPD-FDP-GRUENE (2009),5797,21540
ZA6834_unknown,pre0801f,Wahrnehmung Koalitionssignale: SPD-GRUENE-LINKE (2013),7662,21540
ZA6834_unknown,pre0802f,Wahrnehmung Koalitionssignale: SPD-GRUENE-LINKE (2009),5800,21540
ZA6834_unknown,pre0802g,Wahrnehmung Koalitionssignale: CDU/CSU-FDP-GRUENE (2009),5801,21540
ZA6834_unknown,pre0901_1,Regierungserwartung: CDU/CSU,21540,21540
ZA6834_unknown,pre0901_2,Regierungserwartung: SPD,21540,21540
ZA6834_unknown,pre0901_3,Regierungserwartung: LINKE,21540,21540
ZA6834_unknown,pre0901_4,Regierungserwartung: GRUENE,21540,21540
ZA6834_unknown,pre0901_5,Regierungserwartung: FDP,21540,21540
ZA6834_unknown,pre0901_6,Regierungserwartung: AfD,15532,21540
ZA6834_unknown,pre0901_7,Regierungserwartung: PIRATEN,7882,21540
ZA6834_unknown,pre0901_8,Regierungserwartung: andere Partei,21540,21540
ZA6834_unknown,pre0901_9,Regierungserwartung: weiss nicht,21540,21540
ZA6834_unknown,pre0901_10,Regierungserwartung: keine Angabe,21540,21540
ZA6834_unknown,pre1001,Wichtigstes Problem,14580,21540
ZA6834_unknown,pre1001c1,Wichtigstes Problem (codiert): 1. Nennung,20338,21540
ZA6834_unknown,pre1001c2,Wichtigstes Problem (codiert): 2. Nennung,1981,21540
ZA6834_unknown,pre1001c3,Wichtigstes Problem (codiert): 3. Nennung,330,21540
ZA6834_unknown,pre1001c4,Wichtigstes Problem (codiert): 4. Nennung,81,21540
ZA6834_unknown,pre1001c5,Wichtigstes Problem (codiert): 5. Nennung,21,21540
ZA6834_unknown,pre1002a,Loesungskompetenz wichtigstes Problem (Version A),18525,21540
ZA6834_unknown,pre1002b,Loesungskompetenz wichtigstes Problem (Version B),13274,21540
ZA6834_unknown,pre1101,Zweitwichtigstes Problem,13591,21540
ZA6834_unknown,pre1101c1,Zweitwichtigstes Problem (codiert): 1. Nennung,18989,21540
ZA6834_unknown,pre1101c2,Zweitwichtigstes Problem (codiert): 2. Nennung,1877,21540
ZA6834_unknown,pre1101c3,Zweitwichtigstes Problem (codiert): 3. Nennung,270,21540
ZA6834_unknown,pre1101c4,Zweitwichtigstes Problem (codiert): 4. Nennung,48,21540
ZA6834_unknown,pre1101c5,Zweitwichtigstes Problem (codiert): 5. Nennung,14,21540
ZA6834_unknown,pre1101c6,Zweitwichtigstes Problem (codiert): 6. Nennung,1,21540
ZA6834_unknown,pre1101c7,Zweitwichtigstes Problem (codiert): 7. Nennung,1,21540
ZA6834_unknown,pre1102a,Loesungskompetenz zweitwichtigstes Problem (Version A),17350,21540
ZA6834_unknown,pre1102b,Loesungskompetenz zweitwichtigstes Problem (Version B),12421,21540
ZA6834_unknown,pre1201,Links-Rechts-Selbsteinstufung,14675,21540
ZA6834_unknown,pre1301a,Positionsissue Zuwanderung: Parteien: CDU,7214,21540
ZA6834_unknown,pre1301b,Positionsissue Zuwanderung: Parteien: CSU,7159,21540
ZA6834_unknown,pre1301c,Positionsissue Zuwanderung: Parteien: SPD,7122,21540
ZA6834_unknown,pre1301d,Positionsissue Zuwanderung: Parteien: LINKE,6834,21540
ZA6834_unknown,pre1301e,Positionsissue Zuwanderung: Parteien: GRUENE,7017,21540
ZA6834_unknown,pre1301f,Positionsissue Zuwanderung: Parteien: FDP,6663,21540
ZA6834_unknown,pre1301g,Positionsissue Zuwanderung: Parteien: AfD,7208,21540
ZA6834_unknown,pre1302,Positionsissue Zuwanderung: Ego,7308,21540
ZA6834_unknown,pre1303a,Positionsissue Steuern und Abgaben: CDU,9833,21540
ZA6834_unknown,pre1303b,Positionsissue Steuern und Abgaben: CSU,9485,21540
ZA6834_unknown,pre1303c,Positionsissue Steuern und Abgaben: SPD,9827,21540
ZA6834_unknown,pre1303d,Positionsissue Steuern und Abgaben: DIE LINKE,9173,21540
ZA6834_unknown,pre1303e,Positionsissue Steuern und Abgaben: GRUENE,9518,21540
ZA6834_unknown,pre1303f,Positionsissue Steuern und Abgaben: FDP,9529,21540
ZA6834_unknown,pre1304,Positionsissue Steuern und Abgaben: Ego,12980,21540
ZA6834_unknown,pre1306a,Positionsissue Kernkraft (Split=1): Ego,2987,21540
ZA6834_unknown,pre1305a,Positionsissue Kernkraft (Split=2): CDU,2748,21540
ZA6834_unknown,pre1305b,Positionsissue Kernkraft (Split=2): CSU,2630,21540
ZA6834_unknown,pre1305c,Positionsissue Kernkraft (Split=2): SPD,2720,21540
ZA6834_unknown,pre1305d,Positionsissue Kernkraft (Split=2): DIE LINKE,2289,21540
ZA6834_unknown,pre1305e,Positionsissue Kernkraft (Split=2): GRUENE,2865,21540
ZA6834_unknown,pre1305f,Positionsissue Kernkraft (Split=2): FDP,2544,21540
ZA6834_unknown,pre1306b,Positionsissue Kernkraft (Split=2): Ego,2916,21540
ZA6834_unknown,pre1304a,Positionsissue Steuern und Abgaben (Split=1): Ego,2853,21540
ZA6834_unknown,pre1304b,Positionsissue Steuern und Abgaben (Split=2): Ego,2865,21540
ZA6834_unknown,pre1307,Splitkennung Positionsissues,6008,21540
ZA6834_unknown,pre1308,"Afghanistan, Position Ego",2195,21540
ZA6834_unknown,pre1309,"Afghanistan, nahestehende Partei",1662,21540
ZA6834_unknown,pre1306,Positionsissue Kernkraft: Ego (aus Split-Variablen erstellt),5903,21540
ZA6834_unknown,pre1401a,Issuebatterie: Einkommensunterschiede verringern,15356,21540
ZA6834_unknown,pre1401b_1,Issuebatterie: EU-Mitgliedsstaaten finanziell unterstuetzen (2017),7577,21540
ZA6834_unknown,pre1401b_2,Issuebatterie: EU-Mitgliedsstaaten finanziell unterstuetzen (2013),7802,21540
ZA6834_unknown,pre1401c,Issuebatterie: Unterschied Regierung Berlin,7496,21540
ZA6834_unknown,pre1401d,Issuebatterie: Gleiche Praesentationschancen im Wahlkampf,7533,21540
ZA6834_unknown,pre1401e,Issuebatterie: Die Politiker reden zu viel und machen zu wenig,7549,21540
ZA6834_unknown,pre1401f,Issuebatterie: Einwanderer an deutsche Kultur anpassen,7803,21540
ZA6834_unknown,pre1501,Leistung Bundesregierung,21400,21540
ZA6834_unknown,pre1502a,Leistung Regierungsparteien: CDU,20982,21540
ZA6834_unknown,pre1502b,Leistung Regierungsparteien: CSU,20371,21540
ZA6834_unknown,pre1502c,Leistung Regierungsparteien: SPD,13284,21540
ZA6834_unknown,pre1502d,Leistung Regierungsparteien: FDP,7605,21540
ZA6834_unknown,pre1601,"Eigene wirtschaftliche Lage, aktuell",21435,21540
ZA6834_unknown,pre1602,"Eigene wirtschaftliche Lage, retrospektiv",5984,21540
ZA6834_unknown,pre1603,Verantwortlichkeit eigene wirtschaftliche Lage,5915,21540
ZA6834_unknown,pre1604,"Eigene wirtschaftliche Lage, prospektiv",5901,21540
ZA6834_unknown,pre1605,"Allgemeine wirtschaftliche Lage, aktuell",21425,21540
ZA6834_unknown,pre1606,"Allgemeine wirtschaftliche Lage, retrospektiv",21211,21540
ZA6834_unknown,pre1607,Verantwortlichkeit allgemeine wirtschaftliche Lage,13575,21540
ZA6834_unknown,pre1608,"Allgemeine wirtschaftliche Lage, prospektiv",20890,21540
ZA6834_unknown,pre1701,Angst europaeische Schuldenkrise,7845,21540
ZA6834_unknown,pre1702,Angst Wirtschaftskrise,5994,21540
ZA6834_unknown,pre1801a,Eigenschaften Kanzlerkandidaten: Merkel: durchsetzungsfaehig/fuehrungsstark,5945,21540
ZA6834_unknown,pre1801b,Eigenschaften Kanzlerkandidaten: Merkel: vertrauenswuerdig,5926,21540
ZA6834_unknown,pre1801c,Eigenschaften Kanzlerkandidaten: Merkel: sympathisch,5861,21540
ZA6834_unknown,pre1801d,Eigenschaften Kanzlerkandidaten: Merkel: Bewaeltigung Wirtschaftskrise,5803,21540
ZA6834_unknown,pre1802a,Eigenschaften Kanzlerkandidaten: Steinmeier: durchsetzungsfaehig/fuehrungsstark,5647,21540
ZA6834_unknown,pre1802b,Eigenschaften Kanzlerkandidaten: Steinmeier: vertrauenswuerdig,5651,21540
ZA6834_unknown,pre1802c,Eigenschaften Kanzlerkandidaten: Steinmeier: sympathisch,5667,21540
ZA6834_unknown,pre1802d,Eigenschaften Kanzlerkandidaten: Steinmeier: Bewaeltigung Wirtschaftskrise,5537,21540
ZA6834_unknown,pre1901a,Skalometer Parteien: CDU,21129,21540
ZA6834_unknown,pre1901b,Skalometer Parteien: CSU,20849,21540
ZA6834_unknown,pre1901c,Skalometer Parteien: SPD,21111,21540
ZA6834_unknown,pre1901d,Skalometer Parteien: LINKE,20967,21540
ZA6834_unknown,pre1901e,Skalometer Parteien: GRUENE,21090,21540
ZA6834_unknown,pre1901f,Skalometer Parteien: FDP,20963,21540
ZA6834_unknown,pre1901g,Skalometer Parteien: AfD,13141,21540
ZA6834_unknown,pre1901h,Skalometer Parteien: Piratenpartei,7266,21540
ZA6834_unknown,pre2001a,Skalometer Politiker: Merkel,21313,21540
ZA6834_unknown,pre2001b,Skalometer Politiker: Karl-Theodor zu Guttenberg,5400,21540
ZA6834_unknown,pre2001c,Skalometer Politiker: Steinmeier/Steinbrueck/Schulz,20871,21540
ZA6834_unknown,pre2001d,Skalometer Politiker: Lafontaine/Gysi/Wagenknecht,20480,21540
ZA6834_unknown,pre2001e,Skalometer Politiker: Kuenast/Trittin/Oezdemir,20382,21540
ZA6834_unknown,pre2001f,Skalometer Politiker: Westerwelle/Bruederle/Lindner,19861,21540
ZA6834_unknown,pre2001g,Skalometer Politiker: Petry,7208,21540
ZA6834_unknown,pre2101,Meinung ueber Parteien und Politik: Parteiunterschiede,5784,21540
ZA6834_unknown,pre2102,Glaubwuerdigkeit SPD-LINKE,5863,21540
ZA6834_unknown,pre2201,Kanzlerpraeferenz,20227,21540
ZA6834_unknown,pre2301,Politisches Wissen: Erst-/Zweitstimme,6740,21540
ZA6834_unknown,pre2302,Politisches Wissen: Arbeitslosenzahl,1456,21540
ZA6834_unknown,pre2401,Nutzung BILD,21443,21540
ZA6834_unknown,pre2402,Rezeption BILD: offline - online,762,21540
ZA6834_unknown,pre2403,BILD-Nutzung Vortag,2449,21540
ZA6834_unknown,pre2501_1,Parteien-Bias BILD - Bias positiv: CDU/CSU,2467,21540
ZA6834_unknown,pre2501_2,Parteien-Bias BILD - Bias positiv: CDU,1649,21540
ZA6834_unknown,pre2501_3,Parteien-Bias BILD - Bias positiv: CSU,1649,21540
ZA6834_unknown,pre2501_4,Parteien-Bias BILD - Bias positiv: SPD,2467,21540
ZA6834_unknown,pre2501_5,Parteien-Bias BILD - Bias positiv: LINKE,2467,21540
ZA6834_unknown,pre2501_6,Parteien-Bias BILD - Bias positiv: GRUENE,2467,21540
ZA6834_unknown,pre2501_7,Parteien-Bias BILD - Bias positiv: FDP,2467,21540
ZA6834_unknown,pre2501_8,Parteien-Bias BILD - Bias positiv: AfD,1649,21540
ZA6834_unknown,pre2501_9,Parteien-Bias BILD - Bias positiv: PIRATEN,1649,21540
ZA6834_unknown,pre2501_10,Parteien-Bias BILD - Bias positiv: andere Partei,2467,21540
ZA6834_unknown,pre2501_11,"Parteien-Bias BILD - Bias positiv: nein, keine Partei",2467,21540
ZA6834_unknown,pre2501_12,Parteien-Bias BILD - Bias positiv: weiss nicht,2467,21540
ZA6834_unknown,pre2501_13,Parteien-Bias BILD - Bias positiv: keine Angabe,2467,21540
ZA6834_unknown,pre2501_n1,Parteien-Bias BILD - Bias positiv: 1. Nennung,1597,21540
ZA6834_unknown,pre2501_n2,Parteien-Bias BILD - Bias positiv: 2. Nennung,222,21540
ZA6834_unknown,pre2501_n3,Parteien-Bias BILD - Bias positiv: 3. Nennung,36,21540
ZA6834_unknown,pre2601,Nutzung Tageszeitung,21316,21540
ZA6834_unknown,pre2602,Nutzung politische Berichte Tageszeitung,16836,21540
ZA6834_unknown,pre2603,Rezeption Tageszeitung: offline - online,5215,21540
ZA6834_unknown,pre2604,Tageszeitung Vortag,2398,21540
ZA6834_unknown,pre2701_1,Parteien-Bias Tageszeitung - Bias positiv: CDU/CSU,14531,21540
ZA6834_unknown,pre2701_2,Parteien-Bias Tageszeitung - Bias positiv: CDU,10335,21540
ZA6834_unknown,pre2701_3,Parteien-Bias Tageszeitung - Bias positiv: CSU,10335,21540
ZA6834_unknown,pre2701_4,Parteien-Bias Tageszeitung - Bias positiv: SPD,14531,21540
ZA6834_unknown,pre2701_5,Parteien-Bias Tageszeitung - Bias positiv: LINKE,14531,21540
ZA6834_unknown,pre2701_6,Parteien-Bias Tageszeitung - Bias positiv: GRUENE,14531,21540
ZA6834_unknown,pre2701_7,Parteien-Bias Tageszeitung - Bias positiv: FDP,14531,21540
ZA6834_unknown,pre2701_8,Parteien-Bias Tageszeitung - Bias positiv: AfD,10335,21540
ZA6834_unknown,pre2701_9,Parteien-Bias Tageszeitung - Bias positiv: PIRATEN,10335,21540
ZA6834_unknown,pre2701_10,Parteien-Bias Tageszeitung - Bias positiv: andere Partei,14531,21540
ZA6834_unknown,pre2701_11,"Parteien-Bias Tageszeitung - Bias positiv: nein, keine Partei",14531,21540
ZA6834_unknown,pre2701_12,Parteien-Bias Tageszeitung - Bias positiv: weiss nicht,14531,21540
ZA6834_unknown,pre2701_13,Parteien-Bias Tageszeitung - Bias positiv: keine Angabe,14531,21540
ZA6834_unknown,pre2701_n1,Parteien-Bias Tageszeitung - Bias positiv: 1. Nennung,10888,21540
ZA6834_unknown,pre2701_n2,Parteien-Bias Tageszeitung - Bias positiv: 2. Nennung,1176,21540
ZA6834_unknown,pre2701_n3,Parteien-Bias Tageszeitung - Bias positiv: 3. Nennung,228,21540
ZA6834_unknown,pre2801,Nutzung weitere Tageszeitung,16690,21540
ZA6834_unknown,pre2802,Nutzung politische Berichte weitere Tageszeitung,4669,21540
ZA6834_unknown,pre2803,Rezeption weitere Tageszeitung: offline - online,1308,21540
ZA6834_unknown,pre2804,Weitere Tageszeitung Vortag,1455,21540
ZA6834_unknown,pre2901_1,Parteien-Bias weitere Tageszeitung - Bias positiv: CDU/CSU,3280,21540
ZA6834_unknown,pre2901_2,Parteien-Bias weitere Tageszeitung - Bias positiv: CDU,2236,21540
ZA6834_unknown,pre2901_3,Parteien-Bias weitere Tageszeitung - Bias positiv: CSU,2236,21540
ZA6834_unknown,pre2901_4,Parteien-Bias weitere Tageszeitung - Bias positiv: SPD,3280,21540
ZA6834_unknown,pre2901_5,Parteien-Bias weitere Tageszeitung - Bias positiv: LINKE,3280,21540
ZA6834_unknown,pre2901_6,Parteien-Bias weitere Tageszeitung - Bias positiv: GRUENE,3280,21540
ZA6834_unknown,pre2901_7,Parteien-Bias weitere Tageszeitung - Bias positiv: FDP,3280,21540
ZA6834_unknown,pre2901_8,Parteien-Bias weitere Tageszeitung - Bias positiv: AfD,2236,21540
ZA6834_unknown,pre2901_9,Parteien-Bias weitere Tageszeitung - Bias positiv: PIRATEN,2236,21540
ZA6834_unknown,pre2901_10,Parteien-Bias weitere Tageszeitung - Bias positiv: andere Partei,3280,21540
ZA6834_unknown,pre2901_11,"Parteien-Bias weitere Tageszeitung - Bias positiv: nein, keine Partei",3280,21540
ZA6834_unknown,pre2901_12,Parteien-Bias weitere Tageszeitung - Bias positiv: weiss nicht,3280,21540
ZA6834_unknown,pre2901_13,Parteien-Bias weitere Tageszeitung - Bias positiv: keine Angabe,3280,21540
ZA6834_unknown,pre2901_n1,Parteien-Bias weitere Tageszeitung - Bias positiv: 1. Nennung,2550,21540
ZA6834_unknown,pre2901_n2,Parteien-Bias weitere Tageszeitung - Bias positiv: 2. Nennung,325,21540
ZA6834_unknown,pre2901_n3,Parteien-Bias weitere Tageszeitung - Bias positiv: 3. Nennung,63,21540
ZA6834_unknown,pre3001,Aufmerksamkeit Tageszeitungen,15915,21540
ZA6834_unknown,pre3101_1,Wochenpresse Vorwoche: SPIEGEL,13890,21540
ZA6834_unknown,pre3101_2,Wochenpresse Vorwoche: Focus,13890,21540
ZA6834_unknown,pre3101_3,Wochenpresse Vorwoche: DIE ZEIT,13890,21540
ZA6834_unknown,pre3101_4,"Wochenpresse Vorwoche: Nein, keine davon",13890,21540
ZA6834_unknown,pre3101_5,Wochenpresse Vorwoche: weiss nicht,13890,21540
ZA6834_unknown,pre3101_6,Wochenpresse Vorwoche: keine Angabe,13890,21540
ZA6834_unknown,pre3201,Nutzung TV-Nachrichten ARD,21411,21540
ZA6834_unknown,pre3301_1,Parteien-Bias TV-Nachrichten ARD - Bias positiv: CDU/CSU,15844,21540
ZA6834_unknown,pre3301_2,Parteien-Bias TV-Nachrichten ARD - Bias positiv: CDU,11601,21540
ZA6834_unknown,pre3301_3,Parteien-Bias TV-Nachrichten ARD - Bias positiv: CSU,11601,21540
ZA6834_unknown,pre3301_4,Parteien-Bias TV-Nachrichten ARD - Bias positiv: SPD,15844,21540
ZA6834_unknown,pre3301_5,Parteien-Bias TV-Nachrichten ARD - Bias positiv: LINKE,15844,21540
ZA6834_unknown,pre3301_6,Parteien-Bias TV-Nachrichten ARD - Bias positiv: GRUENE,15844,21540
ZA6834_unknown,pre3301_7,Parteien-Bias TV-Nachrichten ARD - Bias positiv: FDP,15844,21540
ZA6834_unknown,pre3301_8,Parteien-Bias TV-Nachrichten ARD - Bias positiv: AfD,11601,21540
ZA6834_unknown,pre3301_9,Parteien-Bias TV-Nachrichten ARD - Bias positiv: PIRATEN,11601,21540
ZA6834_unknown,pre3301_10,Parteien-Bias TV-Nachrichten ARD - Bias positiv: andere Partei,15844,21540
ZA6834_unknown,pre3301_11,"Parteien-Bias TV-Nachrichten ARD - Bias positiv: nein, keine Partei",15844,21540
ZA6834_unknown,pre3301_12,Parteien-Bias TV-Nachrichten ARD - Bias positiv: weiss nicht,15844,21540
ZA6834_unknown,pre3301_13,Parteien-Bias TV-Nachrichten ARD - Bias positiv: keine Angabe,15844,21540
ZA6834_unknown,pre3301_n1,Parteien-Bias TV-Nachrichten ARD - Bias positiv: 1. Nennung,11125,21540
ZA6834_unknown,pre3301_n2,Parteien-Bias TV-Nachrichten ARD - Bias positiv: 2. Nennung,1032,21540
ZA6834_unknown,pre3301_n3,Parteien-Bias TV-Nachrichten ARD - Bias positiv: 3. Nennung,284,21540
ZA6834_unknown,pre3401,Nutzung TV-Nachrichten ZDF,20716,21540
ZA6834_unknown,pre3501_1,Parteien-Bias TV-Nachrichten ZDF - Bias positiv: CDU/CSU,11845,21540
ZA6834_unknown,pre3501_2,Parteien-Bias TV-Nachrichten ZDF - Bias positiv: CDU,8626,21540
ZA6834_unknown,pre3501_3,Parteien-Bias TV-Nachrichten ZDF - Bias positiv: CSU,8626,21540
ZA6834_unknown,pre3501_4,Parteien-Bias TV-Nachrichten ZDF - Bias positiv: SPD,11845,21540
ZA6834_unknown,pre3501_5,Parteien-Bias TV-Nachrichten ZDF - Bias positiv: LINKE,11845,21540
ZA6834_unknown,pre3501_6,Parteien-Bias TV-Nachrichten ZDF - Bias positiv: GRUENE,11845,21540
ZA6834_unknown,pre3501_7,Parteien-Bias TV-Nachrichten ZDF - Bias positiv: FDP,11845,21540
ZA6834_unknown,pre3501_8,Parteien-Bias TV-Nachrichten ZDF - Bias positiv: AfD,8626,21540
ZA6834_unknown,pre3501_9,Parteien-Bias TV-Nachrichten ZDF - Bias positiv: PIRATEN,8626,21540
ZA6834_unknown,pre3501_10,Parteien-Bias TV-Nachrichten ZDF - Bias positiv: andere Partei,11845,21540
ZA6834_unknown,pre3501_11,"Parteien-Bias TV-Nachrichten ZDF - Bias positiv: nein, keine Partei",11845,21540
ZA6834_unknown,pre3501_12,Parteien-Bias TV-Nachrichten ZDF - Bias positiv: weiss nicht,11845,21540
ZA6834_unknown,pre3501_13,Parteien-Bias TV-Nachrichten ZDF - Bias positiv: keine Angabe,11845,21540
ZA6834_unknown,pre3501_n1,Parteien-Bias TV-Nachrichten ZDF - Bias positiv: 1. Nennung,8389,21540
ZA6834_unknown,pre3501_n2,Parteien-Bias TV-Nachrichten ZDF - Bias positiv: 2. Nennung,713,21540
ZA6834_unknown,pre3501_n3,Parteien-Bias TV-Nachrichten ZDF - Bias positiv: 3. Nennung,189,21540
ZA6834_unknown,pre3601,Nutzung TV-Nachrichten RTL,20764,21540
ZA6834_unknown,pre3701_1,Parteien-Bias RTL - Bias positiv: CDU/CSU,4956,21540
ZA6834_unknown,pre3701_2,Parteien-Bias RTL - Bias positiv: CDU,3218,21540
ZA6834_unknown,pre3701_3,Parteien-Bias RTL - Bias positiv: CSU,3218,21540
ZA6834_unknown,pre3701_4,Parteien-Bias RTL - Bias positiv: SPD,4956,21540
ZA6834_unknown,pre3701_5,Parteien-Bias RTL - Bias positiv: LINKE,4956,21540
ZA6834_unknown,pre3701_6,Parteien-Bias RTL - Bias positiv: GRUENE,4956,21540
ZA6834_unknown,pre3701_7,Parteien-Bias RTL - Bias positiv: FDP,4956,21540
ZA6834_unknown,pre3701_8,Parteien-Bias RTL - Bias positiv: AfD,3218,21540
ZA6834_unknown,pre3701_9,Parteien-Bias RTL - Bias positiv: PIRATEN,3218,21540
ZA6834_unknown,pre3701_10,Parteien-Bias RTL - Bias positiv: andere Partei,4956,21540
ZA6834_unknown,pre3701_11,"Parteien-Bias RTL - Bias positiv: nein, keine Partei",4956,21540
ZA6834_unknown,pre3701_12,Parteien-Bias RTL - Bias positiv: weiss nicht,4956,21540
ZA6834_unknown,pre3701_13,Parteien-Bias RTL - Bias positiv: keine Angabe,4956,21540
ZA6834_unknown,pre3701_n1,Parteien-Bias RTL - Bias positiv: 1. Nennung,3056,21540
ZA6834_unknown,pre3701_n2,Parteien-Bias RTL - Bias positiv: 2. Nennung,226,21540
ZA6834_unknown,pre3701_n3,Parteien-Bias RTL - Bias positiv: 3. Nennung,54,21540
ZA6834_unknown,pre3801,Nutzung TV-Nachrichten Sat.1,20738,21540
ZA6834_unknown,pre3901_1,Parteien-Bias Sat.1 - Bias positiv: CDU/CSU,2077,21540
ZA6834_unknown,pre3901_2,Parteien-Bias Sat.1 - Bias positiv: CDU,1373,21540
ZA6834_unknown,pre3901_3,Parteien-Bias Sat.1 - Bias positiv: CSU,1373,21540
ZA6834_unknown,pre3901_4,Parteien-Bias Sat.1 - Bias positiv: SPD,2077,21540
ZA6834_unknown,pre3901_5,Parteien-Bias Sat.1 - Bias positiv: LINKE,2077,21540
ZA6834_unknown,pre3901_6,Parteien-Bias Sat.1 - Bias positiv: GRUENE,2077,21540
ZA6834_unknown,pre3901_7,Parteien-Bias Sat.1 - Bias positiv: FDP,2077,21540
ZA6834_unknown,pre3901_8,Parteien-Bias Sat.1 - Bias positiv: AfD,1373,21540
ZA6834_unknown,pre3901_9,Parteien-Bias Sat.1 - Bias positiv: PIRATEN,1373,21540
ZA6834_unknown,pre3901_10,Parteien-Bias Sat.1 - Bias positiv: andere Partei,2077,21540
ZA6834_unknown,pre3901_11,"Parteien-Bias Sat.1 - Bias positiv: nein, keine Partei",2077,21540
ZA6834_unknown,pre3901_12,Parteien-Bias Sat.1 - Bias positiv: weiss nicht,2077,21540
ZA6834_unknown,pre3901_13,Parteien-Bias Sat.1 - Bias positiv: keine Angabe,2077,21540
ZA6834_unknown,pre3901_n1,Parteien-Bias Sat.1 - Bias positiv: 1. Nennung,1224,21540
ZA6834_unknown,pre3901_n2,Parteien-Bias Sat.1 - Bias positiv: 2. Nennung,82,21540
ZA6834_unknown,pre3901_n3,Parteien-Bias Sat.1 - Bias positiv: 3. Nennung,26,21540
ZA6834_unknown,pre4001,Aufmerksamkeit TV-Nachrichten,17778,21540
ZA6834_unknown,pre4101_1,TV-Nachrichten Vortag: ARD,17883,21540
ZA6834_unknown,pre4101_2,TV-Nachrichten Vortag: ZDF,17883,21540
ZA6834_unknown,pre4101_3,TV-Nachrichten Vortag: RTL,17883,21540
ZA6834_unknown,pre4101_4,TV-Nachrichten Vortag: SAT.1,17883,21540
ZA6834_unknown,pre4101_5,TV-Nachrichten Vortag: anderer Sender,17883,21540
ZA6834_unknown,pre4101_6,TV-Nachrichten Vortag: keine Nachrichtensendung gesehen,17883,21540
ZA6834_unknown,pre4101_7,TV-Nachrichten Vortag: weiss nicht,17883,21540
ZA6834_unknown,pre4101_8,TV-Nachrichten Vortag: keine Angabe,17883,21540
ZA6834_unknown,pre4201,Mediennutzung Internet - Nachrichten,7493,21540
ZA6834_unknown,pre4202,Internetnutzung News,6308,21540
ZA6834_unknown,pre4203,Internetnutzung politische Information,5978,21540
ZA6834_unknown,pre4204,Mediennutzung Internet - Nachrichten: welches Angebot,2760,21540
ZA6834_unknown,pre4205,Internetnutzung allgemein,7855,21540
ZA6834_unknown,pre4301,Mediennutzung Internet - social media,13745,21540
ZA6834_unknown,pre4302,Mediennutzung Internet - social media: welches Angebot,998,21540
ZA6834_unknown,pre4401_1,Mediennutzung Internet - Bias positiv: CDU/CSU,3338,21540
ZA6834_unknown,pre4401_2,Mediennutzung Internet - Bias positiv: CDU,3338,21540
ZA6834_unknown,pre4401_3,Mediennutzung Internet - Bias positiv: CSU,3338,21540
ZA6834_unknown,pre4401_4,Mediennutzung Internet - Bias positiv: SPD,3338,21540
ZA6834_unknown,pre4401_5,Mediennutzung Internet - Bias positiv: LINKE,3338,21540
ZA6834_unknown,pre4401_6,Mediennutzung Internet - Bias positiv: GRUENE,3338,21540
ZA6834_unknown,pre4401_7,Mediennutzung Internet - Bias positiv: FDP,3338,21540
ZA6834_unknown,pre4401_8,Mediennutzung Internet - Bias positiv: AfD,3338,21540
ZA6834_unknown,pre4401_9,Mediennutzung Internet - Bias positiv: PIRATEN,3338,21540
ZA6834_unknown,pre4401_10,Mediennutzung Internet - Bias positiv: andere Partei,3338,21540
ZA6834_unknown,pre4401_11,"Mediennutzung Internet - Bias positiv: nein, keine Partei",3338,21540
ZA6834_unknown,pre4401_12,Mediennutzung Internet - Bias positiv: weiss nicht,3338,21540
ZA6834_unknown,pre4401_13,Mediennutzung Internet - Bias positiv: keine Angabe,3338,21540
ZA6834_unknown,pre4401_n1,Mediennutzung Internet - Bias positiv: 1. Nennung,2850,21540
ZA6834_unknown,pre4401_n2,Mediennutzung Internet - Bias positiv: 2. Nennung,427,21540
ZA6834_unknown,pre4401_n3,Mediennutzung Internet - Bias positiv: 3. Nennung,134,21540
ZA6834_unknown,pre4501_1,Internetnutzung Partei- und Kandidatenwebsites: CDU/CSU,13988,21540
ZA6834_unknown,pre4501_2,Internetnutzung Partei- und Kandidatenwebsites: CDU,13988,21540
ZA6834_unknown,pre4501_3,Internetnutzung Partei- und Kandidatenwebsites: CSU,13988,21540
ZA6834_unknown,pre4501_4,Internetnutzung Partei- und Kandidatenwebsites: SPD,13988,21540
ZA6834_unknown,pre4501_5,Internetnutzung Partei- und Kandidatenwebsites: LINKE,13988,21540
ZA6834_unknown,pre4501_6,Internetnutzung Partei- und Kandidatenwebsites: GRUENE,13988,21540
ZA6834_unknown,pre4501_7,Internetnutzung Partei- und Kandidatenwebsites: FDP,13988,21540
ZA6834_unknown,pre4501_8,Internetnutzung Partei- und Kandidatenwebsites: AfD,13988,21540
ZA6834_unknown,pre4501_9,Internetnutzung Partei- und Kandidatenwebsites: PIRATEN,13988,21540
ZA6834_unknown,pre4501_10,Internetnutzung Partei- und Kandidatenwebsites: NPD/DVU,13988,21540
ZA6834_unknown,pre4501_11,Internetnutzung Partei- und Kandidatenwebsites: andere Partei(en),13988,21540
ZA6834_unknown,pre4501_12,Internetnutzung Partei- und Kandidatenwebsites: habe keine Angebote genutzt,13988,21540
ZA6834_unknown,pre4501_13,Internetnutzung Partei- und Kandidatenwebsites: weiss nicht,13988,21540
ZA6834_unknown,pre4501_14,Internetnutzung Partei- und Kandidatenwebsites: keine Angabe,13988,21540
ZA6834_unknown,pre4601,Internetnutzung: Spezielle Informationsangebote,10019,21540
ZA6834_unknown,pre4602,Wahrnehmung Meinungsumfragen,21184,21540
ZA6834_unknown,pre4701,Gespraeche ueber Politik,21094,21540
ZA6834_unknown,pre4702,Netzwerkgroesse,9262,21540
ZA6834_unknown,pre4801,Gespraechspartner 1: Beziehung,13256,21540
ZA6834_unknown,pre4802,Gespraechspartner 1: Gespraechshaeufigkeit,9226,21540
ZA6834_unknown,pre4803,Gespraechspartner 1: Verstaendnis von Politik,13167,21540
ZA6834_unknown,pre4804,Gespraechspartner 1: Meinungsverschiedenheiten,13178,21540
ZA6834_unknown,pre4805_n1,Gespraechspartner 1: Wahlentscheidung,8720,21540
ZA6834_unknown,pre4805_n2,Gespraechspartner 1: Wahlentscheidung: 2. Nennung,58,21540
ZA6834_unknown,pre4805_n3,Gespraechspartner 1: Wahlentscheidung: 3. Nennung,0,21540
ZA6834_unknown,pre4806_1,"Gespraechspartner 1: Partei, die nicht gewaehlt werden wuerde: CDU/CSU",4835,21540
ZA6834_unknown,pre4806_2,"Gespraechspartner 1: Partei, die nicht gewaehlt werden wuerde: SPD",4835,21540
ZA6834_unknown,pre4806_3,"Gespraechspartner 1: Partei, die nicht gewaehlt werden wuerde: LINKE",4835,21540
ZA6834_unknown,pre4806_4,"Gespraechspartner 1: Partei, die nicht gewaehlt werden wuerde: GRUENE",4835,21540
ZA6834_unknown,pre4806_5,"Gespraechspartner 1: Partei, die nicht gewaehlt werden wuerde: FDP",4835,21540
ZA6834_unknown,pre4806_6,"Gespraechspartner 1: Partei, die nicht gewaehlt werden wuerde: AfD",4835,21540
ZA6834_unknown,pre4806_7,"Gespraechspartner 1: Partei, die nicht gewaehlt werden wuerde: PIRATEN",4835,21540
ZA6834_unknown,pre4806_8,"Gespraechspartner 1: Partei, die nicht gewaehlt werden wuerde: NPD/DVU",4835,21540
ZA6834_unknown,pre4806_9,"Gespraechspartner 1: Partei, die nicht gewaehlt werden wuerde: andere Partei",4835,21540
ZA6834_unknown,pre4806_10,"Gespraechspartner 1: Partei, die nicht gewaehlt werden wuerde: es gibt keine",4835,21540
ZA6834_unknown,pre4806_11,"Gespraechspartner 1: Partei, die nicht gewaehlt werden wuerde: weiss nicht",4835,21540
ZA6834_unknown,pre4806_12,"Gespraechspartner 1: Partei, die nicht gewaehlt werden wuerde: keine Angabe",4835,21540
ZA6834_unknown,pre4806_n1,"Gespraechspartner 1: Partei, die nicht gewaehlt werden wuerde: 1. Nennung",4363,21540
ZA6834_unknown,pre4806_n2,"Gespraechspartner 1: Partei, die nicht gewaehlt werden wuerde: 2. Nennung",2072,21540
ZA6834_unknown,pre4806_n3,"Gespraechspartner 1: Partei, die nicht gewaehlt werden wuerde: 3. Nennung",700,21540
ZA6834_unknown,pre4901,Weitere Gespraechspartner,3930,21540
ZA6834_unknown,pre5001,Gespraechspartner 2: Beziehung,9621,21540
ZA6834_unknown,pre5002,Gespraechspartner 2: Gespraechshaeufigkeit,7338,21540
ZA6834_unknown,pre5003,Gespraechspartner 2: Verstaendnis von Politik,9482,21540
ZA6834_unknown,pre5004,Gespraechspartner 2: Meinungsverschiedenheiten,9537,21540
ZA6834_unknown,pre5005_n1,Gespraechspartner 2: Wahlentscheidung,6372,21540
ZA6834_unknown,pre5005_n2,Gespraechspartner 2: Wahlentscheidung: 2. Nennung,42,21540
ZA6834_unknown,pre5005_n3,Gespraechspartner 2: Wahlentscheidung: 3. Nennung,3,21540
ZA6834_unknown,pre5006_1,"Gespraechspartner 2: Partei, die nicht gewaehlt werden wuerde: CDU/CSU",3991,21540
ZA6834_unknown,pre5006_2,"Gespraechspartner 2: Partei, die nicht gewaehlt werden wuerde: SPD",3991,21540
ZA6834_unknown,pre5006_5,"Gespraechspartner 2: Partei, die nicht gewaehlt werden wuerde: FDP",3991,21540
ZA6834_unknown,pre5006_3,"Gespraechspartner 2: Partei, die nicht gewaehlt werden wuerde: LINKE",3991,21540
ZA6834_unknown,pre5006_4,"Gespraechspartner 2: Partei, die nicht gewaehlt werden wuerde: GRUENE",3991,21540
ZA6834_unknown,pre5006_6,"Gespraechspartner 2: Partei, die nicht gewaehlt werden wuerde: AfD",3991,21540
ZA6834_unknown,pre5006_7,"Gespraechspartner 2: Partei, die nicht gewaehlt werden wuerde: PIRATEN",3991,21540
ZA6834_unknown,pre5006_8,"Gespraechspartner 2: Partei, die nicht gewaehlt werden wuerde: NPD/DVU",3991,21540
ZA6834_unknown,pre5006_9,"Gespraechspartner 2: Partei, die nicht gewaehlt werden wuerde: andere Partei",3991,21540
ZA6834_unknown,pre5006_10,"Gespraechspartner 2: Partei, die nicht gewaehlt werden wuerde: es gibt keine",3991,21540
ZA6834_unknown,pre5006_11,"Gespraechspartner 2: Partei, die nicht gewaehlt werden wuerde: weiss nicht",3991,21540
ZA6834_unknown,pre5006_12,"Gespraechspartner 2: Partei, die nicht gewaehlt werden wuerde: keine Angabe",3991,21540
ZA6834_unknown,pre5006_n1,"Gespraechspartner 2: Partei, die nicht gewaehlt werden wuerde: 1. Nennung",3403,21540
ZA6834_unknown,pre5006_n2,"Gespraechspartner 2: Partei, die nicht gewaehlt werden wuerde: 2. Nennung",1448,21540
ZA6834_unknown,pre5006_n3,"Gespraechspartner 2: Partei, die nicht gewaehlt werden wuerde: 3. Nennung",444,21540
ZA6834_unknown,pre5101,TV-Duell: Rezeption des Duells,6590,21540
ZA6834_unknown,pre5102,TV-Duell: Aufmerksamkeit,897,21540
ZA6834_unknown,pre5103,TV-Duell: Wahrgenommener Ausgang Merkel,5010,21540
ZA6834_unknown,pre5104,TV-Duell: Wahrgenommener Ausgang Schulz,5000,21540
ZA6834_unknown,pre5105,TV-Duell: Rezeption des Medienurteils,852,21540
ZA6834_unknown,pre5106,TV-Duell: wahrgenommenes Medienurteil Merkel,663,21540
ZA6834_unknown,pre5107,TV-Duell: wahrgenommenes Medienurteil Steinmeier,664,21540
ZA6834_unknown,pre5108,TV-Duell: Rezeption des Urteils des sozialen Umfelds,854,21540
ZA6834_unknown,pre5109,TV-Duell: wahrgenommenes Urteil des sozialen Umfelds Merkel,371,21540
ZA6834_unknown,pre5110,TV-Duell: wahrgenommenes Urteil des sozialen Umfelds Steinmeier,372,21540
ZA6834_unknown,pre5201_1,"Wahlkampfkontakte: Parteienwerbung in Presse, TV, Radio: CDU/CSU",13796,21540
ZA6834_unknown,pre5201_2,"Wahlkampfkontakte: Parteienwerbung in Presse, TV, Radio: CDU",10707,21540
ZA6834_unknown,pre5201_3,"Wahlkampfkontakte: Parteienwerbung in Presse, TV, Radio: CSU",10707,21540
ZA6834_unknown,pre5201_4,"Wahlkampfkontakte: Parteienwerbung in Presse, TV, Radio: SPD",13796,21540
ZA6834_unknown,pre5201_5,"Wahlkampfkontakte: Parteienwerbung in Presse, TV, Radio: LINKE",13796,21540
ZA6834_unknown,pre5201_6,"Wahlkampfkontakte: Parteienwerbung in Presse, TV, Radio: GRUENE",13796,21540
ZA6834_unknown,pre5201_7,"Wahlkampfkontakte: Parteienwerbung in Presse, TV, Radio: FDP",13796,21540
ZA6834_unknown,pre5201_8,"Wahlkampfkontakte: Parteienwerbung in Presse, TV, Radio: AfD",10707,21540
ZA6834_unknown,pre5201_9,"Wahlkampfkontakte: Parteienwerbung in Presse, TV, Radio: PIRATEN",10707,21540
ZA6834_unknown,pre5201_10,"Wahlkampfkontakte: Parteienwerbung in Presse, TV, Radio: NPD/DVU",10707,21540
ZA6834_unknown,pre5201_11,"Wahlkampfkontakte: Parteienwerbung in Presse, TV, Radio: andere Partei(en)",13796,21540
ZA6834_unknown,pre5201_12,"Wahlkampfkontakte: keine Parteienwerbung in Presse, TV, Radio gesehen/gehoert",13796,21540
ZA6834_unknown,pre5201_13,"Wahlkampfkontakte: Parteienwerbung in Presse, TV, Radio: weiss nicht",13796,21540
ZA6834_unknown,pre5201_14,"Wahlkampfkontakte: Parteienwerbung in Presse, TV, Radio: keine Angabe",13796,21540
ZA6834_unknown,pre5301_1,Wahlkampfkontakte: Direkter Kontakt: CDU/CSU,13796,21540
ZA6834_unknown,pre5301_2,Wahlkampfkontakte: Direkter Kontakt: CDU,10707,21540
ZA6834_unknown,pre5301_3,Wahlkampfkontakte: Direkter Kontakt: CSU,10707,21540
ZA6834_unknown,pre5301_4,Wahlkampfkontakte: Direkter Kontakt: SPD,13796,21540
ZA6834_unknown,pre5301_5,Wahlkampfkontakte: Direkter Kontakt: LINKE,13796,21540
ZA6834_unknown,pre5301_6,Wahlkampfkontakte: Direkter Kontakt: GRUENE,13796,21540
ZA6834_unknown,pre5301_7,Wahlkampfkontakte: Direkter Kontakt: FDP,13796,21540
ZA6834_unknown,pre5301_8,Wahlkampfkontakte: Direkter Kontakt: AfD,10707,21540
ZA6834_unknown,pre5301_9,Wahlkampfkontakte: Direkter Kontakt: PIRATEN,10707,21540
ZA6834_unknown,pre5301_10,Wahlkampfkontakte: Direkter Kontakt: NPD/DVU,10707,21540
ZA6834_unknown,pre5301_11,Wahlkampfkontakte: Direkter Kontakt: andere Partei(en),13796,21540
ZA6834_unknown,pre5301_12,Wahlkampfkontakte: Direkter Kontakt: mit niemandem von einer Partei gesprochen,13796,21540
ZA6834_unknown,pre5301_13,Wahlkampfkontakte: Direkter Wahlkampfkontakt: weiss nicht,13796,21540
ZA6834_unknown,pre5301_14,Wahlkampfkontakte: Direkter Wahlkampfkontakt: keine Angabe,13796,21540
ZA6834_unknown,pre5401,Recall Wahlbeteiligung BTW 2013/2009,15383,21540
ZA6834_unknown,pre5402,Recall BTW 2005,4478,21540
ZA6834_unknown,pre5403a,Recall Wahlentscheidung BTW 2013/2009 (Version A),11600,21540
ZA6834_unknown,pre5403b,Recall Wahlentscheidung BTW 2013/2009 (Version B),11600,21540
ZA6834_unknown,pre5501,Demokratiezufriedenheit,7591,21540
ZA6834_unknown,pre5601,"Ueberhangmandate, subjektives Wissen",634,21540
ZA6834_unknown,pre5602,"Ueberhangmandate, Legitimation Mehrheit",492,21540
ZA6834_unknown,pre5701,Geburtsjahr,21382,21540
ZA6834_unknown,pre5701a,Alter,21382,21540
ZA6834_unknown,pre5702,Geschlecht,21540,21540
ZA6834_unknown,pre5703,Schulabschluss,21378,21540
ZA6834_unknown,pre5704,Erwerbstaetigkeit,15429,21540
ZA6834_unknown,pre5704a,Erwerbstaetigkeit (2009),5955,21540
ZA6834_unknown,pre5705,Beruf,12021,21540
ZA6834_unknown,pre5706,"Berufsgruppe detailliert, Arbeiter",1332,21540
ZA6834_unknown,pre5707,"Berufsgruppe detailliert, Angestellter",7627,21540
ZA6834_unknown,pre5708,"Berufsgruppe detailliert, Beamter",1086,21540
ZA6834_unknown,pre5709,Grund fehlende Erwerbstaetigkeit,6077,21540
ZA6834_unknown,pre5709a,Grund fehlende Erwerbstaetigkeit (2009),1993,21540
ZA6834_unknown,pre5710,Fruehere Erwerbstaetigkeit,8295,21540
ZA6834_unknown,pre5711,Frueherer Beruf,7734,21540
ZA6834_unknown,pre5712,"Fruehere Berufsgruppe detailliert, Arbeiter",1021,21540
ZA6834_unknown,pre5713,"Fruehere Berufsgruppe detailliert, Angestellter",4938,21540
ZA6834_unknown,pre5714,"Fruehere Berufsgruppe detailliert, Beamter",935,21540
ZA6834_unknown,pre5715,Angst Stellenverlust,2736,21540
ZA6834_unknown,pre5716,Angst Betriebsverlust,557,21540
ZA6834_unknown,pre5717,Haushaltsgroesse,21456,21540
ZA6834_unknown,pre5718,Wahlberechtigte Personen ueber 18,17474,21540
ZA6834_unknown,pre5719,Partner,16002,21540
ZA6834_unknown,pre5720,Erwerbstaetigkeit Partner,9626,21540
ZA6834_unknown,pre5720a,Erwerbstaetigkeit Partner (2009),3661,21540
ZA6834_unknown,pre5721,Grund fehlende Erwerbstaetigkeit Partner,3596,21540
ZA6834_unknown,pre5721a,Grund fehlende Erwerbstaetigkeit Partner (2009),1180,21540
ZA6834_unknown,pre5722,Angst Stellenverlust Partner/in,2300,21540
ZA6834_unknown,pre5723,Religionszugehoerigkeit,21149,21540
ZA6834_unknown,pre5723a,Religionszugehoerigkeit (2017),7452,21540
ZA6834_unknown,pre5724,Kirchgangshaeufigkeit,18986,21540
ZA6834_unknown,pre5725,Gewerkschaftsmitgliedschaft,21163,21540
ZA6834_unknown,pre5726a,Parteiidentifikation (Version A),20259,21540
ZA6834_unknown,pre5726b,Parteiidentifikation (Version B),14587,21540
ZA6834_unknown,pre5727,Staerke Parteiidentifikation,13991,21540
ZA6834_unknown,pre5802,Festnetztelefon,13827,21540
ZA6834_unknown,pre5803,Anzahl Festnetznummern,5881,21540
ZA6834_unknown,pre5804,Anzahl Festnetznummern Mobilbefragter,1769,21540
ZA6834_unknown,pre5805,Mobilfunknutzung,7609,21540
ZA6834_unknown,pre5806,Anzahl Mobilfunknummern,7039,21540
ZA6834_unknown,pre5807,Anzahl Nutzer des gleichen Handys,6966,21540
ZA6834_unknown,pre5808,Telefonnutzung: Festnetz - Mobil,6632,21540
ZA6834_unknown,pre5809,Wiederbefragungsbereitschaft,21540,21540
ZA6834_unknown,pre0401_rl,Wahlbeteiligungsabsicht: Response-Latency-Messung,20976,21540
ZA6834_unknown,pre0401_t,Wahlbeteiligungsabsicht: Ist die Zeitmessung gueltig?,21540,21540
ZA6834_unknown,pre0402_rl,Wahlabsicht Erststimme: Response-Latency-Messung,19475,21540
ZA6834_unknown,pre0402_t,Wahlabsicht Erststimme: Ist die Zeitmessung gueltig?,20010,21540
ZA6834_unknown,pre0403_rl,Wahlabsicht Zweitstimme: Response-Latency-Messung,19480,21540
ZA6834_unknown,pre0403_t,Wahlabsicht Zweitstimme: Ist die Zeitmessung gueltig?,20010,21540
ZA6834_unknown,pre0407_rl,Moegliche andere Partei: Response-Latency-Messung,3820,21540
ZA6834_unknown,pre0407_t,Moegliche andere Partei: ist die Zeitmessung gueltig?,3842,21540
ZA6834_unknown,pre0701a_rl,Skalometer Koalitionen: CDU/CSU-SPD: Response-Latency-Messung,5980,21540
ZA6834_unknown,pre0701a_t,Skalometer Koalitionen: CDU/CSU-SPD: Ist die Zeitmessung gueltig?,6008,21540
ZA6834_unknown,pre0701d_rl,Skalometer Koalitionen: CDU/CSU-FDP-GRUENE: Response-Latency-Messung,5981,21540
ZA6834_unknown,pre0701d_t,Skalometer Koalitionen: CDU/CSU-FDP-GRUENE: Ist die Zeitmessung gueltig?,6008,21540
ZA6834_unknown,pre0701e_rl,Skalometer Koalitionen: SPD-FDP-GRUENE: Response-Latency-Messung,5981,21540
ZA6834_unknown,pre0701e_t,Skalometer Koalitionen: SPD-FDP-GRUENE: Ist die Zeitmessung gueltig?,6008,21540
ZA6834_unknown,pre1001_rl,Wichtigstes Problem: Response-Latency-Messung,13558,21540
ZA6834_unknown,pre1001_t,Wichtigstes Problem: Ist die Zeitmessung gueltig?,13658,21540
ZA6834_unknown,pre1002_rl,Loesungskompetenz wichtigstes Problem: Response-Latency-Messung,7275,21540
ZA6834_unknown,pre1002_t,Loesungskompetenz wichtigstes Problem: Ist die Zeitmessung gueltig?,7350,21540
ZA6834_unknown,pre1101_rl,Zweitwichtigstes Problem: Response-Latency-Messung,7280,21540
ZA6834_unknown,pre1101_t,Zweitwichtigstes Problem: Ist die Zeitmessung gueltig?,7350,21540
ZA6834_unknown,pre1102_rl,Loesungskompetenz zweitwichtigstes Problem: Response-Latency-Messung,6953,21540
ZA6834_unknown,pre1102_t,Loesungskompetenz zweitwichtigstes Problem: Ist die Zeitmessung gueltig?,7010,21540
ZA6834_unknown,pre1201_rl,Links-Rechts-Selbsteinstufung: Response-Latency-Messung,14982,21540
ZA6834_unknown,pre1201_t,Links-Rechts-Selbsteinstufung: Ist die Zeitmessung gueltig?,15532,21540
ZA6834_unknown,pre1301a_rl,Positionsissue Zuwanderung: Parteien - CDU: Response-Latency-Messung,7570,21540
ZA6834_unknown,pre1301a_t,Positionsissue Zuwanderung: Parteien - CDU: Ist die Zeitmessung gueltig?,7650,21540
ZA6834_unknown,pre1301b_rl,Positionsissue Zuwanderung: Parteien - CSU: Response-Latency-Messung,7568,21540
ZA6834_unknown,pre1301b_t,Positionsissue Zuwanderung: Parteien - CSU: Ist die Zeitmessung gueltig?,7650,21540
ZA6834_unknown,pre1301c_rl,Positionsissue Zuwanderung: Parteien - SPD: Response-Latency-Messung,7566,21540
ZA6834_unknown,pre1301c_t,Positionsissue Zuwanderung: Parteien - SPD: Ist die Zeitmessung gueltig?,7650,21540
ZA6834_unknown,pre1301d_rl,Positionsissue Zuwanderung: Parteien - LINKE: Response-Latency-Messung,7567,21540
ZA6834_unknown,pre1301d_t,Positionsissue Zuwanderung: Parteien - LINKE: Ist die Zeitmessung gueltig?,7650,21540
ZA6834_unknown,pre1301e_rl,Positionsissue Zuwanderung: Parteien - GRUENE: Response-Latency-Messung,7566,21540
ZA6834_unknown,pre1301e_t,Positionsissue Zuwanderung: Parteien - GRUENE: Ist die Zeitmessung gueltig?,7650,21540
ZA6834_unknown,pre1301f_rl,Positionsissue Zuwanderung: Parteien - FDP: Response-Latency-Messung,7566,21540
ZA6834_unknown,pre1301f_t,Positionsissue Zuwanderung: Parteien - FDP: Ist die Zeitmessung gueltig?,7650,21540
ZA6834_unknown,pre1301g_rl,Positionsissue Zuwanderung: Parteien - AfD: Response-Latency-Messung,7566,21540
ZA6834_unknown,pre1301g_t,Positionsissue Zuwanderung: Parteien - AfD: Ist die Zeitmessung gueltig?,7650,21540
ZA6834_unknown,pre1302_rl,Positionsissue Zuwanderung: Ego: Response-Latency-Messung,7564,21540
ZA6834_unknown,pre1302_t,Positionsissue Zuwanderung: Ego: Ist die Zeitmessung gueltig?,7650,21540
ZA6834_unknown,pre1304_rl,Positionsissue Steuern und Abgaben (Split=1): Ego: Response-Latency-Messung,3013,21540
ZA6834_unknown,pre1304_t,Positionsissue Steuern und Abgaben (Split=1): Ego: Ist die Zeitmessung gueltig?,3028,21540
ZA6834_unknown,pre1307_rl,Positionsissue Kernkraft (Split=2): Ego: Response-Latency-Messung,2967,21540
ZA6834_unknown,pre1307_t,Positionsissue Kernkraft (Split=2): Ego: Ist die Zeitmessung gueltig?,2980,21540
ZA6834_unknown,pre1901a_rl,Skalometer Parteien - CDU: Response-Latency-Messung(in Millisekunden),13390,21540
ZA6834_unknown,pre1901a_t,Skalometer Parteien - CDU: Ist die Zeitmessung gueltig?,13890,21540
ZA6834_unknown,pre1901b_rl,Skalometer Parteien - CSU: Response-Latency-Messung(in Millisekunden),7411,21540
ZA6834_unknown,pre1901b_t,Skalometer Parteien - CSU: Ist die Zeitmessung gueltig?,7882,21540
ZA6834_unknown,pre1901c_rl,Skalometer Parteien - SPD: Response-Latency-Messung(in Millisekunden),13388,21540
ZA6834_unknown,pre1901c_t,Skalometer Parteien - SPD: Ist die Zeitmessung gueltig?,13890,21540
ZA6834_unknown,pre1901d_rl,Skalometer Parteien - DIE LINKE: Response-Latency-Messung(in Millisekunden),7411,21540
ZA6834_unknown,pre1901d_t,Skalometer Parteien - DIE LINKE: Ist die Zeitmessung gueltig?,7882,21540
ZA6834_unknown,pre1901e_rl,Skalometer Parteien - GRUENE: Response-Latency-Messung(in Millisekunden),7411,21540
ZA6834_unknown,pre1901e_t,Skalometer Parteien - GRUENE: Ist die Zeitmessung gueltig?,7882,21540
ZA6834_unknown,pre1901f_rl,Skalometer Parteien - FDP: Response-Latency-Messung(in Millisekunden),7411,21540
ZA6834_unknown,pre1901f_t,Skalometer Parteien - FDP: Ist die Zeitmessung gueltig?,7882,21540
ZA6834_unknown,pre1901g_rl,Skalometer Parteien - AfD: Response-Latency-Messung(in Millisekunden),7411,21540
ZA6834_unknown,pre1901g_t,Skalometer Parteien - AfD: Ist die Zeitmessung gueltig?,7882,21540
ZA6834_unknown,pre1901h_rl,Skalometer Parteien - PIRATEN: Response-Latency-Messung(in Millisekunden),7411,21540
ZA6834_unknown,pre1901h_t,Skalometer Parteien - PIRATEN: Ist die Zeitmessung gueltig?,7882,21540
ZA6834_unknown,pre2001a_rl,Skalometer Politiker - Angela Merkel: Response-Latency-Messung(in Millisek.),13389,21540
ZA6834_unknown,pre2001a_t,Skalometer Politiker - Angela Merkel: Ist die Zeitmessung gueltig?,13890,21540
ZA6834_unknown,pre2001c_rl,Skalometer Politiker - Steinmeier/Steinbrueck: Response-Latency-Mess.(Millisek),13389,21540
ZA6834_unknown,pre2001c_t,Skalometer Politiker - Steinmeier/Steinbrueck: Ist die Zeitmessung gueltig?,13890,21540
ZA6834_unknown,pre2001d_rl,Skalometer Politiker - Gregor Gysi: Response-Latency-Messung(in Millisekunden),7411,21540
ZA6834_unknown,pre2001d_t,Skalometer Politiker - Gregor Gysi: Ist die Zeitmessung gueltig?,7882,21540
ZA6834_unknown,pre2001e_rl,Skalometer Politiker - Juergen Trittin: Response-Latency-Messung(in Millisek.),7411,21540
ZA6834_unknown,pre2001e_t,Skalometer Politiker - Juergen Trittin: Ist die Zeitmessung gueltig?,7882,21540
ZA6834_unknown,pre2001f_rl,Skalometer Politiker - Rainer Bruederle: Response-Latency-Messung(in Millisek.),7411,21540
ZA6834_unknown,pre2001f_t,Skalometer Politiker - Rainer Bruederle: Ist die Zeitmessung gueltig?,7882,21540
ZA6834_unknown,pre2701_rl,Parteien-Bias Tageszeitung: Response-Latency-Messung,4174,21540
ZA6834_unknown,pre2701_t,Parteien-Bias Tageszeitung: Ist die Zeitmessung gueltig?,4196,21540
ZA6834_unknown,pre3301_rl,Parteien-Bias TV-Nachrichten ARD: Response-Latency-Messung,4215,21540
ZA6834_unknown,pre3301_t,Parteien-Bias TV-Nachrichten ARD: Ist die Zeitmessung gueltig?,4243,21540
ZA6834_unknown,pre4805_rl,Gespraechspartner 1: Wahlentscheidung: Response-Latency-Messung,12966,21540
ZA6834_unknown,pre4805_t,Gespraechspartner 1: Wahlentscheidung: Ist die Zeitmessung gueltig?,15329,21540
ZA6834_unknown,pre4806_rl,Gespraechspartner 1: nicht gewaehlte Partei: Response-Latency-Messung,4811,21540
ZA6834_unknown,pre4806_t,Gespraechspartner 1: nicht gewaehlte Partei: Ist die Zeitmessung gueltig?,4835,21540
ZA6834_unknown,pre5005_rl,Gespraechspartner 2: Wahlentscheidung: Response-Latency-Messung,9560,21540
ZA6834_unknown,pre5005_t,Gespraechspartner 2: Wahlentscheidung: Ist die Zeitmessung gueltig?,9838,21540
ZA6834_unknown,pre5006_rl,Gespraechspartner 2: nicht gewaehlte Partei: Response-Latency-Messung,3979,21540
ZA6834_unknown,pre5006_t,Gespraechspartner 2: nicht gewaehlte Partei: Ist die Zeitmessung gueltig?,3991,21540
ZA6834_unknown,pre5701_rl,Geburtsjahr: Response-Latency-Messung,14897,21540
ZA6834_unknown,pre5701_t,Geburtsjahr: Ist die Zeitmessung gueltig?,15532,21540
ZA6834_unknown,pre5703_rl,Schulabschluss: Response-Latency-Messung,14888,21540
ZA6834_unknown,pre5703_t,Schulabschluss: Ist die Zeitmessung gueltig?,15532,21540
ZA6834_unknown,pre5725_rl,Gewerkschaftsmitgliedschaft: Response-Latency-Messung,14871,21540
ZA6834_unknown,pre5725_t,Gewerkschaftsmitgliedschaft: Ist die Zeitmessung gueltig?,15532,21540
ZA6834_unknown,pre5726_rl,Parteiidentifikation: Response-Latency-Messung,20833,21540
ZA6834_unknown,pre5726_t,Parteiidentifikation: Ist die Zeitmessung gueltig?,21540,21540
ZA6834_unknown,pos0201,Interessantheit Wahlkampf,13514,21540
ZA6834_unknown,pos0301,Recall BTW 2017: Wahlbeteiligung,13612,21540
ZA6834_unknown,pos0302,Recall BTW 2017: Briefwahl,4144,21540
ZA6834_unknown,pos0303a,Recall Erststimme (Version A),11996,21540
ZA6834_unknown,pos0303b,Recall Erststimme (Version B),11996,21540
ZA6834_unknown,pos0304a,Recall Zweitstimme (Version A),12146,21540
ZA6834_unknown,pos0304b,Recall Zweitstimme (Version B),12146,21540
ZA6834_unknown,pos0305,Recall BTW 2017: Zeitpunkt der Wahlentscheidung (Waehler),13018,21540
ZA6834_unknown,pos0306,Recall BTW 2017: Schwierigkeit der Wahlentscheidung (Waehler),13002,21540
ZA6834_unknown,pos0307,Recall BTW 2017: Guete der Wahlentscheidung,3786,21540
ZA6834_unknown,pos0308,Recall BTW 2017: Protest Wahlentscheidung,4085,21540
ZA6834_unknown,pos0309,Recall BTW 2017: Zeitpunkt der Wahlentscheidung (Nichtwaehler),584,21540
ZA6834_unknown,pos0310,Recall BTW 2017: Schwierigkeit der Wahlentscheidung (Nichtwaehler),579,21540
ZA6834_unknown,pos0311,Recall BTW 2017: Guete der Entscheidung zur Nichtwahl,84,21540
ZA6834_unknown,pos0312,Recall BTW 2017: Protest Nichtwahl,78,21540
ZA6834_unknown,pos0313a,Moegliche andere Partei (Version A),5728,21540
ZA6834_unknown,pos0313b,Moegliche andere Partei (Version B),5728,21540
ZA6834_unknown,pos0401_1,Koalitionspraeferenz (Nachwahl): CDU/CSU,13624,21540
ZA6834_unknown,pos0401_2,Koalitionspraeferenz (Nachwahl): SPD,13624,21540
ZA6834_unknown,pos0401_3,Koalitionspraeferenz (Nachwahl): LINKE,13624,21540
ZA6834_unknown,pos0401_4,Koalitionspraeferenz (Nachwahl): GRUENE,13624,21540
ZA6834_unknown,pos0401_5,Koalitionspraeferenz (Nachwahl): FDP,13624,21540
ZA6834_unknown,pos0401_6,Koalitionspraeferenz (Nachwahl): AfD,9597,21540
ZA6834_unknown,pos0401_7,Koalitionspraeferenz (Nachwahl): PIRATEN,9597,21540
ZA6834_unknown,pos0401_8,Koalitionspraeferenz (Nachwahl): andere Partei,13624,21540
ZA6834_unknown,pos0401_9,Koalitionspraeferenz (Nachwahl): weiss nicht,13624,21540
ZA6834_unknown,pos0401_10,Koalitionspraeferenz (Nachwahl): keine Angabe,13624,21540
ZA6834_unknown,pos0501,Wichtigstes Problem,9174,21540
ZA6834_unknown,pos0501c1,Wichtigstes Problem (codiert): 1. Nennung,13083,21540
ZA6834_unknown,pos0501c2,Wichtigstes Problem (codiert): 2. Nennung,1131,21540
ZA6834_unknown,pos0501c3,Wichtigstes Problem (codiert): 3. Nennung,174,21540
ZA6834_unknown,pos0501c4,Wichtigstes Problem (codiert): 4. Nennung,51,21540
ZA6834_unknown,pos0501c5,Wichtigstes Problem (codiert): 5. Nennung,13,21540
ZA6834_unknown,pos0502a,Loesungskompetenz Wichtigstes Problem (Version A),12230,21540
ZA6834_unknown,pos0502b,Loesungskompetenz Wichtigstes Problem (Version B),8599,21540
ZA6834_unknown,pos0601,Zweitwichtigstes Problem,8650,21540
ZA6834_unknown,pos0601c1,Zweitwichtigstes Problem (codiert): 1. Nennung,12403,21540
ZA6834_unknown,pos0601c2,Zweitwichtigstes Problem (codiert): 2. Nennung,1012,21540
ZA6834_unknown,pos0601c3,Zweitwichtigstes Problem (codiert): 3. Nennung,124,21540
ZA6834_unknown,pos0601c4,Zweitwichtigstes Problem (codiert): 4. Nennung,26,21540
ZA6834_unknown,pos0601c5,Zweitwichtigstes Problem (codiert): 5. Nennung,2,21540
ZA6834_unknown,pos0602a,Loesungskompetenz Zweitwichtigstes Problem (Version A),11608,21540
ZA6834_unknown,pos0602b,Loesungskompetenz Zweitwichtigstes Problem (Version B),8122,21540
ZA6834_unknown,pos0701,Links-Rechts-Selbsteinstufung,13348,21540
ZA6834_unknown,pos0801,Demokratiezufriedenheit,4233,21540
ZA6834_unknown,pos0901,Positionsissue Zuwanderung: Ego,4122,21540
ZA6834_unknown,pos0902a,Positionsissue Steuern und Abgaben: CDU,7062,21540
ZA6834_unknown,pos0902b,Positionsissue Steuern und Abgaben: CSU,6750,21540
ZA6834_unknown,pos0902c,Positionsissue Steuern und Abgaben: SPD,7042,21540
ZA6834_unknown,pos0902d,Positionsissue Steuern und Abgaben: DIE LINKE,6576,21540
ZA6834_unknown,pos0902e,Positionsissue Steuern und Abgaben: GRUENE,6785,21540
ZA6834_unknown,pos0902f,Positionsissue Steuern und Abgaben: FDP,6629,21540
ZA6834_unknown,pos0903,Positionsissue Steuern und Abgaben: Ego,9062,21540
ZA6834_unknown,pos0903a,Positionsissue Steuern und Abgaben (Split=1): Ego,1961,21540
ZA6834_unknown,pos0903b,Positionsissue Steuern und Abgaben (Split=2): Ego,1965,21540
ZA6834_unknown,pos0904a,Positionsissue Kernkraft (Split=2): CDU,1922,21540
ZA6834_unknown,pos0904b,Positionsissue Kernkraft (Split=2): CSU,1802,21540
ZA6834_unknown,pos0904c,Positionsissue Kernkraft (Split=2): SPD,1893,21540
ZA6834_unknown,pos0904d,Positionsissue Kernkraft (Split=2): DIE LINKE,1586,21540
ZA6834_unknown,pos0904e,Positionsissue Kernkraft (Split=2): GRUENE,1952,21540
ZA6834_unknown,pos0904f,Positionsissue Kernkraft (Split=2): FDP,1834,21540
ZA6834_unknown,pos0906,Splitkennung Positionsissues,4027,21540
ZA6834_unknown,pos0907,"Afghanistan, Position Ego",3996,21540
ZA6834_unknown,pos0908,"Afghanistan, nahestehende Partei",3336,21540
ZA6834_unknown,pos0905,Positionsissue Kernkraft: Ego,3986,21540
ZA6834_unknown,pos0905a,Positionsissue Kernkraft (Split=1): Ego,2011,21540
ZA6834_unknown,pos0905b,Positionsissue Kernkraft (Split=2): Ego,1975,21540
ZA6834_unknown,pos1001a_1,Issuebatterie: Einwanderer an deutsche Kultur anpassen (2017),4217,21540
ZA6834_unknown,pos1001a_2,Issuebatterie: Einwanderer an deutsche Kultur anpassen (2013),5318,21540
ZA6834_unknown,pos1001b_1,Issuebatterie: Einkommensunterschiede verringern (2017),4217,21540
ZA6834_unknown,pos1001b_2,Issuebatterie: Einkommensunterschiede verringern (2013),5316,21540
ZA6834_unknown,pos1001c_1,Issuebatterie: EU-Mitgliedsstaaten finanziell unterstuetzen (2017),4214,21540
ZA6834_unknown,pos1001c_2,Issuebatterie: EU-Mitgliedsstaaten finanziell unterstuetzen (2013),5326,21540
ZA6834_unknown,pos1001d_1,Issuebatterie: Die Politiker reden zu viel und machen zu wenig (2017),4213,21540
ZA6834_unknown,pos1001d_2,Issuebatterie: Die Politiker reden zu viel und machen zu wenig (2013),5270,21540
ZA6834_unknown,pos1001e,Issuebatterie: Unterschied Regierung Berlin,4189,21540
ZA6834_unknown,pos1001f,Issuebatterie: Politiker interessieren sich nicht fuer Buerger,4211,21540
ZA6834_unknown,pos1001g,Issuebatterie: Diktatur unter Umstaenden besser,4214,21540
ZA6834_unknown,pos1001h,"Issuebatterie: Regieren sollte jemand, der ueber Parteiengezaenk steht",9287,21540
ZA6834_unknown,pos1101,"Eigene wirtschaftliche Lage, aktuell",13604,21540
ZA6834_unknown,pos1102,"Eigene wirtschaftliche Lage, retrospektiv",4018,21540
ZA6834_unknown,pos1103,Verantwortlichkeit eigene wirtschaftliche Lage,3997,21540
ZA6834_unknown,pos1104,"Allgemeine wirtschaftliche Lage, aktuell",13549,21540
ZA6834_unknown,pos1105,"Eigene wirtschaftliche Lage, prospektiv",8187,21540
ZA6834_unknown,pos1106,"Allgemeine wirtschaftliche Lage, retrospektiv",13483,21540
ZA6834_unknown,pos1107,Verantwortlichkeit allgemeine wirtschaftliche Lage,13392,21540
ZA6834_unknown,pos1108,"Allgemeine wirtschaftliche Lage, prospektiv",13349,21540
ZA6834_unknown,pos1201,Angst europaeische Schuldenkrise,5335,21540
ZA6834_unknown,pos1202,Angst Wirtschaftskrise,4023,21540
ZA6834_unknown,pos1301a,Eigenschaften Kanzlerkandidaten: Merkel: durchsetzungsfaehig/fuehrungsstark,4009,21540
ZA6834_unknown,pos1301b,Eigenschaften Kanzlerkandidaten: Merkel: vertrauenswuerdig,4007,21540
ZA6834_unknown,pos1301c,Eigenschaften Kanzlerkandidaten: Merkel: sympathisch,3948,21540
ZA6834_unknown,pos1301d,Eigenschaften Kanzlerkandidaten: Merkel: Bewaeltigung Wirtschaftskrise,3961,21540
ZA6834_unknown,pos1302a,Eigenschaften Kanzlerkandidaten: Steinmeier: durchsetzungsfaehig/fuehrungsstark,3920,21540
ZA6834_unknown,pos1302b,Eigenschaften Kanzlerkandidaten: Steinmeier: vertrauenswuerdig,3937,21540
ZA6834_unknown,pos1302c,Eigenschaften Kanzlerkandidaten: Steinmeier: sympathisch,3908,21540
ZA6834_unknown,pos1302d,Eigenschaften Kanzlerkandidaten: Steinmeier: Bewaeltigung Wirtschaftskrise,3862,21540
ZA6834_unknown,pos1401a,Skalometer Parteien: CDU,13539,21540
ZA6834_unknown,pos1401b,Skalometer Parteien: CSU,13411,21540
ZA6834_unknown,pos1401c,Skalometer Parteien: SPD,13533,21540
ZA6834_unknown,pos1401d,Skalometer Parteien: LINKE,13476,21540
ZA6834_unknown,pos1401e,Skalometer Parteien: GRUENE,13522,21540
ZA6834_unknown,pos1401f,Skalometer Parteien: FDP,13468,21540
ZA6834_unknown,pos1401g,Skalometer Parteien: AfD,9164,21540
ZA6834_unknown,pos1401h,Skalometer Parteien: Piratenpartei,5102,21540
ZA6834_unknown,pos1501a,Skalometer Politiker: Merkel,13567,21540
ZA6834_unknown,pos1501b,Skalometer Politiker: Karl-Theodor zu Guttenberg,3853,21540
ZA6834_unknown,pos1501c,Skalometer Politiker: Schulz,13530,21540
ZA6834_unknown,pos1501d,Skalometer Politiker: Wagenknecht,13381,21540
ZA6834_unknown,pos1501e,Skalometer Politiker: Oezdemir,13376,21540
ZA6834_unknown,pos1501f,Skalometer Politiker: Lindner,13285,21540
ZA6834_unknown,pos1501g,Skalometer Politiker: Petry,4145,21540
ZA6834_unknown,pos1601,Aufmerksamkeit Wahlkampf,13605,21540
ZA6834_unknown,pos1701,Wahlkampf hilfreich,8825,21540
ZA6834_unknown,pos1801,Meinung ueber Parteien und Politik: Parteiunterschiede,3914,21540
ZA6834_unknown,pos1901_1,Wahlkampf: Wahlveranstaltungen: CDU/CSU,13624,21540
ZA6834_unknown,pos1901_2,Wahlkampf: Wahlveranstaltungen: CDU,9597,21540
ZA6834_unknown,pos1901_3,Wahlkampf: Wahlveranstaltungen: CSU,9597,21540
ZA6834_unknown,pos1901_4,Wahlkampf: Wahlveranstaltungen: SPD,13624,21540
ZA6834_unknown,pos1901_5,Wahlkampf: Wahlveranstaltungen: LINKE,13624,21540
ZA6834_unknown,pos1901_6,Wahlkampf: Wahlveranstaltungen: GRUENE,13624,21540
ZA6834_unknown,pos1901_7,Wahlkampf: Wahlveranstaltungen: FDP,13624,21540
ZA6834_unknown,pos1901_8,Wahlkampf: Wahlveranstaltungen: AfD,9597,21540
ZA6834_unknown,pos1901_9,Wahlkampf: Wahlveranstaltungen: PIRATEN,9597,21540
ZA6834_unknown,pos1901_10,Wahlkampf: Wahlveranstaltungen: NPD/DVU,9597,21540
ZA6834_unknown,pos1901_11,Wahlkampf: Wahlveranstaltungen: andere Partei(en),13624,21540
ZA6834_unknown,pos1901_12,Wahlkampf: Wahlveranstaltungen: habe keine Wahlveranstaltungen besucht,13624,21540
ZA6834_unknown,pos1901_13,Wahlkampf: Wahlveranstaltungen: weiss nicht,13624,21540
ZA6834_unknown,pos1901_14,Wahlkampf: Wahlveranstaltungen: keine Angabe,13624,21540
ZA6834_unknown,pos2001_1,Wahlkampfkontakte: Direkter Kontakt: CDU/CSU,13624,21540
ZA6834_unknown,pos2001_2,Wahlkampfkontakte: Direkter Kontakt: CDU,9597,21540
ZA6834_unknown,pos2001_3,Wahlkampfkontakte: Direkter Kontakt: CSU,9597,21540
ZA6834_unknown,pos2001_4,Wahlkampfkontakte: Direkter Kontakt: SPD,13624,21540
ZA6834_unknown,pos2001_5,Wahlkampfkontakte: Direkter Kontakt: LINKE,13624,21540
ZA6834_unknown,pos2001_6,Wahlkampfkontakte: Direkter Kontakt: GRUENE,13624,21540
ZA6834_unknown,pos2001_7,Wahlkampfkontakte: Direkter Kontakt: FDP,13624,21540
ZA6834_unknown,pos2001_8,Wahlkampfkontakte: Direkter Kontakt: AfD,9597,21540
ZA6834_unknown,pos2001_9,Wahlkampfkontakte: Direkter Kontakt: PIRATEN,9597,21540
ZA6834_unknown,pos2001_10,Wahlkampfkontakte: Direkter Kontakt: NPD/DVU,9597,21540
ZA6834_unknown,pos2001_11,Wahlkampfkontakte: Direkter Kontakt: andere Partei(en),13624,21540
ZA6834_unknown,pos2001_12,Wahlkampfkontakte: Direkter Kontakt: mit niemandem von einer Partei gesprochen,13624,21540
ZA6834_unknown,pos2001_13,Wahlkampfkontakte: Direkter Kontakt: weiss nicht,13624,21540
ZA6834_unknown,pos2001_14,Wahlkampfkontakte: Direkter Kontakt: keine Angabe,13624,21540
ZA6834_unknown,pos2101_1,"Wahlkampfkontakte: Parteienwerbung in Presse, TV, Radio: CDU/CSU",13624,21540
ZA6834_unknown,pos2101_2,"Wahlkampfkontakte:  Parteienwerbung in Presse, TV, Radio: CDU",9597,21540
ZA6834_unknown,pos2101_3,"Wahlkampfkontakte: Parteienwerbung in Presse, TV, Radio: CSU",9597,21540
ZA6834_unknown,pos2101_4,"Wahlkampfkontakte: Parteienwerbung in Presse, TV, Radio: SPD",13624,21540
ZA6834_unknown,pos2101_5,"Wahlkampfkontakte: Parteienwerbung in Presse, TV, Radio: LINKE",13624,21540
ZA6834_unknown,pos2101_6,"Wahlkampfkontakte: Parteienwerbung in Presse, TV, Radio: GRUENE",13624,21540
ZA6834_unknown,pos2101_7,"Wahlkampfkontakte: Parteienwerbung in Presse, TV, Radio: FDP",13624,21540
ZA6834_unknown,pos2101_8,"Wahlkampfkontakte: Parteienwerbung in Presse, TV, Radio: AfD",9597,21540
ZA6834_unknown,pos2101_9,"Wahlkampfkontakte: Parteienwerbung in Presse, TV, Radio: PIRATEN",9597,21540
ZA6834_unknown,pos2101_10,"Wahlkampfkontakte: Parteienwerbung in Presse, TV, Radio: NPD/DVU",9597,21540
ZA6834_unknown,pos2101_11,"Wahlkampfkontakte: Parteienwerbung in Presse, TV, Radio: andere Partei(en)",13624,21540
ZA6834_unknown,pos2101_12,"Wahlkampfkontakte: keine Parteienwerbung in Presse, TV, Radio gesehen/gehoert",13624,21540
ZA6834_unknown,pos2101_13,"Wahlkampfkontakte: Parteienwerbung in Presse, TV, Radio: weiss nicht",13624,21540
ZA6834_unknown,pos2101_14,"Wahlkampfkontakte: Parteienwerbung in Presse, TV, Radio: keine Angabe",13624,21540
ZA6834_unknown,pos2201_1,Wahlkampfkontakte: Parteienwerbung Online: CDU/CSU,4244,21540
ZA6834_unknown,pos2201_2,Wahlkampfkontakte: Parteienwerbung Online: CDU,4244,21540
ZA6834_unknown,pos2201_3,Wahlkampfkontakte: Parteienwerbung Online: CSU,4244,21540
ZA6834_unknown,pos2201_4,Wahlkampfkontakte: Parteienwerbung Online: SPD,4244,21540
ZA6834_unknown,pos2201_5,Wahlkampfkontakte: Parteienwerbung Online: LINKE,4244,21540
ZA6834_unknown,pos2201_6,Wahlkampfkontakte: Parteienwerbung Online: GRUENE,4244,21540
ZA6834_unknown,pos2201_7,Wahlkampfkontakte: Parteienwerbung Online: FDP,4244,21540
ZA6834_unknown,pos2201_8,Wahlkampfkontakte: Parteienwerbung Online: AfD,4244,21540
ZA6834_unknown,pos2201_9,Wahlkampfkontakte: Parteienwerbung Online: PIRATEN,4244,21540
ZA6834_unknown,pos2201_10,Wahlkampfkontakte: Parteienwerbung Online: NPD/DVU,4244,21540
ZA6834_unknown,pos2201_11,Wahlkampfkontakte: Parteienwerbung Online: andere Partei(en),4244,21540
ZA6834_unknown,pos2201_12,Wahlkampfkontakte: Parteienwerbung Online: keine Werbung erhalten,4244,21540
ZA6834_unknown,pos2201_13,Wahlkampfkontakte: Parteienwerbung Online: weiss nicht,4244,21540
ZA6834_unknown,pos2201_14,Wahlkampfkontakte: Parteienwerbung Online: keine Angabe,4244,21540
ZA6834_unknown,pos2301_1,Wahlkampfkontakte: Informationsmaterial: CDU/CSU,13624,21540
ZA6834_unknown,pos2301_2,Wahlkampfkontakte: Informationsmaterial: CDU,9597,21540
ZA6834_unknown,pos2301_3,Wahlkampfkontakte: Informationsmaterial: CSU,9597,21540
ZA6834_unknown,pos2301_4,Wahlkampfkontakte: Informationsmaterial: SPD,13624,21540
ZA6834_unknown,pos2301_5,Wahlkampfkontakte: Informationsmaterial: LINKE,13624,21540
ZA6834_unknown,pos2301_6,Wahlkampfkontakte: Informationsmaterial: GRUENE,13624,21540
ZA6834_unknown,pos2301_7,Wahlkampfkontakte: Informationsmaterial: FDP,13624,21540
ZA6834_unknown,pos2301_8,Wahlkampfkontakte: Informationsmaterial: AfD,9597,21540
ZA6834_unknown,pos2301_9,Wahlkampfkontakte: Informationsmaterial: PIRATEN,9597,21540
ZA6834_unknown,pos2301_10,Wahlkampfkontakte: Informationsmaterial: NPD/DVU,9597,21540
ZA6834_unknown,pos2301_11,Wahlkampfkontakte: Informationsmaterial: andere Partei(en),13624,21540
ZA6834_unknown,pos2301_12,Wahlkampfkontakte: Informationsmaterial: kein Informationsmaterial gelesen,13624,21540
ZA6834_unknown,pos2301_13,Wahlkampfkontakte: Informationsmaterial: weiss nicht,13624,21540
ZA6834_unknown,pos2301_14,Wahlkampfkontakte: Informationsmaterial: keine Angabe,13624,21540
ZA6834_unknown,pos2401_1,Wahlkampfkontakte: Partei- und Kandidatenwebsites: CDU/CSU,13624,21540
ZA6834_unknown,pos2401_2,Wahlkampfkontakte: Partei- und Kandidatenwebsites: CDU,9597,21540
ZA6834_unknown,pos2401_3,Wahlkampfkontakte: Partei- und Kandidatenwebsites: CSU,9597,21540
ZA6834_unknown,pos2401_4,Wahlkampfkontakte: Partei- und Kandidatenwebsites: SPD,13624,21540
ZA6834_unknown,pos2401_5,Wahlkampfkontakte: Partei- und Kandidatenwebsites: LINKE,13624,21540
ZA6834_unknown,pos2401_6,Wahlkampfkontakte: Partei- und Kandidatenwebsites: GRUENE,13624,21540
ZA6834_unknown,pos2401_7,Wahlkampfkontakte: Partei- und Kandidatenwebsites: FDP,13624,21540
ZA6834_unknown,pos2401_8,Wahlkampfkontakte: Partei- und Kandidatenwebsites: AfD,9597,21540
ZA6834_unknown,pos2401_9,Wahlkampfkontakte: Partei- und Kandidatenwebsites: PIRATEN,9597,21540
ZA6834_unknown,pos2401_10,Wahlkampfkontakte: Partei- und Kandidatenwebsites: NPD/DVU,9597,21540
ZA6834_unknown,pos2401_11,Wahlkampfkontakte: Partei- und Kandidatenwebsites: andere Partei(en),13624,21540
ZA6834_unknown,pos2401_12,Wahlkampfkontakte: Partei- und Kandidatenwebsites: keine Onlineangebote genutzt,13624,21540
ZA6834_unknown,pos2401_13,Wahlkampfkontakte: Partei- und Kandidatenwebsites: weiss nicht,13624,21540
ZA6834_unknown,pos2401_14,Wahlkampfkontakte: Partei- und Kandidatenwebsites: keine Angabe,13624,21540
ZA6834_unknown,pos2501,Wahlkampfkontakte: Partei im Wahlkampf unterstuetzt,5294,21540
ZA6834_unknown,pos2501c1,Wahlkampfkontakte: Partei im Wahlkampf unterstuetzt (codiert),3,21540
ZA6834_unknown,pos2501a,Wahlkampfkontakte: Partei im Wahlkampf unterstuetzt (Version A),5290,21540
ZA6834_unknown,pos2501b,Wahlkampfkontakte: Partei im Wahlkampf unterstuetzt (Version B),5290,21540
ZA6834_unknown,pos2601,TV-Duell: Rezeption,13601,21540
ZA6834_unknown,pos2602,TV-Duell: Aufmerksamkeit,8928,21540
ZA6834_unknown,pos2603,TV-Duell: Bewertung Merkel,10853,21540
ZA6834_unknown,pos2604,TV-Duell: Bewertung Schulz,10814,21540
ZA6834_unknown,pos2605,Rezeption TV Total Bundestagswahl 2009,3961,21540
ZA6834_unknown,pos2701,Gespraeche ueber Politik (aktuell),13424,21540
ZA6834_unknown,pos2801,Gespraechspartner 1: Beziehung,13454,21540
ZA6834_unknown,pos2802,Gespraechspartner 1: Verstaendnis von Politik,12430,21540
ZA6834_unknown,pos2803,Gespraechspartner 1: Meinungsverschiedenheiten,12414,21540
ZA6834_unknown,pos2804_n1,Gespraechspartner 1: Wahlentscheidung,9467,21540
ZA6834_unknown,pos2804_n2,Gespraechspartner 1: Wahlentscheidung: 2. Nennung,155,21540
ZA6834_unknown,pos2804_n3,Gespraechspartner 1: Wahlentscheidung: 3. Nennung,4,21540
ZA6834_unknown,pos2901,Gespraechspartner 2: Beziehung,3702,21540
ZA6834_unknown,pos2902,Gespraechspartner 2: Verstaendnis von Politik,3197,21540
ZA6834_unknown,pos2903,Gespraechspartner 2: Meinungsverschiedenheiten,3208,21540
ZA6834_unknown,pos2904,Gespraechspartner 2: Wahlentscheidung,2359,21540
ZA6834_unknown,pos3001,Media Reliance,13449,21540
ZA6834_unknown,pos3101a,Itembatterie: Politischen Informationen aus Zeitung und Fernsehen vertrauen,4220,21540
ZA6834_unknown,pos3101b,Itembatterie: Gleiche Praesentationschancen im Wahlkampf,4175,21540
ZA6834_unknown,pos3101c,Itembatterie: Korrekte und faire Durchfuehrung der Bundestagswahl,4132,21540
ZA6834_unknown,pos3101d,Itembatterie: Erhalte viel weniger als meinen gerechten Anteil,4117,21540
ZA6834_unknown,pos3101e,Itembatterie: Unuebersichtlichkeit der Welt fuehrt zu Zukunftsangst,4203,21540
ZA6834_unknown,pos3101f,"Itembatterie: Situation einfacher Leute wird nicht besser, sondern schlechter",4171,21540
ZA6834_unknown,pos3201a,ANES-Autoritarismus: Unabhaengigkeit oder Achtung vor aelteren Menschen?,3885,21540
ZA6834_unknown,pos3201b,ANES-Autoritarismus: Neugier oder Gutes Benehmen?,3943,21540
ZA6834_unknown,pos3201c,ANES-Autoritarismus: Gehorsam oder Eigenstaendigkeit?,4013,21540
ZA6834_unknown,pos3201d,ANES-Autoritarismus: Ruecksichtsvoll oder wohlerzogen?,4026,21540
ZA6834_unknown,pos3301a,Need-Batterie: Ich bilde mir zu allem eine Meinung,13539,21540
ZA6834_unknown,pos3301b,Need-Batterie: Wenig Befriedigung durch angestrengtes Nachdenken,13367,21540
ZA6834_unknown,pos3301c,Need-Batterie: Schnelles u. sicheres Treffen von Entscheidungen,13514,21540
ZA6834_unknown,pos3301d,Need-Batterie: Unwohlsein bei politischen Streitgespraechen,9260,21540
ZA6834_unknown,pos3301e,Need-Batterie: Angst vor Nachteilen bei politischer Meinungsauesserung,9294,21540
ZA6834_unknown,pos3301f,Need-Batterie: gewuenschtes Wissen ueber Parteiprogramme,4013,21540
ZA6834_unknown,pos3401a,Wahlmotiv: Wahlentscheidung richtungsweisend fuer Problemfelder,9465,21540
ZA6834_unknown,pos3401b,Wahlmotiv: Ausdruck des eigenen politischen Standpunkts,9470,21540
ZA6834_unknown,pos3401c,Wahlmotiv: Beeinflussung der Kanzlerfrage,9463,21540
ZA6834_unknown,pos3401d,"Wahlmotiv: Ich mag es, wenn andere wissen, wofuer ich mit meiner Wahl eintrete",9412,21540
ZA6834_unknown,pos3401e,Wahlmotiv: Beeinflussung der Regierungskoalition,9421,21540
ZA6834_unknown,pos3401f,Wahlmotiv: Ausdruck der eigenen Persoenlichkeit & Steigerung Selbstwertgefuehl,4215,21540
ZA6834_unknown,pos3401g,Wahlmotiv: Unterstuetzung einer best. Weltanschauung,4212,21540
ZA6834_unknown,pos3501a,Parteiidentifikation (Version A),13133,21540
ZA6834_unknown,pos3501b,Parteiidentifikation (Version B),9270,21540
ZA6834_unknown,pos3502,Staerke Parteiidentifikation,10093,21540
ZA6834_unknown,pos3503,Arbeitslosigkeit,4023,21540
ZA6834_unknown,pos3504,Dauer der Arbeitslosigkeit,197,21540
ZA6834_unknown,pos3505,Arbeitsplatz gefaehrdet,3734,21540
ZA6834_unknown,pos0303_rl,Recall BTW 2009: Erststimme: Response-Latency-Messung,3789,21540
ZA6834_unknown,pos0303_t,Recall BTW 2009: Erststimme: Ist die Zeitmessung gueltig?,3790,21540
ZA6834_unknown,pos0304_rl,Recall BTW 2009: Zweitstimme: Response-Latency-Messung,3783,21540
ZA6834_unknown,pos0304_t,Recall BTW 2009: Zweitstimme: Ist die Zeitmessung gueltig?,3784,21540
ZA6834_unknown,pos0305_rl,Recall BTW 2009: Zeitpunkt der W. (Waehler): Response-Latency-Messung,3783,21540
ZA6834_unknown,pos0305_t,Recall BTW 2009: Zeitpunkt der W. (Waehler): Ist die Zeitmessung gueltig?,3784,21540
ZA6834_unknown,pos0701_rl,Links-Rechts-Selbsteinstufung: Response-Latency-Messung,8262,21540
ZA6834_unknown,pos0701_t,Links-Rechts-Selbsteinstufung: Ist die Zeitmessung gueltig?,9597,21540
ZA6834_unknown,pos3501_rl,Parteiidentifikation: Response-Latency-Messung,12283,21540
ZA6834_unknown,pos3501_t,Parteiidentifikation: Ist die Zeitmessung gueltig?,13624,21540
ZA8974_allbus,za_nr,Studiennummer,29117,29117
ZA8974_allbus,version,Datensatzversion,0,29117
ZA8974_allbus,doi,Digital Object Identifier,0,29117
ZA8974_allbus,respid,Identifikationsnummer des/der Befragten,29117,29117
ZA8974_allbus,sample,Stichprobe,29117,29117
ZA8974_allbus,mode,Erhebungsmodus,29117,29117
ZA8974_allbus,intmonth,Erhebungsmonat,29117,29117
ZA8974_allbus,intweek,Erhebungswoche,29117,29117
ZA8974_allbus,pwght,Faktor Repräsentativgewicht,29117,29117
ZA8974_allbus,dwght,Faktor Gesamtgewicht,29117,29117
ZA8974_allbus,v1,Bundesland,29116,29117
ZA8974_allbus,v2,Erhebungsgebiet,29116,29117
ZA8974_allbus,v3,Geschätzte Einwohnerzahl des Wohnorts,28614,29117
ZA8974_allbus,v4,BRD: Wichtigstes Problem,22742,29117
ZA8974_allbus,v5,BRD: Zweitwichtigstes Problem,21125,29117
ZA8974_allbus,v6,Wahlbereitschaft Bundestagswahl,28768,29117
ZA8974_allbus,v7,Wahlabsicht Bundestagswahl (Sonntagsfrage),24934,29117
ZA8974_allbus,v8,"Vorstellbar, SPD zu wählen",2519,29117
ZA8974_allbus,v9,"Vorstellbar, CDU/CSU zu wählen",2131,29117
ZA8974_allbus,v10,"Vorstellbar, die Grünen zu wählen",2402,29117
ZA8974_allbus,v11,"Vorstellbar, FDP zu wählen",2877,29117
ZA8974_allbus,v12,"Vorstellbar, AfD zu wählen",2684,29117
ZA8974_allbus,v13,"Vorstellbar, die Linke zu wählen",2866,29117
ZA8974_allbus,v14,"Vorstellbar, BSW zu wählen",2741,29117
ZA8974_allbus,v15,Wahlrückerinnerung Bundestagswahl 2021,26477,29117
ZA8974_allbus,v16_1,Koalitionswunsch: SPD,17611,29117
ZA8974_allbus,v16_2,Koalitionswunsch: CDU/CSU,17611,29117
ZA8974_allbus,v16_3,Koalitionswunsch: Grüne,17611,29117
ZA8974_allbus,v16_4,Koalitionswunsch: FDP,17611,29117
ZA8974_allbus,v16_5,Koalitionswunsch: AfD,17611,29117
ZA8974_allbus,v16_6,Koalitionswunsch: Linke,17611,29117
ZA8974_allbus,v16_7,Koalitionswunsch: Freie Wähler,17611,29117
ZA8974_allbus,v16_8,Koalitionswunsch: BSW,16485,29117
ZA8974_allbus,v16_9,Koalitionswunsch: Andere,17611,29117
ZA8974_allbus,v17_1,"Koalition: SPD (Führung), Grüne und FDP",4486,29117
ZA8974_allbus,v17_2,Koalition: SPD (Führung) und CDU/CSU,2909,29117
ZA8974_allbus,v17_3,Koalition: SPD und CDU/CSU (Führung),4460,29117
ZA8974_allbus,v17_4,Koalition: CDU/CSU (Führung) und Grüne,4470,29117
ZA8974_allbus,v17_5,"Koalition: CDU/CSU (Führung), Grüne, FDP",1453,29117
ZA8974_allbus,v17_6,Koalition: CDU/CSU (Führung) und AfD,4499,29117
ZA8974_allbus,v18_1,Skalometer: Was halten Sie von der SPD?,28837,29117
ZA8974_allbus,v18_2,Skalometer: Was halten Sie von der CDU?,28825,29117
ZA8974_allbus,v18_3,Skalometer: Was halten Sie von der CSU?,27909,29117
ZA8974_allbus,v18_4,Skalometer: Was halten Sie von den Grünen?,28830,29117
ZA8974_allbus,v18_5,Skalometer: Was halten Sie von der FDP?,28705,29117
ZA8974_allbus,v18_6,Skalometer: Was halten Sie von der AfD?,28754,29117
ZA8974_allbus,v18_7,Skalometer: Was halten Sie von der Linken?,28525,29117
ZA8974_allbus,v18_8,Skalometer: Was halten Sie von dem BSW?,16160,29117
ZA8974_allbus,v19_1,Skalometer: Zufriedenheit mit der Bundesregierung,24062,29117
ZA8974_allbus,v19_2,Skalometer: Zufriedenheit mit der SPD in der Regierung,23736,29117
ZA8974_allbus,v19_3,Skalometer: Zufriedenheit mit den Grünen in der Regierung,23809,29117
ZA8974_allbus,v19_4,Skalometer: Zufriedenheit mit der FDP in der Regierung,23716,29117
ZA8974_allbus,v20_1,"Wichtiger Politiker: Aiwanger, Hubert",6346,29117
ZA8974_allbus,v20_2,"Wichtige Politikerin: Baerbock, Annalena",6346,29117
ZA8974_allbus,v20_3,"Wichtiger Politiker: Buschmann, Marco",5338,29117
ZA8974_allbus,v20_4,"Wichtige Politiker: Chrupalla, Tino",6346,29117
ZA8974_allbus,v20_5,"Wichtige Politikerin: Esken, Saskia",6346,29117
ZA8974_allbus,v20_6,"Wichtige Politikerin: Faeser, Nancy",6346,29117
ZA8974_allbus,v20_7,"Wichtiger Politiker: Gysi, Gregor",6346,29117
ZA8974_allbus,v20_8,"Wichtiger Politiker: Habeck, Robert",6346,29117
ZA8974_allbus,v20_9,"Wichtiger Politiker: Heil, Hubertus",6346,29117
ZA8974_allbus,v20_10,"Wichtiger Politiker: Höcke, Björn",6346,29117
ZA8974_allbus,v20_11,"Wichtiger Politiker: Klingbeil, Lars",6346,29117
ZA8974_allbus,v20_12,"Wichtiger Politiker: Kretschmann, Winfried",6346,29117
ZA8974_allbus,v20_13,"Wichtiger Politiker: Kretschmer, Michael",6346,29117
ZA8974_allbus,v20_14,"Wichtiger Politiker: Kubicki, Wolfgang",6346,29117
ZA8974_allbus,v20_15,"Wichtiger Politiker: Lauterbach, Karl",6346,29117
ZA8974_allbus,v20_16,"Wichtiger Politiker: Lindner, Christian",6346,29117
ZA8974_allbus,v20_17,"Wichtiger Politiker: Merz, Friedrich",6346,29117
ZA8974_allbus,v20_18,"Wichtiger Politiker: Özdemir, Cem",6346,29117
ZA8974_allbus,v20_19,"Wichtige Politikerin: Paus, Lisa",4286,29117
ZA8974_allbus,v20_20,"Wichtiger Politiker: Pistorius, Boris",6346,29117
ZA8974_allbus,v20_21,"Wichtiger Politiker: Ramelow, Bodo",6346,29117
ZA8974_allbus,v20_22,"Wichtiger Politiker: Scholz, Olaf",6346,29117
ZA8974_allbus,v20_23,"Wichtiger Politiker: Söder, Markus",6346,29117
ZA8974_allbus,v20_24,"Wichtiger Politiker: Spahn, Jens",6346,29117
ZA8974_allbus,v20_25,"Wichtiger Politiker: Steinmeier, Frank-Walter",6346,29117
ZA8974_allbus,v20_26,"Wichtige Politikerin: Strack-Zimmermann, Marie-Agnes",6346,29117
ZA8974_allbus,v20_27,"Wichtige Politikerin: Von der Leyen, Ursula",4286,29117
ZA8974_allbus,v20_28,"Wichtige Politikerin: Wagenknecht, Sahra",6346,29117
ZA8974_allbus,v20_29,"Wichtige Politikerin: Weidel, Alice",6346,29117
ZA8974_allbus,v20_30,"Wichtiger Politiker: Wissing, Volker",6346,29117
ZA8974_allbus,v20_31,"Wichtiger Politiker: Wüst, Hendrik",6346,29117
ZA8974_allbus,v20_32,Wichtige Politikerin: Sonstige,6346,29117
ZA8974_allbus,v21_1,Skalometer: Was halten Sie von A. Baerbock?,27214,29117
ZA8974_allbus,v21_2,Skalometer: Was halten Sie von N. Faeser?,1436,29117
ZA8974_allbus,v21_3,Skalometer: Was halten Sie von R. Habeck?,26974,29117
ZA8974_allbus,v21_4,Skalometer: Was halten Sie von K. Lauterbach?,7385,29117
ZA8974_allbus,v21_5,Skalometer: Was halten Sie von C. Lindner?,26992,29117
ZA8974_allbus,v21_6,Skalometer: Was halten Sie von F. Merz?,26754,29117
ZA8974_allbus,v21_7,Skalometer: Was halten Sie von B. Pistorius?,25411,29117
ZA8974_allbus,v21_8,Skalometer: Was halten Sie von O. Scholz?,27337,29117
ZA8974_allbus,v21_9,Skalometer: Was halten Sie von M. Söder?,26874,29117
ZA8974_allbus,v21_10,Skalometer: Was halten Sie von S. Wagenknecht?,26654,29117
ZA8974_allbus,v21_11,Skalometer: Was halten Sie von A. Weidel?,25609,29117
ZA8974_allbus,v21_12,Skalometer: Was halten Sie von H. Wüst?,13107,29117
ZA8974_allbus,v21_13,Skalometer: Was halten Sie von F.-W. Steinmeier?,1491,29117
ZA8974_allbus,v22_1,Rangplatz Parteien: 1. Nennung,26419,29117
ZA8974_allbus,v22_2,Rangplatz Parteien: 2. Nennung,24701,29117
ZA8974_allbus,v22_3,Rangplatz Parteien: 3. Nennung,20439,29117
ZA8974_allbus,v23_1,Links-Rechts-Kontinuum: SPD,1396,29117
ZA8974_allbus,v23_2,Links-Rechts-Kontinuum: CDU,1402,29117
ZA8974_allbus,v23_3,Links-Rechts-Kontinuum: CSU,1382,29117
ZA8974_allbus,v23_4,Links-Rechts-Kontinuum: Grüne,1387,29117
ZA8974_allbus,v23_5,Links-Rechts-Kontinuum: FDP,1374,29117
ZA8974_allbus,v23_6,Links-Rechts-Kontinuum: AfD,1410,29117
ZA8974_allbus,v23_7,Links-Rechts-Kontinuum: Linke,1393,29117
ZA8974_allbus,v24,Bundeskanzler: Macht O. Scholz gute Arbeit?,27747,29117
ZA8974_allbus,v25,Bundeskanzler: Zeigt O. Scholz Führungsstärke?,1497,29117
ZA8974_allbus,v26,Bundeskanzler: Beurteilung O. Scholz in Ukraine-Krise,2909,29117
ZA8974_allbus,v27,Bundesregierung: Verhältnis der Regierungsparteien,2860,29117
ZA8974_allbus,v28,Bundesregierung: Welche Partei verursacht die schlechte Stimmung?,1262,29117
ZA8974_allbus,v29,Bundesregierung: Setzt SPD Vorstellungen durch?,1468,29117
ZA8974_allbus,v30,Bundesregierung: Setzen Grüne Vorstellungen durch?,1496,29117
ZA8974_allbus,v31,Bundesregierung: Setzt FDP Vorstellungen durch?,1478,29117
ZA8974_allbus,v32,Bundesregierung: Welche Partei blockiert?,1414,29117
ZA8974_allbus,v33,Bundesregierung: Wird die FDP vorzeitig aussteigen?,1410,29117
ZA8974_allbus,v34,Bundesregierung: Sollte O. Scholz Neuwahlen ermöglichen?,1485,29117
ZA8974_allbus,v35,Bundesregierung: Macht die Bundesregierung ihre Arbeit gut?,23240,29117
ZA8974_allbus,v36,Bundesregierung: Wäre eine CDU/CSU-Regierung besser?,13276,29117
ZA8974_allbus,v37,Bundesregierung: Wird die Koalition bis zur nächsten BTW halten?,11871,29117
ZA8974_allbus,v38,Bundesregierung: Streit nach Landtagswahlen im Osten,1536,29117
ZA8974_allbus,v39,Bundesregierung: Wer ist schuld am Haushaltsstreit?,1476,29117
ZA8974_allbus,v40,Bundesregierung: Einigung im Haushaltsstreit,1346,29117
ZA8974_allbus,v41,Bundesregierung: Zerbricht die Koalition am Haushaltsstreit?,1348,29117
ZA8974_allbus,v42,Bundesregierung: Zusammenarbeit nach Haushaltsstreit,1544,29117
ZA8974_allbus,v43,Bundestagswahl:  Präferierte Regierung,1451,29117
ZA8974_allbus,v44,Bundestagswahl: Stärkste Partei bereits klar?,4812,29117
ZA8974_allbus,v45,Bundestagswahl: Wer wird stärkste Partei?,4557,29117
ZA8974_allbus,v46,Bundestagswahl: Vorgezogene BTW gut?,5863,29117
ZA8974_allbus,v47,Bundestagswahl: Sollte O. Scholz erneut kandidieren?,2993,29117
ZA8974_allbus,v48,Bundestagswahl: Präferierter Bundeskanzler,1391,29117
ZA8974_allbus,v49,Bundestagswahl: Lieber O. Scholz oder F. Merz als Kanzler?,6795,29117
ZA8974_allbus,v50,Bundestagswahl: Lieber F. Merz oder R. Habeck als Kanzler?,1436,29117
ZA8974_allbus,v51,Bundestagswahl: Lieber B. Pistorius oder F. Merz als Kanzler?,1417,29117
ZA8974_allbus,v52,Eignung als Bundeskanzler: O. Scholz,3053,29117
ZA8974_allbus,v53,Eignung als Bundeskanzler: F. Merz,5887,29117
ZA8974_allbus,v54,Eignung als Bundeskanzler: R. Habeck,3031,29117
ZA8974_allbus,v55,Eignung als Bundeskanzlerin: A. Weidel,3023,29117
ZA8974_allbus,v56,Eignung als Bundeskanzler: M. Söder,2955,29117
ZA8974_allbus,v57,Eignung als Bundeskanzler: H. Wüst,2288,29117
ZA8974_allbus,v58,SPD: Bester Kanzlerkandidat,2882,29117
ZA8974_allbus,v59,CDU/CSU: Bester Kanzlerkandidat,5538,29117
ZA8974_allbus,v60,CDU/CSU: Keine Zusammenarbeit mit der Linken,2830,29117
ZA8974_allbus,v61,CDU/CSU: Keine Zusammenarbeit mit der AfD,4516,29117
ZA8974_allbus,v62,AfD: Regierungsbeteiligung im Bund,5919,29117
ZA8974_allbus,v63,AfD: Wie weit verbreitet ist Rechtextremismus?,1499,29117
ZA8974_allbus,v64,AfD: Unterstützung Parteiverbot,2819,29117
ZA8974_allbus,v65,AfD: Nähe zum russischen Regime,1401,29117
ZA8974_allbus,v66,AfD: Gefahr für die Demokratie?,7303,29117
ZA8974_allbus,v67,CDU: Mit dem BSW regieren?,8430,29117
ZA8974_allbus,v68,CDU: Mit der Linken regieren?,1518,29117
ZA8974_allbus,v69,SPD: Mit dem BSW regieren?,1456,29117
ZA8974_allbus,v70,FDP: Wird die FDP noch gebraucht?,1594,29117
ZA8974_allbus,v71,FDP: Wird die FDP von C. Lindner gut geführt?,1480,29117
ZA8974_allbus,v72,BSW: Würden Sie die Wagenknecht-Partei wählen?,2950,29117
ZA8974_allbus,v73,BSW: Wird die Partei langfristig erfolgreich sein?,1404,29117
ZA8974_allbus,v74,BSW: Regierungsbeteiligung im Bund,2936,29117
ZA8974_allbus,v75,Beste Partei: Wirtschaftliche Probleme,16666,29117
ZA8974_allbus,v76,Beste Partei: Soziale Gerechtigkeit,5721,29117
ZA8974_allbus,v77,Beste Partei: Neue Arbeitsplätze,2548,29117
ZA8974_allbus,v78,Beste Partei: Sicherung der Renten,1297,29117
ZA8974_allbus,v79,Präferierte Partei: Klimaschutz,2737,29117
ZA8974_allbus,v80,"Präferierte Partei: Asylpolitik, Flüchtlinge",1411,29117
ZA8974_allbus,v81,Ost/West: Überwiegen Unterschiede oder Gemeinsamkeiten?,1387,29117
ZA8974_allbus,v82,Ost/West: Selbstidentifikation,1400,29117
ZA8974_allbus,v83,Wirtschaft: Beurteilung finanzielle Hilfe durch Bundesregierung,1472,29117
ZA8974_allbus,v84,Wirtschaft: Mehr finanzielle Hilfe vom Staat?,1543,29117
ZA8974_allbus,v85,Wirtschaft: Tut die Bundesregierung genug?,1457,29117
ZA8974_allbus,v86,Wirtschaft: Wie soll die Unterstützung finanziert werden?,2939,29117
ZA8974_allbus,v87,Autoindustrie: Sollte die Autoindustrie unterstützt werden?,1507,29117
ZA8974_allbus,v88,Autoindustrie: Arbeitsplatzabbau und Lohnsenkungen bei VW,1358,29117
ZA8974_allbus,v89,Soziale Gerechtigkeit: Einschätzung der sozialen Gerechtigkeit,1542,29117
ZA8974_allbus,v90,"Soziale Gerechtigkeit: Habe, was mir gerechterweise zusteht",1492,29117
ZA8974_allbus,v91,Sozialpolitik: Kürzungen im Bereich Soziales?,2743,29117
ZA8974_allbus,v92,Sozialpolitik: Früheren Rentenbeginn abschaffen?,1404,29117
ZA8974_allbus,v93,"Haushalt: Sparen, Steuern erhöhen oder Schulden machen?",1360,29117
ZA8974_allbus,v94,Haushalt: An Schuldenbremse festhalten?,7029,29117
ZA8974_allbus,v95,Haushalt: Ist Ukraine Krieg eine Notsituation?,1323,29117
ZA8974_allbus,v96,Landwirtschaftspolitik: Beurteilung von Kürzungen,1543,29117
ZA8974_allbus,v97,Bauern: Gehen die Blockaden und Proteste zu weit?,1567,29117
ZA8974_allbus,v98,Tarifverhandlungen: Wird zu viel gestreikt?,1457,29117
ZA8974_allbus,v99,Tarifverhandlungen DB: Verständnis für Streiks?,3032,29117
ZA8974_allbus,v100,Rechtsextremismus: Demos gegen Rechts gut?,1430,29117
ZA8974_allbus,v101,Rechtsextremismus: Stärken Demos gegen Rechts die AfD?,1431,29117
ZA8974_allbus,v102,Asylpolitik: Kann Deutschland die Flüchtlingszahlen verkraften?,2939,29117
ZA8974_allbus,v103,Asylpolitik: Verschärfung der Regelungen?,1328,29117
ZA8974_allbus,v104,Asylpolitik: Wird es gelingen mehr Abschiebung durchzuführen?,1469,29117
ZA8974_allbus,v105,Asylpolitik: Tut Bund genug für Städte und Gemeinden?,1344,29117
ZA8974_allbus,v106,Asylpolitik: Umgang mit syrischen Flüchtlingen,1556,29117
ZA8974_allbus,v107,Asylpolitik: Wird genug für Flüchtlinge aus der Ukraine getan?,1309,29117
ZA8974_allbus,v108,Verteidigung: Bundeswehr gut aufgestellt für Landesverteidigung?,1400,29117
ZA8974_allbus,v109,Verteidigung: Sorge um Krieg mit Beteiligung der Bundeswehr?,3030,29117
ZA8974_allbus,v110,Verteidigung: Tut Regierung genug für Finanzierung der Bundeswehr?,1485,29117
ZA8974_allbus,v111,Verteidigung: Mehr Geld für die Bundeswehr?,4293,29117
ZA8974_allbus,v112,Verteidigung: Für oder gegen Gesellschaftsjahr (Wehrpflicht)?,1433,29117
ZA8974_allbus,v113,Verteidigung: NATO gut aufgestellt für Verteidigung / Abschreckung?,1423,29117
ZA8974_allbus,v114,Verteidigung: Wie wichtig ist Verteidigungsfähigkeit ohne Hilfe der USA?,3000,29117
ZA8974_allbus,v115,Verteidigung: Wird sich Europa ohne die USA verteidigen können?,1371,29117
ZA8974_allbus,v116,EU: Mitgliedschaft von Vorteil für deutsche Bevölkerung?,3015,29117
ZA8974_allbus,v117,EU: Engere Zusammenarbeit oder mehr Eigenständigkeit?,1420,29117
ZA8974_allbus,v118,EU: Sind europakritische Parteien ein Problem für die EU?,2973,29117
ZA8974_allbus,v119,EU: Wie wichtig ist deutsch-französische Zusammenarbeit?,1556,29117
ZA8974_allbus,v120,EU: Sorge vor wirtschaftlichem Bedeutungsverlust,1447,29117
ZA8974_allbus,v121,EU: Beurteilung U. von der Leyen erneut Kommissionspräsidentin,1248,29117
ZA8974_allbus,v122,Ukraine: EU-Aufnahme ja oder nein?,1292,29117
ZA8974_allbus,v123,Ukraine: Gebietsverluste akzeptieren?,6703,29117
ZA8974_allbus,v124,Ukraine: Sollte Westen drängen Gebietsverluste zu akzeptieren?,1454,29117
ZA8974_allbus,v125,Ukraine: Soll die EU mehr Waffen liefern?,4378,29117
ZA8974_allbus,v126,Ukraine: Unterstützt die EU genug?,1375,29117
ZA8974_allbus,v127,Ukraine: Westliche Militärhilfe stärken?,8896,29117
ZA8974_allbus,v128,Ukraine: Soll Deutschland Taurus Raketen liefern?,1411,29117
ZA8974_allbus,v129,Ukraine: Helfen die Waffenlieferungen aus den USA?,1380,29117
ZA8974_allbus,v130,Ukraine: Einsatz von US-Waffensystemen mit hoher Reichweite,1496,29117
ZA8974_allbus,v131,Ukraine: Wird Russland östliche NATO-Länder angreifen?,2956,29117
ZA8974_allbus,v132,Ukraine: Wird sich der Krieg ausweiten?,1401,29117
ZA8974_allbus,v133,Ukraine: Wird Ukraine den Krieg mit westlicher Hilfe gewinnen?,1384,29117
ZA8974_allbus,v134,Ukraine: Nach Krieg in NATO aufnehmen?,1381,29117
ZA8974_allbus,v135,Ukraine: Was könnte Putin bewegen einzulenken?,1343,29117
ZA8974_allbus,v136,Ukraine: Friedensverhandlungen in nächster Zeit?,1518,29117
ZA8974_allbus,v137,Ukraine: Wie hilfreich sind Gespräche mit Putin?,3163,29117
ZA8974_allbus,v138,Ukraine: Kann Donald Trump einen Frieden vermitteln?,1539,29117
ZA8974_allbus,v139,Nahost: Stabile Verhältnisse nach Machtwechsel in Syrien?,1442,29117
ZA8974_allbus,v140,Nahost: Militärisches Vorgehen Israels gerechtfertigt?,2743,29117
ZA8974_allbus,v141,Nahost: Mehr Druck für humanitäre Versorgung in Gaza?,1433,29117
ZA8974_allbus,v142,Nahost: Ende der Kampfhandlungen in Aussicht?,1428,29117
ZA8974_allbus,v143,Nahost: Sollte D. mehr Druck auf Israel ausüben den Krieg zu beenden?,1384,29117
ZA8974_allbus,v144,Nahost: Ausweitung auf Konflikt zwischen Israel und Iran,1297,29117
ZA8974_allbus,v145,Nahost: Wer ist schuld an Kampfhandlungen im Libanon?,1418,29117
ZA8974_allbus,v146,USA: Wird J. Biden erneut antreten?,1499,29117
ZA8974_allbus,v147,USA: Präferierter Präsident,1551,29117
ZA8974_allbus,v148,USA: Erwarteter Sieger Präsidentschaftswahl,5530,29117
ZA8974_allbus,v149,USA: Wird D. Trump wieder zum Präsidenten gewählt?,1396,29117
ZA8974_allbus,v150,USA: Wird USA unter Trump weiterhin Europas Sicherheit garantieren?,5534,29117
ZA8974_allbus,v151,USA: Wiederwahl von D. Trump gut für Deutschland?,1432,29117
ZA8974_allbus,v152,USA: Ist D. Trump eine Gefahr für die US-Demokratie?,1408,29117
ZA8974_allbus,v153,Spionage: Russische Einflussnahme auf Politik in D. gefährlich?,1437,29117
ZA8974_allbus,v154,"Spionage: Einflussnahme Chinas, Russlands Gefahr für D.?",1414,29117
ZA8974_allbus,v155,"Sicherheit: Gewalt gegen Politik, Polizei und Rettungswesen",1455,29117
ZA8974_allbus,v156,Sicherheit: Fühlen Sie sich durch Kriminalität bedroht?,3070,29117
ZA8974_allbus,v157,Cannabis: Beurteilung der Legalisierung,1404,29117
ZA8974_allbus,v158,Europameisterschaft: Befürchten Sie Anschläge?,1508,29117
ZA8974_allbus,v159,Europameisterschaft: Wie weit kommt Deutschland?,1274,29117
ZA8974_allbus,v160,Europameisterschaft: Wird Deutschland Europameister?,1236,29117
ZA8974_allbus,v161,Europameisterschaft: Hat sich Deutschland gut präsentiert?,1476,29117
ZA8974_allbus,v162,Olympiade: Sollte Deutschland sich um die Olympiade bewerben?,1516,29117
ZA8974_allbus,v163,Feminismus: Wie stark ist Gleichberechtigung verwirklicht?,1475,29117
ZA8974_allbus,v164,Rückblick: 2024 eher gut oder schlecht?,1526,29117
ZA8974_allbus,v165,Ausblick: 2025 eher besser oder schlechter?,1560,29117
ZA8974_allbus,v166,Links-Rechts-Kontinuum: Selbsteinstufung,27792,29117
ZA8974_allbus,v167,Diffuse Unterstützung: Stärke Politikinteresse,28985,29117
ZA8974_allbus,v168,Diffuse Unterstützung: Demokratiezufriedenheit,6133,29117
ZA8974_allbus,v169,Diffuse Unterstützung: Hat sich das GG bewährt?,1411,29117
ZA8974_allbus,v170,Wirtschaftliche Lage: In Deutschland,18342,29117
ZA8974_allbus,v171,Wirtschaftliche Lage: Eigene Lage,18407,29117
ZA8974_allbus,v172,Wirtschaftliche Lage: Eigene Lage in 1 Jahr,18171,29117
ZA8974_allbus,v173,Wirtschaftliche Lage: Entwicklung in Deutschland,18186,29117
ZA8974_allbus,v174,Wirtschaftliche Lage: Geld für Weihnachtsgeschenke,1643,29117
ZA8974_allbus,v175,Geschlecht,29117,29117
ZA8974_allbus,v176,"Alter, kategorisiert",29117,29117
ZA8974_allbus,v177,"Schulabschluss, 5 Kat.",29039,29117
ZA8974_allbus,v178,Angestrebter Schulabschluss,77,29117
ZA8974_allbus,v179,Abgeschlossenes Studium,17230,29117
ZA8974_allbus,v180,Abgeschlossene Lehre,28897,29117
ZA8974_allbus,v181,Erwerbsstatus,28876,29117
ZA8974_allbus,v182,Einschätzung Arbeitsplatzsicherheit,16446,29117
ZA8974_allbus,v183,Beruflicher Status,27472,29117
ZA8974_allbus,v184,HH: Anzahl Haushaltsmitglieder,29117,29117
ZA8974_allbus,v185,HH: Anzahl Erwachsener (18+),21993,29117
ZA8974_allbus,v186,HH: Gewerkschaftsmitglieder,28884,29117
ZA8974_allbus,v187,Religionszugehörigkeit bzw. Konfession,28836,29117
ZA8974_allbus,v188,Kirchgangshäufigkeit,13953,29117
ZA8974_allbus,v189,Parteineigung: Ja / Nein?,28647,29117
ZA8974_allbus,v190,Parteineigung: Welche Partei?,17187,29117
ZA8974_allbus,v191,Stärke der Parteineigung,17113,29117
ZA6832_tracking0923,za_nr,Studiennummer,52341,52341
ZA6832_tracking0923,za_nr_od,Studiennummer: Original Datensatz,52341,52341
ZA6832_tracking0923,version,Gesis Archivversion,0,52341
ZA6832_tracking0923,doi,Digital Objective Identifier,0,52341
ZA6832_tracking0923,sample,Stichprobe,52341,52341
ZA6832_tracking0923,field_start,Beginn Erhebungszeitraum,0,52341
ZA6832_tracking0923,field_end,Ende Erhebungszeitraum,0,52341
ZA6832_tracking0923,lfdn,Laufende Nummer,52341,52341
ZA6832_tracking0923,lfdn_od,Laufende Nummer: Original Datensatz,52341,52341
ZA6832_tracking0923,t0001_1,"Wahlkreis, 1. Phase",13876,52341
ZA6832_tracking0923,t0001_2,"Wahlkreis, 2. Phase",8866,52341
ZA6832_tracking0923,t0001_3,"Wahlkreis, 3. Phase",7164,52341
ZA6832_tracking0923,t0001_4,"Wahlkreis, 4. Phase",10131,52341
ZA6832_tracking0923,t0001_5,"Wahlkreis, 5. Phase",7742,52341
ZA6832_tracking0923,t0002,Ost/West (Zuordnung von Berlinern zu Ostdeutschland),40938,52341
ZA6832_tracking0923,t0003_1,"Sozial-/regionalstrukturelles Gewicht (MZ, mit Zeitunterschreiter)",11403,52341
ZA6832_tracking0923,t0003_2,"Sozial-/regionalstrukturelles Gewicht (MZ, mit Zeitunterschreiter)",40938,52341
ZA6832_tracking0923,t0004_1,"Sozial-/regionalstrukturelles Gewicht (MZ, o. Zeitunterschreiter)",9147,52341
ZA6832_tracking0923,t0004_2,"Sozial-/regionalstrukturelles Gewicht (MZ, o. Zeitunterschreiter)",9168,52341
ZA6832_tracking0923,t0004_3,"Sozial-/regionalstrukturelles Gewicht (MZ, o. Zeitunterschreiter)",35291,52341
ZA6832_tracking0923,t0005_1,"Sozial-/regionalstrukturelles Gewicht (Onliner, mit Zeitunterschreiter)",11403,52341
ZA6832_tracking0923,t0005_2,"Sozial-/regionalstrukturelles Gewicht (Onliner, mit Zeitunterschreiter)",34783,52341
ZA6832_tracking0923,t0006_1,"Sozial-/regionalstrukturelles Gewicht (Onliner, o. Zeitunterschreiter)",9147,52341
ZA6832_tracking0923,t0006_2,"Sozial-/regionalstrukturelles Gewicht (Onliner, o. Zeitunterschreiter)",9168,52341
ZA6832_tracking0923,t0006_3,"Sozial-/regionalstrukturelles Gewicht (Onliner, o. Zeitunterschreiter)",31295,52341
ZA6832_tracking0923,t0007_1,"Wahlkreiszuordnung nicht eindeutig: 1. Moeglichkeit, 1. Phase",369,52341
ZA6832_tracking0923,t0007_2,"Wahlkreiszuordnung nicht eindeutig: 1. Moeglichkeit, 2. Phase",1217,52341
ZA6832_tracking0923,t0007_3,"Wahlkreiszuordnung nicht eindeutig: 1. Moeglichkeit, 3. Phase",949,52341
ZA6832_tracking0923,t0007_4,"Wahlkreiszuordnung nicht eindeutig: 1. Moeglichkeit, 4. Phase",606,52341
ZA6832_tracking0923,t0007_5,"Wahlkreiszuordnung nicht eindeutig: 1. Moeglichkeit, 5. Phase",466,52341
ZA6832_tracking0923,t0008_1,"Wahlkreiszuordnung nicht eindeutig: 2. Moeglichkeit, 1. Phase",369,52341
ZA6832_tracking0923,t0008_2,"Wahlkreiszuordnung nicht eindeutig: 2. Moeglichkeit, 2. Phase",1215,52341
ZA6832_tracking0923,t0008_3,"Wahlkreiszuordnung nicht eindeutig: 2. Moeglichkeit, 3. Phase",949,52341
ZA6832_tracking0923,t0008_4,"Wahlkreiszuordnung nicht eindeutig: 2. Moeglichkeit, 4. Phase",606,52341
ZA6832_tracking0923,t0008_5,"Wahlkreiszuordnung nicht eindeutig: 2. Moeglichkeit, 5. Phase",466,52341
ZA6832_tracking0923,t0009_1,"Wahlkreiszuordnung nicht eindeutig: 3. Moeglichkeit, 1. Phase",40,52341
ZA6832_tracking0923,t0009_2,"Wahlkreiszuordnung nicht eindeutig: 3. Moeglichkeit, 2. Phase",208,52341
ZA6832_tracking0923,t0009_3,"Wahlkreiszuordnung nicht eindeutig: 3. Moeglichkeit, 3. Phase",148,52341
ZA6832_tracking0923,t0009_4,"Wahlkreiszuordnung nicht eindeutig: 3. Moeglichkeit, 4. Phase",80,52341
ZA6832_tracking0923,t0009_5,"Wahlkreiszuordnung nicht eindeutig: 3. Moeglichkeit, 5. Phase",43,52341
ZA6832_tracking0923,t0010_2,"Wahlkreiszuordnung nicht eindeutig: 4. Moeglichkeit, 2. Phase",108,52341
ZA6832_tracking0923,t0010_3,"Wahlkreiszuordnung nicht eindeutig: 4. Moeglichkeit, 3. Phase",93,52341
ZA6832_tracking0923,t0010_4,"Wahlkreiszuordnung nicht eindeutig: 4. Moeglichkeit, 4. Phase",49,52341
ZA6832_tracking0923,t0010_5,"Wahlkreiszuordnung nicht eindeutig: 4. Moeglichkeit, 5. Phase",17,52341
ZA6832_tracking0923,t0011_2,"Wahlkreiszuordnung nicht eindeutig: 5. Moeglichkeit, 2. Phase",2,52341
ZA6832_tracking0923,t0011_3,"Wahlkreiszuordnung nicht eindeutig: 5. Moeglichkeit, 3. Phase",1,52341
ZA6832_tracking0923,t0011_4,"Wahlkreiszuordnung nicht eindeutig: 5. Moeglichkeit, 4. Phase",36,52341
ZA6832_tracking0923,t0011_5,"Wahlkreiszuordnung nicht eindeutig: 5. Moeglichkeit, 5. Phase",8,52341
ZA6832_tracking0923,t0012_4,"Wahlkreiszuordnung nicht eindeutig: 6. Moeglichkeit, 4. Phase",27,52341
ZA6832_tracking0923,t0012_5,"Wahlkreiszuordnung nicht eindeutig: 6. Moeglichkeit, 5. Phase",8,52341
ZA6832_tracking0923,t0013_4,"Wahlkreiszuordnung nicht eindeutig: 7. Moeglichkeit, 4. Phase",21,52341
ZA6832_tracking0923,t0013_5,"Wahlkreiszuordnung nicht eindeutig: 7. Moeglichkeit, 5. Phase",8,52341
ZA6832_tracking0923,t0014_4,"Wahlkreiszuordnung nicht eindeutig: 8. Moeglichkeit, 4. Phase",20,52341
ZA6832_tracking0923,t0014_5,"Wahlkreiszuordnung nicht eindeutig: 8. Moeglichkeit, 5. Phase",8,52341
ZA6832_tracking0923,t0015_4,"Wahlkreiszuordnung nicht eindeutig: 9. Moeglichkeit, 4. Phase",17,52341
ZA6832_tracking0923,t0015_5,"Wahlkreiszuordnung nicht eindeutig: 9. Moeglichkeit, 5. Phase",8,52341
ZA6832_tracking0923,t0016_4,"Wahlkreiszuordnung nicht eindeutig: 10. Moeglichkeit, 4. Phase",13,52341
ZA6832_tracking0923,t0017,Technische Probleme,4554,52341
ZA6832_tracking0923,t0018,quality,10250,52341
ZA6832_tracking0923,t0019,disposition code,18225,52341
ZA6832_tracking0923,t0020,Zeitunterschreiter:innen (10 % der Befragten mit den niedrigsten Indexwerten),39221,52341
ZA6832_tracking0923,t0021,Zeitunterschreiter:innen-Index,39221,52341
ZA6832_tracking0923,t0022,Status nach 60-Prozent-Regel (Version A),11403,52341
ZA6832_tracking0923,t0023,"Status nach 0,2 quality-Regel (Version B)",10250,52341
ZA6832_tracking0923,t0024,Interviewstatus: Anteil beantworteter Fragen,18225,52341
ZA6832_tracking0923,t0025,"Interviewstatus: Anteil beantworteter Fragen, prozentual",16011,52341
ZA6832_tracking0923,t0026,Interviewdauer (nutzer:innenseitig gemessen),16537,52341
ZA6832_tracking0923,t0027,Interviewdauer (serverseitig gemessen),16936,52341
ZA6832_tracking0923,t0028,datetime of survey start,0,52341
ZA6832_tracking0923,t0029,date of last access,0,52341
ZA6832_tracking0923,t0030,Nutzung Smartphone,40929,52341
ZA6832_tracking0923,t0031,Nutzung Tablet,18225,52341
ZA6832_tracking0923,t0032,Genutztes Geraet,18223,52341
ZA6832_tracking0923,t0033,Genutzter Browser,0,52341
ZA6832_tracking0923,t0034,javascript,18087,52341
ZA6832_tracking0923,t0035,Befragungssituation: Arbeitsplatz/Privat,4542,52341
ZA6832_tracking0923,t0036,Debriefing: Ablenkung,4561,52341
ZA6832_tracking0923,t0037,Debriefing: Aufmerksamkeit,1031,52341
ZA6832_tracking0923,t0038,Debriefing: Interesse,4555,52341
ZA6832_tracking0923,t0039,Debriefing: Laenge der Ablenkung,389,52341
ZA6832_tracking0923,t0040,Debriefing: Schwierigkeit der Fragen,4543,52341
ZA6832_tracking0923,t0041,Debriefing: Schwierigkeit der Antworten,4513,52341
ZA6832_tracking0923,t0042,Debriefing: Sorgfalt,5592,52341
ZA6832_tracking0923,t0043,Debriefing: Wissenschaftliche Umfragen,4538,52341
ZA6832_tracking0923,t0044,"Erfahrungen mit Umfragen, objektiv",4549,52341
ZA6832_tracking0923,e0001,Politisches Interesse,51256,52341
ZA6832_tracking0923,e0002_1,"Wahlbeteiligung: Absicht, BTW Sonntag",4870,52341
ZA6832_tracking0923,e0002_2,"Wahlbeteiligung: Absicht, BTW Sonntag",46684,52341
ZA6832_tracking0923,e0003a_1,"Wahlabsicht: BTW Sonntag, Erststimme (Version B)",3133,52341
ZA6832_tracking0923,e0003a_2,"Wahlabsicht: BTW Sonntag, Erststimme (Version B)",38846,52341
ZA6832_tracking0923,e0003b_1,"Wahlabsicht: BTW Sonntag, Zweitstimme (Version B)",3167,52341
ZA6832_tracking0923,e0003b_2,"Wahlabsicht: BTW Sonntag, Zweitstimme (Version B)",39337,52341
ZA6832_tracking0923,e0004a,"Wahlentscheidung: Briefwahl, Erststimme (Version B)",966,52341
ZA6832_tracking0923,e0004b,"Wahlentscheidung: Briefwahl, Zweitstimme (Version B)",967,52341
ZA6832_tracking0923,e0005a_1,"Wahlabsicht: hypothetisch, BTW Sonntag, Erststimme (Version B)",99,52341
ZA6832_tracking0923,e0005a_2,"Wahlabsicht: hypothetisch, BTW Sonntag, Erststimme (Version B)",1983,52341
ZA6832_tracking0923,e0005b_1,"Wahlabsicht: hypothetisch, BTW Sonntag, Zweitstimme (Version B)",129,52341
ZA6832_tracking0923,e0005b_2,"Wahlabsicht: hypothetisch, BTW Sonntag, Zweitstimme (Version B)",1868,52341
ZA6832_tracking0923,e0006,"Wahlberechtigung: Recall, letzte BTW",40760,52341
ZA6832_tracking0923,e0007,"Wahlbeteiligung: Recall, letzte BTW",48174,52341
ZA6832_tracking0923,e0008a,"Wahlentscheidung: Recall, letzte BTW (Erststimme, Version B)",37444,52341
ZA6832_tracking0923,e0008b,"Wahlentscheidung: Recall, letzte BTW (Zweitstimme, Version B)",37768,52341
ZA6832_tracking0923,e0009a,"Recall, hyp. Stimmabgabe, letzte BTW (Erststimme, Version B)",1302,52341
ZA6832_tracking0923,e0009b,"Recall, hyp. Stimmabgabe, letzte BTW (Zweitstimme, Version B)",1297,52341
ZA6832_tracking0923,e0010,Wahlbeteiligung: Bekanntenkreis,30318,52341
ZA6832_tracking0923,e0011,Wahlbeteiligung: Nachbarschaft,29258,52341
ZA6832_tracking0923,e0012,"Wahlabsicht: Sicherheit, BTW 2021",835,52341
ZA6832_tracking0923,e0013,"Wahlentscheidung: Zeitpunkt, Briefwahl",500,52341
ZA6832_tracking0923,e0014,"Wahlentscheidung: hypothetisch nach Briefwahl, Konsistenz, BTW 2021",499,52341
ZA6832_tracking0923,e0015,"Wahlentscheidung: hypoth. nach Briefwahl, BTW 2021, Zweitstimme (Version B)",9,52341
ZA6832_tracking0923,e0016a,"Wahlentscheidung: hypothetisch, Kinder, BTW 2021, Zweitstimme, Kind 1 (Version B",990,52341
ZA6832_tracking0923,e0016b,"Wahlentscheidung: hypothetisch, Kinder, BTW 2021, Zweitstimme, Kind 2 (Version B",434,52341
ZA6832_tracking0923,e0016c,"Wahlentscheidung: hypothetisch, Kinder, BTW 2021, Zweitstimme, Kind 3 (Version B",62,52341
ZA6832_tracking0923,e0016d,"Wahlentscheidung: hypothetisch, Kinder, BTW 2021, Zweitstimme, Kind 4 (Version B",16,52341
ZA6832_tracking0923,e0016e,"Wahlentscheidung: hypothetisch, Kinder, BTW 2021, Zweitstimme, Kind 5 (Version B",3,52341
ZA6832_tracking0923,e0016f,"Wahlentscheidung: hypothetisch, Kinder, BTW 2021, Zweitstimme, Kind 6 (Version B",2,52341
ZA6832_tracking0923,e0017,"Recall, Guete der Entscheidung zur Nichtwahl, BTW 2017",47,52341
ZA6832_tracking0923,e0018,"Recall, Guete der Wahlentscheidung, BTW 2017",883,52341
ZA6832_tracking0923,e0019,"Recall, Protest Nichtwahl, BTW 2017",47,52341
ZA6832_tracking0923,e0020,"Recall, Protest Wahlentscheidung, BTW 2017",937,52341
ZA6832_tracking0923,e0021,"Recall, Schwierigkeit Wahlentscheidung (Nichtwaehler), BTW 2017",47,52341
ZA6832_tracking0923,e0022,"Recall, Schwierigkeit Wahlentscheidung (Waehler), BTW",1838,52341
ZA6832_tracking0923,e0023,"Schwierigkeit der Wahlentscheidung, Briefwaehler",175,52341
ZA6832_tracking0923,e0024,"Recall, Wahlberechtigung, LTW",18414,52341
ZA6832_tracking0923,e0025,"Recall, Wahlteilnahme, LTW",16535,52341
ZA6832_tracking0923,e0026,"Recall, LTW (Version B)",22523,52341
ZA6832_tracking0923,e0027,"Sonntagsfrage, LTW",6633,52341
ZA6832_tracking0923,e0028,"Sonntagsfrage, LTW (1 Stimme) (Version B)",2361,52341
ZA6832_tracking0923,e0029,"Sonntagsfrage, LTW (2 Stimmen) (Version B)",15268,52341
ZA6832_tracking0923,e0030b,"Sonntagsfrage, LTW (5 und 10 Stimmen) CDU",701,52341
ZA6832_tracking0923,e0030c,"Sonntagsfrage, LTW (5 und 10 Stimmen) CSU",133,52341
ZA6832_tracking0923,e0030d,"Sonntagsfrage, LTW (5 und 10 Stimmen) SPD",701,52341
ZA6832_tracking0923,e0030e,"Sonntagsfrage, LTW (5 und 10 Stimmen) FDP",701,52341
ZA6832_tracking0923,e0030f,"Sonntagsfrage, LTW (5 und 10 Stimmen) GRUENE",701,52341
ZA6832_tracking0923,e0030g,"Sonntagsfrage, LTW (5 und 10 Stimmen) DIE LINKE",701,52341
ZA6832_tracking0923,e0030h,"Sonntagsfrage, LTW (5 und 10 Stimmen) AfD",608,52341
ZA6832_tracking0923,e0030i,"Sonntagsfrage, LTW (5 und 10 Stimmen) NPD",133,52341
ZA6832_tracking0923,e0030j,"Sonntagsfrage, LTW (5 und 10 Stimmen) PIRATEN",605,52341
ZA6832_tracking0923,e0030k,"Sonntagsfrage, LTW (5 und 10 Stimmen) FW Freie Waehler",133,52341
ZA6832_tracking0923,e0030m,"Sonntagsfrage, LTW (5 und 10 Stimmen) SSW",133,52341
ZA6832_tracking0923,e0030n,"Sonntagsfrage, LTW (5 und 10 Stimmen) BIW",701,52341
ZA6832_tracking0923,e0030v,"Sonntagsfrage, LTW (5 und 10 Stimmen) nicht wahlberechtigt",701,52341
ZA6832_tracking0923,e0030w,"Sonntagsfrage, LTW (5 und 10 Stimmen) wuerde nicht zur Wahl gehen",701,52341
ZA6832_tracking0923,e0030x,"Sonntagsfrage, LTW (5 und 10 Stimmen) andere Partei",701,52341
ZA6832_tracking0923,e0030xs,"Sonntagsfrage, LTW (5 und 10 Stimmen) andere Partei (Codierung)",7,52341
ZA6832_tracking0923,e0030y,"Sonntagsfrage, LTW (5 und 10 Stimmen) weiss nicht",701,52341
ZA6832_tracking0923,e0030z,"Sonntagsfrage, LTW (5 und 10 Stimmen) keine Angabe",701,52341
ZA6832_tracking0923,e0031a,"Beabsichtigte Stimmabgabe, LTW (Erststimme, Version B)",26,52341
ZA6832_tracking0923,e0031b,"Beabsichtigte Stimmabgabe, LTW (Zweitstimme, Version B)",27,52341
ZA6832_tracking0923,e0032,"Beabsichtigte Stimmabgabe, LTW, 1 Stimme (Version B)",25,52341
ZA6832_tracking0923,e0033a,"Beabsichtigte Stimmabgabe, LTW, 2 Stimmen (Erststimme, Version B)",26,52341
ZA6832_tracking0923,e0033b,"Beabsichtigte Stimmabgabe, LTW, 2 Stimmen (Zweitstimme, Version B)",26,52341
ZA6832_tracking0923,e0034a,"Briefwahl, LTW (Erststimme, Version B)",11,52341
ZA6832_tracking0923,e0034b,"Briefwahl, LTW (Zweitstimme, Version B)",11,52341
ZA6832_tracking0923,e0035,"Briefwahl, LTW, 1 Stimme (Version B)",5,52341
ZA6832_tracking0923,e0036a,"Briefwahl, LTW, 2 Stimmen (Erststimme, Version B)",2,52341
ZA6832_tracking0923,e0036b,"Briefwahl, LTW, 2 Stimmen (Zweitstimme, Version B)",2,52341
ZA6832_tracking0923,e0037,"Wahlberechtigung, LTW",138,52341
ZA6832_tracking0923,e0038,"Wahlbeteiligung, LTW, Nw",17,52341
ZA6832_tracking0923,e0039,"Wahlbeteiligungsabsicht, LTW",112,52341
ZA6832_tracking0923,e0040,"Wahlteilnahme, LTW, Wahltag",5,52341
ZA6832_tracking0923,e0041a,"Hypothetische Stimmabgabe, LTW (Erststimme, Version B)",1,52341
ZA6832_tracking0923,e0041b,"Hypothetische Stimmabgabe, LTW (Zweitstimme, Version B)",1,52341
ZA6832_tracking0923,e0042,"Hypothetische Stimmabgabe, LTW, 1 Stimme (Version B)",1,52341
ZA6832_tracking0923,e0043a,"Hypothetische Stimmabgabe, LTW, 2 Stimmen (Erststimme, Version B)",1,52341
ZA6832_tracking0923,e0043b,"Hypothetische Stimmabgabe, LTW, 2 Stimmen (Zweitstimme, Version B)",1,52341
ZA6832_tracking0923,e0044,"Wahlberechtigung, Bayern",107,52341
ZA6832_tracking0923,e0045,"Wahlberechtigung, Hessen",61,52341
ZA6832_tracking0923,e0046a,"Wahlbeteiligungsabsicht, Bayern",70,52341
ZA6832_tracking0923,e0046b,"Wahltag, Wahlteilnahme, Bayern",2,52341
ZA6832_tracking0923,e0046c,"Aktuelle Wahlteilnahme, Bayern",32,52341
ZA6832_tracking0923,e0047,"Wahlbeteiligungsabsicht, Hessen",59,52341
ZA6832_tracking0923,e0048a,"Beabsichtigte Stimmabgabe, Bayern (Erststimme, Version B)",46,52341
ZA6832_tracking0923,e0048b,"Beabsichtigte Stimmabgabe, Bayern (Zweitstimme, Version B)",46,52341
ZA6832_tracking0923,e0049a,"Beabsichtigte Stimmabgabe, Hessen (Erststimme, Version B)",44,52341
ZA6832_tracking0923,e0049b,"Beabsichtigte Stimmabgabe, Hessen (Zweitstimme, Version B)",44,52341
ZA6832_tracking0923,e0050a,"aktuelle Stimmabgabe, Bayern (Erststimme, Version B)",27,52341
ZA6832_tracking0923,e0050b,"aktuelle Stimmabgabe, Bayern (Zweitstimme, Version B)",27,52341
ZA6832_tracking0923,e0051a,"Briefwahl, Bayern (Erststimme, Version B)",13,52341
ZA6832_tracking0923,e0051b,"Briefwahl, Bayern (Zweitstimme, Version B)",13,52341
ZA6832_tracking0923,e0052a,"Briefwahl, Hessen (Erststimme, Version B)",8,52341
ZA6832_tracking0923,e0052b,"Briefwahl, Hessen (Zweitstimme, Version B)",8,52341
ZA6832_tracking0923,e0053a,"Hypothetische Stimmabgabe, Bayern (Erststimme, Version B)",2,52341
ZA6832_tracking0923,e0053b,"Hypothetische Stimmabgabe, Bayern (Zweitstimme, Version B)",2,52341
ZA6832_tracking0923,e0054a,"Stimmabgabe, Nw (Erststimme, Version B)",13,52341
ZA6832_tracking0923,e0054b,"Stimmabgabe, Nw (Zweitstimme, Version B)",13,52341
ZA6832_tracking0923,e0055,"Wahlbeteiligungsabsicht, Europa 2019",1065,52341
ZA6832_tracking0923,e0056,"Beabsichtigte Stimmabgabe, Europa 2019 (Version B)",740,52341
ZA6832_tracking0923,e0057,"Hypothetische Stimmabgabe, Europa 2019 (Version B)",72,52341
ZA6832_tracking0923,e0058,"Stimmabgabe Briefwahl, Europa 2019 (Version B)",126,52341
ZA6832_tracking0923,e0059,"Wahlentscheidung, Europa (Version B)",2882,52341
ZA6832_tracking0923,e0060,"Wahlbeteiligungsabsicht, Europa 2014",1006,52341
ZA6832_tracking0923,e0061,"Beabsichtigte Stimmabgabe, Europa 2014 (Version B)",697,52341
ZA6832_tracking0923,e0062,"Recall (2009), Europa (Version B)",2933,52341
ZA6832_tracking0923,e0063,"Recall, Wahlberechtigung, Europa",1036,52341
ZA6832_tracking0923,e0064,"Recall, Wahlteilnahme, Europa",783,52341
ZA6832_tracking0923,e0065,"Stimmabgabe Briefwahl, Europa (Version B)",80,52341
ZA6832_tracking0923,e0066b,"Europa, Parteien (CDU)",5300,52341
ZA6832_tracking0923,e0066c,"Europa, Parteien (CSU)",5200,52341
ZA6832_tracking0923,e0066d,"Europa, Parteien (SPD)",5206,52341
ZA6832_tracking0923,e0066e,"Europa, Parteien (FDP)",4839,52341
ZA6832_tracking0923,e0066f,"Europa, Parteien (GRUENE)",4933,52341
ZA6832_tracking0923,e0066g,"Europa, Parteien (DIE LINKE)",4817,52341
ZA6832_tracking0923,e0066h,"Europa, Parteien (AfD)",2970,52341
ZA6832_tracking0923,e0066j,"Europa, Parteien (PIRATEN)",1204,52341
ZA6832_tracking0923,e0067,"Europa, Ego",9384,52341
ZA6832_tracking0923,e0068,"Europa, Salienz",8434,52341
ZA6832_tracking0923,e0069,Demokratie: Zufriedenheit,52148,52341
ZA6832_tracking0923,e0070b,"Parteien: Skalometer, CDU",48783,52341
ZA6832_tracking0923,e0070c,"Parteien: Skalometer, CSU",47864,52341
ZA6832_tracking0923,e0070d,"Parteien: Skalometer, SPD",48583,52341
ZA6832_tracking0923,e0070e,"Parteien: Skalometer, FDP",47863,52341
ZA6832_tracking0923,e0070f,"Parteien: Skalometer, GRUENE",48400,52341
ZA6832_tracking0923,e0070g,"Parteien: Skalometer, DIE LINKE",47803,52341
ZA6832_tracking0923,e0070h,"Parteien: Skalometer, AfD",34428,52341
ZA6832_tracking0923,e0070j,"Parteien: Skalometer, PIRATEN",6278,52341
ZA6832_tracking0923,e0071ba,"Spitzenpolitiker:in: Skalometer,  A. Merkel",47032,52341
ZA6832_tracking0923,e0071bb,"Spitzenpolitiker:in: Skalometer, W. Schaeuble",22885,52341
ZA6832_tracking0923,e0071bf,"Spitzenpolitiker:in: Skalometer, A. Laschet",3687,52341
ZA6832_tracking0923,e0071bg,"Spitzenpolitiker:in: Skalometer, F. Merz",5087,52341
ZA6832_tracking0923,e0071bh,"Spitzenpolitiker:in: Skalometer, N. Roettgen",904,52341
ZA6832_tracking0923,e0071ca,"Spitzenpolitiker:in: Skalometer, H. Seehofer",39147,52341
ZA6832_tracking0923,e0071cb,"Spitzenpolitiker:in: Skalometer, H. P. Friedrich",4211,52341
ZA6832_tracking0923,e0071cc,"Spitzenpolitiker:in: Skalometer, K. T. zu Guttenberg",8686,52341
ZA6832_tracking0923,e0071cd,"Spitzenpolitiker:in: Skalometer, M. Soeder",9991,52341
ZA6832_tracking0923,e0071da,"Spitzenpolitiker:in: Skalometer, P. Steinbrueck",3941,52341
ZA6832_tracking0923,e0071db,"Spitzenpolitiker:in: Skalometer, S. Gabriel",30240,52341
ZA6832_tracking0923,e0071dc,"Spitzenpolitiker:in: Skalometer, F. W. Steinmeier",12803,52341
ZA6832_tracking0923,e0071dd,"Spitzenpolitiker:in: Skalometer, F. Muentefering",1117,52341
ZA6832_tracking0923,e0071de,"Spitzenpolitiker:in: Skalometer, A. Nahles",15874,52341
ZA6832_tracking0923,e0071df,"Spitzenpolitiker:in: Skalometer, M. Schulz",4061,52341
ZA6832_tracking0923,e0071dg,"Spitzenpolitiker:in: Skalometer, O. Scholz",11831,52341
ZA6832_tracking0923,e0071dh,"Spitzenpolitiker:in: Skalometer, K. Kuehnert",1751,52341
ZA6832_tracking0923,e0071ea,"Spitzenpolitiker:in: Skalometer, R. Bruederle",1825,52341
ZA6832_tracking0923,e0071eb,"Spitzenpolitiker:in: Skalometer, C. Lindner",30708,52341
ZA6832_tracking0923,e0071ec,"Spitzenpolitiker:in: Skalometer, G. Westerwelle",14163,52341
ZA6832_tracking0923,e0071ed,"Spitzenpolitiker:in: Skalometer, P. Roesler",12123,52341
ZA6832_tracking0923,e0071ga,"Spitzenpolitiker:in: Skalometer, G. Gysi",23494,52341
ZA6832_tracking0923,e0071gb,"Spitzenpolitiker:in: Skalometer, O. Lafontaine",13948,52341
ZA6832_tracking0923,e0071gc,"Spitzenpolitiker:in: Skalometer, S. Wagenknecht",15583,52341
ZA6832_tracking0923,e0071gd,"Spitzenpolitiker:in: Skalometer, D. Bartsch",8091,52341
ZA6832_tracking0923,e0071fa,"Spitzenpolitiker:in: Skalometer, J. Trittin",3937,52341
ZA6832_tracking0923,e0071fb,"Spitzenpolitiker:in: Skalometer, K. Goering-Eckardt",21477,52341
ZA6832_tracking0923,e0071fc,"Spitzenpolitiker:in: Skalometer, R. Kuenast",12713,52341
ZA6832_tracking0923,e0071fd,"Spitzenpolitiker:in: Skalometer, C. Oezdemir",28064,52341
ZA6832_tracking0923,e0071fe,"Spitzenpolitiker:in: Skalometer, R. Habeck",7402,52341
ZA6832_tracking0923,e0071ff,"Spitzenpolitiker:in: Skalometer, A. Baerbock",7637,52341
ZA6832_tracking0923,e0071ja,"Spitzenpolitiker:in: Skalometer, B. Schloemer",1700,52341
ZA6832_tracking0923,e0071jb,"Spitzenpolitiker:in: Skalometer, T. Wirth",761,52341
ZA6832_tracking0923,e0071jc,"Spitzenpolitiker:in: Skalometer, S. Nerz",661,52341
ZA6832_tracking0923,e0071ha,"Spitzenpolitiker:in: Skalometer, B. Lucke",5224,52341
ZA6832_tracking0923,e0071hb,"Spitzenpolitiker:in: Skalometer, F. Petry",8412,52341
ZA6832_tracking0923,e0071hc,"Spitzenpolitiker:in: Skalometer, A. Gauland",11646,52341
ZA6832_tracking0923,e0071hd,"Spitzenpolitiker:in: Skalometer, A. Weidel",5301,52341
ZA6832_tracking0923,e0072,Parteiidentifikation (Version B),49057,52341
ZA6832_tracking0923,e0073,Parteiidentifikation: Dauer,38462,52341
ZA6832_tracking0923,e0074,Parteiidentifikation: Staerke,38553,52341
ZA6832_tracking0923,e0075b,"Koalitionen: Skalometer, CDU/CSU, SPD. BTW21",1573,52341
ZA6832_tracking0923,e0075c,"Koalitionen: Skalometer, SPD, GRUENE, BTW21",1571,52341
ZA6832_tracking0923,e0075d,"Koalitionen: Skalometer, CDU/CSU, FDP, BTW21",1559,52341
ZA6832_tracking0923,e0075f,"Koalitionen: Skalometer, SPD, GRUENE und DIE LINKE, BTW21",1595,52341
ZA6832_tracking0923,e0075g,"Koalitionen: Skalometer, CDU/CSU, GRUENE, BTW21",1570,52341
ZA6832_tracking0923,e0075h,"Koalitionen: Skalometer, CDU/CSU, FDP, GRUENE, BTW21",1571,52341
ZA6832_tracking0923,e0075j,"Koalitionen: Skalometer, SPD, FDP, GRUENE, BTW21",1564,52341
ZA6832_tracking0923,e0075k,"Koalitionen: Skalometer, CDU/CSU und AfD, BTW21",1595,52341
ZA6832_tracking0923,e0075p,"Koalitionen: Skalometer, CDU/CSU, SPD und FDP, BTW21",1580,52341
ZA6832_tracking0923,e0075q,"Koalitionen: Skalometer, CDU/CSU, AfD und FDP, BTW21",1570,52341
ZA6832_tracking0923,e0076,"Koalitionen: Erwartungen, BTW21",1320,52341
ZA6832_tracking0923,e0077,Bundesregierung: Leistung,52087,52341
ZA6832_tracking0923,e0078,"Skalometer, Vorgaengerregierung",2221,52341
ZA6832_tracking0923,e0079b,"Regierungsparteien: Leistung, CDU",47492,52341
ZA6832_tracking0923,e0079c,"Regierungsparteien: Leistung, CSU",47320,52341
ZA6832_tracking0923,e0079d,"Regierungsparteien: Leistung, SPD",35569,52341
ZA6832_tracking0923,e0079e,"Regierungsparteien: Leistung, FDP",20716,52341
ZA6832_tracking0923,e0079f,"Regierungsparteien: Leistung, GRUENE",4417,52341
ZA6832_tracking0923,e0080b,"Leistungen, letzte Regierung, Parteien: CDU",2225,52341
ZA6832_tracking0923,e0080c,"Leistungen, letzte Regierung, Parteien: CSU",2212,52341
ZA6832_tracking0923,e0080d,"Leistungen, letzte Regierung, Parteien: SPD",2216,52341
ZA6832_tracking0923,e0081b,"Oppositionsparteien: Leistung, CDU",4452,52341
ZA6832_tracking0923,e0081c,"Oppositionsparteien: Leistung, CSU",4444,52341
ZA6832_tracking0923,e0081d,"Oppositionsparteien: Leistung, SPD",16234,52341
ZA6832_tracking0923,e0081e,"Oppositionsparteien: Leistung, FDP",14811,52341
ZA6832_tracking0923,e0081f,"Oppositionsparteien: Leistung, GRUENE",47302,52341
ZA6832_tracking0923,e0081g,"Oppositionsparteien: Leistung, DIE LINKE",51701,52341
ZA6832_tracking0923,e0081h,"Oppositionsparteien: Leistung, AFD",18144,52341
ZA6832_tracking0923,e0082b,"Parteien: Links-Rechts-Einstufung, CDU",44598,52341
ZA6832_tracking0923,e0082c,"Parteien: Links-Rechts-Einstufung, CSU",44321,52341
ZA6832_tracking0923,e0082d,"Parteien: Links-Rechts-Einstufung, SPD",44473,52341
ZA6832_tracking0923,e0082e,"Parteien: Links-Rechts-Einstufung, FDP",43143,52341
ZA6832_tracking0923,e0082f,"Parteien: Links-Rechts-Einstufung, GRUENE",44033,52341
ZA6832_tracking0923,e0082g,"Parteien: Links-Rechts-Einstufung, DIE LINKE",45408,52341
ZA6832_tracking0923,e0082h,"Parteien: Links-Rechts-Einstufung, AfD",31986,52341
ZA6832_tracking0923,e0082j,"Parteien: Links-Rechts-Einstufung, PIRATEN",5523,52341
ZA6832_tracking0923,e0083,Links-Rechts-Einstufung: Ego,46279,52341
ZA6832_tracking0923,e0084,"Einstellungen: Unterschied, wer regiert",51939,52341
ZA6832_tracking0923,e0085,"Unterschied Regierung, LTW",3247,52341
ZA6832_tracking0923,e0086,Parteien: Unterschiede,51682,52341
ZA6832_tracking0923,e0087a_1,Politische Probleme: Wichtigste (Codierung 1),10704,52341
ZA6832_tracking0923,e0087a_2,Politische Probleme: Wichtigste (Codierung 1),20398,52341
ZA6832_tracking0923,e0087a_3,Politische Probleme: Wichtigste (Codierung 1),14174,52341
ZA6832_tracking0923,e0087b_1,Politische Probleme: Wichtigste (Codierung 2),2779,52341
ZA6832_tracking0923,e0087b_2,Politische Probleme: Wichtigste (Codierung 2),3746,52341
ZA6832_tracking0923,e0087b_3,Politische Probleme: Wichtigste (Codierung 2),912,52341
ZA6832_tracking0923,e0087c_1,Politische Probleme: Wichtigste (Codierung 3),985,52341
ZA6832_tracking0923,e0087c_2,Politische Probleme: Wichtigste (Codierung 3),1021,52341
ZA6832_tracking0923,e0087c_3,Politische Probleme: Wichtigste (Codierung 3),105,52341
ZA6832_tracking0923,e0087d_1,Politische Probleme: Wichtigste (Codierung 4),344,52341
ZA6832_tracking0923,e0087d_2,Politische Probleme: Wichtigste (Codierung 4),281,52341
ZA6832_tracking0923,e0087e_1,Politische Probleme: Wichtigste (Codierung 5),95,52341
ZA6832_tracking0923,e0087e_2,Politische Probleme: Wichtigste (Codierung 5),62,52341
ZA6832_tracking0923,e0087f_1,Politische Probleme: Wichtigste (Codierung 6),50,52341
ZA6832_tracking0923,e0087f_2,Politische Probleme: Wichtigste (Codierung 6),2,52341
ZA6832_tracking0923,e0087g_1,Politische Probleme: Wichtigste (Codierung 7),33,52341
ZA6832_tracking0923,e0087h_1,Politische Probleme: Wichtigste (Codierung 8),19,52341
ZA6832_tracking0923,e0087i_1,Politische Probleme: Wichtigste (Codierung 9),9,52341
ZA6832_tracking0923,e0087j_1,Politische Probleme: Wichtigste (Codierung 10),7,52341
ZA6832_tracking0923,e0087k_1,Politische Probleme: Wichtigste (Codierung 11),2,52341
ZA6832_tracking0923,e0087l_1,Politische Probleme: Wichtigste (Codierung 12),1,52341
ZA6832_tracking0923,e0088,"Politische Probleme: Wichtigstes, Loesungskompetenz (Version B)",49212,52341
ZA6832_tracking0923,e0089,"Politische Probleme: Wichtigste, Loesungsebene",2602,52341
ZA6832_tracking0923,e0090a_1,Politische Probleme: Zweitwichtigste (Codierung 1),9833,52341
ZA6832_tracking0923,e0090a_2,Politische Probleme: Zweitwichtigste (Codierung 1),19489,52341
ZA6832_tracking0923,e0090a_3,Politische Probleme: Zweitwichtigste (Codierung 1),13851,52341
ZA6832_tracking0923,e0090b_1,Politische Probleme: Zweitwichtigste (Codierung 2),983,52341
ZA6832_tracking0923,e0090b_2,Politische Probleme: Zweitwichtigste (Codierung 2),1750,52341
ZA6832_tracking0923,e0090b_3,Politische Probleme: Zweitwichtigste (Codierung 2),493,52341
ZA6832_tracking0923,e0090c_1,Politische Probleme: Zweitwichtigste (Codierung 3),210,52341
ZA6832_tracking0923,e0090c_2,Politische Probleme: Zweitwichtigste (Codierung 3),223,52341
ZA6832_tracking0923,e0090c_3,Politische Probleme: Zweitwichtigste (Codierung 3),21,52341
ZA6832_tracking0923,e0090d_1,Politische Probleme: Zweitwichtigste (Codierung 4),54,52341
ZA6832_tracking0923,e0090d_2,Politische Probleme: Zweitwichtigste (Codierung 4),43,52341
ZA6832_tracking0923,e0090e_1,Politische Probleme: Zweitwichtigste (Codierung 5),18,52341
ZA6832_tracking0923,e0090e_2,Politische Probleme: Zweitwichtigste (Codierung 5),5,52341
ZA6832_tracking0923,e0090f_1,Politische Probleme: Zweitwichtigste (Codierung 6),5,52341
ZA6832_tracking0923,e0090g_1,Politische Probleme: Zweitwichtigste (Codierung 7),3,52341
ZA6832_tracking0923,e0090h_1,Politische Probleme: Zweitwichtigste (Codierung 8),2,52341
ZA6832_tracking0923,e0090i_1,Politische Probleme: Zweitwichtigste (Codierung 9),1,52341
ZA6832_tracking0923,e0091,"Politische Probleme: Zweitwichtigstes, Loesungskompetenz (Version B)",47390,52341
ZA6832_tracking0923,e0092,"Politische Probleme: Zweitwischtigste, Loesungsebene",2268,52341
ZA6832_tracking0923,e0093,"Wirtschaftliche Lage: aktuell, eigene",52121,52341
ZA6832_tracking0923,e0094,"Wirtschaftliche Lage: retrospektiv, eigene",52116,52341
ZA6832_tracking0923,e0095,"Wirtschaftliche Lage: Verantwortung, eigene",51945,52341
ZA6832_tracking0923,e0096,"Wirtschaftliche Lage: prospektiv, Verantwortung, eigene",2220,52341
ZA6832_tracking0923,e0097,"Wirtschaftliche Lage: prospektiv, eigene",52027,52341
ZA6832_tracking0923,e0098,"Wirtschaftliche Lage: aktuell, allgemeine",52082,52341
ZA6832_tracking0923,e0099,"Wirtschaftliche Lage: retrospektiv, allgemeine",51986,52341
ZA6832_tracking0923,e0100,"Wirtschaftliche Lage: Verantwortung, allgemeine",49508,52341
ZA6832_tracking0923,e0101,"Wirtschaftliche Lage: retrospektiv, Verantwortlichkeit, allgmeine",2212,52341
ZA6832_tracking0923,e0102,"Wirtschaftliche Lage: prospektiv, allgemeine",51954,52341
ZA6832_tracking0923,e0103,"Wirtschaftliche Lage: prospektiv, Verantwortung, allgemeine",2201,52341
ZA6832_tracking0923,e0104,"Wirtschaftliche Lage: retrospektiv (kurzfristig), allgemeine",2220,52341
ZA6832_tracking0923,e0105,"Wirtschaftliche Lage: retrospektiv (kurzfristig), Verantwortlichkeit, allgemeine",2198,52341
ZA6832_tracking0923,e0106,"Wirtschaftliche Lage: retrospektiv (kurzfristig), eigene",2222,52341
ZA6832_tracking0923,e0107,"Wirtschaftliche Lage: retrospektiv (kurzfristig), Verantwortlichkeit, eigene",2201,52341
ZA6832_tracking0923,e0108,"Wirtschaftliche Lage: aktuell, allgemeine, Region",38796,52341
ZA6832_tracking0923,e0109,Persoenliche Netzwerke: Netzwerkgroesse,25967,52341
ZA6832_tracking0923,e0110,Persoenliche Netzwerke: Haeufigkeit politische Gespraeche,51944,52341
ZA6832_tracking0923,e0111a,"Psychologische Konzepte: Emotionen, Angst, derzeitige Wirtschaftslage",33810,52341
ZA6832_tracking0923,e0111b,"Psychologische Konzepte: Emotionen, Angst, Kernenergie",6423,52341
ZA6832_tracking0923,e0111c,"Psychologische Konzepte: Emotionen, Angst, globale Klimaerwaermung",33820,52341
ZA6832_tracking0923,e0111d,"Psychologische Konzepte: Emotionen, Angst, internationaler Terrorismus",34847,52341
ZA6832_tracking0923,e0111e,"Psychologische Konzepte: Emotionen, Angst, Konflikt Ukraine",1022,52341
ZA6832_tracking0923,e0111f,"Psychologische Konzepte: Emotionen, Angst, Zuzug von Auslaender:innen",27428,52341
ZA6832_tracking0923,e0111g,"Psychologische Konzepte: Emotionen, Angst, Globalisierung",23242,52341
ZA6832_tracking0923,e0111h,"Psychologische Konzepte: Emotionen, Angst, Entwicklung Tuerkei",6192,52341
ZA6832_tracking0923,e0111i,"Psychologische Konzepte: Emotionen, Angst, Opfer eines Verbrechens werden",21318,52341
ZA6832_tracking0923,e0111j,"Psychologische Konzepte: Emotionen, Angst, Praesident Donald Trump",5178,52341
ZA6832_tracking0923,e0111k,"Psychologische Konzepte: Emotionen, Angst, Zustand Europaeische Union",24339,52341
ZA6832_tracking0923,e0111l,"Psychologische Konzepte: Emotionen, Angst, Aussenpolitik Russland",3161,52341
ZA6832_tracking0923,e0111m,"Psychologische Konzepte: Emotionen, Angst, Zuspruch fuer populistische Parteien",17049,52341
ZA6832_tracking0923,e0111n,"Psychologische Konzepte: Emotionen, Angst, Corona-Krise",10475,52341
ZA6832_tracking0923,e0111o,"Psychologische Konzepte: Emotionen, Angst, Angriff RUS auf UKR",3339,52341
ZA6832_tracking0923,e0111p,"Psychologische Konzepte: Emotionen, Angst, Engpass in der Gasversorgung",3341,52341
ZA6832_tracking0923,e0111q,"Psychologische Konzepte: Emotionen, Angst, steigende Preise",3346,52341
ZA6832_tracking0923,e0112,"Psychologische Konzepte: Vertrauen, allgemein",33939,52341
ZA6832_tracking0923,e0113a,"Einstellungen: Issuebatterie, Anpassung an deutsche Kultur",35053,52341
ZA6832_tracking0923,e0113b,"Einstellungen: Issuebatterie, gesetzl. verankerte Frauenquote fuer Aufsichtraete",27383,52341
ZA6832_tracking0923,e0113c,"Einstellungen: Issuebatterie, Staat aus Wirtschaft heraushalten",34215,52341
ZA6832_tracking0923,e0113d,"Einstellungen: Issuebatterie, Einkommensunterschiede verringern",34694,52341
ZA6832_tracking0923,e0113e,"Einstellungen: Issuebatterie, EU-Staaten finanz. Unterstuetzen",34515,52341
ZA6832_tracking0923,e0113f,"Einstellungen: Issuebatterie, Volksentscheid auf Bundesebene",33725,52341
ZA6832_tracking0923,e0113g,"Einstellungen: Issuebatterie, Energieversorgung durch AK sichern",34076,52341
ZA6832_tracking0923,e0113h,"Einstellungen: Issuebatterie, Ehe fuer gleichgeschlechtliche Paare",27262,52341
ZA6832_tracking0923,e0113i,"Einstellungen: Issuebatterie, Besserverdienende mehr Steuern bezahlen",34577,52341
ZA6832_tracking0923,e0113j,"Einstellungen: Issuebatterie, gemeinnuetzige Arbeit fuer staatl. Unterstuetzung",32680,52341
ZA6832_tracking0923,e0113k,"Einstellungen: Issuebatterie, Bekaempfung Klimawandel auch wenn es Wirtschaft sc",1003,52341
ZA6832_tracking0923,e0113l,"Einstellungen: Issuebatterie, staerker an Geboten Gottes orientieren",33508,52341
ZA6832_tracking0923,e0113m,"Einstellungen: Issuebatterie, Berufsgruppen nur in eingeschraenktem Masse streik",990,52341
ZA6832_tracking0923,e0113n,"Einstellungen: Issuebatterie, Internet staerker kontrollieren",29520,52341
ZA6832_tracking0923,e0113o,"Einstellungen: Issuebatterie, D-Mark wieder einfuehren",31117,52341
ZA6832_tracking0923,e0113p,"Einstellungen: Issuebatterie, einseitige Diskussion in Medien",21853,52341
ZA6832_tracking0923,e0113q,"Einstellungen: Issuebatterie, gesetzl. verankerte Frauenquote fuer Vorstaende",6942,52341
ZA6832_tracking0923,e0113r,"Einstellungen: Issuebatterie, Ehe nur fuer heterosex. Paare",5944,52341
ZA6832_tracking0923,e0113s,"Einstellungen: Issuebatterie, europaeische Solidaritaet in Krisen",7905,52341
ZA6832_tracking0923,e0113t,"Einstellungen: Issuebatterie, Freiheitsrechte in Notlagen einschraenken",6941,52341
ZA6832_tracking0923,e0113u,"Einstellungen: Issuebatterie, Durchsetzung Menschenrechte",1574,52341
ZA6832_tracking0923,e0113v,"Einstellungen: Issuebatterie, Impfpflicht",3236,52341
ZA6832_tracking0923,e0113w,"Einstellungen: Issuebatterie, NATO Einmarsch RUS in UKR provoziert",2931,52341
ZA6832_tracking0923,e0113x,"Einstellungen: Issuebatterie, freie Wahl Geschlecht",2116,52341
ZA6832_tracking0923,e0113y,"Einstellungen: Issuebatterie, Verbot von Schwangerschaftsabbruechen",2141,52341
ZA6832_tracking0923,e0113z,"Einstellungen: Issuebatterie, Wahlberechtigung bei BTW ab 16",2151,52341
ZA6832_tracking0923,e0113aa,"Einstellungen: Issuebatterie, Waffenlieferungen Ukraine",1043,52341
ZA6832_tracking0923,e0114a,"Einstellungen: Geschlechternormen, Mutter-Kind-Bindung Berufstaetigkeit",5025,52341
ZA6832_tracking0923,e0114b,"Einstellungen: Geschlechternormen, Mann finanz. Sicherheit",5017,52341
ZA6832_tracking0923,e0114c,"Einstellungen: Geschlechternormen, Vaeter Kinderbetreuung",5007,52341
ZA6832_tracking0923,e0114d,"Einstellungen: Geschlechternormen, Aufteilung Care-Arbeiten",5003,52341
ZA6832_tracking0923,e0114e,"Einstellungen: Geschlechternormen, Kinder u3 leiden unter Kita",5017,52341
ZA6832_tracking0923,e0115a,"Einstellungen: Integritaet von Wahlen, faire Praesentationschancen im WK",1686,52341
ZA6832_tracking0923,e0115b,"Einstellungen: Integritaet von Wahlen, BTW korrekt und fair durchgefuehrt",1676,52341
ZA6832_tracking0923,e0115c,"Einstellungen: Integritaet von Wahlen, Briefwahl sicheres Verfahren",1676,52341
ZA6832_tracking0923,e0116a,"Einstellungen: Afghanistan, Verantwortung",1645,52341
ZA6832_tracking0923,e0116b,"Einstellungen: Afghanistan, militaerisches Engagement",1619,52341
ZA6832_tracking0923,e0117a,"Einstellungen: Politik und Gesellschaft, pol. Fragen schwer zu verstehen",35575,52341
ZA6832_tracking0923,e0117b,"Einstellungen: Politik und Gesellschaft, Politiker kuemmert, was einf. Leute den",7649,52341
ZA6832_tracking0923,e0117c,"Einstellungen: Politik und Gesellschaft, Parteien wollen nur Stimmen",37309,52341
ZA6832_tracking0923,e0117d,"Einstellungen: Politik und Gesellschaft, Leute wie ich keinen Einfl. auf Regieru",7647,52341
ZA6832_tracking0923,e0117e,"Einstellungen: Politik und Gesellschaft, Probleme zu kompliziert",35095,52341
ZA6832_tracking0923,e0117f,"Einstellungen: Politik und Gesellschaft, Ansicht Politik zu kompliziert",7637,52341
ZA6832_tracking0923,e0117g,"Einstellungen: Politik und Gesellschaft, Sozialismus gute Idee",34901,52341
ZA6832_tracking0923,e0117h,"Einstellungen: Politik und Gesellschaft, Waehlen ist Buergerpflicht",35675,52341
ZA6832_tracking0923,e0117i,"Einstellungen: Politik und Gesellschaft, Buerger kaum Moeglichk. der Einflussnah",7634,52341
ZA6832_tracking0923,e0117j,"Einstellungen: Politik und Gesellschaft, Unuebersichtlichkeit der Welt",34815,52341
ZA6832_tracking0923,e0117k,"Einstellungen: Politik und Gesellschaft, Wichtige pol. Fragen kann ich gut verst",2006,52341
ZA6832_tracking0923,e0117l,"Einstellungen: Politik und Gesellschaft, Pol. kein Kontakt zur Bevoelkerung",977,52341
ZA6832_tracking0923,e0117m,"Einstellungen: Politik und Gesellschaft, Bundestagsabg. suchen Kontakt z. Bev.",1998,52341
ZA6832_tracking0923,e0117n,"Einstellungen: Politik und Gesellschaft, Aktive Rolle in politischer Runde moegl",2004,52341
ZA6832_tracking0923,e0117o,"Einstellungen: Politik und Gesellschaft, keine Beteiligung an pol. Gespraechen",983,52341
ZA6832_tracking0923,e0118a,Einstellungen zu DIE LINKE (SED-Vergangenheit),844,52341
ZA6832_tracking0923,e0118b,Einstellungen zu DIE LINKE (Ministerpraesidenten),869,52341
ZA6832_tracking0923,e0118c,Einstellungen zu DIE LINKE (Landesregierung),897,52341
ZA6832_tracking0923,e0119a,Einstellungen zu Islamischer Staat (IS) (aktuelle politische Lage bedrohlich),990,52341
ZA6832_tracking0923,e0119b,Einstellungen zu Islamischer Staat (IS) (IS ist eine Bedrohung fuer Deutschland),985,52341
ZA6832_tracking0923,e0119c,Einstellungen zu Islamischer Staat (IS) (IS wird Anschlaege in D. verueben),901,52341
ZA6832_tracking0923,e0119d,Einstellungen zu Islamischer Staat (IS) (BRD mehr Einsatz gegen IS),7824,52341
ZA6832_tracking0923,e0120b,"Positionsissue: Steuern vs. Sozialleistungen, CDU",22432,52341
ZA6832_tracking0923,e0120c,"Positionsissue: Steuern vs. Sozialleistungen, CSU",21954,52341
ZA6832_tracking0923,e0120d,"Positionsissue: Steuern vs. Sozialleistungen, SPD",22324,52341
ZA6832_tracking0923,e0120e,"Positionsissue: Steuern vs. Sozialleistungen, FDP",21064,52341
ZA6832_tracking0923,e0120f,"Positionsissue: Steuern vs. Sozialleistungen, GRUENE",21079,52341
ZA6832_tracking0923,e0120g,"Positionsissue: Steuern vs. Sozialleistungen, DIE LINKE",20982,52341
ZA6832_tracking0923,e0120h,"Positionsissue: Steuern vs. Sozialleistungen, AfD",15243,52341
ZA6832_tracking0923,e0120j,"Positionsissue: Steuern vs. Sozialleistungen, PIRATEN",1647,52341
ZA6832_tracking0923,e0121,"Positionsissue: Steuern vs. Sozialleistungen, Ego",29390,52341
ZA6832_tracking0923,e0122,"Positionsissue: Steuern vs. Sozialleistungen, Salienz",29776,52341
ZA6832_tracking0923,e0123b,"Positionsissue: Zuwanderung, CDU",28911,52341
ZA6832_tracking0923,e0123c,"Positionsissue: Zuwanderung, CSU",28630,52341
ZA6832_tracking0923,e0123d,"Positionsissue: Zuwanderung, SPD",28419,52341
ZA6832_tracking0923,e0123e,"Positionsissue: Zuwanderung, FDP",26336,52341
ZA6832_tracking0923,e0123f,"Positionsissue: Zuwanderung, GRUENE",27666,52341
ZA6832_tracking0923,e0123g,"Positionsissue: Zuwanderung, DIE LINKE",27373,52341
ZA6832_tracking0923,e0123h,"Positionsissue: Zuwanderung, AfD",25055,52341
ZA6832_tracking0923,e0123j,"Positionsissue: Zuwanderung, PIRATEN",1630,52341
ZA6832_tracking0923,e0124,"Positionsissue: Zuwanderung, Ego",35398,52341
ZA6832_tracking0923,e0125,"Positionsissue: Zuwanderung, Salienz",34845,52341
ZA6832_tracking0923,e0126b,"Positionsissue: Kernenergie, CDU",4813,52341
ZA6832_tracking0923,e0126c,Positionsissue: Kernenergie CSU,4711,52341
ZA6832_tracking0923,e0126d,"Positionsissue: Kernenergie, SPD",4700,52341
ZA6832_tracking0923,e0126e,"Positionsissue: Kernenergie, FDP",4526,52341
ZA6832_tracking0923,e0126f,"Positionsissue: Kernenergie, GRUENE",4953,52341
ZA6832_tracking0923,e0126g,"Positionsissue: Kernenergie, DIE LINKE",4197,52341
ZA6832_tracking0923,e0126j,"Positionsissue: Kernenergie, PIRATEN",415,52341
ZA6832_tracking0923,e0127,"Positionsissue: Kernenergie, Ego",5627,52341
ZA6832_tracking0923,e0128,"Positionsissue: Kernenergie, Salienz",6011,52341
ZA6832_tracking0923,e0129b_1,"Positionsissue: Klimawandel, CDU",769,52341
ZA6832_tracking0923,e0129b_2,"Positionsissue: Klimawandel, CDU",18081,52341
ZA6832_tracking0923,e0129c_1,"Positionsissue: Klimawandel, CSU",756,52341
ZA6832_tracking0923,e0129c_2,"Positionsissue: Klimawandel, CSU",17752,52341
ZA6832_tracking0923,e0129d_1,"Positionsissue: Klimawandel, SPD",754,52341
ZA6832_tracking0923,e0129d_2,"Positionsissue: Klimawandel, SPD",17763,52341
ZA6832_tracking0923,e0129e_1,"Positionsissue: Klimawandel, FDP",733,52341
ZA6832_tracking0923,e0129e_2,"Positionsissue: Klimawandel, FDP",16753,52341
ZA6832_tracking0923,e0129f_1,"Positionsissue: Klimawandel, GRUENE",772,52341
ZA6832_tracking0923,e0129f_2,"Positionsissue: Klimawandel, GRUENE",18610,52341
ZA6832_tracking0923,e0129g_1,"Positionsissue: Klimawandel, DIE LINKE",641,52341
ZA6832_tracking0923,e0129g_2,"Positionsissue: Klimawandel, DIE LINKE",16224,52341
ZA6832_tracking0923,e0129h_1,"Positionsissue: Klimawandel, AfD",265,52341
ZA6832_tracking0923,e0129h_2,"Positionsissue: Klimawandel, AfD",14397,52341
ZA6832_tracking0923,e0129j_1,"Positionsissue: Klimawandel, PIRATEN",377,52341
ZA6832_tracking0923,e0129j_2,"Positionsissue: Klimawandel, PIRATEN",884,52341
ZA6832_tracking0923,e0130_1,"Positionsissue: Klimawandel, Ego",977,52341
ZA6832_tracking0923,e0130_2,"Positionsissue: Klimawandel, Ego",25262,52341
ZA6832_tracking0923,e0131_1,"Positionsissue: Klimawandel, Salienz",1033,52341
ZA6832_tracking0923,e0131_2,"Positionsissue: Klimawandel, Salienz",24870,52341
ZA6832_tracking0923,e0132,"Possitionsissue: Klimawandel, Nahestehende Partei (Version B)",1616,52341
ZA6832_tracking0923,e0133b,"Positionsissue: Geschlechtergleichstellung, CDU",4557,52341
ZA6832_tracking0923,e0133c,"Positionsissue: Geschlechtergleichstellung, CSU",4494,52341
ZA6832_tracking0923,e0133d,"Positionsissue: Geschlechtergleichstellung, SPD",4581,52341
ZA6832_tracking0923,e0133e,"Positionsissue: Geschlechtergleichstellung, FDP",4396,52341
ZA6832_tracking0923,e0133f,"Positionsissue: Geschlechtergleichstellung, GRUENE",4550,52341
ZA6832_tracking0923,e0133g,"Positionsissue: Geschlechtergleichstellung, DIE LINKE",4300,52341
ZA6832_tracking0923,e0133h,"Positionsissue: Geschlechtergleichstellung, AfD",4244,52341
ZA6832_tracking0923,e0134,"Positionsissue: Geschlechtergleichstellung, Ego",5635,52341
ZA6832_tracking0923,e0135,"Positionsissue: Geschlechtergleichstellung, Salienz",6116,52341
ZA6832_tracking0923,e0136,"Positionsissue: Globalisierung, Ego",17648,52341
ZA6832_tracking0923,e0137b,"Positionsissue: Internetfreiheit, CDU",1520,52341
ZA6832_tracking0923,e0137c,"Positionsissue: Internetfreiheit, CSU",1469,52341
ZA6832_tracking0923,e0137d,"Positionsissue: Internetfreiheit, SPD",1471,52341
ZA6832_tracking0923,e0137e,"Positionsissue: Internetfreiheit, FDP",1399,52341
ZA6832_tracking0923,e0137f,"Positionsissue: Internetfreiheit, GRUENE",1358,52341
ZA6832_tracking0923,e0137g,"Positionsissue: Internetfreiheit, DIE LINKE",1240,52341
ZA6832_tracking0923,e0137h,"Positionsissue: Internetfreiheit, AfD",300,52341
ZA6832_tracking0923,e0137j,"Positionsissue: Internetfreiheit, PIRATEN",1415,52341
ZA6832_tracking0923,e0138,"Positionsissue: Internetfreiheit, Ego",2985,52341
ZA6832_tracking0923,e0139,"Positionsissue: Internetfreiheit, Salienz",2020,52341
ZA6832_tracking0923,e0140,Positionsissue: Euro-Rettung,1963,52341
ZA6832_tracking0923,e0141b,"Positionsissue: Vielfalt vs. Tradition, CDU",2046,52341
ZA6832_tracking0923,e0141c,"Positionsissue: Vielfalt vs. Tradition, CSU",2030,52341
ZA6832_tracking0923,e0141d,"Positionsissue: Vielfalt vs. Tradition, SPD",2022,52341
ZA6832_tracking0923,e0141e,"Positionsissue: Vielfalt vs. Tradition, FDP",1948,52341
ZA6832_tracking0923,e0141f,"Positionsissue: Vielfalt vs. Tradition, GRUENE",1995,52341
ZA6832_tracking0923,e0141g,"Positionsissue: Vielfalt vs. Tradition, DIE LINKE",1926,52341
ZA6832_tracking0923,e0141h,"Positionsissue: Vielfalt vs. Tradition, AfD",1956,52341
ZA6832_tracking0923,e0142,"Positionsissue: Vielfalt vs. Tradition, Ego",5563,52341
ZA6832_tracking0923,e0143,"Positionsissue: Vielfalt vs. Tradition, Salienz",2782,52341
ZA6832_tracking0923,e0144,"Positionsissue: Corona-Massnahmen, Ego",4741,52341
ZA6832_tracking0923,e0145b,"Positionsissue: Europa, CDU",840,52341
ZA6832_tracking0923,e0145c,"Positionsissue: Europa, CSU",818,52341
ZA6832_tracking0923,e0145d,"Positionsissue: Europa, SPD",818,52341
ZA6832_tracking0923,e0145e,"Positionsissue: Europa, FDP",774,52341
ZA6832_tracking0923,e0145f,"Positionsissue: Europa, GRUENE",790,52341
ZA6832_tracking0923,e0145g,"Positionsissue: Europa, DIE LINKE",765,52341
ZA6832_tracking0923,e0145h,"Positionsissue: Europa, AfD",810,52341
ZA6832_tracking0923,e0146,"Positionsissue: Europa, Ego",968,52341
ZA6832_tracking0923,e0147,"Positionsissue: Europa, Salienz",1096,52341
ZA6832_tracking0923,e0148a,"Unterstuetzung: Organisationen, Gewerkschaften",22047,52341
ZA6832_tracking0923,e0148b,"Unterstuetzung: Organisationen, Unternehmer-/Arbeitgeberverband",21837,52341
ZA6832_tracking0923,e0148c,"Unterstuetzung: Organisationen, Berufsvereinigung/-verband",21777,52341
ZA6832_tracking0923,e0148d,"Unterstuetzung: Organisationen, Bauern- bzw. Landwirtschaftsverband",21801,52341
ZA6832_tracking0923,e0148e,"Unterstuetzung: Organisationen, religioese/kirchliche Gruppen",21950,52341
ZA6832_tracking0923,e0148g,"Unterstuetzung: Organisationen, Umweltschutzgruppen",21908,52341
ZA6832_tracking0923,e0148h,"Unterstuetzung: Organisationen, globalisierungskritische Gruppen",21833,52341
ZA6832_tracking0923,e0148i,"Unterstuetzung: Organisationen, Frauenorganisationen",21845,52341
ZA6832_tracking0923,e0148j,"Unterstuetzung: Organisationen, islamkritische Gruppen",21912,52341
ZA6832_tracking0923,e0148x,"Unterstuetzung: Organisationen, europafreundl. Gruppen",16787,52341
ZA6832_tracking0923,e0148y,"Unterstuetzung: Organisationen, Gegner:innen Corona-Massnahmen",7126,52341
ZA6832_tracking0923,e0149a,Wertebatterie (sich selbst verwirklichen),11484,52341
ZA6832_tracking0923,e0149b,Wertebatterie (Fleiss und Leistung zeigen),11490,52341
ZA6832_tracking0923,e0149c,Wertebatterie (fuereinander Verantwortung tragen),11495,52341
ZA6832_tracking0923,e0149d,Wertebatterie (sich an Regeln halten),11479,52341
ZA6832_tracking0923,e0149e,Wertebatterie (selbstbewusst und kritisch sind),11452,52341
ZA6832_tracking0923,e0149f,"Wertebatterie (tun und lassen koennen, was sie wollen)",11456,52341
ZA6832_tracking0923,e0149g,Wertebatterie (in wirtschaftlicher Sicherheit und Wohlstand leben),11467,52341
ZA6832_tracking0923,e0149h,Wertebatterie (sich politisch beteiligen),11432,52341
ZA6832_tracking0923,e0150a,"Politisches Interesse, Bund - Land - Europa: Bund",2242,52341
ZA6832_tracking0923,e0150b,"Politisches Interesse, Bund - Land - Europa: Land",2259,52341
ZA6832_tracking0923,e0150c,"Politisches Interesse, Bund - Land - Europa: Europa",2229,52341
ZA6832_tracking0923,e0151,"Demokratiezufriedenheit, Europa",3239,52341
ZA6832_tracking0923,e0152,Einfluss Europa auf dt. Politik,5143,52341
ZA6832_tracking0923,e0153a,"Wichtigkeit der Wahlebene, Europa (Landespolitik)",769,52341
ZA6832_tracking0923,e0153b,"Wichtigkeit der Wahlebene, Europa (Bundespolitik)",769,52341
ZA6832_tracking0923,e0153c,"Wichtigkeit der Wahlebene, Europa (Europapolitik)",767,52341
ZA6832_tracking0923,e0154,"Gespraeche ueber Politik, Europa",776,52341
ZA6832_tracking0923,e0155,"Gespraechspartner 1, Beziehung, Europa, eine Person",61,52341
ZA6832_tracking0923,e0156,"Gespraechspartner 1, Beziehung, Europa, mehrere Personen",527,52341
ZA6832_tracking0923,e0157,"Gespraechspartner 1, Intensitaet, Europa",582,52341
ZA6832_tracking0923,e0158,"Gespraechspartner 1, Meinungsverschiedenheit, Europa",586,52341
ZA6832_tracking0923,e0159,"Gespraechspartner 1, Verstaendnis von Politik, Europa",588,52341
ZA6832_tracking0923,e0160,"Gespraechspartner 1, Wahlentscheidung, Europa (Version B)",381,52341
ZA6832_tracking0923,e0161a,Aussagen zum Euro (Der Euro bleibt auch in Zukunft eine stabile Waehrung.),5048,52341
ZA6832_tracking0923,e0161b,Aussagen zum Euro (Ausschluss ueberschuldeter Mitgliedstaaten),19595,52341
ZA6832_tracking0923,e0161c,Aussagen zum Euro (EU sollte Spekulation an Finanzmaerkten verhindern),18221,52341
ZA6832_tracking0923,e0161d,Aussagen zum Euro (Hilfspakete wehren Gefahren fuer die Stabilitaet des Euros ab,4825,52341
ZA6832_tracking0923,e0161e,Aussagen zum Euro (Euro wird zukuenftig gegenueber dem Dollar an Wert verlieren),3798,52341
ZA6832_tracking0923,e0161f,Aussagen zum Euro (Schutzschirm wird Spekulationen gegen den Euro bald beenden),3567,52341
ZA6832_tracking0923,e0161g,Aussagen zum Euro (Die Einfuehrung des Euro ist bisher ein grosser Erfolg.),5167,52341
ZA6832_tracking0923,e0161h,Aussagen zum Euro (Euro wird auch in Zukunft bestehen),14666,52341
ZA6832_tracking0923,e0161i,Aussagen zum Euro (Deutschland sollte die D-Mark wieder einfuehren.),2951,52341
ZA6832_tracking0923,e0161j,Aussagen zum Euro (EU sollte sich anstrengen Griechenland zu behalten),957,52341
ZA6832_tracking0923,e0162a,"EU, Aussagen (Die EU braucht eine gemeinsame Aussen- und Sicherheitspolitik.)",7876,52341
ZA6832_tracking0923,e0162b,"EU, Aussagen (EU-Buerger sollten ueber EU-Vertraege abstimmen koennen)",7932,52341
ZA6832_tracking0923,e0162c,"EU, Aussagen (Die Regionen Europas sollen ihre Eigenstaendigkeit bewahren.)",7922,52341
ZA6832_tracking0923,e0162d,"EU, Aussagen (Der Euro sollte in allen EU-Staaten eingefuehrt werden.)",2991,52341
ZA6832_tracking0923,e0162e,"EU, Aussagen (Osterweiterung bewirkte Aufschwung in Deutschland)",7442,52341
ZA6832_tracking0923,e0162f,"EU, Aussagen (EU-Bestimmungen schwaechen soziale Sicherheit in Deutschland)",7472,52341
ZA6832_tracking0923,e0162g,"EU, Aussagen (Osterweiterung gefaehrdete Arbeitsplatzsicherheit in Deutschland)",7740,52341
ZA6832_tracking0923,e0162h,"EU, Aussagen (Osterweiterung fuehrte zu Kriminalitaetsanstieg in Deutschland)",7585,52341
ZA6832_tracking0923,e0162i,"EU, Aussagen (Die EU kann bei der Bewaeltigung von Wirtschaftskrisen helfen.)",7875,52341
ZA6832_tracking0923,e0162j,"EU, Aussagen (Mitgliedsstaaten sollten EU verlassen koennen)",7832,52341
ZA6832_tracking0923,e0162k,"EU, Aussagen (EU soll Staerke u. Geschlossenheit in Brexit-Verhandlungen zeigen)",1024,52341
ZA6832_tracking0923,e0163b,EU-Krise: Zufriedenheit mit Bekaempfung (CDU),1995,52341
ZA6832_tracking0923,e0163c,EU-Krise: Zufriedenheit mit Bekaempfung (CSU),1977,52341
ZA6832_tracking0923,e0163d,EU-Krise: Zufriedenheit mit Bekaempfung (SPD),1976,52341
ZA6832_tracking0923,e0163e,EU-Krise: Zufriedenheit mit Bekaempfung (FDP),1975,52341
ZA6832_tracking0923,e0163f,EU-Krise: Zufriedenheit mit Bekaempfung (GRUENE),1973,52341
ZA6832_tracking0923,e0163g,EU-Krise: Zufriedenheit mit Bekaempfung (DIE LINKE),1968,52341
ZA6832_tracking0923,e0163j,EU-Krise: Zufriedenheit mit Bekaempfung (PIRATEN),1943,52341
ZA6832_tracking0923,e0164a,"EU-Austritt, Massnahmen (EU sollte sich anstrengen GB zu behalten)",1881,52341
ZA6832_tracking0923,e0164b,"EU-Austritt, Massnahmen (EU sollte sich anstrengen Griechenland zu behalten)",1911,52341
ZA6832_tracking0923,e0165a,"EU-Krise, Einstellung",2040,52341
ZA6832_tracking0923,e0165b,"Schuldenkrise, Beteiligung",2004,52341
ZA6832_tracking0923,e0166,"EU-Krise, Information",2958,52341
ZA6832_tracking0923,e0167,"EU, Mitgliedschaft",10045,52341
ZA6832_tracking0923,e0168,"EU, Meinung",7038,52341
ZA6832_tracking0923,e0169,Volksentscheid EU-Beitritt,7428,52341
ZA6832_tracking0923,e0170,Einfluss des EP auf dt. Politik,2261,52341
ZA6832_tracking0923,e0171,"Vertrauen, EU-Entscheidungen",3263,52341
ZA6832_tracking0923,e0172a,"Vertrauen, Institutionen (Europaeische Kommission)",7103,52341
ZA6832_tracking0923,e0172b,"Vertrauen, Institutionen (Europaeischer Gerichtshof)",7731,52341
ZA6832_tracking0923,e0172c,"Vertrauen, Institutionen (Europaeischer Gerichtshof fuer Menschenrechte)",7729,52341
ZA6832_tracking0923,e0172d,"Vertrauen, Institutionen (Europaeisches Parlament)",8632,52341
ZA6832_tracking0923,e0172e,"Vertrauen, Institutionen (Europaeische Zentralbank)",8714,52341
ZA6832_tracking0923,e0172f,"Vertrauen, Institutionen (Ministerrat der EU)",6631,52341
ZA6832_tracking0923,e0172g,"Vertrauen, Institutionen (Europaeischer Rat)",6714,52341
ZA6832_tracking0923,e0172h,"Vertrauen, Institutionen (Ausschuss der Regionen)",5429,52341
ZA6832_tracking0923,e0172i,"Vertrauen, Institutionen (Bundesverfassungsgericht)",10040,52341
ZA6832_tracking0923,e0172j,"Vertrauen, Institutionen (Bundestag)",10026,52341
ZA6832_tracking0923,e0172k,"Vertrauen, Institutionen (Bundesregierung)",10051,52341
ZA6832_tracking0923,e0172l,"Vertrauen, Institutionen (Bundesrat)",7988,52341
ZA6832_tracking0923,e0172m,"Vertrauen, Institutionen (Deutsche Bundesbank)",8038,52341
ZA6832_tracking0923,e0172n,"Vertrauen, Institutionen (Landesregierung)",9023,52341
ZA6832_tracking0923,e0172o,"Vertrauen, Institutionen (Landesparlament)",8856,52341
ZA6832_tracking0923,e0172p,"Vertrauen, Institutionen (Landesbanken)",7959,52341
ZA6832_tracking0923,e0173a,"Vertrauen, Politiker (Europapolitiker/innen)",3547,52341
ZA6832_tracking0923,e0173b,"Vertrauen, Politiker (Bundespolitiker/innen)",4733,52341
ZA6832_tracking0923,e0173c,"Vertrauen, Politiker (Landespolitiker/innen)",3757,52341
ZA6832_tracking0923,e0174a,"Verbundenheit Batterie (Gemeinde, in der Sie leben)",8405,52341
ZA6832_tracking0923,e0174b,"Verbundenheit Batterie (Region, in der Sie leben)",8377,52341
ZA6832_tracking0923,e0174c,"Verbundenheit Batterie (Bundesland, in dem Sie leben)",8371,52341
ZA6832_tracking0923,e0174d,Verbundenheit Batterie (Westdeutschland),8319,52341
ZA6832_tracking0923,e0174e,Verbundenheit Batterie (Ostdeutschland),8240,52341
ZA6832_tracking0923,e0174f,Verbundenheit Batterie (Deutschland insgesamt),8362,52341
ZA6832_tracking0923,e0174g,Verbundenheit Batterie (Europaeische Union),8352,52341
ZA6832_tracking0923,e0174h,Verbundenheit Batterie (Europa insgesamt),8366,52341
ZA6832_tracking0923,e0175,EU-Krise im Vergleich,4063,52341
ZA6832_tracking0923,e0176,"Wirtschaft, Vergleich",3276,52341
ZA6832_tracking0923,e0177a,"Finanz-/Wirtschaftskrise, Auss. (Bekaempf. Wirtschaftskrise ist Expertenaufgabe)",8277,52341
ZA6832_tracking0923,e0177b,"Finanz-/Wirtschaftskrise, Auss. (Ersparnisse in BRD sind immer sicher)",8266,52341
ZA6832_tracking0923,e0177c,"Finanz-/Wirtschaftskrise, Auss. (Der schlimmste Teil der Krise steht noch bevor)",1110,52341
ZA6832_tracking0923,e0177d,"Finanz-/Wirtschaftskrise, Auss. (Staat muss Banken vor Insolvenz retten)",8259,52341
ZA6832_tracking0923,e0177e,"Finanz-/Wirtschaftskrise, Auss. (Staat muss gr. Unternehmen retten)",8272,52341
ZA6832_tracking0923,e0177f,"Finanz-/Wirtschaftskrise, Auss. (Staat sollte in Krise an Unterneh. beteiligen)",8261,52341
ZA6832_tracking0923,e0177g,"Finanz-/Wirtschaftskrise, Auss. (Krisenbekaempfung hat Prioritaet)",8246,52341
ZA6832_tracking0923,e0177h,"Finanz-/Wirtschaftskrise, Auss. (Krisenkosten traegt der Steuerzahler)",8274,52341
ZA6832_tracking0923,e0177i,"Finanz-/Wirtschaftskrise, Auss. (Opposition sollte Reg. in Krise unterstuetzen)",8262,52341
ZA6832_tracking0923,e0177j,"Finanz-/Wirtschaftskrise, Auss. (Unfair nur gr. Unternehmen zu retten)",8258,52341
ZA6832_tracking0923,e0177k,"Finanz-/Wirtschaftskrise, Auss. (Der Euro ist nicht mehr stabil)",2215,52341
ZA6832_tracking0923,e0177l,"Finanz-/Wirtschaftskrise, Auss. (D. ist Opfer von Fehlern in den USA)",1105,52341
ZA6832_tracking0923,e0178,"Rolle des Staates in der Wirtschaft, Nahestehende Partei (Version B)",4822,52341
ZA6832_tracking0923,e0179,"Rolle des Staates in der Wirtschaft, Ego",6746,52341
ZA6832_tracking0923,e0180,"Rolle des Staates in der Wirtschaft, Salienz",7287,52341
ZA6832_tracking0923,e0181,"Schuldenaufnahme des Staates, Nahestehende Partei (Version B)",3894,52341
ZA6832_tracking0923,e0182,"Schuldenaufnahme des Staates, Ego",5896,52341
ZA6832_tracking0923,e0183,"Schuldenaufnahme des Staates, Salienz",6261,52341
ZA6832_tracking0923,e0184,"Leistungen, letzte Regierung, Wirtschaftspolitik",2228,52341
ZA6832_tracking0923,e0185a,"Schuld Wirtschaftskrise, Nachfrage: 1. Codierung",563,52341
ZA6832_tracking0923,e0185b,"Schuld Wirtschaftskrise, Nachfrage: 2. Codierung",0,52341
ZA6832_tracking0923,e0186a,Schuld Wirtschaftskrise: 1. Nennung: 1. Codierung,921,52341
ZA6832_tracking0923,e0186b,Schuld Wirtschaftskrise: 1. Nennung: 2. Codierung,89,52341
ZA6832_tracking0923,e0187a,Schuld Wirtschaftskrise: 2. Nennung: 1. Codierung,570,52341
ZA6832_tracking0923,e0187b,Schuld Wirtschaftskrise: 2. Nennung: 2. Codierung,28,52341
ZA6832_tracking0923,e0188a,Schuld Wirtschaftskrise: 3. Nennung: 1. Codierung,316,52341
ZA6832_tracking0923,e0188b,Schuld Wirtschaftskrise: 3. Nennung: 2. Codierung,21,52341
ZA6832_tracking0923,e0189a,Schuld Wirtschaftskrise: 4. Nennung: 1. Codierung,157,52341
ZA6832_tracking0923,e0189b,Schuld Wirtschaftskrise: 4. Nennung: 2. Codierung,20,52341
ZA6832_tracking0923,e0190,Bekaempfung der Wirtschaftskrise: Zufriedenheit mit Bundesregierung,1145,52341
ZA6832_tracking0923,e0190b,"Bekaempfung der Wirtschaftskrise, Zufriedenheit mit Parteien: CDU",2220,52341
ZA6832_tracking0923,e0190ba,Bekaempfung der Wirtschaftskrise: Zufriedenheit mit Angela Merkel,1135,52341
ZA6832_tracking0923,e0190c,"Bekaempfung der Wirtschaftskrise, Zufriedenheit mit Parteien: CSU",2212,52341
ZA6832_tracking0923,e0190cc,Bekaempfung der Wirtschaftskrise: Zufriedenheit mit Karl-Theodor zu Guttenberg,1084,52341
ZA6832_tracking0923,e0190d,"Bekaempfung der Wirtschaftskrise, Zufriedenheit mit Parteien: SPD",2207,52341
ZA6832_tracking0923,e0190da,Bekaempfung der Wirtschaftskrise: Zufriedenheit mit Peer Steinbrueck,1094,52341
ZA6832_tracking0923,e0190dc,Bekaempfung der Wirtschaftskrise: Zufriedenheit mit Frank-Walter Steinmeier,1119,52341
ZA6832_tracking0923,e0190e,"Bekaempfung der Wirtschaftskrise, Zufriedenheit mit Parteien: FDP",2208,52341
ZA6832_tracking0923,e0190f,"Bekaempfung der Wirtschaftskrise, Zufr. mit Parteien: GRUENE",2204,52341
ZA6832_tracking0923,e0190g,"Bekaempfung der Wirtschaftskrise, Zufriedenheit mit Parteien: DIE LINKE",2210,52341
ZA6832_tracking0923,e0191aa,Loesung Finanz- und Wirtschaftskrise: 1. Nennung: 1. Codierung,781,52341
ZA6832_tracking0923,e0191ab,Loesung Finanz- und Wirtschaftskrise: 1. Nennung: 2. Codierung,40,52341
ZA6832_tracking0923,e0191ba,Loesung Finanz- und Wirtschaftskrise: 2. Nennung: 1. Codierung,368,52341
ZA6832_tracking0923,e0191bb,Loesung Finanz- und Wirtschaftskrise: 2. Nennung: 2. Codierung,4,52341
ZA6832_tracking0923,e0191ca,Loesung Finanz- und Wirtschaftskrise: 3. Nennung: 1. Codierung,187,52341
ZA6832_tracking0923,e0191cb,Loesung Finanz- und Wirtschaftskrise: 3. Nennung: 2. Codierung,6,52341
ZA6832_tracking0923,e0191da,Loesung Finanz- und Wirtschaftskrise: 4. Nennung: 1. Codierung,76,52341
ZA6832_tracking0923,e0191db,Loesung Finanz- und Wirtschaftskrise: 4. Nennung: 2. Codierung,0,52341
ZA6832_tracking0923,e0192a,"Loesung Finanz- und Wirtschaftskrise, Nachfrage: 1. Codierung",364,52341
ZA6832_tracking0923,e0192b,"Loesung Finanz- und Wirtschaftskrise, Nachfrage: 2. Codierung",0,52341
ZA6832_tracking0923,e0193,Bewertung Massnahmen Finanz- und Wirtschaftskrise,1124,52341
ZA6832_tracking0923,e0194,Anschaffungen in der Wirtschaftskrise,2239,52341
ZA6832_tracking0923,e0195_1,Schuldenkrise: Angst,5345,52341
ZA6832_tracking0923,e0195_2,Schuldenkrise: Angst,4977,52341
ZA6832_tracking0923,e0196a,"Schuldenkrise, Hauptschuld (geschlossen)",2745,52341
ZA6832_tracking0923,e0196b,"Schuldenkrise, Hauptschuld (Codierung 1)",60,52341
ZA6832_tracking0923,e0196c,"Schuldenkrise, Hauptschuld (Codierung 2)",12,52341
ZA6832_tracking0923,e0196d,"Schuldenkrise, Hauptschuld (Codierung 3)",6,52341
ZA6832_tracking0923,e0196e,"Schuldenkrise, Hauptschuld (Codierung 4)",2,52341
ZA6832_tracking0923,e0197,"Schuldenkrise, Betroffenheit (Ego)",3000,52341
ZA6832_tracking0923,e0198a_1,"Schuldenkrise Griechenland, Betroffenheit (Deutschland)",2191,52341
ZA6832_tracking0923,e0198a_2,"Schuldenkrise, Betroffenheit (Deutschland)",3131,52341
ZA6832_tracking0923,e0198a_3,"Schuldenkrise, Betroffenheit (Deutschland)",4924,52341
ZA6832_tracking0923,e0198b_1,"Schuldenkrise Griechenland, Betroffenheit (Bundesland)",2117,52341
ZA6832_tracking0923,e0198b_2,"Schuldenkrise, Betroffenheit (Bundesland)",3137,52341
ZA6832_tracking0923,e0198c_1,"Schuldenkrise Griechenland, Betroffenheit (Europa)",2157,52341
ZA6832_tracking0923,e0198c_2,"Schuldenkrise, Betroffenheit (Europa)",3137,52341
ZA6832_tracking0923,e0199,"Schuldenkrise, Beteiligung (Deutschland)",3063,52341
ZA6832_tracking0923,e0200a,"Schuldenkrise, Zufriedenheit (Bundesregierung)",4753,52341
ZA6832_tracking0923,e0200b,"Schuldenkrise, Zufriedenheit (Bundeskanzler)",4749,52341
ZA6832_tracking0923,e0201,"Finanzielle Verluste, Ego",2245,52341
ZA6832_tracking0923,e0202,"Finanzielle Verluste, Ego Nachfrage: 1. Nennung",256,52341
ZA6832_tracking0923,e0203,"Umverteilung, Nahestehende Partei  (Version B)",5112,52341
ZA6832_tracking0923,e0204,"Umverteilung, Ego",7814,52341
ZA6832_tracking0923,e0205,"Umverteilung, Salienz",7287,52341
ZA6832_tracking0923,e0206,"Wirtschaftspolitik, Nahestehende Partei (Version B)",1207,52341
ZA6832_tracking0923,e0207,"Wirtschaftspolitik, Ego",2021,52341
ZA6832_tracking0923,e0208,"Wirtschaftspolitik, Salienz",2229,52341
ZA6832_tracking0923,e0209,"Leistungen, Wirtschaftspolitik",4359,52341
ZA6832_tracking0923,e0210a,Wahrsch. allg. wirtschaftl. Entwickl.: Starker Anstieg der Lebenshaltungskosten,2233,52341
ZA6832_tracking0923,e0210b,Wahrsch. allg. wirtschaftl. Entwickl.: Zusammenbruch des deutschen Finanzsystems,2228,52341
ZA6832_tracking0923,e0210c,Wahrsch. allg. wirtschaftl. Entwickl.: Insolvenz vieler Unternehmen,2234,52341
ZA6832_tracking0923,e0210d,Wahrsch. allg. wirtschaftl. Entwickl.: Anstieg der Zahl der Arbeitslosen,2225,52341
ZA6832_tracking0923,e0210e,Wahrsch. allg. wirtschaftl. Entwickl.: Verstaatl. von Wirtschaftsunternehmen,2226,52341
ZA6832_tracking0923,e0210f,Wahrsch. allg. wirtschaftl. Entwickl.: Starkes Wachstum der Wirtschaft,2228,52341
ZA6832_tracking0923,e0210g,Wahrsch. allg. wirtschaftl. Entwickl.: Leute werden sich mehr leisten koennen,2226,52341
ZA6832_tracking0923,e0210h,Wahrsch. allg. wirtschaftl. Entwickl.: Waehrungskrise des Euros,1111,52341
ZA6832_tracking0923,e0211a,Massnahmen Belebung d. wirtschaftl. Lage: Finanzierung Beschaeftigungsprogramme,2229,52341
ZA6832_tracking0923,e0211b,Massnahmen Belebung d. wirtschaftl. Lage: Gesetzl. Kontrolle Loehne/Gehaelter,2229,52341
ZA6832_tracking0923,e0211c,Massnahmen Belebung d. wirtschaftl. Lage: Kuerzung Staatsausgaben,2233,52341
ZA6832_tracking0923,e0211d,Massnahmen Belebung d. wirtschaftl. Lage: Unterstuetzung der Industrie,2227,52341
ZA6832_tracking0923,e0211e,Massnahmen Belebung d. wirtschaftl. Lage: Unterstuetzung niedergehend. Industrie,2229,52341
ZA6832_tracking0923,e0211f,Massnahmen Belebung d.wirtschaftl.Lage: Weniger Vorschriften Handel/Industrie,2230,52341
ZA6832_tracking0923,e0212a,Zufriedenheit allg. wirtschaftl. Entwickl.: Sicherheit der Arbeitsplaetze,2236,52341
ZA6832_tracking0923,e0212b,Zufriedenheit allg. wirtschaftl. Entwickl.: Preise,2232,52341
ZA6832_tracking0923,e0212c,Zufriedenheit allg. wirtschaftl. Entwickl.: Bruttoeinkommen,2229,52341
ZA6832_tracking0923,e0213,Zufriedenheit mit der Sozialen Marktwirtschaft,2239,52341
ZA6832_tracking0923,e0214,Position Soziale Marktwirtschaft,2208,52341
ZA6832_tracking0923,e0215,Oeffnung des Arbeitsmarktes,1044,52341
ZA6832_tracking0923,e0216,Verantwortlichkeit allg. wirt. Lage (Laender),8384,52341
ZA6832_tracking0923,e0217,Verantwortlichkeit allg. wirt. Lage (EU),8403,52341
ZA6832_tracking0923,e0218,"Kriminalitaet, Nahestehende Partei (Version B)",4718,52341
ZA6832_tracking0923,e0219_1,"Kriminalitaet, Ego",7040,52341
ZA6832_tracking0923,e0219_2,"Kriminalitaet, Ego",967,52341
ZA6832_tracking0923,e0220,"Kriminalitaet, Salienz",7282,52341
ZA6832_tracking0923,e0221,"Integration, Nahestehende Partei (Version B)",5098,52341
ZA6832_tracking0923,e0222,"Integration, Ego",7151,52341
ZA6832_tracking0923,e0223,"Integration, Salienz",7302,52341
ZA6832_tracking0923,e0224a,Gerechtigkeit (Staat sollte Mindestlebensstandard garantieren),8371,52341
ZA6832_tracking0923,e0224b,Gerechtigkeit (Staat sollte Einkommensobergrenze festlegen),8359,52341
ZA6832_tracking0923,e0224c,"Gerechtigkeit (Gerecht, dass Kinder Besserverdienender bessere Ausbildung bek.)",8358,52341
ZA6832_tracking0923,e0224d,"Gerechtigkeit (Gerecht, dass einige Berufe hoeheres Ansehen haben)",8344,52341
ZA6832_tracking0923,e0224e,Gerechtigkeit (Grosse Gewinne von Unternehmen nuetzen allen),8348,52341
ZA6832_tracking0923,e0224f,Gerechtigkeit (Bereitschaft zu mehr Verantwortung nur durch mehr Geld moeglich),8351,52341
ZA6832_tracking0923,e0225a,Gerechtigkeit Verteilungssysteme (Menschen in BRD alle gleiche Chancen),7271,52341
ZA6832_tracking0923,e0225b,Gerechtigkeit Verteilungssysteme (In BRD wird jede Leistung belohnt),7269,52341
ZA6832_tracking0923,e0225c,Gerechtigkeit Verteilungssysteme (In BRD bekommt jeder was er braucht),7265,52341
ZA6832_tracking0923,e0226b,Wissen um Standpunkte: Einfuehrung Mindestlohn: CDU,869,52341
ZA6832_tracking0923,e0226c,Wissen um Standpunkte: Einfuehrung Mindestlohn: CSU,835,52341
ZA6832_tracking0923,e0226d,Wissen um Standpunkte: Einfuehrung Mindestlohn: SPD,881,52341
ZA6832_tracking0923,e0226e,Wissen um Standpunkte: Einfuehrung Mindestlohn: FDP,774,52341
ZA6832_tracking0923,e0226f,Wissen um Standpunkte: Einfuehrung Mindestlohn: GRUENE,755,52341
ZA6832_tracking0923,e0226g,Wissen um Standpunkte: Einfuehrung Mindestlohn: DIE LINKE,800,52341
ZA6832_tracking0923,e0227b,Wissen um Standpunkte: Laufzeit Atomkraftwerke: CDU,909,52341
ZA6832_tracking0923,e0227c,Wissen um Standpunkte: Laufzeit Atomkraftwerke: CSU,871,52341
ZA6832_tracking0923,e0227d,Wissen um Standpunkte: Laufzeit Atomkraftwerke: SPD,882,52341
ZA6832_tracking0923,e0227e,Wissen um Standpunkte: Laufzeit Atomkraftwerke: FDP,797,52341
ZA6832_tracking0923,e0227f,Wissen um Standpunkte: Laufzeit Atomkraftwerke: GRUENE,921,52341
ZA6832_tracking0923,e0227g,Wissen um Standpunkte: Laufzeit Atomkraftwerke: DIE LINKE,718,52341
ZA6832_tracking0923,e0228b,Wissen um Standpunkte: Rentenkuerzungen: CDU,617,52341
ZA6832_tracking0923,e0228c,Wissen um Standpunkte: Rentenkuerzungen: CSU,602,52341
ZA6832_tracking0923,e0228d,Wissen um Standpunkte: Rentenkuerzungen: SPD,616,52341
ZA6832_tracking0923,e0228e,Wissen um Standpunkte: Rentenkuerzungen: FDP,569,52341
ZA6832_tracking0923,e0228f,Wissen um Standpunkte: Rentenkuerzungen: GRUENE,542,52341
ZA6832_tracking0923,e0228g,Wissen um Standpunkte: Rentenkuerzungen: DIE LINKE,563,52341
ZA6832_tracking0923,e0229b,Wissen um Standpunkte: Verbot Online-Durchsuchung: CDU,721,52341
ZA6832_tracking0923,e0229c,Wissen um Standpunkte: Verbot Online-Durchsuchung: CSU,708,52341
ZA6832_tracking0923,e0229d,Wissen um Standpunkte: Verbot Online-Durchsuchung: SPD,676,52341
ZA6832_tracking0923,e0229e,Wissen um Standpunkte: Verbot Online-Durchsuchung: FDP,639,52341
ZA6832_tracking0923,e0229f,Wissen um Standpunkte: Verbot Online-Durchsuchung: GRUENE,648,52341
ZA6832_tracking0923,e0229g,Wissen um Standpunkte: Verbot Online-Durchsuchung: DIE LINKE,623,52341
ZA6832_tracking0923,e0230,"Wissen, Wahlbeteiligung 2009",1031,52341
ZA6832_tracking0923,e0231bb,"Bundesministerien, Wissen: Finanzen  - Wolfgang Schaeuble",1550,52341
ZA6832_tracking0923,e0231bc,"Bundesministerien, Wissen: Inneres - Thomas de Maiziere",1463,52341
ZA6832_tracking0923,e0231bd,"Bundesministerien, Wissen: Arbeit und Soziales - Ursula von der Leyen",1441,52341
ZA6832_tracking0923,e0231be,"Bundesministerien, Wissen: Familie, Senioren, Frauen u. Jugend: Kristina Koehler",1655,52341
ZA6832_tracking0923,e0231cc,"Bundesministerien, Wissen: Verteidigung - Karl-Theodor zu Guttenberg",1712,52341
ZA6832_tracking0923,e0231cd,"Bundesministerien, Wissen: Verkehr, Bau und Stadtentwicklung: Peter Ramsauer",1351,52341
ZA6832_tracking0923,e0231ea,"Bundesministerien, Wissen: Wirtschaft und Technologie - Rainer Bruederle",1322,52341
ZA6832_tracking0923,e0231ec,"Bundesministerien, Wissen: Auswaertiges Amt - Guido Westerwelle",1699,52341
ZA6832_tracking0923,e0231ed,"Bundesministerien, Wissen: Gesundheit - Philipp Roesler",1543,52341
ZA6832_tracking0923,e0232bb,"Bundesministerien, Bewertung: Finanzen: Wolfgang Schaeuble",1079,52341
ZA6832_tracking0923,e0232bc,"Bundesministerien, Bewertung: Inneres: Thomas de Maiziere",779,52341
ZA6832_tracking0923,e0232bd,"Bundesministerien, Bewertung: Arbeit und Soziales: Ursula von der Leyen",995,52341
ZA6832_tracking0923,e0232be,"Bundesministerien, Bewertung: Familie, Senioren, Frauen und Jugend: K. Koehler",1037,52341
ZA6832_tracking0923,e0232cc,"Bundesministerien, Bewertung: Verteidigung: Karl-Theodor zu Guttenberg",1448,52341
ZA6832_tracking0923,e0232cd,"Bundesministerien, Bewertung: Verkehr, Bau und Stadtentwicklung: Peter Ramsauer",1059,52341
ZA6832_tracking0923,e0232ea,"Bundesministerien, Bewertung: Wirtschaft und Technologie: Rainer Bruederle",785,52341
ZA6832_tracking0923,e0232ec,"Bundesministerien, Bewertung: Auswaertiges Amt: Guido Westerwelle",1337,52341
ZA6832_tracking0923,e0232ed,"Bundesministerien, Bewertung: Gesundheit: Philipp Roesler",1084,52341
ZA6832_tracking0923,e0233a,Meinungen ueber den Wahlkampf I (Zu geringe Thematisierung v. Inhalten),3171,52341
ZA6832_tracking0923,e0233b,Meinungen ueber den Wahlkampf I (Personen zu sehr im Vordergrund),3167,52341
ZA6832_tracking0923,e0233c,Meinungen ueber den Wahlkampf I (Sinn und Zweck von Wahlen),1119,52341
ZA6832_tracking0923,e0233d,Meinungen ueber den Wahlkampf I (Ernsthafte Auseinandersetzung d. Parteien),3176,52341
ZA6832_tracking0923,e0233e,Meinungen ueber den Wahlkampf I (Verhalten im Wahlkampf),1124,52341
ZA6832_tracking0923,e0233f,Meinungen ueber den Wahlkampf I (Wahlkampf ist hilfreich),3169,52341
ZA6832_tracking0923,e0233g,Meinungen ueber den Wahlkampf I (Schalte bei Wahlkampf im TV um),3171,52341
ZA6832_tracking0923,e0233h,Meinungen ueber den Wahlkampf I (Wahlkampf ist Schauveranstaltung),3185,52341
ZA6832_tracking0923,e0233i,Meinungen ueber den Wahlkampf I (Der Wahlkampf der Parteien ist zu negativ.),3158,52341
ZA6832_tracking0923,e0233j,Meinungen ueber den Wahlkampf I (Zweck des Wahlkampfs),1127,52341
ZA6832_tracking0923,e0234,Hilfreicher Wahlkampf: Nachfrage bei Mehrfachnennung,1367,52341
ZA6832_tracking0923,e0235a_1,Hilfreicher Wahlkampf: Berichte in Zeitungen oder Zeitschriften,1153,52341
ZA6832_tracking0923,e0235a_2,Hilfreicher Wahlkampf: Berichte in Zeitungen oder Zeitschriften,2097,52341
ZA6832_tracking0923,e0235b_1,Hilfreicher Wahlkampf: Die Wahlwerbung der Parteien,1153,52341
ZA6832_tracking0923,e0235b_2,Hilfreicher Wahlkampf: Die Wahlwerbung der Parteien,2097,52341
ZA6832_tracking0923,e0235c_1,"Hilfreicher Wahlkampf: Gespraeche mit Verwandten, Freunden und Bekannten",1153,52341
ZA6832_tracking0923,e0235c_2,"Hilfreicher Wahlkampf: Gespraeche mit Verwandten, Freunden und Bekannten",2097,52341
ZA6832_tracking0923,e0235d_1,Hilfreicher Wahlkampf: Informationsangebote im Internet,1153,52341
ZA6832_tracking0923,e0235d_2,Hilfreicher Wahlkampf: Informationsangebote im Internet,2097,52341
ZA6832_tracking0923,e0235e_1,Hilfreicher Wahlkampf: Stellungnahmen und Empfehlungen gesellschaftlicher Gruppe,1153,52341
ZA6832_tracking0923,e0235e_2,Hilfreicher Wahlkampf: Stellungnahmen/Empfehlungen gesellschaftl. Gruppen,2097,52341
ZA6832_tracking0923,e0235f_1,Hilfreicher Wahlkampf: Nachrichtensendungen im Fernsehen,1153,52341
ZA6832_tracking0923,e0235f_2,Hilfreicher Wahlkampf: Nachrichtensendungen im Fernsehen,2097,52341
ZA6832_tracking0923,e0235g_2,Hilfreicher Wahlkampf: Keine dieser Informationsquellen,2097,52341
ZA6832_tracking0923,e0235z_1,Hilfreicher Wahlkampf: Keine Angabe,1153,52341
ZA6832_tracking0923,e0235z_2,Hilfreicher Wahlkampf: Keine Angabe,2097,52341
ZA6832_tracking0923,e0236,Informationen zum Wahlkampf,1106,52341
ZA6832_tracking0923,e0237,Interesse am Wahlkampf,3228,52341
ZA6832_tracking0923,e0238a_1,Hilfreicher Wahlkampf: Gesellschaftliche Gruppen (Codierung 1),52,52341
ZA6832_tracking0923,e0238a_2,Hilfreicher Wahlkampf: Gesellschaftliche Gruppen (Codierung 1),121,52341
ZA6832_tracking0923,e0238b_1,Hilfreicher Wahlkampf: Gesellschaftliche Gruppen (Codierung 2),15,52341
ZA6832_tracking0923,e0238b_2,Hilfreicher Wahlkampf: Gesellschaftliche Gruppen (Codierung 2),40,52341
ZA6832_tracking0923,e0238c_1,Hilfreicher Wahlkampf: Gesellschaftliche Gruppen (Codierung 3),3,52341
ZA6832_tracking0923,e0238c_2,Hilfreicher Wahlkampf: Gesellschaftliche Gruppen (Codierung 3),12,52341
ZA6832_tracking0923,e0238d_2,Hilfreicher Wahlkampf: Gesellschaftliche Gruppen (Codierung 4),2,52341
ZA6832_tracking0923,e0238e_2,Hilfreicher Wahlkampf: Gesellschaftliche Gruppen (Codierung 5),1,52341
ZA6832_tracking0923,e0239,Hilfreicher Wahlkampf: Nachfrage bei Mehrfachnennungen,567,52341
ZA6832_tracking0923,e0240b,Scheitern Sondierungsgespraeche: Verantwortung (CDU),1016,52341
ZA6832_tracking0923,e0240c,Scheitern Sondierungsgespraeche: Verantwortung (CSU),1016,52341
ZA6832_tracking0923,e0240e,Scheitern Sondierungsgespraeche: Verantwortung (FDP),1016,52341
ZA6832_tracking0923,e0240f,Scheitern Sondierungsgespraeche: Verantwortung (GRUENE),1016,52341
ZA6832_tracking0923,e0240z,Scheitern Sondierungsgespraeche: Verantwortung (keine Angabe),1016,52341
ZA6832_tracking0923,e0241b_1,"Wahrnehm. Koalitionssig. Bund: CDU, SPD (Grosse Koalition)",2258,52341
ZA6832_tracking0923,e0241b_2,Wahrnehm. Koalitionssig. Bund: Grosse Koalition (CDU/CSU und SPD),4921,52341
ZA6832_tracking0923,e0241c_1,"Wahrnehm. Koalitionssig. Bund: SPD, GRUENE (Rot-Gruene Koalition)",2258,52341
ZA6832_tracking0923,e0241c_2,Wahrnehm. Koalitionssig. Bund: Rot-Gruene Koalition (SPD und GRUENE),4800,52341
ZA6832_tracking0923,e0241d_1,"Wahrnehm. Koalitionssig. Bund: CDU, FDP (Schwarz-Gelbe Koalition)",2258,52341
ZA6832_tracking0923,e0241d_2,Wahrnehm. Koalitionssig. Bund: Schwarz-Gelbe Koalition (CDU/CSU und FDP),4841,52341
ZA6832_tracking0923,e0241f_1,"Wahrnehm. Koalitionssig. Bund: SPD, DIE LINKE, GRUENE (Rot-Rot-Gruene-Koal.)",2258,52341
ZA6832_tracking0923,e0241f_2,"Wahrnehm. Koalitionssig. Bund: Rot-Rot-Gr. Koalition (SPD, DIE LINKE und GRUENE)",4788,52341
ZA6832_tracking0923,e0241g_2,Wahrnehm. Koalitionssig. Bund: Schwarz-Gruene Koalition (CDU/CSU und GRUENE),3670,52341
ZA6832_tracking0923,e0241h_1,"Wahrnehm. Koalitionssig. Bund: CDU, FDP, GRUENE (Jamaika-Koalition)",2258,52341
ZA6832_tracking0923,e0241h_2,"Wahrnehm. Koalitionssig. Bund: Jamaika-Koalition (CDU/CSU, FDP und GRUENE)",4760,52341
ZA6832_tracking0923,e0241j_1,"Wahrnehm. Koalitionssig. Bund: SPD, FDP, GRUENE (Ampel-Koalition)",2258,52341
ZA6832_tracking0923,e0241j_2,"Wahrnehm. Koalitionssig. Bund: Ampel-Koalition (SPD, FDP und GRUENE)",4789,52341
ZA6832_tracking0923,e0241k_2,Wahrnehm. Koalitionssig. Bund: Koalition von CDU/CSU und AfD,2720,52341
ZA6832_tracking0923,e0241l_2,Wahrnehm. Koalitionssig. Bund: Sozialliberale Koalition (SPD und FDP),2014,52341
ZA6832_tracking0923,e0241z_1,Wahrnehm. Koalitionssig. Bund: Keine Angabe,2258,52341
ZA6832_tracking0923,e0242b,Koalitionen: Erwartung (Grosse Koalition)/(CDU/CSU und SPD),4069,52341
ZA6832_tracking0923,e0242c,Koalitionen: Erwartung (Rot-Gruene Koalition)/(SPD und GRUENE),961,52341
ZA6832_tracking0923,e0242d,Koalitionen: Erwartung (Schwarz-Gelbe Koalition)/(CDU/CSU und FDP),2030,52341
ZA6832_tracking0923,e0242f,"Koalitionen: Erwartung (Rot-Rot-Gruene Koalition)/(SPD, DIE LINKE und GRUENE)",3006,52341
ZA6832_tracking0923,e0242g_1,Koalitionen: Erwartung (Schwarz-Gruene Koalition)/(CDU/CSU und GRUENE),3002,52341
ZA6832_tracking0923,e0242g_2,Koalitionen: Erwartung (Minderheitsregierung von CDU/CSU und GRUENE),981,52341
ZA6832_tracking0923,e0242h,"Koalitionen: Erwartung (Jamaika-Koalition)/(CDU/CSU, FDP und GRUENE)",2022,52341
ZA6832_tracking0923,e0242j,"Koalitionen: Erwartung (Ampel-Koalition)/(SPD, FDP und GRUENE)",962,52341
ZA6832_tracking0923,e0242o,Koalitionen: Erwartung (Minderheitsregierung von CDU/CSU),1973,52341
ZA6832_tracking0923,e0243,Erwartung: vorgezogene Neuwahlen,1006,52341
ZA6832_tracking0923,e0244,Blockade in Koalition,6324,52341
ZA6832_tracking0923,e0245_1,Einfluss in Koalition,3310,52341
ZA6832_tracking0923,e0245_2,Einfluss in Koalition,4189,52341
ZA6832_tracking0923,e0246,Einfluss insgesamt CDU vs. CSU,4432,52341
ZA6832_tracking0923,e0247a,Skalometer Koalitionen (Alleinregierung von CDU/CSU),5141,52341
ZA6832_tracking0923,e0247b,Koalitionspraeferenzen (Grosse Koalition (CDU/CSU und SPD)),12421,52341
ZA6832_tracking0923,e0247c,Koalitionspraeferenzen (Rot-Gruene Koalition (SPD und GRUENE)),12360,52341
ZA6832_tracking0923,e0247d,Koalitionspraeferenzen (Schwarz-Gelbe Koalition (CDU/CSU und FDP)),12380,52341
ZA6832_tracking0923,e0247f,"Koalitionspraeferenzen (Rot-Rot-Gruene Koalition (SPD, DIE LINKE und GRUENE))",11320,52341
ZA6832_tracking0923,e0247g,Koalitionspraeferenzen (Schwarz-Gruene Koalition (CDU/CSU und GRUENE)),12389,52341
ZA6832_tracking0923,e0247h,"Koalitionspraeferenzen (Jamaika-Koalition (CDU/CSU, FDP und GRUENE))",12356,52341
ZA6832_tracking0923,e0247i,Skalometer Koalitionen (Alleinregierung der SPD),2218,52341
ZA6832_tracking0923,e0247j,"Koalitionspraeferenzen (Ampel-Koalition (SPD, FDP und GRUENE))",12378,52341
ZA6832_tracking0923,e0247k,Skalometer Koalitionen (Koalition von CDU/CSU und AfD),2981,52341
ZA6832_tracking0923,e0247l,Skalometer Koalitionen (Sozialliberale Koalition (SPD und FDP)),4283,52341
ZA6832_tracking0923,e0248a,"Aussagen, BTW2017 (CDU wird Bundestagswahl gewinnen)",1052,52341
ZA6832_tracking0923,e0248b,"Aussagen, BTW2017 (Mehrheit weiss nicht, wen sie waehlen wird)",1027,52341
ZA6832_tracking0923,e0249a,Vote Propensities: CDU (in Bayern: CSU),980,52341
ZA6832_tracking0923,e0249d,Vote Propensities: SPD,980,52341
ZA6832_tracking0923,e0249e,Vote Propensities: FDP,976,52341
ZA6832_tracking0923,e0249f,Vote Propensities: GRUENE,983,52341
ZA6832_tracking0923,e0249g,Vote Propensities: DIE LINKE,981,52341
ZA6832_tracking0923,e0249i,Vote Propensities: NPD,998,52341
ZA6832_tracking0923,e0249j,Vote Propensities: PIRATEN,980,52341
ZA6832_tracking0923,e0250,"Wahlabsicht: Propensity to Vote, links-autoritaere Partei",969,52341
ZA6832_tracking0923,e0251,"Wahlabsicht: Propensity to Vote, Wagenknechtpartei",918,52341
ZA6832_tracking0923,e0252,"Wahlentscheidung, Wahlergebnis bekannt (Version B)",849,52341
ZA6832_tracking0923,e0253b,Wahlergebnis: Gewinner und Verlierer: CDU,1074,52341
ZA6832_tracking0923,e0253c,Wahlergebnis: Gewinner und Verlierer: CSU,1063,52341
ZA6832_tracking0923,e0253d,Wahlergebnis: Gewinner und Verlierer: SPD,1065,52341
ZA6832_tracking0923,e0253e,Wahlergebnis: Gewinner und Verlierer: FDP,1061,52341
ZA6832_tracking0923,e0253f,Wahlergebnis: Gewinner und Verlierer: GRUENE,1061,52341
ZA6832_tracking0923,e0253g,Wahlergebnis: Gewinner und Verlierer: DIE LINKE,1062,52341
ZA6832_tracking0923,e0254,Wahlsieger,1078,52341
ZA6832_tracking0923,e0255,Wahlprogramm gelesen: ja/nein,1149,52341
ZA6832_tracking0923,e0256a,Wahlprogramm gelesen: CDU/CSU,355,52341
ZA6832_tracking0923,e0256d,Wahlprogramm gelesen: SPD,357,52341
ZA6832_tracking0923,e0256e,Wahlprogramm gelesen: FDP,344,52341
ZA6832_tracking0923,e0256f,Wahlprogramm gelesen: GRUENE,345,52341
ZA6832_tracking0923,e0256g,Wahlprogramm gelesen: DIE LINKE,349,52341
ZA6832_tracking0923,e0257baa,"Eigensch. d. Spitzenkandidaten, Angela Merkel (als Mensch sympathisch)",7183,52341
ZA6832_tracking0923,e0257bab,"Eigensch. d. Spitzenkandidaten, Angela Merkel (ist durchsetzungsfaehig)",7289,52341
ZA6832_tracking0923,e0257bac,"Eigensch. d. Spitzenkandidaten, Angela Merkel (ist vertrauenswuerdig)",7306,52341
ZA6832_tracking0923,e0257bad,"Eigensch. d. Spitzenkandidaten, Angela Merkel (Vorstellungen, Wirtschaft)",7111,52341
ZA6832_tracking0923,e0257bae,"Eigensch. d. Spitzenkandidaten, Angela Merkel (repraesent. Werte CDU/CSU)",3861,52341
ZA6832_tracking0923,e0257cca,"Eigensch. d. Spitzenkandidaten, zu Guttenberg (als Mensch sympathisch)",1078,52341
ZA6832_tracking0923,e0257ccb,"Eigensch. d. Spitzenkandidaten, zu Guttenberg (durchsetzungsfaehig/fuehrungsst.)",1069,52341
ZA6832_tracking0923,e0257ccc,"Eigensch. d. Spitzenkandidaten, zu Guttenberg (ist vertrauenswuerdig)",1079,52341
ZA6832_tracking0923,e0257ccd,"Eigensch. d. Spitzenkandidaten, zu Guttenberg (Vorstellungen, Wirtschaft)",1012,52341
ZA6832_tracking0923,e0257daa,"Eigensch. d. Spitzenkandidaten, Peer Steinbrueck (als Mensch sympathisch)",921,52341
ZA6832_tracking0923,e0257dab,"Eigensch. d. Spitzenkandidaten, Peer Steinbrueck (ist durchsetzungsfaehig)",887,52341
ZA6832_tracking0923,e0257dac,"Eigensch. d. Spitzenkandidaten, Peer Steinbrueck (ist vertrauenswuerdig)",908,52341
ZA6832_tracking0923,e0257dad,"Eigensch. d. Spitzenkandidaten, Peer Steinbrueck (Vorstellungen Wirtschaft)",870,52341
ZA6832_tracking0923,e0257dae,"Eigensch. d. Spitzenkandidaten, Peer Steinbrueck (repraesent. Werte SPD)",862,52341
ZA6832_tracking0923,e0257dba,"Eigensch. d. Spitzenkandidaten, Gabriel (als Mensch sympathisch)",1767,52341
ZA6832_tracking0923,e0257dbb,"Eigensch. d. Spitzenkandidaten, Gabriel (ist durchsetzungsfaehig/fuehrungsstark)",1745,52341
ZA6832_tracking0923,e0257dbc,"Eigensch. d. Spitzenkandidaten, Gabriel (ist vertrauenswuerdig)",1775,52341
ZA6832_tracking0923,e0257dbd,"Eigensch. d. Spitzenkandidaten, Gabriel (Vorstellungen, Wirtschaft)",1695,52341
ZA6832_tracking0923,e0257dca,"Eigensch. d. Spitzenkandidaten, Steinmeier (als Mensch sympathisch)",1051,52341
ZA6832_tracking0923,e0257dcb,"Eigensch. d. Spitzenkandidaten, Steinmeier (ist durchsetzungsfaehig)",1040,52341
ZA6832_tracking0923,e0257dcc,"Eigensch. d. Spitzenkandidaten, Steinmeier (ist vertrauenswuerdig)",1050,52341
ZA6832_tracking0923,e0257dcd,"Eigensch. d. Spitzenkandidaten, Steinmeier (Vorstellungen, Wirtschaft)",1031,52341
ZA6832_tracking0923,e0257dfa,"Eigensch. d. Spitzenkandidaten, Martin Schulz (als Mensch sympathisch)",2787,52341
ZA6832_tracking0923,e0257dfb,"Eigensch. d. Spitzenkandidaten, Martin Schulz (ist durchsetzungsfaehig)",2451,52341
ZA6832_tracking0923,e0257dfc,"Eigensch. d. Spitzenkandidaten, Martin Schulz (ist vertrauenswuerdig)",2692,52341
ZA6832_tracking0923,e0257dfd,"Eigensch. d. Spitzenkandidaten, Martin Schulz (Vorstellungen, Wirtschaft)",2471,52341
ZA6832_tracking0923,e0257dfe,"Eigensch. d. Spitzenkandidaten, Martin Schulz (repraesent. Werte SPD)",2626,52341
ZA6832_tracking0923,e0257eca,"Eigensch. d. Spitzenkandidaten, Westerwelle (als Mensch sympathisch)",2099,52341
ZA6832_tracking0923,e0257ecb,"Eigensch. d. Spitzenkandidaten, Westerwelle (durchsetzungsfaehig/fuehrungsstark)",2103,52341
ZA6832_tracking0923,e0257ecc,"Eigensch. d. Spitzenkandidaten, Westerwelle (ist vertrauenswuerdig)",2104,52341
ZA6832_tracking0923,e0257ecd,"Eigensch. d. Spitzenkandidaten, Westerwelle (Vorstellungen, Wirtschaft)",2065,52341
ZA6832_tracking0923,e0258,Kanzlerkandidatur Merkel,878,52341
ZA6832_tracking0923,e0259,Kanzlerkandidatur SPD,706,52341
ZA6832_tracking0923,e0260,Kanzlerpraeferenz,4956,52341
ZA6832_tracking0923,e0261,Kanzlerkandidat:in: Praeferenz (2021),1594,52341
ZA6832_tracking0923,e0262aa,"Kanzlerkandidat:in: Eigenschaft, CDU/CSU, durchsetzungsfaehig",1485,52341
ZA6832_tracking0923,e0262ab,"Kanzlerkandidat:in: Eigenschaft, CDU/CSU, vertrauenswuerdig",1518,52341
ZA6832_tracking0923,e0262ac,"Kanzlerkandidat:in: Eigenschaft, CDU/CSU, sympathisch",1531,52341
ZA6832_tracking0923,e0262ad,"Kanzlerkandidat:in: Eigenschaft, CDU/CSU, Wirtschaft",1481,52341
ZA6832_tracking0923,e0262ae,"Kanzlerkandidat:in: Eigenschaft, CDU/CSU, repraesentiert Werte",1488,52341
ZA6832_tracking0923,e0263da,"Kanzlerkandidat:in: Eigenschaft, SPD, durchsetzungsfaehig",1476,52341
ZA6832_tracking0923,e0263db,"Kanzlerkandidat:in: Eigenschaft, SPD, vertrauenswuerdig",1516,52341
ZA6832_tracking0923,e0263dc,"Kanzlerkandidat:in: Eigenschaft, SPD, sympathisch",1518,52341
ZA6832_tracking0923,e0263dd,"Kanzlerkandidat:in: Eigenschaft, SPD, Wirtschaft",1461,52341
ZA6832_tracking0923,e0263de,"Kanzlerkandidat:in: Eigenschaft, SPD, repraesentiert Werte",1478,52341
ZA6832_tracking0923,e0264fa,"Kanzlerkandidat:in: Eigenschaft, GRUENE, durchsetzungsfaehig",1482,52341
ZA6832_tracking0923,e0264fb,"Kanzlerkandidat:in: Eigenschaft, GRUENE, vertrauenswuerdig",1505,52341
ZA6832_tracking0923,e0264fc,"Kanzlerkandidat:in: Eigenschaft, GRUENE, sympathisch",1514,52341
ZA6832_tracking0923,e0264fd,"Kanzlerkandidat:in: Eigenschaft, GRUENE, Wirtschaft",1482,52341
ZA6832_tracking0923,e0264fe,"Kanzlerkandidat:in: Eigenschaft, GRUENE, repraesentiert Werte",1471,52341
ZA6832_tracking0923,e0265,Kanzlerkandidat:in: Fortfuehrung Politik Kanzler:in,1596,52341
ZA6832_tracking0923,e0266a,"Skalometer Kandidaten, Bundespraesident (Frank-Walter Steinmeier)",967,52341
ZA6832_tracking0923,e0266b,"Skalometer Kandidaten, Bundespraesident (Christoph Butterwegge)",448,52341
ZA6832_tracking0923,e0266c,"Skalometer Kandidaten, Bundespraesident (Albrecht Glaser)",357,52341
ZA6832_tracking0923,e0266d,"Skalometer Kandidaten, Bundespraesident (Alexander Hold)",630,52341
ZA6832_tracking0923,e0266e,"Skalometer Kandidaten, Bundespraesident (Christian Wulff)",1018,52341
ZA6832_tracking0923,e0266f,"Skalometer Kandidaten, Bundespraesident (Joachim Gauck)",994,52341
ZA6832_tracking0923,e0266g,"Skalometer Kandidaten, Bundespraesident (Luc Jochimsen)",761,52341
ZA6832_tracking0923,e0267a,"Leistungen, Koehler",1072,52341
ZA6832_tracking0923,e0267b,"Leistungen, Wulff",989,52341
ZA6832_tracking0923,e0267c,"Leistungen, Gauck",1940,52341
ZA6832_tracking0923,e0268,"Ruecktritt, Jung",1087,52341
ZA6832_tracking0923,e0269,"Ruecktritt, Koehler",874,52341
ZA6832_tracking0923,e0270ba,"Wut, Intensitaet, Merkel",7412,52341
ZA6832_tracking0923,e0270db,"Wut, Intensitaet, Gabriel",1992,52341
ZA6832_tracking0923,e0270df,"Wut, Intensitaet, Schulz",1063,52341
ZA6832_tracking0923,e0271ba,"Begeisterung, Intensitaet, Merkel",7368,52341
ZA6832_tracking0923,e0271db,"Begeisterung, Intensitaet, Gabriel",1991,52341
ZA6832_tracking0923,e0271df,"Begeisterung, Intensitaet, Schulz",1062,52341
ZA6832_tracking0923,e0272a,Gruende fuer Splitting: 1. Nennung,221,52341
ZA6832_tracking0923,e0272b,Gruende fuer Splitting: 2. Nennung,19,52341
ZA6832_tracking0923,e0272c,Gruende fuer Splitting: 3. Nennung,1,52341
ZA6832_tracking0923,e0273a,Grosse Koalition: Einfluss nach Politikber. CDU/CSU vs. SPD: Aussenpolitik,1138,52341
ZA6832_tracking0923,e0273b,Grosse Koalition: Einfluss nach Politikber. CDU/CSU vs. SPD: Europapolitik,1139,52341
ZA6832_tracking0923,e0273c,Grosse Koalition: Einfluss nach Politikber. CDU/CSU vs. SPD: Finanzpolitik,1132,52341
ZA6832_tracking0923,e0273d,Grosse Koalition: Einfluss nach Politikber. CDU/CSU vs. SPD: Sozialpolitik,1136,52341
ZA6832_tracking0923,e0273e,Grosse Koalition: Einfluss nach Politikber. CDU/CSU vs. SPD: Umweltpolitik,1128,52341
ZA6832_tracking0923,e0273f,Grosse Koalition: Einfluss nach Politikber. CDU/CSU vs. SPD: Arbeitsmarktpolitik,1141,52341
ZA6832_tracking0923,e0273g,Grosse Koalition: Einfluss nach Politikber. CDU/CSU vs. SPD: Wirtschaftspolitik,1137,52341
ZA6832_tracking0923,e0273h,Grosse Koalition: Einfluss nach Politikber. CDU/CSU vs. SPD: Landwirtschaftspol.,1141,52341
ZA6832_tracking0923,e0273i,Grosse Koalition: Einfluss nach Politikber. CDU/CSU vs. SPD: Bildungspolitik,1131,52341
ZA6832_tracking0923,e0273j,Grosse Koalition: Einfluss nach Politikber. CDU/CSU vs. SPD: Familienpolitik,1140,52341
ZA6832_tracking0923,e0273k,Grosse Koalition: Einfluss nach Politikber. CDU/CSU vs. SPD: Gesundheitspolitik,1137,52341
ZA6832_tracking0923,e0274,Grosse Koalition: Problemloesungsfaehigkeit,1085,52341
ZA6832_tracking0923,e0275,"Koalitionsaussagen, Zeitpunkt",2042,52341
ZA6832_tracking0923,e0276,"Koalitionsbeteiligung, AfD",2062,52341
ZA6832_tracking0923,e0277,Koalitionsgespraeche GRUENE,1040,52341
ZA6832_tracking0923,e0278,"Koalitionsverhandlungen, Bewertung",1945,52341
ZA6832_tracking0923,e0279,Koalitionsvertrag,999,52341
ZA6832_tracking0923,e0280,Bewertung Alleinregierung CDU/CSU,1035,52341
ZA6832_tracking0923,e0281,"Minderheitsregierung, Bewertung",2034,52341
ZA6832_tracking0923,e0282a,Politisches Wissen: 5%-Klausel-leicht: richtig/falsch,1276,52341
ZA6832_tracking0923,e0282b,Politisches Wissen: 5%-Klausel,5067,52341
ZA6832_tracking0923,e0283,Politisches Wissen: Arbeitslose,8323,52341
ZA6832_tracking0923,e0284a,Politisches Wissen: Erst- und Zweitstimme: richtig/falsch,3152,52341
ZA6832_tracking0923,e0284b,Politisches Wissen: Erst- und Zweitstimme,8858,52341
ZA6832_tracking0923,e0285,Aktive Beteiligung (Version B),3212,52341
ZA6832_tracking0923,e0286,1. Grund Nichtwahl,57,52341
ZA6832_tracking0923,e0287,2. Grund Nichtwahl,6,52341
ZA6832_tracking0923,e0288a,Alternativ waehlbare Parteien: CDU/CSU (Version B),143,52341
ZA6832_tracking0923,e0288d,Alternativ waehlbare Parteien: SPD (Version B),172,52341
ZA6832_tracking0923,e0288e,Alternativ waehlbare Parteien: FDP (Version B),118,52341
ZA6832_tracking0923,e0288f,Alternativ waehlbare Parteien: GRUENE (Version B),92,52341
ZA6832_tracking0923,e0288g,Alternativ waehlbare Parteien: DIE LINKE (Version B),127,52341
ZA6832_tracking0923,e0288x,Alternativ waehlbare Parteien: Andere Partei (Version B),63,52341
ZA6832_tracking0923,e0289a,"Alternative WE, CDU/CSU",1119,52341
ZA6832_tracking0923,e0289d,"Alternative WE, SPD",1125,52341
ZA6832_tracking0923,e0289e,"Alternative WE, FDP",1122,52341
ZA6832_tracking0923,e0289f,"Alternative WE, GRUENE",1122,52341
ZA6832_tracking0923,e0289g,"Alternative WE, DIE LINKE",1124,52341
ZA6832_tracking0923,e0289w,Alternative WB vs NW,1128,52341
ZA6832_tracking0923,e0290,Antizipierte Mehrheitsverhaeltnisse,1144,52341
ZA6832_tracking0923,e0291,Ausgang der Wahl,3243,52341
ZA6832_tracking0923,e0292,"Regierung, gelungen",2243,52341
ZA6832_tracking0923,e0293a,Regierungserwartung (Version A),514,52341
ZA6832_tracking0923,e0293b,Regierungserwartung (Version B),494,52341
ZA6832_tracking0923,e0293d,Regierungserwartung (Version D),7,52341
ZA6832_tracking0923,e0294a,Richtung Skalometer (links),1023,52341
ZA6832_tracking0923,e0294b,Richtung Skalometer (rechts),1015,52341
ZA6832_tracking0923,e0294c,Richtung Skalometer (liberal),1020,52341
ZA6832_tracking0923,e0294d,Richtung Skalometer (Mitte),1021,52341
ZA6832_tracking0923,e0295_1,Schuld an: Blockade,2403,52341
ZA6832_tracking0923,e0295_2,Schuld an: Blockade,2982,52341
ZA6832_tracking0923,e0296,Sicherheit der Wahlentscheidung,2185,52341
ZA6832_tracking0923,e0297b,Themenwahrnehmung: CDU (1. Codierung),587,52341
ZA6832_tracking0923,e0297c,Themenwahrnehmung: CSU (1. Codierung),448,52341
ZA6832_tracking0923,e0297d,Themenwahrnehmung: SPD (1. Codierung),569,52341
ZA6832_tracking0923,e0297e,Themenwahrnehmung: FDP (1. Codierung),493,52341
ZA6832_tracking0923,e0297f,Themenwahrnehmung: GRUENE (1. Codierung),535,52341
ZA6832_tracking0923,e0297g,Themenwahrnehmung: DIE LINKE (1. Codierung),495,52341
ZA6832_tracking0923,e0298b,Themenwahrnehmung: CDU (2. Codierung),88,52341
ZA6832_tracking0923,e0298c,Themenwahrnehmung: CSU (2. Codierung),44,52341
ZA6832_tracking0923,e0298d,Themenwahrnehmung: SPD (2. Codierung),99,52341
ZA6832_tracking0923,e0298e,Themenwahrnehmung: FDP (2. Codierung),58,52341
ZA6832_tracking0923,e0298f,Themenwahrnehmung: GRUENE (2. Codierung),67,52341
ZA6832_tracking0923,e0298g,Themenwahrnehmung: DIE LINKE (2. Codierung),64,52341
ZA6832_tracking0923,e0299b,Themenwahrnehmung: CDU (3. Codierung),30,52341
ZA6832_tracking0923,e0299c,Themenwahrnehmung: CSU (3. Codierung),13,52341
ZA6832_tracking0923,e0299d,Themenwahrnehmung: SPD (3. Codierung),29,52341
ZA6832_tracking0923,e0299e,Themenwahrnehmung: FDP (3. Codierung),12,52341
ZA6832_tracking0923,e0299f,Themenwahrnehmung: GRUENE (3. Codierung),16,52341
ZA6832_tracking0923,e0299g,Themenwahrnehmung: DIE LINKE (3. Codierung),20,52341
ZA6832_tracking0923,e0300b,Verhalten der Parteien zueinander: CDU,795,52341
ZA6832_tracking0923,e0300c,Verhalten der Parteien zueinander: CSU,672,52341
ZA6832_tracking0923,e0300d,Verhalten der Parteien zueinander: SPD,745,52341
ZA6832_tracking0923,e0300e,Verhalten der Parteien zueinander: FDP,694,52341
ZA6832_tracking0923,e0300f,Verhalten der Parteien zueinander: Buendnis 90/Die Gruenen,622,52341
ZA6832_tracking0923,e0300g,Verhalten der Parteien zueinander: Die Linke,688,52341
ZA6832_tracking0923,e0301,Wichtigkeit des Wahlausgangs,1119,52341
ZA6832_tracking0923,e0302,"Zufriedenheit, Wahlausgang",3368,52341
ZA6832_tracking0923,e0303,Einfluss des Amtsinhabers,1115,52341
ZA6832_tracking0923,e0304,Einschaetzung 5% Huerde,2047,52341
ZA6832_tracking0923,e0305,Einschaetzung Basisbefragung,2041,52341
ZA6832_tracking0923,e0306,Links-rechts Parteien,1030,52341
ZA6832_tracking0923,e0307,Links-rechts Ego,1017,52341
ZA6832_tracking0923,e0308,NPD-Verbot,1091,52341
ZA6832_tracking0923,e0309e,Einzugswahrscheinlichkeit Kleine Parteien (FPD),3002,52341
ZA6832_tracking0923,e0309f,Einzugswahrscheinlichkeit Kleine Parteien (GRUENE),1047,52341
ZA6832_tracking0923,e0309g,Einzugswahrscheinlichkeit Kleine Parteien (DIE LINKE),2990,52341
ZA6832_tracking0923,e0309h,Einzugswahrscheinlichkeit Kleine Parteien (AfD),2635,52341
ZA6832_tracking0923,e0309j,Einzugswahrscheinlichkeit Kleine Parteien (PIRATEN),1939,52341
ZA6832_tracking0923,e0310a,"Politische Beteiligung, Internet (Politische Beitraege geschrieben)",961,52341
ZA6832_tracking0923,e0310b,"Politische Beteiligung, Internet (Politische Beitraege weitergeleitet)",968,52341
ZA6832_tracking0923,e0310c,"Politische Beteiligung, Internet (Bei pol. Beitraegen 'Gefaellt mir' angeklickt)",954,52341
ZA6832_tracking0923,e0310d,"Politische Beteiligung, Internet (An Unterschriftenaktionen beteiligt)",974,52341
ZA6832_tracking0923,e0310e,"Politische Beteiligung, Internet (Buergerbeteiligungs-Plattformen genutzt)",951,52341
ZA6832_tracking0923,e0311,Praeferenz: Bundespraesident,1063,52341
ZA6832_tracking0923,e0312,"Praeferenz: Regierungsbildung, Neuwahlen",1002,52341
ZA6832_tracking0923,e0313,Problemloesungsfaehigkeit,3299,52341
ZA6832_tracking0923,e0314,Problemloesungskompetenz I: Schwarz-Gelb (prospektiv),1097,52341
ZA6832_tracking0923,e0315a,Problemloesungskomp. II: Schwarz-Gelb (prospektiv): Ausstieg aus der Kernenerg.,1079,52341
ZA6832_tracking0923,e0315b,Problemloesungskomp. II: Schwarz-Gelb (prospektiv): Abzug der Bundesw. aus AFG,1079,52341
ZA6832_tracking0923,e0315c,Problemloesungskomp. II: Schwarz-Gelb (prospektiv): Senkung von Steuern,1079,52341
ZA6832_tracking0923,e0315d,Problemloesungskomp. II: Schwarz-Gelb (prospektiv): Bekaempfung der W.krise,1076,52341
ZA6832_tracking0923,e0315e,Problemloesungskomp. II: Schwarz-Gelb (prospektiv): Sicherung von Arbeitsplaetz.,1080,52341
ZA6832_tracking0923,e0315f,Problemloesungskomp. II: Schwarz-Gelb (prospektiv): Integration von Auslaendern,1076,52341
ZA6832_tracking0923,e0315g,Problemloesungskomp. II: Schwarz-Gelb (prospektiv): Abbau der Staatsverschuld.,1078,52341
ZA6832_tracking0923,e0316,Skalometer Pegida-Bewegung,1017,52341
ZA6832_tracking0923,e0317ea,Aussagen FDP: Die FDP wird sich wieder erholen,1837,52341
ZA6832_tracking0923,e0317eb,Aussagen FDP: FDP wird langsam von der politischen Bildflaeche verschwinden,1838,52341
ZA6832_tracking0923,e0317ec,Aussagen FDP: Die FDP braucht neues Fuehrungspersonal,1826,52341
ZA6832_tracking0923,e0317ed,Aussagen FDP: Derzeitige Personaldebatte der FDP schwaecht Bundesregierung,1829,52341
ZA6832_tracking0923,e0317ee,Aussagen FDP: Das Problem der FDP ist Guido Westerwelle.,949,52341
ZA6832_tracking0923,e0317ef,Aussagen FDP: Westerwelle haette sich Wiederwahl Parteivorsitz stellen sollen,919,52341
ZA6832_tracking0923,e0317eg,Aussagen FDP: Westerwelle sollte das Amt des Aussenministers abgeben.,940,52341
ZA6832_tracking0923,e0318a,Gruende fuer hypothetische Wahlentscheidung (1. Codierung),29,52341
ZA6832_tracking0923,e0318b,Gruende fuer hypothetische Wahlentscheidung (2. Codierung),3,52341
ZA6832_tracking0923,e0318c,Gruende fuer hypothetische Wahlentscheidung (3. Codierung),0,52341
ZA6832_tracking0923,e0319a,Grund fuer Wahlentscheidung: 1. Nennung,2311,52341
ZA6832_tracking0923,e0319b,Grund fuer Wahlentscheidung: 2. Nennung,433,52341
ZA6832_tracking0923,e0319c,Grund fuer Wahlentscheidung: 3. Nennung,79,52341
ZA6832_tracking0923,e0319d,Grund fuer Wahlentscheidung: 4. Nennung,4,52341
ZA6832_tracking0923,e0320a,Gruende fuer Wahlentscheidung: Briefwahl (1. Codierung),161,52341
ZA6832_tracking0923,e0320b,Gruende fuer Wahlentscheidung: Briefwahl (2. Codierung),31,52341
ZA6832_tracking0923,e0320c,Gruende fuer Wahlentscheidung: Briefwahl (3. Codierung),8,52341
ZA6832_tracking0923,e0321cca,"Guttenberg, Aussagen: zu Guttenberg ist ein Ausnahmepolitiker",2114,52341
ZA6832_tracking0923,e0321ccb,"Guttenberg, Aussagen: zu Guttenberg ist ein Betrueger",2090,52341
ZA6832_tracking0923,e0321ccc,"Guttenberg, Aussagen: Wer bei Doktorarbeit taeuscht, sollte nicht Minister sein",2152,52341
ZA6832_tracking0923,e0321ccd,"Guttenberg, Aussagen: zu Guttenberg hat Doktorarbeit nicht selbst geschrieben",1944,52341
ZA6832_tracking0923,e0321cce,"Guttenberg, Aussagen: zu Guttenberg sollte nach Pause in Politik zurueckkehren",2138,52341
ZA6832_tracking0923,e0322,Glaubwuerdigkeit SPD-DIE LINKE,2141,52341
ZA6832_tracking0923,e0323cca,"Guttenberg, Fairness: Medien",2080,52341
ZA6832_tracking0923,e0323ccb,"Guttenberg, Fairness: Opposition",2026,52341
ZA6832_tracking0923,e0323ccc,"Guttenberg, Fairness: Union",1924,52341
ZA6832_tracking0923,e0323ccd,"Guttenberg, Fairness: Wissenschaft",2011,52341
ZA6832_tracking0923,e0324cc,"Guttenberg, Ruecktritt",2221,52341
ZA6832_tracking0923,e0325cc,"Guttenberg, Taeuschung",2225,52341
ZA6832_tracking0923,e0326a_1,Needs (Ich bilde mir zu allem eine Meinung),8480,52341
ZA6832_tracking0923,e0326a_2,Needs (Ich bilde mir zu allem eine Meinung),4370,52341
ZA6832_tracking0923,e0326b_1,"Needs (Ich finde wenig Befriedigung darin, angestrengt nachzudenken)",8473,52341
ZA6832_tracking0923,e0326b_2,"Needs (Ich finde wenig Befriedigung darin, angestrengt nachzudenken)",4371,52341
ZA6832_tracking0923,e0326c_1,Needs (Gewoehnlich treffe ich wichtige Entscheidungen schnell und sicher),8472,52341
ZA6832_tracking0923,e0326c_2,Needs (Gewoehnlich treffe ich wichtige Entscheidungen schnell und sicher),4376,52341
ZA6832_tracking0923,e0326d_1,"Needs (Ich fuehle mich nicht wohl dabei, wenn ich in politische ...)",8479,52341
ZA6832_tracking0923,e0326e_1,Needs (Ich behalte meine politische Meinung meistens fuer mich ...),8446,52341
ZA6832_tracking0923,e0326f_1,"Needs (In der Demokratie ist es die Pflicht jedes Buergers, sich ...)",8450,52341
ZA6832_tracking0923,e0326g_1,Needs (Ueber die Parteien und ihre Programme moechte ich so genau ...),8438,52341
ZA6832_tracking0923,e0326h_2,"Needs (Ich bin eher zurueckhaltend, reserviert)",997,52341
ZA6832_tracking0923,e0326i_2,Needs (Ich erledige Aufgaben gruendlich),995,52341
ZA6832_tracking0923,e0326j_2,"Needs (Ich habe eine aktive Vorstellungskraft, bin phantasievoll)",999,52341
ZA6832_tracking0923,e0326k_2,"Needs (Ich schenke anderen leicht Vertrauen, glaube an das Gute im Menschen)",999,52341
ZA6832_tracking0923,e0326l_2,Needs (Ich werde leicht nervoes und unsicher),1000,52341
ZA6832_tracking0923,e0327a_1,"Big five (10 Items) (Ich bin eher zurueckhaltend, reserviert)",1134,52341
ZA6832_tracking0923,e0327a_2,"Big five (10 Items) (Ich bin eher zurueckhaltend, reserviert)",11568,52341
ZA6832_tracking0923,e0327b_1,Big five (10 Items) (Ich glaube an das Gute im Menschen),1132,52341
ZA6832_tracking0923,e0327b_2,Big five (10 Items) (Ich glaube an das Gute im Menschen),11576,52341
ZA6832_tracking0923,e0327c_1,Big five (10 Items) (Ich erledige Aufgaben gruendlich),1131,52341
ZA6832_tracking0923,e0327c_2,Big five (10 Items) (Ich erledige Aufgaben gruendlich),11563,52341
ZA6832_tracking0923,e0327d_1,Big five (10 Items) (Lasse mich durch Stress nicht aus der Ruhe bringen),1134,52341
ZA6832_tracking0923,e0327d_2,Big five (10 Items) (Lasse mich durch Stress nicht aus der Ruhe bringen),11567,52341
ZA6832_tracking0923,e0327e_1,"Big five (10 Items) (Ich habe eine aktive Vorstellungskraft, bin phantasievoll)",1135,52341
ZA6832_tracking0923,e0327e_2,"Big five (10 Items) (Ich habe eine aktive Vorstellungskraft, bin phantasievoll)",11580,52341
ZA6832_tracking0923,e0327f_1,"Big five (10 Items) (Ich gehe aus mir heraus, bin gesellig)",1132,52341
ZA6832_tracking0923,e0327f_2,"Big five (10 Items) (Ich gehe aus mir heraus, bin gesellig)",11576,52341
ZA6832_tracking0923,e0327g_1,"Big five (10 Items) (Ich neige dazu, andere zu kritisieren)",1131,52341
ZA6832_tracking0923,e0327g_2,"Big five (10 Items) (Ich neige dazu, andere zu kritisieren)",11563,52341
ZA6832_tracking0923,e0327h_1,"Big five (10 Items) (Ich bin bequem, neige zur Faulheit)",1134,52341
ZA6832_tracking0923,e0327h_2,"Big five (10 Items) (Ich bin bequem, neige zur Faulheit)",11571,52341
ZA6832_tracking0923,e0327i_1,Big five (10 Items) (Ich werde leicht nervoes und unsicher),1128,52341
ZA6832_tracking0923,e0327i_2,Big five (10 Items) (Ich werde leicht nervoes und unsicher),11551,52341
ZA6832_tracking0923,e0327j_1,Big five (10 Items) (Ich habe nur wenig kuenstlerisches Interesse),1131,52341
ZA6832_tracking0923,e0327j_2,Big five (10 Items) (Ich habe nur wenig kuenstlerisches Interesse),11565,52341
ZA6832_tracking0923,e0327k_2,Big 5 (15 items) Ego: Ich bin aufgeschlossen,1136,52341
ZA6832_tracking0923,e0327l_2,Big 5 (15 items) Ego: Ich bin extrovertiert,1135,52341
ZA6832_tracking0923,e0327m_2,Big 5 (15 items) Ego: Ich kann mich kalt und distanziert verhalten,1139,52341
ZA6832_tracking0923,e0327n_2,Big 5 (15 items) Ego: Ich bin gewissenhaft,1137,52341
ZA6832_tracking0923,e0327o_2,Big 5 (15 items) Ego: Ich bin emotional,1134,52341
ZA6832_tracking0923,e0328a,Vorurteile (Es leben zu viele Auslaender in Deutschland.),9503,52341
ZA6832_tracking0923,e0328b,"Vorurteile (Wer neu ist, sollte sich mit weniger zufrieden geben.)",9486,52341
ZA6832_tracking0923,e0328c,Vorurteile (Besinnung Frauen auf Rolle als Ehefrau/Mutter),9491,52341
ZA6832_tracking0923,e0328d,"Vorurteile (Gefuehl, fremd im eigenen Land)",9493,52341
ZA6832_tracking0923,e0328e,Vorurteile (Ausweisung von Auslaendern bei Arbeitsplatzknappheit),9476,52341
ZA6832_tracking0923,e0328f,Vorurteile (Frau sollte Mann bei Karriere unterstuetzen),9468,52341
ZA6832_tracking0923,e0328g,Vorurteile (Mehr Rechte fuer hier Geborene),9463,52341
ZA6832_tracking0923,e0328h,Vorurteile (Muslimen sollte die Zuwanderung nach Deutschland untersagt werden.),9460,52341
ZA6832_tracking0923,e0329a,"Ereignisse: Eintrittswahrscheinlichkeit, Zusammenbruch Gesundheitsversorgung",5480,52341
ZA6832_tracking0923,e0329b,"Ereignisse: Eintrittswahrscheinlichkeit, Zusammenbruch Lebensmittelversorgung",5455,52341
ZA6832_tracking0923,e0329c,"Ereignisse: Eintrittswahrscheinlichkeit, Zusammenbruch deutschen Finanzsystems",5457,52341
ZA6832_tracking0923,e0329d,"Ereignisse: Eintrittswahrscheinlichkeit, Insolvenz vieler Unternehmen",5465,52341
ZA6832_tracking0923,e0329e,"Ereignisse: Eintrittswahrscheinlichkeit, Anstieg der Zahl der Arbeitslosen",5473,52341
ZA6832_tracking0923,e0329f,"Ereignisse: Eintrittswahrscheinlichkeit, Verstaatlichung Wirtschaftsunternehmen",5467,52341
ZA6832_tracking0923,e0329g,"Ereignisse: Eintrittswahrscheinlichkeit, Ausweitung Ukraine-Krieg D",1114,52341
ZA6832_tracking0923,e0329h,"Ereignisse: Eintrittswahrscheinlichkeit, Zusammenbruch Energieversorgung",1118,52341
ZA6832_tracking0923,e0330,Corona: Regierung,10523,52341
ZA6832_tracking0923,e0331,Corona: Belastung,8286,52341
ZA6832_tracking0923,e0332,"Corona: Ansteckung, Ego",8307,52341
ZA6832_tracking0923,e0333a,"Corona: Ansteckung, Umfeld, ungetestete Verdachtsfaelle",7216,52341
ZA6832_tracking0923,e0333b,"Corona: Ansteckung, Umfeld, durch Test bestaetigte Faelle",7216,52341
ZA6832_tracking0923,e0333c,"Corona: Ansteckung, Umfeld, genesene Personen",7216,52341
ZA6832_tracking0923,e0333d,"Corona: Ansteckung, Umfeld, verstorbene Personen",7216,52341
ZA6832_tracking0923,e0333e,"Corona: Ansteckung, Umfeld, keine bekannten Faelle",7216,52341
ZA6832_tracking0923,e0333z,"Corona: Ansteckung, Umfeld (keine Angabe)",7216,52341
ZA6832_tracking0923,e0334,"Corona: Ansteckung, Wahrscheinlichkeit",7196,52341
ZA6832_tracking0923,e0335,"Corona: Ansteckung, Verlauf potentiell",8297,52341
ZA6832_tracking0923,e0336,Corona: Impfstatus,1119,52341
ZA6832_tracking0923,e0337a,Aussagen Coronavirus: ist fuer mich nah oder fern,2136,52341
ZA6832_tracking0923,e0337b,Aussagen Coronavirus: gefaehrdet oder staerkt den gesellschaftl. Zusammenhalt,2189,52341
ZA6832_tracking0923,e0337c,Aussagen Coronavirus: woran ich dauernd oder nie denke,2188,52341
ZA6832_tracking0923,e0337d,Aussagen Coronavirus: medial zu wenig oder zu viel beachtet,2186,52341
ZA6832_tracking0923,e0337e,Aussagen Coronavirus: Besorgnis erregend oder nicht,2185,52341
ZA6832_tracking0923,e0337f,Aussagen Coronavirus: hilflos fuehlen oder aktiv etwas dagegen tun,2192,52341
ZA6832_tracking0923,e0337g,Aussagen Coronavirus: beeinflusst Stimmung negativ oder nicht,2188,52341
ZA6832_tracking0923,e0338,Afghanistaneinsatz/Position Egos,1036,52341
ZA6832_tracking0923,e0339a,"Arabische Welt, Aussagen (Demokratie durchsetzen als Ziel deutscher Politik)",3991,52341
ZA6832_tracking0923,e0339b,"Arabische Welt, Aussagen (Demokratie bringt Islamisten an die Macht)",3552,52341
ZA6832_tracking0923,e0339c,"Arabische Welt, Aussagen (Ruhe und Stabilitaet wichtiger als Menschenrechte)",3977,52341
ZA6832_tracking0923,e0339d,"Arabische Welt, Aussagen (Demokratisierung erhoeht Kriegsgefahr im Nahen Osten)",3613,52341
ZA6832_tracking0923,e0339e,"Arabische Welt, Aussagen (Abloesung Praes. Mubaraks bedeutet Gefahr fuer Israel)",922,52341
ZA6832_tracking0923,e0339f,"Arabische Welt, Aussagen (Deutschland sollte keine Waffen an Diktaturen liefern)",1070,52341
ZA6832_tracking0923,e0340b,"Arabische Welt, Deutsche Haltung (Parteien): CDU",1384,52341
ZA6832_tracking0923,e0340c,"Arabische Welt, Deutsche Haltung (Parteien): CSU",1359,52341
ZA6832_tracking0923,e0340d,"Arabische Welt, Deutsche Haltung (Parteien): SPD",1358,52341
ZA6832_tracking0923,e0340e,"Arabische Welt, Deutsche Haltung (Parteien): FDP",1343,52341
ZA6832_tracking0923,e0340f,"Arabische Welt, Deutsche Haltung (Parteien): GRUENE",1326,52341
ZA6832_tracking0923,e0340g,"Arabische Welt, Deutsche Haltung (Parteien): DIE LINKE",1269,52341
ZA6832_tracking0923,e0341,"Arabische Welt, Deutsche Haltung (ego)",1951,52341
ZA6832_tracking0923,e0342,"Arabische Welt, Deutsche Haltung (Salienz)",1118,52341
ZA6832_tracking0923,e0343,"Arabische Welt, Informiertheit",3208,52341
ZA6832_tracking0923,e0344,"Arabische Welt, Interesse",4353,52341
ZA6832_tracking0923,e0345a,Aussagen Oeffnung des Arbeitsmarktes: Deutsche Vorrecht auf Arbeitsplatz,1072,52341
ZA6832_tracking0923,e0345b,Aussagen Oeffnung des Arbeitsmarktes: neuer Impuls wirtschaftl. Entw.,1024,52341
ZA6832_tracking0923,e0345c,Aussagen Oeffnung des Arbeitsmarktes: neg. Auswirkungen auf  Niedriglohnsektor,1036,52341
ZA6832_tracking0923,e0345d,Aussagen Oeffnung des Arbeitsmarktes: wird Zuwanderung nach D sehr erhoehen,1035,52341
ZA6832_tracking0923,e0345e,Aussagen Oeffnung des Arbeitsmarktes: in BRD Mindestlohn einfuehren,1067,52341
ZA6832_tracking0923,e0346a,Aussagen Bin Laden: Die Soldaten sollten aus Afghanistan abgezogen werden.,1047,52341
ZA6832_tracking0923,e0346b,Aussagen Bin Laden: Tod Osama Bin Ladens betrifft nur USA,1060,52341
ZA6832_tracking0923,e0346c,Aussagen Bin Laden: Al-Qaida wird den Tod Osama Bin Ladens raechen.,1035,52341
ZA6832_tracking0923,e0346d,Aussagen Bin Laden: Bin Laden haette nicht getoetet werden sollen.,1046,52341
ZA6832_tracking0923,e0346e,Aussagen Bin Laden: Mit Tod Osama Bin Ladens wurde 'Kampf gegen Terror' gewonnen,1053,52341
ZA6832_tracking0923,e0347a,Aussenpol. Grundorient.: Einsatz militaerischer Gewalt niemals gerechtfertigt,1026,52341
ZA6832_tracking0923,e0347b,Aussenpol. Grundorient.: D sollte sich nicht um weltpol. Fragen kuemmern,1041,52341
ZA6832_tracking0923,e0347c,Aussenpol. Grundorient.: in aussenpol. Fragen sollte D mit USA uebereinstimmen,1019,52341
ZA6832_tracking0923,e0347d,Aussenpol. Grundorient.: gemeinsame Haltung D u. Verbuendete bei internat. Krise,1023,52341
ZA6832_tracking0923,e0347e,Aussenpol. Grundorient.: BRD sollte aktivere Rolle in der Weltpolitik spielen,1011,52341
ZA6832_tracking0923,e0347f,"Aussenpol. Grundorient.: Krieg manchmal notw., um Landesinteressen zu schuetzen",1029,52341
ZA6832_tracking0923,e0347g,Aussenpol. Grundorient.: fuer Sicherheit sollte BRD vor allem alleine sorgen,1031,52341
ZA6832_tracking0923,e0347h,Aussenpol. Grundorient.: BRD sollte Interessen ggue. USA selbstbew. vertreten,1016,52341
ZA6832_tracking0923,e0348a,Beitritt: verschiedene Laender: Albanien,1688,52341
ZA6832_tracking0923,e0348b,Beitritt: verschiedene Laender: Bosnien-Herzegowina,1653,52341
ZA6832_tracking0923,e0348c,Beitritt: verschiedene Laender: Island,1779,52341
ZA6832_tracking0923,e0348d,Beitritt: verschiedene Laender: Kroatien,1721,52341
ZA6832_tracking0923,e0348e,Beitritt: verschiedene Laender: Mazedonien,1560,52341
ZA6832_tracking0923,e0348f,Beitritt: verschiedene Laender: Moldawien,1539,52341
ZA6832_tracking0923,e0348g,Beitritt: verschiedene Laender: Montenegro,1548,52341
ZA6832_tracking0923,e0348h,Beitritt: verschiedene Laender: Norwegen,1941,52341
ZA6832_tracking0923,e0348i,Beitritt: verschiedene Laender: Schweiz,1948,52341
ZA6832_tracking0923,e0348j,Beitritt: verschiedene Laender: Serbien,1672,52341
ZA6832_tracking0923,e0348k_1,Beitritt: verschiedene Laender: Tuerkei,1906,52341
ZA6832_tracking0923,e0348k_2,Tuerkei: Entscheidung,2260,52341
ZA6832_tracking0923,e0348l,Beitritt: verschiedene Laender: Ukraine,1707,52341
ZA6832_tracking0923,e0349,"Griechenland, 3. Hilfpaket",869,52341
ZA6832_tracking0923,e0350,"Griechenland, Wirksamkeit 3. Hilfspaket",805,52341
ZA6832_tracking0923,e0351,"Griechenland, Reformvorgaben",804,52341
ZA6832_tracking0923,e0352,"Fluechtlinge, Engagement",8072,52341
ZA6832_tracking0923,e0353_1,Fluechtlinge: Aufnahme,1007,52341
ZA6832_tracking0923,e0353_2,Fluechtlinge: Aufnahme,9717,52341
ZA6832_tracking0923,e0354a,"Fluechtlinge, Batterie (Deutschland braucht ein Einwanderungsgesetz)",1927,52341
ZA6832_tracking0923,e0354b,"Fluechtlinge, Batterie (Deutschland hat durch die Zuwanderung eher Vorteile)",9953,52341
ZA6832_tracking0923,e0354c,"Fluechtlinge, Batterie (Deutschland kann die vielen Fluechtlinge verkraften)",10073,52341
ZA6832_tracking0923,e0354d,"Fluechtlinge, Batterie (Aussengrenzen der EU besser schuetzen)",1965,52341
ZA6832_tracking0923,e0354e,"Fluechtlinge, Batterie (Dt. Behoerden schuetzen Auslaender)",9636,52341
ZA6832_tracking0923,e0354f,"Fluechtlinge, Batterie (Unterbringung ist angemessen)",1977,52341
ZA6832_tracking0923,e0354g,"Fluechtlinge, Batterie (Es macht mir Angst, dass so viele Fluechtlinge ...)",1012,52341
ZA6832_tracking0923,e0354h,"Fluechtlinge, Batterie (Schnellerer Erhalt Arbeitserlaubnis)",1982,52341
ZA6832_tracking0923,e0354i,"Fluechtlinge, Batterie (Scham wegen gewalttaetigen Proteste)",10023,52341
ZA6832_tracking0923,e0354j,"Fluechtlinge, Batterie (Quoten fuer Mitgliedslaender der EU)",1969,52341
ZA6832_tracking0923,e0354k,"Fluechtlinge, Batterie (Fluechtlingskrise gefaehrdet EU Zusammenhalt)",8999,52341
ZA6832_tracking0923,e0354l,"Fluechtlinge, Batterie (Fluechtlingskrise hat Prioritaet)",985,52341
ZA6832_tracking0923,e0354m,"Fluechtlinge, Batterie (Kosten d.Fluechtlingskrise traegt Steuerzahler)",8987,52341
ZA6832_tracking0923,e0354n,"Fluechtlinge, Batterie (Opposition sollte Regierung unterstuetzen)",8851,52341
ZA6832_tracking0923,e0355a,"Fluechtlinge, Fluchtgruende, Aufnahme (ethnische Verfolgung)",1731,52341
ZA6832_tracking0923,e0355b,"Fluechtlinge, Fluchtgruende, Aufnahme (Grund Arbeitslosigkeit)",1766,52341
ZA6832_tracking0923,e0355c,"Fluechtlinge, Fluchtgruende, Aufnahme (Katastrophenfluechtlinge)",1755,52341
ZA6832_tracking0923,e0355d,"Fluechtlinge, Fluchtgruende, Aufnahme (Kriegsfluechtlinge)",1972,52341
ZA6832_tracking0923,e0355e,"Fluechtlinge, Fluchtgruende, Aufnahme (pol./religioese Verfolgung)",1844,52341
ZA6832_tracking0923,e0356a,"Fluechtlinge, Massnahmen zur Begrenzung (sichere Herkunftsstaaten)",839,52341
ZA6832_tracking0923,e0356b,"Fluechtlinge, Massnahmen zur Begrenzung (Sach- statt Geldleistungen)",905,52341
ZA6832_tracking0923,e0356c,"Fluechtlinge, Massnahmen zur Begrenzung (Informationskampagnen)",871,52341
ZA6832_tracking0923,e0356d,"Fluechtlinge, Massnahmen zur Begrenzung (Erhoehung der Entwicklungshilfe)",890,52341
ZA6832_tracking0923,e0356e,"Fluechtlinge, Massnahmen zur Begrenzung (Asylantrag vor Ort)",865,52341
ZA6832_tracking0923,e0356f,"Fluechtlinge, Massnahmen zur Begrenzung (Konsequentere Abschiebung)",876,52341
ZA6832_tracking0923,e0356g,"Fluechtlinge, Massnahmen zur Begrenzung (Kuerzung von Leistungen)",791,52341
ZA6832_tracking0923,e0356h,"Fluechtlinge, Massnahmen zur Begrenzung (Militaerische Massnahmen in Syrien)",760,52341
ZA6832_tracking0923,e0357,Fluechtlingskrise im Vergleich Deutschland/Europa,6926,52341
ZA6832_tracking0923,e0358a,"Fluechtlingskrise, Auswirkungen auf wirtsch. Lage ([Einsatz: Land])",7108,52341
ZA6832_tracking0923,e0358b,"Fluechtlingskrise, Auswirkungen auf wirtsch. Lage (Deutschland)",7108,52341
ZA6832_tracking0923,e0358c,"Fluechtlingskrise, Auswirkungen auf wirtsch. Lage (Europa)",7125,52341
ZA6832_tracking0923,e0359,"Fluechtlingskrise, Betroffenheit",6959,52341
ZA6832_tracking0923,e0360,"Fluechtlingskrise, Information",6915,52341
ZA6832_tracking0923,e0361a,"Fluechtlingskrise, Zufriedenheit, Bundeskanzler",9016,52341
ZA6832_tracking0923,e0361b,"Fluechtlingskrise, Zufriedenheit, Bundesregierung",9060,52341
ZA6832_tracking0923,e0362b,Fluechtlingskrise: Zufriedenheit mit Bewaeltigung (CDU),9111,52341
ZA6832_tracking0923,e0362c,Fluechtlingskrise: Zufriedenheit mit Bewaeltigung (CSU),9095,52341
ZA6832_tracking0923,e0362d,Fluechtlingskrise: Zufriedenheit mit Bewaeltigung (SPD),9072,52341
ZA6832_tracking0923,e0362e,Fluechtlingskrise: Zufriedenheit mit Bewaeltigung (FDP),8997,52341
ZA6832_tracking0923,e0362f,Fluechtlingskrise: Zufriedenheit mit Bewaeltigung (GRUENE),9035,52341
ZA6832_tracking0923,e0362g,Fluechtlingskrise: Zufriedenheit mit Bewaeltigung (DIE LINKE),9047,52341
ZA6832_tracking0923,e0362h,Fluechtlingskrise: Zufriedenheit mit Bewaeltigung (AfD),9054,52341
ZA6832_tracking0923,e0363a,CfQ: Gruende Fehlen von Netzwerken bestimmter Parteiwaehler (CDU/CSU waehlen),125,52341
ZA6832_tracking0923,e0363d,CfQ: Gruende Fehlen von Netzwerken bestimmter Parteiwaehler (SPD waehlen),123,52341
ZA6832_tracking0923,e0363e,CfQ: Gruende Fehlen von Netzwerken bestimmter Parteiwaehler (FDP waehlen),441,52341
ZA6832_tracking0923,e0363f,CfQ: Gruende Fehlen von Netzwerken bestimmter Parteiwaehler (GRUENE waehlen),286,52341
ZA6832_tracking0923,e0363g,CfQ: Gruende Fehlen von Netzwerken bestimmter Parteiwaehler (DIE LINKE waehlen),423,52341
ZA6832_tracking0923,e0363h,CfQ: Gruende Fehlen von Netzwerken bestimmter Parteiwaehler (AfD waehlen),495,52341
ZA6832_tracking0923,e0363i,CfQ: Gruende Fehlen von Netzwerken bestimmter Parteiwaehler (NPD waehlen),656,52341
ZA6832_tracking0923,e0364a,CfQ: Gruende vollst. Fehlen v. Netzw. Parteiwaehler (keine im Bekanntenkreis),202,52341
ZA6832_tracking0923,e0364b,CfQ: Gruende vollst. Fehlen v. Netzw. Parteiwaehler (spricht nicht darueber),202,52341
ZA6832_tracking0923,e0364c,CfQ: Gruende vollst. Fehlen v. Netzw. Parteiwaehler (uninteress. an Politik),202,52341
ZA6832_tracking0923,e0364d,CfQ: Gruende vollst. Fehlen v. Netzw. Parteiwaehler (weiss nicht),202,52341
ZA6832_tracking0923,e0364e,"CfQ: Gruende vollst. Fehlen v. Netzw. Parteiwaehler (k. Ahnung, wer wen waehlt)",202,52341
ZA6832_tracking0923,e0364z,CfQ: Gruende vollst. Fehlen v. Netzw. Parteiwaehler (keine Angabe),202,52341
ZA6832_tracking0923,e0365a,CfQ: Parteiwahl Netzwerke (CDU/CSU),857,52341
ZA6832_tracking0923,e0365d,CfQ: Parteiwahl Netzwerke (SPD),854,52341
ZA6832_tracking0923,e0365e,CfQ: Parteiwahl Netzwerke (FDP),756,52341
ZA6832_tracking0923,e0365f,CfQ: Parteiwahl Netzwerke (GRUENE),799,52341
ZA6832_tracking0923,e0365g,CfQ: Parteiwahl Netzwerke (DIE LINKE),772,52341
ZA6832_tracking0923,e0365h,CfQ: Parteiwahl Netzwerke (AfD),777,52341
ZA6832_tracking0923,e0365i,CfQ: Parteiwahl Netzwerke (NPD),813,52341
ZA6832_tracking0923,e0366a,CfQ: Parteiwahl Freunde und Familie (CDU/CSU),630,52341
ZA6832_tracking0923,e0366d,CfQ: Parteiwahl Freunde und Familie (SPD),618,52341
ZA6832_tracking0923,e0366e,CfQ: Parteiwahl Freunde und Familie (FDP),250,52341
ZA6832_tracking0923,e0366f,CfQ: Parteiwahl Freunde und Familie (GRUENE),434,52341
ZA6832_tracking0923,e0366g,CfQ: Parteiwahl Freunde und Familie (DIE LINKE),280,52341
ZA6832_tracking0923,e0366h,CfQ: Parteiwahl Freunde und Familie (AfD),207,52341
ZA6832_tracking0923,e0366i,CfQ: Parteiwahl Freunde und Familie (NPD),84,52341
ZA6832_tracking0923,e0367a,"CfQ: Parteiwahl Netzwerke, Gespraeche ueber Politik (CDU/CSU)",614,52341
ZA6832_tracking0923,e0367d,"CfQ: Parteiwahl Netzwerke, Gespraeche ueber Politik (SPD)",594,52341
ZA6832_tracking0923,e0367e,"CfQ: Parteiwahl Netzwerke, Gespraeche ueber Politik (FDP)",244,52341
ZA6832_tracking0923,e0367f,"CfQ: Parteiwahl Netzwerke, Gespraeche ueber Politik (GRUENE)",422,52341
ZA6832_tracking0923,e0367g,"CfQ: Parteiwahl Netzwerke, Gespraeche ueber Politik (DIE LINKE)",276,52341
ZA6832_tracking0923,e0367h,"CfQ: Parteiwahl Netzwerke, Gespraeche ueber Politik (AfD)",211,52341
ZA6832_tracking0923,e0367i,"CfQ: Parteiwahl Netzwerke, Gespraeche ueber Politik (NPD)",82,52341
ZA6832_tracking0923,e0368a,"CfQ: Parteiwahl Netzwerke, Gespraeche ueber Politik, Konsens (CDU/CSU waehlen)",477,52341
ZA6832_tracking0923,e0368d,"CfQ: Parteiwahl Netzwerke, Gespraeche ueber Politik, Konsens (SPD waehlen)",474,52341
ZA6832_tracking0923,e0368e,"CfQ: Parteiwahl Netzwerke, Gespraeche ueber Politik, Konsens (FDP waehlen)",136,52341
ZA6832_tracking0923,e0368f,"CfQ: Parteiwahl Netzwerke, Gespraeche ueber Politik, Konsens (GRUENE waehlen)",310,52341
ZA6832_tracking0923,e0368g,"CfQ: Parteiwahl Netzwerke, Gespraeche ueber Politik, Konsens (DIE LINKE waehlen)",190,52341
ZA6832_tracking0923,e0368h,"CfQ: Parteiwahl Netzwerke, Gespraeche ueber Politik, Konsens (AfD waehlen)",145,52341
ZA6832_tracking0923,e0368i,"CfQ: Parteiwahl Netzwerke, Gespraeche ueber Politik, Konsens (NPD waehlen)",40,52341
ZA6832_tracking0923,e0369,CfQ: Furcht vor Kriminalitaet,1005,52341
ZA6832_tracking0923,e0370a,CfQ: Autoritarismus ((1) Respekt vor Aelteren ODER (2) Unabhaengigkeit),1009,52341
ZA6832_tracking0923,e0370b,CfQ: Autoritarismus ((1) Selbstaendigkeit ODER (2) Gehorsam),1016,52341
ZA6832_tracking0923,e0370c,CfQ: Autoritarismus ((1) gute Manieren ODER (2) Neugierde),1005,52341
ZA6832_tracking0923,e0370d,CfQ: Autoritarismus ((1) aufmerksam ODER (2) brav),1014,52341
ZA6832_tracking0923,e0371a,CfQ: Wahrgenommene Bedrohung (mehr Migranten kommen nach Deutschland),1017,52341
ZA6832_tracking0923,e0371b,CfQ: Wahrgenommene Bedrohung (Zwang BRD mehr Geld f. EU-Mitglieder zu zahlen),1019,52341
ZA6832_tracking0923,e0371c,CfQ: Wahrgenommene Bedrohung (Verlust Arbeitsplaetze BRD an EU-Mitglieder),1010,52341
ZA6832_tracking0923,e0371d,CfQ: Wahrgenommene Bedrohung (Zwang Gesetzesaenderungen BRD durch EU),1004,52341
ZA6832_tracking0923,e0372a,CfQ: pol. Partizipation (Kontakt zu Politiker aufgenommen),1006,52341
ZA6832_tracking0923,e0372b,CfQ: pol. Partizipation (Kontakt zu Organisation aufgenommen),1008,52341
ZA6832_tracking0923,e0372c,CfQ: pol. Partizipation (Kontakt zu Verwaltungsbeamten),1004,52341
ZA6832_tracking0923,e0372d,CfQ: pol. Partizipation (in pol. Partei mitgearbeitet),1006,52341
ZA6832_tracking0923,e0372e,CfQ: pol. Partizipation (in einer Buergerinitiative mitgearbeitet),1991,52341
ZA6832_tracking0923,e0372f,CfQ: pol. Partizipation (in Organisation mitgearbeitet),1007,52341
ZA6832_tracking0923,e0372g,CfQ: pol. Partizipation (Aufkleber politische Kampagne),1001,52341
ZA6832_tracking0923,e0372h_1,CfQ: pol. Partizipation (an einer Unterschriftensammlung teilgenommen),1994,52341
ZA6832_tracking0923,e0372h_2,CfQ: pol. Partizipation (Teilnahme Petition/Unterschriftensammlung),1014,52341
ZA6832_tracking0923,e0372i_1,CfQ: pol. Partizipation (an einer Demonstration teilgenommen),1993,52341
ZA6832_tracking0923,e0372i_2,CfQ: pol. Partizipation (Teilnahme Demonstration),1006,52341
ZA6832_tracking0923,e0372j,CfQ: pol. Partizipation (an einem Streik teilgenommen),1005,52341
ZA6832_tracking0923,e0372k_1,CfQ: pol. Partizipation (bestimmte Produkte boykottiert),1012,52341
ZA6832_tracking0923,e0372k_2,CfQ: pol. Partizipation (Produktboykott),1007,52341
ZA6832_tracking0923,e0372l_1,CfQ: pol. Partizipation (bewusst ein Produkt gekauft),1010,52341
ZA6832_tracking0923,e0372l_2,CfQ: pol. Partizipation (bewusster Produktkauf),1010,52341
ZA6832_tracking0923,e0372m,CfQ: pol. Partizipation (Geld gespendet),1016,52341
ZA6832_tracking0923,e0372n,CfQ: pol. Partizipation (Geld gesammelt),997,52341
ZA6832_tracking0923,e0372o,CfQ: pol. Partizipation (Kontakt zu den Medien aufgenommen),1005,52341
ZA6832_tracking0923,e0372p,CfQ: pol. Partizipation (Kontakt zu Rechtsanwalt/Gericht),1004,52341
ZA6832_tracking0923,e0372q,CfQ: pol. Partizipation (an illegalen Protesten teilgenommen),1003,52341
ZA6832_tracking0923,e0372r,CfQ: pol. Partizipation (an pol. Versammlung teilgenommen),1007,52341
ZA6832_tracking0923,e0372s,CfQ: pol. Partizipation (aus Protest nicht an Wahl teilgenommen),1006,52341
ZA6832_tracking0923,e0372t,CfQ: pol. Partizipation (noch auf andere Weise aktiv?),1001,52341
ZA6832_tracking0923,e0372u,CfQ: pol. Partizipation (Ueberzeugen von Freunden/Verwandten),1012,52341
ZA6832_tracking0923,e0373,CfQ: pol. Partizipation (Nachfrage),830,52341
ZA6832_tracking0923,e0374a,CfQ: Motivation elektorale Partizipation (Vermeidung von Kritik),1008,52341
ZA6832_tracking0923,e0374b,CfQ: Motivation elektorale Partizipation (entspricht meinen Prinzipien),1012,52341
ZA6832_tracking0923,e0374c,CfQ: Motivation elektorale Partizipation (gibt gutes Gefuehl),1012,52341
ZA6832_tracking0923,e0374d,CfQ: Motivation elektorale Partizipation (Pflicht eines Buergers),1011,52341
ZA6832_tracking0923,e0375a,CfQ: Motivation pol. Medienkonsum (Verpflichtung auch bei Unlust),1009,52341
ZA6832_tracking0923,e0375b,CfQ: Motivation pol. Medienkonsum (Interesse Politik zu verfolgen),1012,52341
ZA6832_tracking0923,e0375c,CfQ: Motivation pol. Medienkonsum (eigene Weiterentwicklung),1009,52341
ZA6832_tracking0923,e0375d,CfQ: Motivation pol. Medienkonsum (empfundene Erwartung durch andere),1007,52341
ZA6832_tracking0923,e0376a,CfQ: Motivation unkonvent. Partizipation (Schuldgefuehl bei Unterlassung),1011,52341
ZA6832_tracking0923,e0376b,CfQ: Motivation unkonvent. Partizipation (Freude dabei zu sein),1006,52341
ZA6832_tracking0923,e0376c,CfQ: Motivation unkonvent. Partizipation (Teil der Persoenlichkeit),1009,52341
ZA6832_tracking0923,e0376d,CfQ: Motivation unkonvent. Partizipation (andere sonst auf einen herabblicken),1007,52341
ZA6832_tracking0923,e0377,CfQ: Faktenwissen Kriminalitaet,945,52341
ZA6832_tracking0923,e0378a,"Need for Closure (CfQ): geniesse es, ein klar strukturiertes Leben zu fuehren",1067,52341
ZA6832_tracking0923,e0378b,Need for Closure (CfQ): Ich mag keine unvorhersehbaren Situationen.,1063,52341
ZA6832_tracking0923,e0378c,"Need for Closure (CfQ): Ich mag Situationen nicht, die unsicher sind.",1060,52341
ZA6832_tracking0923,e0378d,Need for Closure (CfQ): Ich mag keine auf versch. Weisen beantwortbare Fragen.,1061,52341
ZA6832_tracking0923,e0378e,"Need for Closure (CfQ): werde ungeduldig, wenn ich k. sofortige Loesung finde",1064,52341
ZA6832_tracking0923,e0379,"Globalerfassung der Gespraeche: Bekannte, allgemein",1144,52341
ZA6832_tracking0923,e0380,"Globalerfassung der Gespraeche: Bekannte, Meinungsverschiedenheit",687,52341
ZA6832_tracking0923,e0381,"Globalerfassung der Gespraeche: Freunde und Familie, allgemein",1142,52341
ZA6832_tracking0923,e0382,"Globalerfassung der Gespraeche: Freunde und Familie, Meinungsverschiedenheit",889,52341
ZA6832_tracking0923,e0383a,Parteienimages: Glaubwuerdigkeit (CDU/CSU),2808,52341
ZA6832_tracking0923,e0383b,Parteienimages: Glaubwuerdigkeit (CDU),965,52341
ZA6832_tracking0923,e0383c,Parteienimages: Glaubwuerdigkeit (CSU),981,52341
ZA6832_tracking0923,e0383d,Parteienimages: Glaubwuerdigkeit (SPD),2820,52341
ZA6832_tracking0923,e0383e,Parteienimages: Glaubwuerdigkeit (FDP),2717,52341
ZA6832_tracking0923,e0383f,Parteienimages: Glaubwuerdigkeit (GRUENE),2742,52341
ZA6832_tracking0923,e0383g,Parteienimages: Glaubwuerdigkeit (DIE LINKE),2673,52341
ZA6832_tracking0923,e0383h,Parteienimages: Glaubwuerdigkeit (AfD),1378,52341
ZA6832_tracking0923,e0383j,Parteienimages: Glaubwuerdigkeit (PIRATEN),658,52341
ZA6832_tracking0923,e0384a,Parteienimages: Vote-seeking vs. Policy-seeking: CDU/CSU,1106,52341
ZA6832_tracking0923,e0384d,Parteienimages: Vote-seeking vs. Policy-seeking: SPD,1106,52341
ZA6832_tracking0923,e0384e,Parteienimages: Vote-seeking vs. Policy-seeking: FDP,1106,52341
ZA6832_tracking0923,e0384f,Parteienimages: Vote-seeking vs. Policy-seeking: GRUENE,1103,52341
ZA6832_tracking0923,e0384g,Parteienimages: Vote-seeking vs. Policy-seeking: DIE LINKE,1094,52341
ZA6832_tracking0923,e0385a,Parteienimages: Zerstrittenheit (CDU/CSU),2434,52341
ZA6832_tracking0923,e0385b,Parteienimages: Zerstrittenheit (CDU),850,52341
ZA6832_tracking0923,e0385c,Parteienimages: Zerstrittenheit (CSU),846,52341
ZA6832_tracking0923,e0385d,Parteienimages: Zerstrittenheit (SPD),2431,52341
ZA6832_tracking0923,e0385e,Parteienimages: Zerstrittenheit (FDP),2275,52341
ZA6832_tracking0923,e0385f,Parteienimages: Zerstrittenheit (GRUENE),2324,52341
ZA6832_tracking0923,e0385g,Parteienimages: Zerstrittenheit (DIE LINKE),2227,52341
ZA6832_tracking0923,e0385h,Parteienimages: Zerstrittenheit (AfD),1065,52341
ZA6832_tracking0923,e0385j,Parteienimages: Zerstrittenheit (PIRATEN),521,52341
ZA6832_tracking0923,e0386,Parteikontakte,2081,52341
ZA6832_tracking0923,e0387a_1,"Parteikontakte, Art (Wahlveranstaltungen oder Kundgebungen von Parteien besucht)",1775,52341
ZA6832_tracking0923,e0387a_2,"Parteikontakte, Art (Parteiwahlveranstaltungen besucht)",1085,52341
ZA6832_tracking0923,e0387b_1,"Parteikontakte, Art (Ich habe E-Mails oder SMS von Parteien erhalten.)",622,52341
ZA6832_tracking0923,e0387b_2,"Parteikontakte, Art (Ich habe E-Mails oder SMS von Parteien erhalten.)",1085,52341
ZA6832_tracking0923,e0387c_1,"Parteikontakte, Art (Ich habe Informationsmaterial von Parteien gelesen.)",1775,52341
ZA6832_tracking0923,e0387c_2,"Parteikontakte, Art (Informationsmaterial erhalten (Flyer etc.))",1085,52341
ZA6832_tracking0923,e0387d_1,"Parteikontakte, Art (Ich habe Wahlanzeigen von Parteien in Zeitungen gelesen.)",1775,52341
ZA6832_tracking0923,e0387d_2,"Parteikontakte, Art (Wahlanzeigen in Zeitschriften gelesen)",1085,52341
ZA6832_tracking0923,e0387e_1,"Parteikontakte, Art (Ich habe Wahlplakate von Parteien oder Kandidaten gesehen.)",1775,52341
ZA6832_tracking0923,e0387e_2,"Parteikontakte, Art (Wahlplakate gesehen)",1085,52341
ZA6832_tracking0923,e0387f_1,"Parteikontakte, Art (einen oder mehrere Wahlkampfstaende hier im Ort besucht.)",1775,52341
ZA6832_tracking0923,e0387f_2,"Parteikontakte, Art (Wahlkampfstaende besucht)",1085,52341
ZA6832_tracking0923,e0387g_1,"Parteikontakte, Art (Ich habe Werbesendungen von Parteien im Fernsehen gesehen.)",1775,52341
ZA6832_tracking0923,e0387g_2,"Parteikontakte, Art (Werbesendungen im TV gesehen)",1085,52341
ZA6832_tracking0923,e0387h_1,"Parteikontakte, Art (direkte Ansprache auf Strasse/an Haustuer)",1707,52341
ZA6832_tracking0923,e0387h_2,"Parteikontakte, Art (Besuch von Wahlhelfern an der Haustuer gehabt)",1153,52341
ZA6832_tracking0923,e0387i_1,"Parteikontakte, Art (Ich wurde von Parteien angerufen.)",1775,52341
ZA6832_tracking0923,e0387i_2,"Parteikontakte, Art (Ich wurde von Parteien angerufen.)",1085,52341
ZA6832_tracking0923,e0387j_1,"Parteikontakte, Art (wurde ueber ein soziales Netzwerk von Parteien kontaktiert)",622,52341
ZA6832_tracking0923,e0387j_2,"Parteikontakte, Art (Kontakt ueber soziale Medien)",1085,52341
ZA6832_tracking0923,e0387k_2,"Parteikontakte, Art (Ich habe keine Informationen erhalten.)",1085,52341
ZA6832_tracking0923,e0387l_1,"Parteikontakte, Art (E-Mails erhalten)",1153,52341
ZA6832_tracking0923,e0387m_1,"Parteikontakte, Art (SMS erhalten)",1153,52341
ZA6832_tracking0923,e0387n_1,"Parteikontakte, Art (Kinowerbung gesehen)",1153,52341
ZA6832_tracking0923,e0387o_1,"Parteikontakte, Art (Wahlwerbung im Radio gehoert)",1153,52341
ZA6832_tracking0923,e0387p_1,"Parteikontakte, Art (Webseiten besucht)",1153,52341
ZA6832_tracking0923,e0387z_1,"Parteikontakte, Art (keine Angabe)",1775,52341
ZA6832_tracking0923,e0387z_2,"Parteikontakte, Art (keine Angabe)",1085,52341
ZA6832_tracking0923,e0388aa,"Parteikontakte, Wahlveranstaltungen, letzte BTW (CDU/CSU)",191,52341
ZA6832_tracking0923,e0388da,"Parteikontakte, Wahlveranstaltungen, letzte BTW (SPD)",191,52341
ZA6832_tracking0923,e0388ea,"Parteikontakte, Wahlveranstaltungen, letzte BTW (FDP)",191,52341
ZA6832_tracking0923,e0388fa,"Parteikontakte, Wahlveranstaltungen, letzte BTW (GRUENE)",191,52341
ZA6832_tracking0923,e0388ga,"Parteikontakte, Wahlveranstaltungen, letzte BTW (DIE LINKE)",191,52341
ZA6832_tracking0923,e0388ha,"Parteikontakte, Wahlveranstaltungen, letzte BTW (AfD)",128,52341
ZA6832_tracking0923,e0388ja,"Parteikontakte, Wahlveranstaltungen, letzte BTW (PIRATEN)",54,52341
ZA6832_tracking0923,e0388xa,"Parteikontakte, Wahlveranstaltungen, letzte BTW (andere Partei)",191,52341
ZA6832_tracking0923,e0388za,"Parteikontakte, Wahlveranstaltungen, letzte BTW (keine Angabe)",191,52341
ZA6832_tracking0923,e0388ab,"Parteikontakte, E-Mails oder SMS, letzte BTW (CDU/CSU)",90,52341
ZA6832_tracking0923,e0388db,"Parteikontakte, E-Mails oder SMS, letzte BTW (SPD)",90,52341
ZA6832_tracking0923,e0388eb,"Parteikontakte, E-Mails oder SMS, letzte BTW (FDP)",90,52341
ZA6832_tracking0923,e0388fb,"Parteikontakte, E-Mails oder SMS, letzte BTW (GRUENE)",90,52341
ZA6832_tracking0923,e0388gb,"Parteikontakte, E-Mails oder SMS, letzte BTW (DIE LINKE)",90,52341
ZA6832_tracking0923,e0388hb,"Parteikontakte, E-Mails oder SMS, letzte BTW (AfD)",90,52341
ZA6832_tracking0923,e0388jb,"Parteikontakte, E-Mails oder SMS, letzte BTW (PIRATEN)",25,52341
ZA6832_tracking0923,e0388xb,"Parteikontakte, E-Mails oder SMS, letzte BTW (andere Partei)",90,52341
ZA6832_tracking0923,e0388zb,"Parteikontakte, E-Mails oder SMS, letzte BTW (keine Angabe)",90,52341
ZA6832_tracking0923,e0388ac,"Parteikontakte, Informationsmaterial, letzte BTW (CDU/CSU)",1603,52341
ZA6832_tracking0923,e0388dc,"Parteikontakte, Informationsmaterial, letzte BTW (SPD)",1603,52341
ZA6832_tracking0923,e0388ec,"Parteikontakte, Informationsmaterial, letzte BTW (FDP)",1603,52341
ZA6832_tracking0923,e0388fc,"Parteikontakte, Informationsmaterial, letzte BTW (GRUENE)",1603,52341
ZA6832_tracking0923,e0388gc,"Parteikontakte, Informationsmaterial, letzte BTW (DIE LINKE)",1603,52341
ZA6832_tracking0923,e0388hc,"Parteikontakte, Informationsmaterial, letzte BTW (AfD)",918,52341
ZA6832_tracking0923,e0388jc,"Parteikontakte, Informationsmaterial, letzte BTW (PIRATEN)",356,52341
ZA6832_tracking0923,e0388xc,"Parteikontakte, Informationsmaterial, letzte BTW (andere Partei)",1603,52341
ZA6832_tracking0923,e0388zc,"Parteikontakte, Informationsmaterial, letzte BTW (keine Angabe)",1603,52341
ZA6832_tracking0923,e0388d,"Parteikontakte, Wahlanzeigen, letzte BTW (CDU/CSU)",1089,52341
ZA6832_tracking0923,e0388dd,"Parteikontakte, Wahlanzeigen, letzte BTW (SPD)",1089,52341
ZA6832_tracking0923,e0388ed,"Parteikontakte, Wahlanzeigen, letzte BTW (FDP)",1089,52341
ZA6832_tracking0923,e0388fd,"Parteikontakte, Wahlanzeigen, letzte BTW (GRUENE)",1089,52341
ZA6832_tracking0923,e0388gd,"Parteikontakte, Wahlanzeigen, letzte BTW (DIE LINKE)",1089,52341
ZA6832_tracking0923,e0388hd,"Parteikontakte, Wahlanzeigen, letzte BTW (AfD)",747,52341
ZA6832_tracking0923,e0388jd,"Parteikontakte, Wahlanzeigen, letzte BTW (PIRATEN)",298,52341
ZA6832_tracking0923,e0388xd,"Parteikontakte, Wahlanzeigen, letzte BTW (andere Partei)",1089,52341
ZA6832_tracking0923,e0388zd,"Parteikontakte, Wahlanzeigen, letzte BTW (keine Angabe)",1089,52341
ZA6832_tracking0923,e0388ae,"Parteikontakte, Plakate, letzte BTW (CDU/CSU)",1826,52341
ZA6832_tracking0923,e0388de,"Parteikontakte, Plakate, letzte BTW (SPD)",1826,52341
ZA6832_tracking0923,e0388ee,"Parteikontakte, Plakate, letzte BTW (FDP)",1826,52341
ZA6832_tracking0923,e0388fe,"Parteikontakte, Plakate, letzte BTW (GRUENE)",1826,52341
ZA6832_tracking0923,e0388ge,"Parteikontakte, Plakate, letzte BTW (DIE LINKE)",1826,52341
ZA6832_tracking0923,e0388he,"Parteikontakte, Plakate, letzte BTW (AfD)",1235,52341
ZA6832_tracking0923,e0388je,"Parteikontakte, Plakate, letzte BTW (PIRATEN)",482,52341
ZA6832_tracking0923,e0388xe,"Parteikontakte, Plakate, letzte BTW (andere Partei)",1826,52341
ZA6832_tracking0923,e0388ze,"Parteikontakte, Plakate, letzte BTW (keine Angabe)",1826,52341
ZA6832_tracking0923,e0388af,"Parteikontakte, Wahlkampfstand, letzte BTW (CDU/CSU)",210,52341
ZA6832_tracking0923,e0388df,"Parteikontakte, Wahlkampfstand, letzte BTW (SPD)",210,52341
ZA6832_tracking0923,e0388ef,"Parteikontakte, Wahlkampfstand, letzte BTW (FDP)",210,52341
ZA6832_tracking0923,e0388ff,"Parteikontakte, Wahlkampfstand, letzte BTW (GRUENE)",210,52341
ZA6832_tracking0923,e0388gf,"Parteikontakte, Wahlkampfstand, letzte BTW (DIE LINKE)",210,52341
ZA6832_tracking0923,e0388hf,"Parteikontakte, Wahlkampfstand, letzte BTW (AfD)",123,52341
ZA6832_tracking0923,e0388jf,"Parteikontakte, Wahlkampfstand, letzte BTW (PIRATEN)",48,52341
ZA6832_tracking0923,e0388xf,"Parteikontakte, Wahlkampfstand, letzte BTW (andere Partei)",210,52341
ZA6832_tracking0923,e0388zf,"Parteikontakte, Wahlkampfstand, letzte BTW (keine Angabe)",210,52341
ZA6832_tracking0923,e0388ag,"Parteikontakte, Werbesendungen Fernsehen, letzte BTW (CDU/CSU)",1529,52341
ZA6832_tracking0923,e0388dg,"Parteikontakte, Werbesendungen Fernsehen, letzte BTW (SPD)",1529,52341
ZA6832_tracking0923,e0388eg,"Parteikontakte, Werbesendungen Fernsehen, letzte BTW (FDP)",1529,52341
ZA6832_tracking0923,e0388fg,"Parteikontakte, Werbesendungen Fernsehen, letzte BTW (GRUENE)",1529,52341
ZA6832_tracking0923,e0388gg,"Parteikontakte, Werbesendungen Fernsehen, letzte BTW (DIE LINKE)",1529,52341
ZA6832_tracking0923,e0388hg,"Parteikontakte, Werbesendungen Fernsehen, letzte BTW (AfD)",981,52341
ZA6832_tracking0923,e0388jg,"Parteikontakte, Werbesendungen Fernsehen, letzte BTW (PIRATEN)",419,52341
ZA6832_tracking0923,e0388xg,"Parteikontakte, Werbesendungen Fernsehen, letzte BTW (andere Partei)",1529,52341
ZA6832_tracking0923,e0388zg,"Parteikontakte, Werbesendungen Fernsehen, letzte BTW (keine Angabe)",1529,52341
ZA6832_tracking0923,e0388ah,"Parteikontakte, Hausbesuche, letzte BTW (CDU/CSU)",135,52341
ZA6832_tracking0923,e0388dh,"Parteikontakte, Hausbesuche, letzte BTW (SPD)",135,52341
ZA6832_tracking0923,e0388eh,"Parteikontakte, Hausbesuche, letzte BTW (FDP)",135,52341
ZA6832_tracking0923,e0388fh,"Parteikontakte, Hausbesuche, letzte BTW (GRUENE)",135,52341
ZA6832_tracking0923,e0388gh,"Parteikontakte, Hausbesuche, letzte BTW (DIE LINKE)",135,52341
ZA6832_tracking0923,e0388hh,"Parteikontakte, Hausbesuche, letzte BTW (AfD)",117,52341
ZA6832_tracking0923,e0388jh,"Parteikontakte, Hausbesuche, letzte BTW (PIRATEN)",38,52341
ZA6832_tracking0923,e0388xh,"Parteikontakte, Hausbesuche, letzte BTW (andere Partei)",135,52341
ZA6832_tracking0923,e0388zh,"Parteikontakte, Hausbesuche, letzte BTW (keine Angabe)",135,52341
ZA6832_tracking0923,e0388ai,"Parteikontakte, Telefon, letzte BTW (CDU/CSU)",10,52341
ZA6832_tracking0923,e0388di,"Parteikontakte, Telefon, letzte BTW (SPD)",10,52341
ZA6832_tracking0923,e0388ei,"Parteikontakte, Telefon, letzte BTW (FDP)",10,52341
ZA6832_tracking0923,e0388fi,"Parteikontakte, Telefon, letzte BTW (GRUENE)",10,52341
ZA6832_tracking0923,e0388gi,"Parteikontakte, Telefon, letzte BTW (DIE LINKE)",10,52341
ZA6832_tracking0923,e0388hi,"Parteikontakte, Telefon, letzte BTW (AfD)",5,52341
ZA6832_tracking0923,e0388ji,"Parteikontakte, Telefon, letzte BTW (PIRATEN)",3,52341
ZA6832_tracking0923,e0388xi,"Parteikontakte, Telefon, letzte BTW (andere Partei)",10,52341
ZA6832_tracking0923,e0388zi,"Parteikontakte, Telefon, letzte BTW (keine Angabe)",10,52341
ZA6832_tracking0923,e0388aj,"Parteikontakte, Internet, letzte BTW (CDU/CSU)",76,52341
ZA6832_tracking0923,e0388dj,"Parteikontakte, Internet, letzte BTW (SPD)",76,52341
ZA6832_tracking0923,e0388ej,"Parteikontakte, Internet, letzte BTW (FDP)",76,52341
ZA6832_tracking0923,e0388fj,"Parteikontakte, Internet, letzte BTW (GRUENE)",76,52341
ZA6832_tracking0923,e0388gj,"Parteikontakte, Internet, letzte BTW (DIE LINKE)",76,52341
ZA6832_tracking0923,e0388hj,"Parteikontakte, Internet, letzte BTW (AfD)",76,52341
ZA6832_tracking0923,e0388jj,"Parteikontakte, Internet, letzte BTW (PIRATEN)",26,52341
ZA6832_tracking0923,e0388xj,"Parteikontakte, Internet, letzte BTW (andere Partei)",76,52341
ZA6832_tracking0923,e0388zj,"Parteikontakte, Internet, letzte BTW (keine Angabe)",76,52341
ZA6832_tracking0923,e0388am,"Parteikontakte, Art, Partei: E-Mails erhalten: CDU/CSU",78,52341
ZA6832_tracking0923,e0388dm,"Parteikontakte, Art, Partei: E-Mails erhalten: SPD",78,52341
ZA6832_tracking0923,e0388em,"Parteikontakte, Art, Partei: E-Mails erhalten: FDP",78,52341
ZA6832_tracking0923,e0388fm,"Parteikontakte, Art, Partei: E-Mails erhalten: GRUENE",78,52341
ZA6832_tracking0923,e0388gm,"Parteikontakte, Art, Partei: E-Mails erhalten: DIE LINKE",78,52341
ZA6832_tracking0923,e0388xm,"Parteikontakte, Art, Partei: E-Mails erhalten: Andere Partei",78,52341
ZA6832_tracking0923,e0388zm,"Parteikontakte, Art, Partei: E-Mails erhalten: Keine Angabe",78,52341
ZA6832_tracking0923,e0388an,"Parteikontakte, Art, Partei: SMS erhalten: CDU/CSU",8,52341
ZA6832_tracking0923,e0388dn,"Parteikontakte, Art, Partei: SMS erhalten: SPD",8,52341
ZA6832_tracking0923,e0388en,"Parteikontakte, Art, Partei: SMS erhalten: FDP",8,52341
ZA6832_tracking0923,e0388fn,"Parteikontakte, Art, Partei: SMS erhalten: GRUENE",8,52341
ZA6832_tracking0923,e0388gn,"Parteikontakte, Art, Partei: SMS erhalten: DIE LINKE",8,52341
ZA6832_tracking0923,e0388xn,"Parteikontakte, Art, Partei: SMS erhalten: Andere Partei",8,52341
ZA6832_tracking0923,e0388zn,"Parteikontakte, Art, Partei: SMS erhalten: Keine Angabe",8,52341
ZA6832_tracking0923,e0388ao,"Parteikontakte, Art, Partei: Kinowerbung gesehen: CDU/CSU",19,52341
ZA6832_tracking0923,e0388do,"Parteikontakte, Art, Partei: Kinowerbung gesehen: SPD",19,52341
ZA6832_tracking0923,e0388eo,"Parteikontakte, Art, Partei: Kinowerbung gesehen: FDP",19,52341
ZA6832_tracking0923,e0388fo,"Parteikontakte, Art, Partei: Kinowerbung gesehen: GRUENE",19,52341
ZA6832_tracking0923,e0388go,"Parteikontakte, Art, Partei: Kinowerbung gesehen: DIE LINKE",19,52341
ZA6832_tracking0923,e0388xo,"Parteikontakte, Art, Partei: Kinowerbung gesehen: Andere Partei",19,52341
ZA6832_tracking0923,e0388zo,"Parteikontakte, Art, Partei: Kinowerbung gesehen: Keine Angabe",19,52341
ZA6832_tracking0923,e0388ap,"Parteikontakte, Art, Partei: Wahlwerbung im Radio gehoert: CDU/CSU",268,52341
ZA6832_tracking0923,e0388dp,"Parteikontakte, Art, Partei: Wahlwerbung im Radio gehoert: SPD",268,52341
ZA6832_tracking0923,e0388ep,"Parteikontakte, Art, Partei: Wahlwerbung im Radio gehoert: FDP",268,52341
ZA6832_tracking0923,e0388fp,"Parteikontakte, Art, Partei: Wahlwerbung im Radio gehoert: GRUENE",268,52341
ZA6832_tracking0923,e0388gp,"Parteikontakte, Art, Partei: Wahlwerbung im Radio gehoert: DIE LINKE",268,52341
ZA6832_tracking0923,e0388xp,"Parteikontakte, Art, Partei: Wahlwerbung im Radio gehoert: Andere Partei",268,52341
ZA6832_tracking0923,e0388zp,"Parteikontakte, Art, Partei: Wahlwerbung im Radio gehoert: Keine Angabe",268,52341
ZA6832_tracking0923,e0388aq,"Parteikontakte, Art, Partei: Webseiten besucht: CDU/CSU",99,52341
ZA6832_tracking0923,e0388dq,"Parteikontakte, Art, Partei: Webseiten besucht: SPD",99,52341
ZA6832_tracking0923,e0388eq,"Parteikontakte, Art, Partei: Webseiten besucht: FDP",99,52341
ZA6832_tracking0923,e0388fq,"Parteikontakte, Art, Partei: Webseiten besucht: GRUENE",99,52341
ZA6832_tracking0923,e0388gq,"Parteikontakte, Art, Partei: Webseiten besucht: DIE LINKE",99,52341
ZA6832_tracking0923,e0388xq,"Parteikontakte, Art, Partei: Webseiten besucht: Andere Partei",99,52341
ZA6832_tracking0923,e0388zq,"Parteikontakte, Art, Partei: Webseiten besucht: Keine Angabe",99,52341
ZA6832_tracking0923,e0389,Rezeption Umfragen,5457,52341
ZA6832_tracking0923,e0390a,Aussagen ueber Umfragen I (Umfragen vor Wahlen sollten verboten werden),8444,52341
ZA6832_tracking0923,e0390b,Aussagen ueber Umfragen I (Die Medien sollten weniger ueber Umfragen berichten.),8448,52341
ZA6832_tracking0923,e0390c,Aussagen ueber Umfragen I (Die meisten Umfragen sind glaubwuerdig.),8443,52341
ZA6832_tracking0923,e0390d,Aussagen ueber Umfragen I (Umfragen beeinflussen viele WaehlerInnen.),8443,52341
ZA6832_tracking0923,e0390e,Aussagen ueber Umfragen I (Die meisten Umfragen sind serioes.),3350,52341
ZA6832_tracking0923,e0390f,Aussagen ueber Umfragen I (Alle Umfrageinstitute sind gleich gut.),3359,52341
ZA6832_tracking0923,e0390g,Aussagen ueber Umfragen I (Umfrageerg. machen den Wahlkampf interessanter.),3357,52341
ZA6832_tracking0923,e0390h,Aussagen ueber Umfragen I (Umfrageerg. sind zentral fuer Wahlentscheidung.),3351,52341
ZA6832_tracking0923,e0391_1,Aussagen ueber Umfragen II,2495,52341
ZA6832_tracking0923,e0391_2,Aussagen ueber Umfragen II,4907,52341
ZA6832_tracking0923,e0392,"Gespraechspartner 1, Beziehung, eine Person",389,52341
ZA6832_tracking0923,e0393,"Gespraechspartner 1, Beziehung, mehrere Personen",7801,52341
ZA6832_tracking0923,e0394,"Gespraechspartner 1, Intensitaet",8127,52341
ZA6832_tracking0923,e0395,"Gespraechspartner 1, Meinungsverschiedenheit",8133,52341
ZA6832_tracking0923,e0396,"Gespraechspartner 1, Verstaendnis von Politik",8140,52341
ZA6832_tracking0923,e0397,"Gespraechspartner 1, Wahlentscheidung (Version B)",4919,52341
ZA6832_tracking0923,e0398,Weitere Gespraechspartner,3889,52341
ZA6832_tracking0923,e0399,"Gespraechspartner 2, Beziehung, zwei Personen",1297,52341
ZA6832_tracking0923,e0400,"Gespraechspartner 2, Beziehung, mehrere Personen",2958,52341
ZA6832_tracking0923,e0401,"Gespraechspartner 2, Intensitaet",4241,52341
ZA6832_tracking0923,e0402,"Gespraechspartner 2, Meinungsverschiedenheit",4252,52341
ZA6832_tracking0923,e0403,"Gespraechspartner 2, Verstaendnis von Politik",4257,52341
ZA6832_tracking0923,e0404_1,Gespraechspartner 2: Wahlentscheidung,289,52341
ZA6832_tracking0923,e0404_2,Gespraechspartner 2: Wahlentscheidung,2578,52341
ZA6832_tracking0923,e0405,Gespraeche Partner,3367,52341
ZA6832_tracking0923,e0406,"Gespraeche Partner, Intensitaet",970,52341
ZA6832_tracking0923,e0407,"Gespraeche Partner, Meinungsverschiedenheit",980,52341
ZA6832_tracking0923,e0408,"Gespraeche Partner, Verstaendnis von Politik",978,52341
ZA6832_tracking0923,e0409,"Gespraeche Partner, Wahlentscheidung (Version B)",714,52341
ZA6832_tracking0923,e0410a,Unkonvent. Partizipation: offline (Mitarbeit Buergerinitiative),1085,52341
ZA6832_tracking0923,e0410b,Unkonvent. Partizipation: offline (Teilnahme Demonstration),1085,52341
ZA6832_tracking0923,e0410c,Unkonvent. Partizipation: offline (Teilnahme Unterschriftensammlung),1085,52341
ZA6832_tracking0923,e0410d,Unkonvent. Partizipation: offline (Parteienspende),1085,52341
ZA6832_tracking0923,e0410e,Unkonvent. Partizipation: offline (Produkte aus pol. Gr. boykottiert/konsumiert),1085,52341
ZA6832_tracking0923,e0410f,Unkonvent. Partizipation: offline (Leserbriefe per Post),1085,52341
ZA6832_tracking0923,e0410g,Unkonvent. Partizipation: offline (Beteiligung an oeffentl. Diskussionen),1085,52341
ZA6832_tracking0923,e0410h,Unkonvent. Partizipation: offline (Partei im Wahlkampf unterstuetzt),1085,52341
ZA6832_tracking0923,e0410z,Unkonvent. Partizipation: offline (keine Angabe),1085,52341
ZA6832_tracking0923,e0411a,Unkonvent. Partizipation: online (eigene pol. Beitr. in soz. Medien verbreitet),1085,52341
ZA6832_tracking0923,e0411b,Unkonvent. Partizipation: online (pol. Beitraege anderer in soz. Med. verbr.),1085,52341
ZA6832_tracking0923,e0411c,Unkonvent. Partizipation: online (pol. Beitraege mit 'Gefaellt mir' markiert),1085,52341
ZA6832_tracking0923,e0411d,Unkonvent. Partizipation: online (Kommentare zu pol. Beitraegen verfasst),1085,52341
ZA6832_tracking0923,e0411e,Unkonvent. Partizipation: online (Leserbrief per Email verfasst),1085,52341
ZA6832_tracking0923,e0411f,Unkonvent. Partizipation: online (Artikel in Blog geschrieben),1085,52341
ZA6832_tracking0923,e0411g,Unkonvent. Partizipation: online (Teilnahme Onlinepetition/Unterschriftenaktion),1085,52341
ZA6832_tracking0923,e0411h,Unkonvent. Partizipation: online (staatl. Buergerbeteil.-Plattformen genutzt),1085,52341
ZA6832_tracking0923,e0411i,Unkonvent. Partizipation: online (Politiker ueber Internet kontaktiert),1085,52341
ZA6832_tracking0923,e0411j,Unkonvent. Partizipation: online (nutze das Internet nicht),1085,52341
ZA6832_tracking0923,e0411z,Unkonvent. Partizipation: online (keine Angabe),1085,52341
ZA6832_tracking0923,e0412,"Wahl-O-Mat, Bedeutung fuer Wahlentscheidung",1314,52341
ZA6832_tracking0923,e0413,"Wahl-O-Mat, Erwartungen",1313,52341
ZA6832_tracking0923,e0414,"Wahl-O-Mat, Nutzung",2815,52341
ZA6832_tracking0923,e0415,Wahl-O-Mat: Partei (Version B),1278,52341
ZA6832_tracking0923,e0416,"Wahrgenommene Wahlnorm Umfeld, Bekannte I",2247,52341
ZA6832_tracking0923,e0417a,"Wahrgenommene Wahlnorm Umfeld, Bekannte II (CDU/CSU waehlen)",1104,52341
ZA6832_tracking0923,e0417d,"Wahrgenommene Wahlnorm Umfeld, Bekannte II (SPD waehlen)",1096,52341
ZA6832_tracking0923,e0417e,"Wahrgenommene Wahlnorm Umfeld, Bekannte II (FDP waehlen)",1075,52341
ZA6832_tracking0923,e0417f,"Wahrgenommene Wahlnorm Umfeld, Bekannte II (GRUENE waehlen)",1088,52341
ZA6832_tracking0923,e0417g,"Wahrgenommene Wahlnorm Umfeld, Bekannte II (DIE LINKE waehlen)",1131,52341
ZA6832_tracking0923,e0417h,"Wahrgenommene Wahlnorm Umfeld, Bekannte II (AfD waehlen)",813,52341
ZA6832_tracking0923,e0417j,"Wahrgenommene Wahlnorm Umfeld, Bekannte II (PIRATEN waehlen)",305,52341
ZA6832_tracking0923,e0417w,"Wahrgenommene Wahlnorm Umfeld, Bekannte II (nicht waehlen)",1382,52341
ZA6832_tracking0923,e0418,"Wahrgenommene Wahlnorm Umfeld, Familie I",2784,52341
ZA6832_tracking0923,e0419a,"Wahrgenommene Wahlnorm Umfeld, Familie II (CDU/CSU waehlen)",2269,52341
ZA6832_tracking0923,e0419d,"Wahrgenommene Wahlnorm Umfeld, Familie II (SPD waehlen)",2256,52341
ZA6832_tracking0923,e0419e,"Wahrgenommene Wahlnorm Umfeld, Familie II (FDP waehlen)",2213,52341
ZA6832_tracking0923,e0419f,"Wahrgenommene Wahlnorm Umfeld, Familie II (GRUENE waehlen)",2240,52341
ZA6832_tracking0923,e0419g,"Wahrgenommene Wahlnorm Umfeld, Familie II (DIE LINKE waehlen)",2266,52341
ZA6832_tracking0923,e0419h,"Wahrgenommene Wahlnorm Umfeld, Familie II (AfD waehlen)",1411,52341
ZA6832_tracking0923,e0419j,"Wahrgenommene Wahlnorm Umfeld, Familie II (PIRATEN waehlen)",638,52341
ZA6832_tracking0923,e0419w,"Wahrgenommene Wahlnorm Umfeld, Familie II (nicht waehlen)",2508,52341
ZA6832_tracking0923,e0420,"Wahrgenommene Wahlnorm Umfeld, Freunde I",2617,52341
ZA6832_tracking0923,e0421a,"Wahrgenommene Wahlnorm Umfeld, Freunde II (CDU/CSU waehlen)",1614,52341
ZA6832_tracking0923,e0421d,"Wahrgenommene Wahlnorm Umfeld, Freunde II (SPD waehlen)",1600,52341
ZA6832_tracking0923,e0421e,"Wahrgenommene Wahlnorm Umfeld, Freunde II (FDP waehlen)",1592,52341
ZA6832_tracking0923,e0421f,"Wahrgenommene Wahlnorm Umfeld, Freunde II (GRUENE waehlen)",1624,52341
ZA6832_tracking0923,e0421g,"Wahrgenommene Wahlnorm Umfeld, Freunde II (DIE LINKE waehlen)",1656,52341
ZA6832_tracking0923,e0421h,"Wahrgenommene Wahlnorm Umfeld, Freunde II (AfD waehlen)",1139,52341
ZA6832_tracking0923,e0421j,"Wahrgenommene Wahlnorm Umfeld, Freunde II (PIRATEN waehlen)",435,52341
ZA6832_tracking0923,e0421w,"Wahrgenommene Wahlnorm Umfeld, Freunde II (nicht waehlen)",1926,52341
ZA6832_tracking0923,e0422_1,Wahrnehmung: Aktivitaeten Parteianhaenger,875,52341
ZA6832_tracking0923,e0422_2,Wahrnehmung: Aktivitaeten Parteianhaenger (Version B),1633,52341
ZA6832_tracking0923,e0423,Lebenszufriedenheit,15784,52341
ZA6832_tracking0923,e0424,Hilfsbereitschaft,12483,52341
ZA6832_tracking0923,e0425,Faires Verhalten,12491,52341
ZA6832_tracking0923,e0426,Angst Betriebsverlust,168,52341
ZA6832_tracking0923,e0427,Unterstuetzung Partei durch Gewerkschaft,1659,52341
ZA6832_tracking0923,e0428,Betreuungsgeld,1004,52341
ZA6832_tracking0923,e0429a,Eigene Standpunkte: Laufzeit Atomkraftwerke,1141,52341
ZA6832_tracking0923,e0429b,Eigene Standpunkte: Einfuehrung Mindestlohn,1143,52341
ZA6832_tracking0923,e0429c,Eigene Standpunkte: Verbot Online-Durchsuchung,1137,52341
ZA6832_tracking0923,e0429d,Eigene Standpunkte: Rentenkuerzungen,1138,52341
ZA6832_tracking0923,e0430,"Emotionen: Begeisterung, Intensitaet, Wahlergebnis",5076,52341
ZA6832_tracking0923,e0431a,Gedanken ueber den Tod (Ich habe grosse Angst vor dem Tod),1000,52341
ZA6832_tracking0923,e0431b,"Gedanken ueber den Tod (Vermeide unter allen Umstaenden, ueber Tod nachzudenken)",997,52341
ZA6832_tracking0923,e0431c,Gedanken ueber den Tod (Der Gedanke an meinen eigenen Tod macht mir Angst),997,52341
ZA6832_tracking0923,e0431d,"Gedanken ueber den Tod (Versuche, Gedanken ueber den Tod zu verdraengen)",1000,52341
ZA6832_tracking0923,e0432,Gedanken ueber den Tod (Haeufigkeit),1004,52341
ZA6832_tracking0923,e0433,"Issuebatterie, Tarifeinheit",1002,52341
ZA6832_tracking0923,e0434a,Mindestlohn-Betreuungsgeld-Hauptschule: Es sollte einen allg. Mindestlohn geben.,1038,52341
ZA6832_tracking0923,e0434b,Mindestlohn-Betreuungsgeld-Hauptschule: Es sollte keinen Mindestlohn geben.,1030,52341
ZA6832_tracking0923,e0434c,Mindestlohn-Betreuungsgeld-Hauptschule: Betreuungsgeld fuer Eltern,1030,52341
ZA6832_tracking0923,e0434d,Mindestlohn-Betreuungsgeld-Hauptschule: Die Hauptschule gehoert abgeschafft.,1006,52341
ZA6832_tracking0923,e0435,S21 Volksentscheid Wahlteilnahme,138,52341
ZA6832_tracking0923,e0436,S21 Volksentscheid/Abstimmung,101,52341
ZA6832_tracking0923,e0437,S21 nach Volksentscheid / Interesse,1096,52341
ZA6832_tracking0923,e0438,S21 Demonstrationen nach Volksentscheid,1081,52341
ZA6832_tracking0923,e0439a,S21 nach Volksentscheid: In D sollte es mehr Buerger-Beteiligung geben,1092,52341
ZA6832_tracking0923,e0439b,S21 nach Volksentscheid: Volksentscheide nur bei bes. wichtigen Themen,1089,52341
ZA6832_tracking0923,e0439c,S21 nach Volksentscheid: Buerger sollten ue. pol. Themen abstimmen koennen,1087,52341
ZA6832_tracking0923,e0439d,S21 nach Volksentscheid: Gewaehlte Politiker sollten ue. pol. Themen entscheiden,1090,52341
ZA6832_tracking0923,e0440,S21 Position,689,52341
ZA6832_tracking0923,e0441,Terroristische Anschlaege/Position Egos,1067,52341
ZA6832_tracking0923,e0442,Themenspezifisches Interesse,1124,52341
ZA6832_tracking0923,e0443,Tod Bin Ladens,911,52341
ZA6832_tracking0923,e0444,"Tuerkei, Abstimmung: ja - nein",2003,52341
ZA6832_tracking0923,e0445,"Vertrag von Lissabon, Meinung",1042,52341
ZA6832_tracking0923,e0446,"Vertrag von Lissabon, Verfassung",1199,52341
ZA6832_tracking0923,e0447,"Vertrag von Lissabon, Kenntnisse",2257,52341
ZA6832_tracking0923,e0448a,Zwickauer-Zelle Auss.: Sie wurden unterstuetzt & konnten so untertauchen,936,52341
ZA6832_tracking0923,e0448b,Zwickauer-Zelle Auss.: Polizei u. Verfassungsschutz waren nachlaessig,952,52341
ZA6832_tracking0923,e0448c,Zwickauer-Zelle Auss.: Polizei hat sie bewusst immer entkommen lassen,882,52341
ZA6832_tracking0923,e0448d,Zwickauer-Zelle Auss.: Rechtsterroristische Gefahren werden in BRD groesser,986,52341
ZA6832_tracking0923,e0448e,Zwickauer-Zelle Auss.: Ueberwachung der rechtsradik. Szene erfordert V-Leute,923,52341
ZA6832_tracking0923,e0449,Direktwahl (prospektiv),1029,52341
ZA6832_tracking0923,e0450a,Extremismusbatterie: Die DDR hatte mehr gute als schlechte Seiten.,2279,52341
ZA6832_tracking0923,e0450b,Extremismusbatterie: Menschen neuer Bundeslaender selbstverantwortlich,2277,52341
ZA6832_tracking0923,e0450c,Extremismusbatterie: Wichtigste Wirtschaftsuntern. muessen verstaatlicht werden,2278,52341
ZA6832_tracking0923,e0451,Position Demokratie,4292,52341
ZA6832_tracking0923,e0452a,Soziale Proteste/Krawalle: Vandalismus sollte haerter bestraft werden,1116,52341
ZA6832_tracking0923,e0452b,Soziale Proteste/Krawalle: Auch in dt. Grossstaedten wird es zu Krawallen kommen,1092,52341
ZA6832_tracking0923,e0452c,Soziale Proteste/Krawalle: auch soziale Einrichtungen sollten geschlossen werden,1117,52341
ZA6832_tracking0923,e0452d,Soziale Proteste/Krawalle: Jugendlichen eine berufliche Perspektive zu bieten,1119,52341
ZA6832_tracking0923,m0001_1,"Pol. Mediennutzung: Informationsquelle, wichtigste",11315,52341
ZA6832_tracking0923,m0001_2,"Pol. Mediennutzung: Informationsquelle, wichtigste",30251,52341
ZA6832_tracking0923,m0001_3,"Pol. Mediennutzung: Informationsquelle, wichtigste",10499,52341
ZA6832_tracking0923,m0002a_1,"Print: Nutzung, politisch, Bild-Zeitung",9787,52341
ZA6832_tracking0923,m0002a_2,"Print: Nutzung, politisch, Bild-Zeitung",20175,52341
ZA6832_tracking0923,m0002b_1,"Print: Nutzung, politisch, Frankfurter Rundschau",9418,52341
ZA6832_tracking0923,m0002b_2,"Print: Nutzung, politisch, Frankfurter Rundschau",19631,52341
ZA6832_tracking0923,m0002c_1,"Print: Nutzung, politisch, Frankfurter Allgemeine Zeitung",9404,52341
ZA6832_tracking0923,m0002c_2,"Print: Nutzung, politisch, Frankfurter Allgemeine Zeitung",19700,52341
ZA6832_tracking0923,m0002d_1,"Print: Nutzung, politisch, Sueddeutsche Zeitung",9382,52341
ZA6832_tracking0923,m0002d_2,"Print: Nutzung, politisch, Sueddeutsche Zeitung",19647,52341
ZA6832_tracking0923,m0002e_1,"Print: Nutzung, politisch, die Tageszeitung (taz)",9366,52341
ZA6832_tracking0923,m0002e_2,"Print: Nutzung, politisch, die Tageszeitung (taz)",19586,52341
ZA6832_tracking0923,m0002f_1,"Print: Nutzung, politisch, Die Welt",9173,52341
ZA6832_tracking0923,m0002f_2,"Print: Nutzung, politisch, Die Welt",19248,52341
ZA6832_tracking0923,m0002g_1,"Print: Nutzung, politisch, Online-Zeitung (z.B. Spiegel Online)",9585,52341
ZA6832_tracking0923,m0002g_2,"Print: Nutzung, politisch, Online-Zeitung (z.B. Spiegel Online)",19976,52341
ZA6832_tracking0923,m0002h_1,"Print: Nutzung, politisch, andere Tageszeitung (Lokal- oder Regionalzeitung)",10102,52341
ZA6832_tracking0923,m0002h_2,"Print: Nutzung, politisch, andere Tageszeitung (Lokal- oder Regionalzeitung)",21712,52341
ZA6832_tracking0923,m0002_3,"Print: Nutzung, politisch, Haeufigkeit",18174,52341
ZA6832_tracking0923,m0003a_1,"Print: Nutzung, politisch, Wochenzeitschriften, Der Spiegel",9327,52341
ZA6832_tracking0923,m0003b_1,"Print: Nutzung, politisch, Wochenzeitschriften, Focus",9215,52341
ZA6832_tracking0923,m0003c_1,"Print: Nutzung, politisch, Wochenzeitschriften, Stern",9250,52341
ZA6832_tracking0923,m0003d_1,"Print: Nutzung, politisch, Wochenzeitschriften, Die Zeit",9092,52341
ZA6832_tracking0923,m0003aa_2,"Print: Nutzung, politisch, Wochenzeitschriften, Der Spiegel, online",22713,52341
ZA6832_tracking0923,m0003ab_2,"Print: Nutzung, politisch, Wochenzeitschriften, Der Spiegel, offline",22713,52341
ZA6832_tracking0923,m0003ac_2,"Print: Nutzung, politisch, Wochenzeitschriften, Der Spiegel, nicht gelesen",22713,52341
ZA6832_tracking0923,m0003az_2,"Print: Nutzung, politisch, Wochenzeitschriften, Der Spiegel, keine Angabe",22713,52341
ZA6832_tracking0923,m0003ba_2,"Print: Nutzung, politisch, Wochenzeitschriften, Focus, online",22713,52341
ZA6832_tracking0923,m0003bb_2,"Print: Nutzung, politisch, Wochenzeitschriften, Focus, offline",22713,52341
ZA6832_tracking0923,m0003bc_2,"Print: Nutzung, politisch, Wochenzeitschriften, Focus, nicht gelesen",22713,52341
ZA6832_tracking0923,m0003bz_2,"Print: Nutzung, politisch, Wochenzeitschriften, Focus, keine Angabe",22713,52341
ZA6832_tracking0923,m0003ca_2,"Print: Nutzung, politisch, Wochenzeitschriften, Stern, online",22713,52341
ZA6832_tracking0923,m0003cb_2,"Print: Nutzung, politisch, Wochenzeitschriften, Stern, offline",22713,52341
ZA6832_tracking0923,m0003cc_2,"Print: Nutzung, politisch, Wochenzeitschriften, Stern, nicht gelesen",22713,52341
ZA6832_tracking0923,m0003cz_2,"Print: Nutzung, politisch, Wochenzeitschriften, Stern, keine Angabe",22713,52341
ZA6832_tracking0923,m0003da_2,"Print: Nutzung, politisch, Wochenzeitschriften, Die Zeit, online",22713,52341
ZA6832_tracking0923,m0003db_2,"Print: Nutzung, politisch, Wochenzeitschriften, Die Zeit, offline",22713,52341
ZA6832_tracking0923,m0003dc_2,"Print: Nutzung, politisch, Wochenzeitschriften, Die Zeit, nicht gelesen",22713,52341
ZA6832_tracking0923,m0003dz_2,"Print: Nutzung, politisch, Wochenzeitschriften, Die Zeit, keine Angabe",22713,52341
ZA6832_tracking0923,m0003_3,"Print: Nutzung, politisch, Wochenzeitschrift",18148,52341
ZA6832_tracking0923,m0004a_1,"TV-Nachrichten: Nutzung, Haeufigkeit, Tagesschau/Tagesthemen",10313,52341
ZA6832_tracking0923,m0004a_2,"TV-Nachrichten: Nutzung, Haeufigkeit, Tagesschau/Tagesthemen",37903,52341
ZA6832_tracking0923,m0004b_1,"TV-Nachrichten: Nutzung, Haeufigkeit, Heute/Heute Journal",9988,52341
ZA6832_tracking0923,m0004b_2,"TV-Nachrichten: Nutzung, Haeufigkeit, Heute/Heute Journal",36881,52341
ZA6832_tracking0923,m0004c_1,"TV-Nachrichten: Nutzung, Haeufigkeit, RTL Aktuell",10046,52341
ZA6832_tracking0923,m0004c_2,"TV-Nachrichten: Nutzung, Haeufigkeit, RTL Aktuell",36535,52341
ZA6832_tracking0923,m0004d_1,"TV-Nachrichten: Nutzung, Haeufigkeit, Sat.1 Nachrichten",9918,52341
ZA6832_tracking0923,m0004d_2,"TV-Nachrichten: Nutzung, Haeufigkeit, Sat.1 Nachrichten",36149,52341
ZA6832_tracking0923,m0004e_1,"TV-Nachrichten: Nutzung, Haeufigkeit, andere Sender (z.B. n-tv, Pro 7)",9821,52341
ZA6832_tracking0923,m0004e_2,"TV-Nachrichten: Nutzung, Haeufigkeit, andere Sender (z.B. n-tv, Pro 7)",36055,52341
ZA6832_tracking0923,m0004oe_3,"TV-Nachrichten: Nutzung, Haeufigkeit, oeff.-rechtl. Sender",2207,52341
ZA6832_tracking0923,m0004pr_3,"TV-Nachrichten: Nutzung, Haeufigkeit, private Sender",2189,52341
ZA6832_tracking0923,m0005_1,"Internet: Nutzung, Durchschnitt",2071,52341
ZA6832_tracking0923,m0005_2,"Internet: Nutzung, Durchschnitt",36516,52341
ZA6832_tracking0923,m0006_1,"Internet: Nutzung, politisch, Haeufigkeit",10566,52341
ZA6832_tracking0923,m0006_2,"Internet: Nutzung, politisch, Haeufigkeit",40432,52341
ZA6832_tracking0923,m0007a,"Internetnutzung, Seiten (Onlinezeitungen (sueddeutsche.de, faz.de, ...))",14902,52341
ZA6832_tracking0923,m0007b,"Internetnutzung, Seiten (Onlinezeitschriften (spiegel.de, stern.de, ...))",14902,52341
ZA6832_tracking0923,m0007c,"Internetnutzung, Seiten (Fernsehsender (ard.de, zdf.de, rtl.de, sat1.de, ...))",14902,52341
ZA6832_tracking0923,m0007d,"Internetnutzung, Seiten (Radiosender (swr3.de, wdr3.de, ...))",14902,52341
ZA6832_tracking0923,m0007e,"Internetnutzung, Seiten (E-Mail-Anbieter (1&1, o2, google.de, gmx.de, ...))",14902,52341
ZA6832_tracking0923,m0007f,"Internetnutzung, Seiten (soziale Netzwerke (facebook.de, twitter.de, ...))",14902,52341
ZA6832_tracking0923,m0007g,"Internetnutzung, Seiten (Parteien (spd.de, cdu.de, ...))",14902,52341
ZA6832_tracking0923,m0007h,"Internetnutzung, Seiten (sonstige Internetseiten)",14902,52341
ZA6832_tracking0923,m0007z,"Internetnutzung, Seiten (keine Angabe)",14902,52341
ZA6832_tracking0923,m0008a,"Internetnutzung, Seiten: 1. Internetseite (Codierung)",5723,52341
ZA6832_tracking0923,m0008b,"Internetnutzung, Seiten: 2. Internetseite (Codierung)",3163,52341
ZA6832_tracking0923,m0008c,"Internetnutzung, Seiten: 3. Internetseite (Codierung)",1641,52341
ZA6832_tracking0923,m0008d,"Internetnutzung, Seiten: 4. Internetseite (Codierung)",701,52341
ZA6832_tracking0923,m0008e,"Internetnutzung, Seiten: 5. Internetseite (Codierung)",373,52341
ZA6832_tracking0923,m0009,"Internet: Nutzung, Nachrichten, Haeufigkeit",13615,52341
ZA6832_tracking0923,m0010a,"Soziale Medien: Nutzung, Facebook",30017,52341
ZA6832_tracking0923,m0010b,"Soziale Medien: Nutzung, Twitter",30017,52341
ZA6832_tracking0923,m0010c,"Soziale Medien: Nutzung, Instagram",18217,52341
ZA6832_tracking0923,m0010d,"Soziale Medien: Nutzung, Snapchat",15990,52341
ZA6832_tracking0923,m0010e,"Soziale Medien: Nutzung, WhatsApp",19302,52341
ZA6832_tracking0923,m0010f,"Soziale Medien: Nutzung, XING",26705,52341
ZA6832_tracking0923,m0010g,"Soziale Medien: Nutzung, Threema",3920,52341
ZA6832_tracking0923,m0010h,"Soziale Medien: Nutzung, LinkedIn",21088,52341
ZA6832_tracking0923,m0010i,"Soziale Medien: Nutzung, YouTube",19302,52341
ZA6832_tracking0923,m0010j,"Soziale Medien: Nutzung, Sonstige",19302,52341
ZA6832_tracking0923,m0010k,"Soziale Medien: Nutzung, nutze keine sozialen Medien",30017,52341
ZA6832_tracking0923,m0010l,"Soziale Medien: Nutzung, Telegram",7242,52341
ZA6832_tracking0923,m0010m,"Soziale Medien: Nutzung, Signal",3920,52341
ZA6832_tracking0923,m0010n,"Soziale Medien: Nutzung, TikTok",6147,52341
ZA6832_tracking0923,m0010o,"Soziale Medien: Nutzung, Discord",3920,52341
ZA6832_tracking0923,m0010p,"Soziale Medien: Nutzung, studiVZ, schuelerVZ, meinVZ",5617,52341
ZA6832_tracking0923,m0010q,"Soziale Medien: Nutzung, Myspace",10715,52341
ZA6832_tracking0923,m0010r,"Soziale Medien: Nutzung, Wer kennt wen",5617,52341
ZA6832_tracking0923,m0010s,"Soziale Medien: Nutzung, Lokalisten",5617,52341
ZA6832_tracking0923,m0010t,"Soziale Medien: Nutzung, Google Plus",10597,52341
ZA6832_tracking0923,m0010z,"Soziale Medien: Nutzung, keine Angabe",29998,52341
ZA6832_tracking0923,m0011a_1,"Soziale Medien: Nutzung, politisch, Haeufigkeit, Facebook",2803,52341
ZA6832_tracking0923,m0011a_2,"Soziale Medien: Nutzung, politisch, Haeufigkeit, Facebook",2697,52341
ZA6832_tracking0923,m0011a_3,"Soziale Medien: Nutzung, politisch, Haeufigkeit, Facebook",10264,52341
ZA6832_tracking0923,m0011a_4,"Soziale Medien: Nutzung, politisch, Haeufigkeit, Facebook",1381,52341
ZA6832_tracking0923,m0011b_1,"Soziale Medien: Nutzung, politisch, Haeufigkeit, Twitter",1717,52341
ZA6832_tracking0923,m0011b_2,"Soziale Medien: Nutzung, politisch, Haeufigkeit, Twitter",307,52341
ZA6832_tracking0923,m0011b_3,"Soziale Medien: Nutzung, politisch, Haeufigkeit, Twitter",2253,52341
ZA6832_tracking0923,m0011b_4,"Soziale Medien: Nutzung, politisch, Haeufigkeit, Twitter",340,52341
ZA6832_tracking0923,m0011c_3,"Soziale Medien: Nutzung, politisch, Haeufigkeit, Instagram",6098,52341
ZA6832_tracking0923,m0011c_4,"Soziale Medien: Nutzung, politisch, Haeufigkeit, Instagram",1120,52341
ZA6832_tracking0923,m0011d_3,"Soziale Medien: Nutzung, politisch, Haeufigkeit, Snapchat",1706,52341
ZA6832_tracking0923,m0011e_1,"Soziale Medien: Nutzung, politisch, Haeufigkeit, WhatsApp",877,52341
ZA6832_tracking0923,m0011e_3,"Soziale Medien: Nutzung, politisch, Haeufigkeit, WhatsApp",12267,52341
ZA6832_tracking0923,m0011e_4,"Soziale Medien: Nutzung, politisch, Haeufigkeit, WhatsApp",1848,52341
ZA6832_tracking0923,m0011f_1,"Soziale Medien: Nutzung, politisch, Haeufigkeit, XING",896,52341
ZA6832_tracking0923,m0011f_2,"Soziale Medien: Nutzung, politisch, Haeufigkeit, XING",383,52341
ZA6832_tracking0923,m0011f_3,"Soziale Medien: Nutzung, politisch,  Haeufigkeit, XING",1708,52341
ZA6832_tracking0923,m0011g_3,"Soziale Medien: Nutzung, politisch, Haeufigkeit, Threema",144,52341
ZA6832_tracking0923,m0011h_2,"Soziale Medien: Nutzung, politisch, Haeufigkeit, LinkedIn",170,52341
ZA6832_tracking0923,m0011h_3,"Soziale Medien: Nutzung, politisch, Haeufigkeit, LinkedIn",1322,52341
ZA6832_tracking0923,m0011i_1,"Soziale Medien: Nutzung, politisch, Haeufigkeit, YouTube",877,52341
ZA6832_tracking0923,m0011i_3,"Soziale Medien: Nutzung, politisch, Haeufigkeit, YouTube",9507,52341
ZA6832_tracking0923,m0011i_4,"Soziale Medien: Nutzung, politisch, Haeufigkeit, YouTube",1442,52341
ZA6832_tracking0923,m0011j_1,"Soziale Medien: Nutzung, politisch, Haeufigkeit, Sonstige",877,52341
ZA6832_tracking0923,m0011j_3,"Soziale Medien: Nutzung, politisch, Haeufigkeit, Sonstige",300,52341
ZA6832_tracking0923,m0011j_4,"Soziale Medien: Nutzung, politisch, Haeufigkeit, Sonstige",49,52341
ZA6832_tracking0923,m0011k_1,"Soziale Medien: Nutzung, politisch, Haeufigkeit, keine Beitraege",3806,52341
ZA6832_tracking0923,m0011l_3,"Soziale Medien: Nutzung, politisch, Haeufigkeit, Telegram",728,52341
ZA6832_tracking0923,m0011l_4,"Soziale Medien: Nutzung, politisch, Haeufigkeit, Telegram",347,52341
ZA6832_tracking0923,m0011m_3,"Soziale Medien: Nutzung, politisch, Haeufigkeit, Signal",354,52341
ZA6832_tracking0923,m0011n_3,"Soziale Medien: Nutzung, politisch, Haeufigkeit, TikTok",667,52341
ZA6832_tracking0923,m0011n_4,"Soziale Medien: Nutzung, politisch, Haeufigkeit, TikTok",494,52341
ZA6832_tracking0923,m0011o_3,"Soziale Medien: Nutzung, politisch, Haeufigkeit, Discord",224,52341
ZA6832_tracking0923,m0011p_1,"Soziale Medien: Nutzung, politisch, Haeufigkeit, studiVZ, schuelerVZ, meinVZ",1394,52341
ZA6832_tracking0923,m0011q_1,"Soziale Medien: Nutzung, politisch, Haeufigkeit, Myspace",893,52341
ZA6832_tracking0923,m0011q_2,"Soziale Medien: Nutzung, politisch, Haeufigkeit, Myspace",17,52341
ZA6832_tracking0923,m0011r_1,"Soziale Medien: Nutzung, politisch, Haeufigkeit, Wer kennt wen",1435,52341
ZA6832_tracking0923,m0011s_1,"Soziale Medien: Nutzung, politisch, Haeufigkeit, Lokalisten",818,52341
ZA6832_tracking0923,m0011t_1,"Soziale Medien: Nutzung, politisch, Haeufigkeit, Google Plus",877,52341
ZA6832_tracking0923,m0011t_2,"Soziale Medien: Nutzung, politisch, Haeufigkeit, Google Plus",488,52341
ZA6832_tracking0923,m0011t_3,"Soziale Medien: Nutzung, politisch, Haeufigkeit, Google Plus",741,52341
ZA6832_tracking0923,m0011z_1,"Soziale Medien: Nutzung, politisch, Haeufigkeit, keine Angabe",3806,52341
ZA6832_tracking0923,m0011z_4,"Soziale Medien: Nutzung, politisch, Haeufigkeit, keine Angabe",2226,52341
ZA6832_tracking0923,m0012a_1,"Partizipation: Online, Facebook",2482,52341
ZA6832_tracking0923,m0012a_2,"Partizipation: Online, Facebook",2673,52341
ZA6832_tracking0923,m0012a_3,"Partizipation: Online, Facebook",10295,52341
ZA6832_tracking0923,m0012b_1,"Partizipation: Online, Twitter",1261,52341
ZA6832_tracking0923,m0012b_2,"Partizipation: Online, Twitter",305,52341
ZA6832_tracking0923,m0012b_3,"Partizipation: Online, Twitter",2270,52341
ZA6832_tracking0923,m0012c_3,"Partizipation: Online, Instagram",6138,52341
ZA6832_tracking0923,m0012d_3,"Partizipation: Online, Snapchat",1719,52341
ZA6832_tracking0923,m0012e_3,"Partizipation: Online, WhatsApp",12368,52341
ZA6832_tracking0923,m0012f_1,"Partizipation: Online, XING",1281,52341
ZA6832_tracking0923,m0012f_2,"Partizipation: Online, XING",377,52341
ZA6832_tracking0923,m0012f_3,"Partizipation: Online, Xing",1724,52341
ZA6832_tracking0923,m0012g_3,"Partizipation: Online, Nutzung Threema",144,52341
ZA6832_tracking0923,m0012h_2,"Partizipation: Online, LinkedIn",170,52341
ZA6832_tracking0923,m0012h_3,"Partizipation: Online, LinkedIn",1329,52341
ZA6832_tracking0923,m0012i_3,"Partizipation: Online, YouTube",9575,52341
ZA6832_tracking0923,m0012j_3,"Partizipation: Online, Sonstige",302,52341
ZA6832_tracking0923,m0012k_1,"Partizipation: Online, gar keine Beitraege",3140,52341
ZA6832_tracking0923,m0012k_3,"Partizipation: Online, gar keine Beitraege",14977,52341
ZA6832_tracking0923,m0012l_3,"Partizipation: Online, Telegram",731,52341
ZA6832_tracking0923,m0012m_3,"Partizipation: Online, Signal",356,52341
ZA6832_tracking0923,m0012n_3,"Partizipation: Online, TikTok",672,52341
ZA6832_tracking0923,m0012o_3,"Partizipation: Online, Discord",224,52341
ZA6832_tracking0923,m0012p_1,"Partizipation: Online, studiVZ schuelerVZ meinVZ",1743,52341
ZA6832_tracking0923,m0012q_1,"Partizipation: Online, Myspace",1305,52341
ZA6832_tracking0923,m0012q_2,"Partizipation: Online, Myspace",18,52341
ZA6832_tracking0923,m0012r_1,"Partizipation: Online, Wer kennt wen",1757,52341
ZA6832_tracking0923,m0012s_1,"Partizipation: Online, Lokalisten",1274,52341
ZA6832_tracking0923,m0012t_2,"Partizipation: Online, Google Plus",482,52341
ZA6832_tracking0923,m0012t_3,"Partizipation: Online, Google Plus",750,52341
ZA6832_tracking0923,m0012z_1,"Partizipation: Online, keine Angabe",3140,52341
ZA6832_tracking0923,m0012z_3,"Partizipation: Online, keine Angabe",14998,52341
ZA6832_tracking0923,m0013b,Soziale Medien: Parteienbias (CDU),691,52341
ZA6832_tracking0923,m0013c,Soziale Medien: Parteienbias (CSU),680,52341
ZA6832_tracking0923,m0013d,Soziale Medien: Parteienbias (SPD),687,52341
ZA6832_tracking0923,m0013e,Soziale Medien: Parteienbias (FDP),679,52341
ZA6832_tracking0923,m0013f,Soziale Medien: Parteienbias (GRUENE),680,52341
ZA6832_tracking0923,m0013g,Soziale Medien: Parteienbias (DIE LINKE),678,52341
ZA6832_tracking0923,m0013j,Soziale Medien: Parteienbias (PIRATEN),682,52341
ZA6832_tracking0923,m0014b,"Soziale Medien: Parteienbias, Facebook (CDU)",120,52341
ZA6832_tracking0923,m0014c,"Soziale Medien: Parteienbias, Facebook (CSU)",119,52341
ZA6832_tracking0923,m0014d,"Soziale Medien: Parteienbias, Facebook (SPD)",119,52341
ZA6832_tracking0923,m0014e,"Soziale Medien: Parteienbias, Facebook (FDP)",120,52341
ZA6832_tracking0923,m0014f,"Soziale Medien: Parteienbias, Facebook (GRUENE)",117,52341
ZA6832_tracking0923,m0014g,"Soziale Medien: Parteienbias, Facebook (DIE LINKE)",120,52341
ZA6832_tracking0923,m0014h,"Soziale Medien: Parteienbias, Facebook (AfD)",120,52341
ZA6832_tracking0923,m0014j,"Soziale Medien: Parteienbias, Facebook (PIRATEN)",120,52341
ZA6832_tracking0923,m0015b,"Soziale Medien: Parteienbias, Google Plus (CDU)",14,52341
ZA6832_tracking0923,m0015c,"Soziale Medien: Parteienbias, Google Plus (CSU)",14,52341
ZA6832_tracking0923,m0015d,"Soziale Medien: Parteienbias, Google Plus (SPD)",14,52341
ZA6832_tracking0923,m0015e,"Soziale Medien: Parteienbias, Google Plus (FDP)",14,52341
ZA6832_tracking0923,m0015f,"Soziale Medien: Parteienbias, Google Plus (GRUENE)",14,52341
ZA6832_tracking0923,m0015g,"Soziale Medien: Parteienbias, Google Plus (DIE LINKE)",14,52341
ZA6832_tracking0923,m0015h,"Soziale Medien: Parteienbias, Google Plus (AfD)",14,52341
ZA6832_tracking0923,m0015j,"Soziale Medien: Parteienbias, Google Plus (PIRATEN)",14,52341
ZA6832_tracking0923,m0016b,"Soziale Medien: Parteienbias, Myspace (CDU)",1,52341
ZA6832_tracking0923,m0016c,"Soziale Medien: Parteienbias, Myspace (CSU)",1,52341
ZA6832_tracking0923,m0016d,"Soziale Medien: Parteienbias, Myspace (SPD)",1,52341
ZA6832_tracking0923,m0016e,"Soziale Medien: Parteienbias, Myspace (FDP)",1,52341
ZA6832_tracking0923,m0016f,"Soziale Medien: Parteienbias, Myspace (GRUENE)",1,52341
ZA6832_tracking0923,m0016g,"Soziale Medien: Parteienbias, Myspace (DIE LINKE)",1,52341
ZA6832_tracking0923,m0016h,"Soziale Medien: Parteienbias, Myspace (AfD)",1,52341
ZA6832_tracking0923,m0016j,"Soziale Medien: Parteienbias, Myspace (PIRATEN)",1,52341
ZA6832_tracking0923,m0017b,"Soziale Medien: Parteienbias, Twitter (CDU)",15,52341
ZA6832_tracking0923,m0017c,"Soziale Medien: Parteienbias, Twitter (CSU)",15,52341
ZA6832_tracking0923,m0017d,"Soziale Medien: Parteienbias, Twitter (SPD)",15,52341
ZA6832_tracking0923,m0017e,"Soziale Medien: Parteienbias, Twitter (FDP)",15,52341
ZA6832_tracking0923,m0017f,"Soziale Medien: Parteienbias, Twitter (GRUENE)",15,52341
ZA6832_tracking0923,m0017g,"Soziale Medien: Parteienbias, Twitter (DIE LINKE)",15,52341
ZA6832_tracking0923,m0017h,"Soziale Medien: Parteienbias, Twitter (AfD)",15,52341
ZA6832_tracking0923,m0017j,"Soziale Medien: Parteienbias, Twitter (PIRATEN)",15,52341
ZA6832_tracking0923,m0018b,"Soziale Medien: Parteienbias, XING (CDU)",3,52341
ZA6832_tracking0923,m0018c,"Soziale Medien: Parteienbias, XING (CSU)",3,52341
ZA6832_tracking0923,m0018d,"Soziale Medien: Parteienbias, XING (SPD)",3,52341
ZA6832_tracking0923,m0018e,"Soziale Medien: Parteienbias, XING (FDP)",3,52341
ZA6832_tracking0923,m0018f,"Soziale Medien: Parteienbias, XING (GRUENE)",3,52341
ZA6832_tracking0923,m0018g,"Soziale Medien: Parteienbias, XING (DIE LINKE)",3,52341
ZA6832_tracking0923,m0018h,"Soziale Medien: Parteienbias, XING (AfD)",3,52341
ZA6832_tracking0923,m0018j,"Soziale Medien: Parteienbias, XING (PIRATEN)",3,52341
ZA6832_tracking0923,m0019aa,"Fernsehnutzung, bias Heute oder Heute Journal: CDU/CSU",631,52341
ZA6832_tracking0923,m0019ad,"Fernsehnutzung, bias Heute oder Heute Journal: SPD",631,52341
ZA6832_tracking0923,m0019ae,"Fernsehnutzung, bias Heute oder Heute Journal: FDP",631,52341
ZA6832_tracking0923,m0019af,"Fernsehnutzung, bias Heute oder Heute Journal: GRUENE",631,52341
ZA6832_tracking0923,m0019ag,"Fernsehnutzung, bias Heute oder Heute Journal: DIE LINKE",631,52341
ZA6832_tracking0923,m0019aw,"Fernsehnutzung, bias Heute oder Heute Journal: Keine Partei",631,52341
ZA6832_tracking0923,m0019ax,"Fernsehnutzung, bias Heute oder Heute Journal: Andere Partei",631,52341
ZA6832_tracking0923,m0019az,"Fernsehnutzung, bias Heute oder Heute Journal: Keine Angabe",631,52341
ZA6832_tracking0923,m0019ba,"Fernsehnutzung, bias Pro 7 Newstime: CDU/CSU",348,52341
ZA6832_tracking0923,m0019bd,"Fernsehnutzung, bias Pro 7 Newstime: SPD",348,52341
ZA6832_tracking0923,m0019be,"Fernsehnutzung, bias Pro 7 Newstime: FDP",348,52341
ZA6832_tracking0923,m0019bf,"Fernsehnutzung, bias Pro 7 Newstime: GRUENE",348,52341
ZA6832_tracking0923,m0019bg,"Fernsehnutzung, bias Pro 7 Newstime: DIE LINKE",348,52341
ZA6832_tracking0923,m0019bw,"Fernsehnutzung, bias Pro 7 Newstime: Keine Partei",348,52341
ZA6832_tracking0923,m0019bx,"Fernsehnutzung, bias Pro 7 Newstime: Andere Partei",348,52341
ZA6832_tracking0923,m0019bz,"Fernsehnutzung, bias Pro 7 Newstime: Keine Angabe",348,52341
ZA6832_tracking0923,m0019ca,"Fernsehnutzung, bias RTL Aktuell: CDU/CSU",599,52341
ZA6832_tracking0923,m0019cd,"Fernsehnutzung, bias RTL Aktuell: SPD",599,52341
ZA6832_tracking0923,m0019ce,"Fernsehnutzung, bias RTL Aktuell: FDP",599,52341
ZA6832_tracking0923,m0019cf,"Fernsehnutzung, bias RTL Aktuell: GRUENE",599,52341
ZA6832_tracking0923,m0019cg,"Fernsehnutzung, bias RTL Aktuell: DIE LINKE",599,52341
ZA6832_tracking0923,m0019cw,"Fernsehnutzung, bias RTL Aktuell: Keine Partei",599,52341
ZA6832_tracking0923,m0019cx,"Fernsehnutzung, bias RTL Aktuell: Andere Partei",599,52341
ZA6832_tracking0923,m0019cz,"Fernsehnutzung, bias RTL Aktuell: Keine Angabe",599,52341
ZA6832_tracking0923,m0019da,"Fernsehnutzung, bias Sat.1 Nachrichten: CDU/CSU",427,52341
ZA6832_tracking0923,m0019dd,"Fernsehnutzung, bias Sat.1 Nachrichten: SPD",427,52341
ZA6832_tracking0923,m0019de,"Fernsehnutzung, bias Sat.1 Nachrichten: FDP",427,52341
ZA6832_tracking0923,m0019df,"Fernsehnutzung, bias Sat.1 Nachrichten: GRUENE",427,52341
ZA6832_tracking0923,m0019dg,"Fernsehnutzung, bias Sat.1 Nachrichten: DIE LINKE",427,52341
ZA6832_tracking0923,m0019dw,"Fernsehnutzung, bias Sat.1 Nachrichten: Keine Partei",427,52341
ZA6832_tracking0923,m0019dx,"Fernsehnutzung, bias Sat.1 Nachrichten: Andere Partei",427,52341
ZA6832_tracking0923,m0019dz,"Fernsehnutzung, bias Sat.1 Nachrichten: Keine Angabe",427,52341
ZA6832_tracking0923,m0019ea,"Fernsehnutzung, bias Tagesschau oder Tagesthemen: CDU/CSU",784,52341
ZA6832_tracking0923,m0019ed,"Fernsehnutzung, bias Tagesschau oder Tagesthemen: SPD",784,52341
ZA6832_tracking0923,m0019ee,"Fernsehnutzung, bias Tagesschau oder Tagesthemen: FDP",784,52341
ZA6832_tracking0923,m0019ef,"Fernsehnutzung, bias Tagesschau oder Tagesthemen: GRUENE",784,52341
ZA6832_tracking0923,m0019eg,"Fernsehnutzung, bias Tagesschau oder Tagesthemen: DIE LINKE",784,52341
ZA6832_tracking0923,m0019ew,"Fernsehnutzung, bias Tagesschau oder Tagesthemen: Keine Partei",784,52341
ZA6832_tracking0923,m0019ex,"Fernsehnutzung, bias Tagesschau oder Tagesthemen: Andere Partei",784,52341
ZA6832_tracking0923,m0019ez,"Fernsehnutzung, bias Tagesschau oder Tagesthemen: Keine Angabe",784,52341
ZA6832_tracking0923,m0020aa,"Printmediennutzung, bias Bild: CDU/CSU",266,52341
ZA6832_tracking0923,m0020ad,"Printmediennutzung, bias Bild: SPD",266,52341
ZA6832_tracking0923,m0020ae,"Printmediennutzung, bias Bild: FDP",266,52341
ZA6832_tracking0923,m0020af,"Printmediennutzung, bias Bild: GRUENE",266,52341
ZA6832_tracking0923,m0020ag,"Printmediennutzung, bias Bild: DIE LINKE",266,52341
ZA6832_tracking0923,m0020aw,"Printmediennutzung, bias Bild: Keine Partei",266,52341
ZA6832_tracking0923,m0020ax,"Printmediennutzung, bias Bild: Andere Partei",266,52341
ZA6832_tracking0923,m0020az,"Printmediennutzung, bias Bild: Keine Angabe",266,52341
ZA6832_tracking0923,m0020ba,"Printmediennutzung, bias FAZ: CDU/CSU",116,52341
ZA6832_tracking0923,m0020bd,"Printmediennutzung, bias FAZ: SPD",116,52341
ZA6832_tracking0923,m0020be,"Printmediennutzung, bias FAZ: FDP",116,52341
ZA6832_tracking0923,m0020bf,"Printmediennutzung, bias FAZ: GRUENE",116,52341
ZA6832_tracking0923,m0020bg,"Printmediennutzung, bias FAZ: DIE LINKE",116,52341
ZA6832_tracking0923,m0020bw,"Printmediennutzung, bias FAZ: Keine Partei",116,52341
ZA6832_tracking0923,m0020bx,"Printmediennutzung, bias FAZ: Andere Partei",116,52341
ZA6832_tracking0923,m0020bz,"Printmediennutzung, bias FAZ: Keine Angabe",116,52341
ZA6832_tracking0923,m0020ca,"Printmediennutzung, bias FR: CDU/CSU",89,52341
ZA6832_tracking0923,m0020cd,"Printmediennutzung, bias FR: SPD",89,52341
ZA6832_tracking0923,m0020ce,"Printmediennutzung, bias FR: FDP",89,52341
ZA6832_tracking0923,m0020cf,"Printmediennutzung, bias FR: GRUENE",89,52341
ZA6832_tracking0923,m0020cg,"Printmediennutzung, bias FR: DIE LINKE",89,52341
ZA6832_tracking0923,m0020cw,"Printmediennutzung, bias FR: Keine Partei",89,52341
ZA6832_tracking0923,m0020cx,"Printmediennutzung, bias FR: Andere Partei",89,52341
ZA6832_tracking0923,m0020cz,"Printmediennutzung, bias FR: Keine Angabe",89,52341
ZA6832_tracking0923,m0020da,"Printmediennutzung, bias SZ: CDU/CSU",152,52341
ZA6832_tracking0923,m0020dd,"Printmediennutzung, bias SZ: SPD",152,52341
ZA6832_tracking0923,m0020de,"Printmediennutzung, bias SZ: FDP",152,52341
ZA6832_tracking0923,m0020df,"Printmediennutzung, bias SZ: GRUENE",152,52341
ZA6832_tracking0923,m0020dg,"Printmediennutzung, bias SZ: DIE LINKE",152,52341
ZA6832_tracking0923,m0020dw,"Printmediennutzung, bias SZ: Keine Partei",152,52341
ZA6832_tracking0923,m0020dx,"Printmediennutzung, bias SZ: Andere Partei",152,52341
ZA6832_tracking0923,m0020dz,"Printmediennutzung, bias SZ: Keine Angabe",152,52341
ZA6832_tracking0923,m0020ea,"Printmediennutzung, bias taz: CDU/CSU",120,52341
ZA6832_tracking0923,m0020ed,"Printmediennutzung, bias taz: SPD",120,52341
ZA6832_tracking0923,m0020ee,"Printmediennutzung, bias taz: FDP",120,52341
ZA6832_tracking0923,m0020ef,"Printmediennutzung, bias taz: GRUENE",120,52341
ZA6832_tracking0923,m0020eg,"Printmediennutzung, bias taz: DIE LINKE",120,52341
ZA6832_tracking0923,m0020ew,"Printmediennutzung, bias taz: Keine Partei",120,52341
ZA6832_tracking0923,m0020ex,"Printmediennutzung, bias taz: Andere Partei",120,52341
ZA6832_tracking0923,m0020ez,"Printmediennutzung, bias taz: Keine Angabe",120,52341
ZA6832_tracking0923,m0020fa,"Printmediennutzung, bias Welt: CDU/CSU",139,52341
ZA6832_tracking0923,m0020fd,"Printmediennutzung, bias Welt: SPD",139,52341
ZA6832_tracking0923,m0020fe,"Printmediennutzung, bias Welt: FDP",139,52341
ZA6832_tracking0923,m0020ff,"Printmediennutzung, bias Welt: GRUENE",139,52341
ZA6832_tracking0923,m0020fg,"Printmediennutzung, bias Welt: DIE LINKE",139,52341
ZA6832_tracking0923,m0020fw,"Printmediennutzung, bias Welt: Keine Partei",139,52341
ZA6832_tracking0923,m0020fx,"Printmediennutzung, bias Welt: Andere Partei",139,52341
ZA6832_tracking0923,m0020fz,"Printmediennutzung, bias Welt: Keine Angabe",139,52341
ZA6832_tracking0923,m0021,TV-Duell: Aufmerksamkeit,1471,52341
ZA6832_tracking0923,m0022,TV-Duell: Hilfe bei Wahlentscheidung,3196,52341
ZA6832_tracking0923,m0023,TV-Duell: Rezeption,3228,52341
ZA6832_tracking0923,m0024,TV-Duell: Rezeption des Medienurteils,3212,52341
ZA6832_tracking0923,m0025,TV-Duell: Rezeption im sozialen Umfeld,3218,52341
ZA6832_tracking0923,m0026,TV-Duell: Rezeption Umfragen,3209,52341
ZA6832_tracking0923,m0027,TV-Duell: Urteil des sozialen Umfelds I,1051,52341
ZA6832_tracking0923,m0028,TV-Duell: Urteil des sozialen Umfelds II,1045,52341
ZA6832_tracking0923,m0029ba,TV-Duell: Wahrgenommenes Medienurteil: Angela Merkel,2191,52341
ZA6832_tracking0923,m0030da,TV-Duell: Wahrgenommenes Medienurteil: Peer Steinbrueck,701,52341
ZA6832_tracking0923,m0030dc,TV-Duell: Wahrgenommenes Medienurteil: Frank-Walter Steinmeier,735,52341
ZA6832_tracking0923,m0030df,TV-Duell: Wahrgenommenes Medienurteil: Martin Schulz,749,52341
ZA6832_tracking0923,m0031,TV-Duell: Wahrgenommene Umfrageergebnisse,2090,52341
ZA6832_tracking0923,m0032ba,TV-Duell: Wahrgenommener Ausgang: Angela Merkel,1469,52341
ZA6832_tracking0923,m0033dc,TV-Duell: Wahrgenommener Ausgang: Frank-Walter Steinmeier,482,52341
ZA6832_tracking0923,m0034df,TV-Duell: Wahrgenommener Ausgang: Martin Schulz,493,52341
ZA6832_tracking0923,m0035da,TV-Duell: Wahrgenommener Ausgang: Peer Steinbrueck,491,52341
ZA6832_tracking0923,m0036ba,TV-Duell: Wahrgenommenes Urteil des sozialen Umfelds: Angela Merkel,555,52341
ZA6832_tracking0923,m0037dc,TV-Duell: Wahrgenommenes Urteil des sozialen Umfelds: Frank-Walter Steinmeier,556,52341
ZA6832_tracking0923,m0038,"Vertrauen, Medien",1018,52341
ZA6832_tracking0923,s0001,Geschlecht,52341,52341
ZA6832_tracking0923,s0002,Alter,51461,52341
ZA6832_tracking0923,s0003_1,Bildung: Schule,13494,52341
ZA6832_tracking0923,s0003_2,Bildung: Schule,28307,52341
ZA6832_tracking0923,s0003_3,Bildung: Schule,10540,52341
ZA6832_tracking0923,s0004,Bundesland,52339,52341
ZA6832_tracking0923,s0005_1,Familienstand,11291,52341
ZA6832_tracking0923,s0005_2,Familienstand,4145,52341
ZA6832_tracking0923,s0005_3,Familienstand,29304,52341
ZA6832_tracking0923,s0005_4,Familienstand,7186,52341
ZA6832_tracking0923,s0006_1,Haushalt: Groesse,11313,52341
ZA6832_tracking0923,s0006_2,Haushalt: Groesse,40661,52341
ZA6832_tracking0923,s0007a,"Haushalt: Alter, 2. Person",25295,52341
ZA6832_tracking0923,s0007b,"Haushalt: Alter, 3. Person",12487,52341
ZA6832_tracking0923,s0007c,"Haushalt: Alter, 4. Person",6423,52341
ZA6832_tracking0923,s0007d,"Haushalt: Alter, 5. Person",1647,52341
ZA6832_tracking0923,s0007e,"Haushalt: Alter, 6. Person",417,52341
ZA6832_tracking0923,s0007f,"Haushalt: Alter, 7. Person",81,52341
ZA6832_tracking0923,s0007g,"Haushalt: Alter, 8. Person",32,52341
ZA6832_tracking0923,s0007h,"Haushalt: Alter, 9. Person",2,52341
ZA6832_tracking0923,s0008,"Haushaltsmitglieder, juenger als 18 Jahre",11936,52341
ZA6832_tracking0923,s0009,"Kinder: minderjaehrig, Anzahl",3913,52341
ZA6832_tracking0923,s0010a,"Kinder: minderjaehrig, Alter, Kind 1",958,52341
ZA6832_tracking0923,s0010b,"Kinder: minderjaehrig, Alter, Kind 2",439,52341
ZA6832_tracking0923,s0010c,"Kinder: minderjaehrig, Alter, Kind 3",63,52341
ZA6832_tracking0923,s0010d,"Kinder: minderjaehrig, Alter, Kind 4",14,52341
ZA6832_tracking0923,s0010e,"Kinder: minderjaehrig, Alter, Kind 5",2,52341
ZA6832_tracking0923,s0010f,"Kinder: minderjaehrig, Alter, Kind 6",2,52341
ZA6832_tracking0923,s0011a,"Kinder: minderjaehrig, Geschlecht, Kind 1",643,52341
ZA6832_tracking0923,s0011b,"Kinder: minderjaehrig, Geschlecht, Kind 2",300,52341
ZA6832_tracking0923,s0011c,"Kinder: minderjaehrig, Geschlecht, Kind 3",45,52341
ZA6832_tracking0923,s0011d,"Kinder: minderjaehrig, Geschlecht, Kind 4",11,52341
ZA6832_tracking0923,s0011e,"Kinder: minderjaehrig, Geschlecht, Kind 5",2,52341
ZA6832_tracking0923,s0011f,"Kinder: minderjaehrig, Geschlecht, Kind 6",1,52341
ZA6832_tracking0923,s0012a,"Bildung: Beruf, berufl.-betriebl. Anlernzeit mit Zeugnis/keine Lehre",36513,52341
ZA6832_tracking0923,s0012b,"Bildung: Beruf, Teilfacharbeiterabschluss",36513,52341
ZA6832_tracking0923,s0012c,"Bildung: Beruf, abgeschlossene gewerbliche oder landwirtschaftliche Lehre",36513,52341
ZA6832_tracking0923,s0012d,"Bildung: Beruf, abgeschlossene kaufmaennische Lehre",36513,52341
ZA6832_tracking0923,s0012e,"Bildung: Beruf, berufliches Praktikum, Volontariat",36513,52341
ZA6832_tracking0923,s0012f,"Bildung: Beruf, Berufsfachschulabschluss",36513,52341
ZA6832_tracking0923,s0012g,"Bildung: Beruf, Fachschulabschluss",36513,52341
ZA6832_tracking0923,s0012h,"Bildung: Beruf, Meister, Technikerabschluss",36513,52341
ZA6832_tracking0923,s0012i,"Bildung: Beruf, Fachhochschulabschluss",36513,52341
ZA6832_tracking0923,s0012j,"Bildung: Beruf, Hochschulabschluss",36513,52341
ZA6832_tracking0923,s0012k,"Bildung: Beruf, anderen beruflichen Ausbildungsabschluss",36513,52341
ZA6832_tracking0923,s0012ks,"Bildung: Beruf, anderen beruflichen Ausbildungsabschluss, Nennung",2,52341
ZA6832_tracking0923,s0012l,"Bildung: Beruf, noch in beruflicher Ausbildung",36513,52341
ZA6832_tracking0923,s0012m,"Bildung: Beruf, keine abgeschlossene Ausbildung",36513,52341
ZA6832_tracking0923,s0012z,"Bildung: Beruf, keine Angabe",36513,52341
ZA6832_tracking0923,s0013_1,Erwerbstaetigkeit: aktuell,3383,52341
ZA6832_tracking0923,s0013_2,Erwerbstaetigkeit: aktuell,7918,52341
ZA6832_tracking0923,s0013_3,Erwerbstaetigkeit: aktuell,4143,52341
ZA6832_tracking0923,s0013_4,Erwerbstaetigkeit: aktuell,36529,52341
ZA6832_tracking0923,s0014_1,Stellenverlust: Angst,10409,52341
ZA6832_tracking0923,s0014_2,Stellenverlust: Angst,24151,52341
ZA6832_tracking0923,s0015_1,Erwerbstaetigkeit: frueher,5489,52341
ZA6832_tracking0923,s0015_2,Erwerbstaetigkeit: frueher,12405,52341
ZA6832_tracking0923,s0016,Beruf: Berufsfeld,12374,52341
ZA6832_tracking0923,s0017_1,Beruf: aktuell,785,52341
ZA6832_tracking0923,s0017_2,Beruf: aktuell,32972,52341
ZA6832_tracking0923,s0018_1,Beruf: frueher,177,52341
ZA6832_tracking0923,s0018_2,Beruf: frueher,15376,52341
ZA6832_tracking0923,s0019,Beruf: Arbeiter:in,6121,52341
ZA6832_tracking0923,s0020,Beruf: Angestellte:r,22674,52341
ZA6832_tracking0923,s0021,Beruf: Beamte:r,2235,52341
ZA6832_tracking0923,s0022,Beruf: Selbststaendige:r/akad. freie Berufe,2545,52341
ZA6832_tracking0923,s0023,"Beruf: aktuell, Beschaeftigungssektor",33503,52341
ZA6832_tracking0923,s0024_1,"Beruf: frueher, Beschaeftigungssektor",435,52341
ZA6832_tracking0923,s0024_2,"Beruf: frueher, Beschaeftigungssektor",14952,52341
ZA6832_tracking0923,s0025_1,Religionszugehoerigkeit,10170,52341
ZA6832_tracking0923,s0025_2,Religionszugehoerigkeit,1113,52341
ZA6832_tracking0923,s0025_3,Religionszugehoerigkeit,3085,52341
ZA6832_tracking0923,s0025_4,Religionszugehoerigkeit,8163,52341
ZA6832_tracking0923,s0025_5,Religionszugehoerigkeit,29392,52341
ZA6832_tracking0923,s0026_1,Gottesdiensthaeufigkeit,5725,52341
ZA6832_tracking0923,s0026_2,Gottesdiensthaeufigkeit,2250,52341
ZA6832_tracking0923,s0026_3,Gottesdiensthaeufigkeit,3106,52341
ZA6832_tracking0923,s0026_4,Gottesdiensthaeufigkeit,35499,52341
ZA6832_tracking0923,s0027,Deutsche Staatsangehoerigkeit,18225,52341
ZA6832_tracking0923,s0028,"Staatsbuergerschaft: Deutsch, seit Geburt",52047,52341
ZA6832_tracking0923,s0029,"Staatsbuergerschaft: Deutsch, seit wann",1516,52341
ZA6832_tracking0923,s0030_1,Geburtsland,11294,52341
ZA6832_tracking0923,s0030_2,Geburtsland,1009,52341
ZA6832_tracking0923,s0031,Geburtsland: Deutschland,39589,52341
ZA6832_tracking0923,s0032,Geburtsland: Bundesland,37631,52341
ZA6832_tracking0923,s0033_1,Geburtsland: Ausland,221,52341
ZA6832_tracking0923,s0033_2,Geburtsland: Ausland,1618,52341
ZA6832_tracking0923,s0034_1,Geburtsland: Mutter,12313,52341
ZA6832_tracking0923,s0034_2,Geburtsland: Mutter,39649,52341
ZA6832_tracking0923,s0035_1,Geburtsland: Vater,12286,52341
ZA6832_tracking0923,s0035_2,Geburtsland: Vater,39637,52341
ZA6832_tracking0923,s0036,"Geburtsland: Deutschland, Grosseltern gesamt",20847,52341
ZA6832_tracking0923,s0037,"Geburtsland: Ausland, Grossmutter vaeterlicherseits",1272,52341
ZA6832_tracking0923,s0038,"Geburtsland: Ausland, Grossvater muetterlicherseits",1402,52341
ZA6832_tracking0923,s0039,"Geburtsland: Ausland, Grossvater vaeterlicherseits",1209,52341
ZA6832_tracking0923,s0040,"Geburtsland: Ausland, Grossmutter muetterlicherseits",1595,52341
ZA6832_tracking0923,s0041,"Geburtsland: Deutschland, Grosseltern einzeln, Grossvater muetterlicherseits",3375,52341
ZA6832_tracking0923,s0042,"Geburtsland: Deutschland, Grosseltern einzeln, Grossvater vaeterlicherseits",3263,52341
ZA6832_tracking0923,s0043,"Geburtsland: Deutschland, Grosseltern einzeln, Grossmutter muetterlicherseits",3510,52341
ZA6832_tracking0923,s0044,"Geburtsland: Deutschland, Grosseltern einzeln, Grossmutter vaeterlicherseits",3364,52341
ZA6832_tracking0923,s0045_1,"Schichtzugehoerigkeit: subjektiv, eigene",12289,52341
ZA6832_tracking0923,s0045_2,"Schichtzugehoerigkeit: subjektiv, eigene",39628,52341
ZA6832_tracking0923,s0046_1,Haushaltsnettoeinkommen,1093,52341
ZA6832_tracking0923,s0046_2,Haushaltsnettoeinkommen,12861,52341
ZA6832_tracking0923,s0046_3,Haushaltsnettoeinkommen,35533,52341
ZA6832_tracking0923,s0047,Wohnort: Stadt-Land,4412,52341
ZA6832_tracking0923,s0048a_1,"Mitgliedschaft: Organisation, Gewerkschaft",11403,52341
ZA6832_tracking0923,s0048a_2,"Mitgliedschaft: Organisation, Gewerkschaft",4057,52341
ZA6832_tracking0923,s0048a_3,"Mitgliedschaft: Organisation, Gewerkschaft",36045,52341
ZA6832_tracking0923,s0048b_1,"Mitgliedschaft: Organisation, Unternehmer-/Arbeitgeberverband",11403,52341
ZA6832_tracking0923,s0048b_2,"Mitgliedschaft: Organisation, Unternehmer-/Arbeitgeberverband",3990,52341
ZA6832_tracking0923,s0048b_3,"Mitgliedschaft: Organisation, Unternehmer-/Arbeitgeberverband",35751,52341
ZA6832_tracking0923,s0048c_1,"Mitgliedschaft: Organisation, Berufsvereinigung/-verband",11403,52341
ZA6832_tracking0923,s0048c_2,"Mitgliedschaft: Organisation, Berufsvereinigung/-verband",3997,52341
ZA6832_tracking0923,s0048c_3,"Mitgliedschaft: Organisation, Berufsvereinigung/-verband",35781,52341
ZA6832_tracking0923,s0048d_1,"Mitgliedschaft: Organisation, Bauern-/Landwirtschaftsverband",11403,52341
ZA6832_tracking0923,s0048d_2,"Mitgliedschaft: Organisation, Bauern-/Landwirtschaftsverband",3966,52341
ZA6832_tracking0923,s0048d_3,"Mitgliedschaft: Organisation, Bauern-/Landwirtschaftsverband",35561,52341
ZA6832_tracking0923,s0048e_1,"Mitgliedschaft: Organisation, religioese/kirchliche Gruppe",11403,52341
ZA6832_tracking0923,s0048e_2,"Mitgliedschaft: Organisation, religioese/kirchliche Gruppe",4000,52341
ZA6832_tracking0923,s0048e_3,"Mitgliedschaft: Organisation, religioese/kirchliche Gruppe",35695,52341
ZA6832_tracking0923,s0048f_1,"Mitgliedschaft: Organisation, Sport-/Hobbyverein",11403,52341
ZA6832_tracking0923,s0048f_2,"Mitgliedschaft: Organisation, Sport-/Hobbyverein",4053,52341
ZA6832_tracking0923,s0048f_3,"Mitgliedschaft: Organisation, Sport-/Hobbyverein",36002,52341
ZA6832_tracking0923,s0048g_1,"Mitgliedschaft: Organisation, Umweltschutzgruppe",11403,52341
ZA6832_tracking0923,s0048g_2,"Mitgliedschaft: Organisation, Umweltschutzgruppe",3991,52341
ZA6832_tracking0923,s0048g_3,"Mitgliedschaft: Organisation, Umweltschutzgruppe",35706,52341
ZA6832_tracking0923,s0048h_1,"Mitgliedschaft: Organisation, globalisierungskritische Gruppe",11403,52341
ZA6832_tracking0923,s0048h_2,"Mitgliedschaft: Organisation, globalisierungskritische Gruppe",3980,52341
ZA6832_tracking0923,s0048h_3,"Mitgliedschaft: Organisation, globalisierungskritische Gruppe",35722,52341
ZA6832_tracking0923,s0048i_1,"Mitgliedschaft: Organisation, Frauenorganisation",11403,52341
ZA6832_tracking0923,s0048i_2,"Mitgliedschaft: Organisation, Frauenorganisation",3984,52341
ZA6832_tracking0923,s0048i_3,"Mitgliedschaft: Organisation, Frauenorganisation",35688,52341
ZA6832_tracking0923,s0048j_3,"Mitgliedschaft: Organisation, islamkritische Gruppe",22036,52341
ZA6832_tracking0923,s0048k_1,"Mitgliedschaft: Organisation, Partei",11403,52341
ZA6832_tracking0923,s0048k_3,"Mitgliedschaft: Organisation, Partei",28394,52341
ZA6832_tracking0923,s0048l_2,"Mitgliedschaft: Organisation, CDU/CSU",3975,52341
ZA6832_tracking0923,s0048m_2,"Mitgliedschaft: Organisation, SPD",3975,52341
ZA6832_tracking0923,s0048n_2,"Mitgliedschaft: Organisation, GRUENE",3968,52341
ZA6832_tracking0923,s0048o_2,"Mitgliedschaft: Organisation, DIE LINKE",3968,52341
ZA6832_tracking0923,s0048p_2,"Mitgliedschaft: Organisation, FDP",3969,52341
ZA6832_tracking0923,s0048q_2,"Mitgliedschaft: Organisation, Andere Partei",3966,52341
ZA6832_tracking0923,s0048r_1,"Mitgliedschaft: Organisation, Andere Organisation",11403,52341
ZA6832_tracking0923,s0048r_2,"Mitgliedschaft: Organisation, Andere Organisation",3965,52341
ZA6832_tracking0923,s0048s_1,"Mitgliedschaft: Organisation, in keiner Organisation Mitglied",11403,52341
ZA6832_tracking0923,s0048x_3,"Mitgliedschaft: Organisation, europafreundl. Gruppe",16907,52341
ZA6832_tracking0923,s0048y_3,"Mitgliedschaft: Organisation, Gegner:innen Corona-Massnahmen",7137,52341
ZA6832_tracking0923,s0048z_1,Mitgliedschaft: keine Angabe,11403,52341
ZA6832_tracking0923,s0049,Partnerschaft,4340,52341
ZA6832_tracking0923,s0050_1,Bildung Schule: Partner,771,52341
ZA6832_tracking0923,s0050_2,Bildung Schule: Partner,5188,52341
ZA6832_tracking0923,s0051,"Partner, Bildung (offene Frage)",0,52341
ZA6832_tracking0923,s0052_1,"Erwerbstaetigkeit: aktuell, Partner:in",1602,52341
ZA6832_tracking0923,s0052_2,"Erwerbstaetigkeit: aktuell, Partner:in",1498,52341
ZA6832_tracking0923,s0052_3,"Erwerbstaetigkeit: aktuell, Partner:in",2912,52341
ZA6832_tracking0923,s0053,"Partner, Arbeitslosigkeit",5092,52341
ZA6832_tracking0923,s0054,"Partner, Arbeitslosigkeit (Anzahl Monate)",4159,52341
ZA6832_tracking0923,s0055,"Partner, Arbeitsplatzwechsel",6050,52341
ZA6832_tracking0923,s0056,"Partner, Arbeitsplatzwechsel, Bedeutung",689,52341
ZA6832_tracking0923,s0057,Befristetes Arbeitsverhaeltnis,1875,52341
ZA6832_tracking0923,s0058,Arbeitsplatzwechsel,1881,52341
ZA6832_tracking0923,s0059,"Arbeitsplatzwechsel, Bedeutung",184,52341
ZA6832_tracking0923,s0060,Stellenverlust,1889,52341
ZA6832_tracking0923,s0061,"Arbeitslosigkeit, retrospektiv",4010,52341
ZA6832_tracking0923,s0062,"Arbeitslosigkeit, retrospektiv (Anzahl Monate)",3472,52341
ZA6832_tracking0923,s0063,Arbeitslosigkeit im persoenlichen Umfeld,2241,52341
ZA6832_tracking0923,s0064,Dauer Befristung,189,52341
ZA6832_tracking0923,s0065,Kurzarbeit im persoenlichen Umfeld,2234,52341
ZA6832_tracking0923,s0066,"Kurzarbeit, Ehepartner/in",1010,52341
ZA6832_tracking0923,s0067,"Kurzarbeit, ja oder nein",1259,52341
ZA6832_tracking0923,s0068,"Kurzarbeit, retrospektiv",2062,52341
ZA6832_tracking0923,s0069,Kurzarbeit: Jahr,48,52341
ZA6832_tracking0923,s0070,Kurzarbeit: Monat,48,52341
ZA6832_tracking0923,s0071,Lage im Betrieb: Entlassungen,999,52341
ZA6832_tracking0923,s0072,Lage im Betrieb: Kurzarbeit,995,52341
ZA6832_tracking0923,s0073,Leisten,1120,52341
ZA6832_tracking0923,s0074,Verhaeltnis Ausbildung - Stelle,1258,52341
ZA6832_tracking0923,s0075a,"Wahrsch. wirtschaftl. Entwickl., Ego: Arbeitslosigkeit des Ehe-/ Lebenspartners",2214,52341
ZA6832_tracking0923,s0075b,"Wahrsch. wirtschaftl. Entwickl., Ego: Berufswechsel des Ehe-/ Lebenspartners",2200,52341
ZA6832_tracking0923,s0075c,"Wahrsch. wirtschaftl. Entwickl., Ego: Verlust d. eigenen finanziellen Ruecklagen",2215,52341
ZA6832_tracking0923,s0075d,"Wahrsch. wirtschaftl. Entwickl., Ego: Sinken des eigenen Lebensstandards",2214,52341
ZA6832_tracking0923,s0075e,"Wahrsch. wirtschaftl. Entwickl., Ego: Mehr Kurzarbeit/Arbeitslosigk. in Umgebung",2203,52341
ZA6832_tracking0923,s0076,Entwicklung Bruttoeinkommen,1123,52341
